date,close,high,low
2015-07-20,280.0,280.0,277.37
2015-07-21,277.32,281.27,276.85
2015-07-22,277.89,278.54,275.01
2015-07-23,277.39,279.75,276.28
2015-07-24,289.12,291.52,276.43
2015-07-25,289.7,291.67,286.82
2015-07-26,293.89,294.49,288.65
2015-07-27,294.21,297.0,287.24
2015-07-28,295.76,298.0,293.65
2015-07-29,290.19,296.58,289.01
2015-07-30,288.49,291.56,286.56
2015-07-31,285.19,290.0,282.79
2015-08-01,281.53,285.6,277.26
2015-08-02,282.62,282.62,277.33
2015-08-03,280.95,285.86,280.27
2015-08-04,285.51,286.47,280.11
2015-08-05,282.77,286.25,282.01
2015-08-06,279.65,282.61,278.95
2015-08-07,279.94,281.17,277.05
2015-08-08,262.02,280.16,260.07
2015-08-09,267.63,268.8,260.97
2015-08-10,265.15,268.89,263.17
2015-08-11,271.99,271.99,264.91
2015-08-12,266.94,272.4,265.79
2015-08-13,264.67,267.82,262.94
2015-08-14,266.17,267.98,262.5
2015-08-15,262.46,267.69,261.77
2015-08-16,259.2,263.1,255.67
2015-08-17,257.31,261.57,255.58
2015-08-18,221.99,258.04,200.0
2015-08-19,227.34,238.99,214.91
2015-08-20,235.56,238.2,227.45
2015-08-21,232.85,236.99,231.15
2015-08-22,231.15,235.53,222.68
2015-08-23,229.21,233.25,226.15
2015-08-24,211.16,229.24,210.0
2015-08-25,223.73,229.49,198.02
2015-08-26,226.81,231.97,220.16
2015-08-27,225.8,229.99,224.0
2015-08-28,231.55,236.18,221.2
2015-08-29,230.61,233.95,228.0
2015-08-30,229.39,233.47,226.59
2015-08-31,230.75,233.0,225.23
2015-09-01,228.22,233.5,226.42
2015-09-02,229.97,231.43,226.43
2015-09-03,227.25,230.79,226.48
2015-09-04,231.39,232.49,227.24
2015-09-05,236.01,237.24,230.12
2015-09-06,241.29,244.82,235.54
2015-09-07,241.31,242.98,239.21
2015-09-08,244.14,247.82,240.31
2015-09-09,238.75,244.69,238.6
2015-09-10,238.52,241.4,236.69
2015-09-11,240.9,241.54,238.5
2015-09-12,236.5,241.12,235.26
2015-09-13,230.82,236.91,229.72
2015-09-14,231.01,233.99,228.01
2015-09-15,230.6,232.43,230.26
2015-09-16,229.73,232.0,226.85
2015-09-17,233.34,235.93,229.01
2015-09-18,233.78,234.96,231.75
2015-09-19,232.88,234.31,232.0
2015-09-20,232.24,234.0,231.84
2015-09-21,227.31,233.64,226.87
2015-09-22,231.28,232.5,224.45
2015-09-23,230.26,233.0,229.27
2015-09-24,235.27,235.99,230.09
2015-09-25,235.89,237.62,234.02
2015-09-26,234.69,236.2,233.5
2015-09-27,233.58,235.03,233.2
2015-09-28,239.99,240.52,233.53
2015-09-29,236.89,241.05,236.65
2015-09-30,237.14,238.75,236.26
2015-10-01,238.34,239.86,236.9
2015-10-02,238.28,239.4,236.97
2015-10-03,239.92,240.62,237.73
2015-10-04,239.87,240.28,239.07
2015-10-05,240.95,240.98,237.5
2015-10-06,246.64,248.0,240.31
2015-10-07,244.0,247.96,240.2
2015-10-08,242.94,245.38,242.2
2015-10-09,244.35,244.88,241.1
2015-10-10,246.07,246.1,243.8
2015-10-11,249.02,250.0,245.63
2015-10-12,246.39,249.14,245.89
2015-10-13,250.99,251.5,244.86
2015-10-14,253.27,255.0,250.25
2015-10-15,254.99,256.77,253.18
2015-10-16,263.43,267.6,254.86
2015-10-17,272.87,274.81,263.05
2015-10-18,265.0,273.5,262.94
2015-10-19,265.17,268.23,262.05
2015-10-20,271.14,272.95,264.38
2015-10-21,268.77,272.85,265.0
2015-10-22,275.84,280.0,268.75
2015-10-23,278.76,281.17,275.4
2015-10-24,284.29,284.49,278.75
2015-10-25,284.97,295.93,283.28
2015-10-26,287.1,287.68,282.04
2015-10-27,295.61,297.99,286.89
2015-10-28,304.09,308.93,295.65
2015-10-29,316.08,320.99,301.8
2015-10-30,329.11,336.97,315.9
2015-10-31,314.85,334.28,306.29
2015-11-01,329.46,332.0,311.44
2015-11-02,365.21,371.82,326.07
2015-11-03,404.1,422.3,362.07
2015-11-04,410.0,499.99,368.15
2015-11-05,387.21,450.0,366.66
2015-11-06,374.09,395.0,351.0
2015-11-07,384.81,392.0,371.43
2015-11-08,373.83,389.0,363.58
2015-11-09,379.53,386.96,360.8
2015-11-10,337.14,382.23,322.0
2015-11-11,313.2,341.75,293.32
2015-11-12,336.49,344.99,312.24
2015-11-13,338.07,343.0,325.0
2015-11-14,334.71,339.57,329.4
2015-11-15,322.93,336.46,319.89
2015-11-16,332.89,334.1,316.12
2015-11-17,336.49,340.72,330.1
2015-11-18,335.49,338.0,330.0
2015-11-19,326.41,336.38,324.9
2015-11-20,322.39,327.04,311.23
2015-11-21,327.0,328.0,316.33
2015-11-22,323.71,327.0,321.0
2015-11-23,323.0,326.0,322.0
2015-11-24,321.0,323.17,318.0
2015-11-25,328.98,330.06,316.26
2015-11-26,352.57,368.18,328.98
2015-11-27,358.19,364.46,347.96
2015-11-28,357.24,359.63,351.09
2015-11-29,372.24,373.63,354.26
2015-11-30,376.86,382.87,367.5
2015-12-01,362.68,378.94,354.6
2015-12-02,360.0,363.06,347.55
2015-12-03,361.77,369.99,356.52
2015-12-04,363.98,364.85,355.43
2015-12-05,387.99,390.0,363.97
2015-12-06,387.55,401.01,375.22
2015-12-07,394.73,397.57,383.0
2015-12-08,418.94,418.94,386.69
2015-12-09,418.39,425.0,401.0
2015-12-10,415.68,419.5,408.0
2015-12-11,452.95,453.13,415.67
2015-12-12,436.87,469.34,403.0
2015-12-13,433.83,443.83,419.42
2015-12-14,444.01,450.0,429.12
2015-12-15,464.27,464.95,443.76
2015-12-16,453.97,464.73,440.0
2015-12-17,455.5,456.33,446.01
2015-12-18,463.17,465.1,453.28
2015-12-19,461.29,465.6,451.58
2015-12-20,442.22,461.3,430.0
2015-12-21,436.81,444.44,424.66
2015-12-22,433.92,442.0,432.58
2015-12-23,442.43,445.11,428.29
2015-12-24,455.74,460.0,442.42
2015-12-25,455.84,458.99,450.01
2015-12-26,419.41,458.29,410.0
2015-12-27,424.72,429.85,410.02
2015-12-28,421.94,429.9,418.0
2015-12-29,433.89,433.9,419.31
2015-12-30,427.95,434.99,422.35
2015-12-31,430.35,434.0,419.04
2016-01-01,435.66,437.15,427.92
2016-01-02,435.4,437.56,432.41
2016-01-03,431.91,435.75,425.02
2016-01-04,433.85,435.79,431.37
2016-01-05,433.34,435.64,430.0
2016-01-06,430.87,433.46,428.15
2016-01-07,459.07,460.15,430.64
2016-01-08,454.44,464.4,447.53
2016-01-09,450.38,456.0,447.66
2016-01-10,449.99,451.39,442.96
2016-01-11,449.19,452.65,445.88
2016-01-12,434.01,449.44,431.83
2016-01-13,432.77,437.5,425.0
2016-01-14,430.03,435.27,428.0
2016-01-15,357.53,430.29,357.3
2016-01-16,388.7,391.0,350.92
2016-01-17,378.46,391.0,372.0
2016-01-18,384.89,386.1,370.1
2016-01-19,375.27,385.5,370.0
2016-01-20,418.54,425.1,369.0
2016-01-21,409.38,424.78,403.21
2016-01-22,382.9,413.99,373.86
2016-01-23,387.5,398.72,382.55
2016-01-24,403.05,406.93,387.49
2016-01-25,391.4,403.04,386.41
2016-01-26,391.54,397.0,387.78
2016-01-27,394.79,397.18,390.7
2016-01-28,379.61,395.0,377.12
2016-01-29,378.68,385.05,363.25
2016-01-30,378.46,382.04,375.0
2016-01-31,367.95,382.5,365.0
2016-02-01,371.33,379.0,366.26
2016-02-02,372.93,374.41,371.17
2016-02-03,368.87,373.01,365.63
2016-02-04,387.99,390.63,368.74
2016-02-05,384.5,389.36,382.99
2016-02-06,375.44,384.54,370.05
2016-02-07,377.49,379.81,373.24
2016-02-08,371.14,379.35,370.5
2016-02-09,372.68,374.93,370.13
2016-02-10,378.44,383.34,371.87
2016-02-11,378.23,379.5,360.0
2016-02-12,382.05,382.05,377.46
2016-02-13,391.0,396.0,381.99
2016-02-14,406.59,406.92,391.0
2016-02-15,398.95,409.09,394.03
2016-02-16,407.42,407.5,390.0
2016-02-17,415.2,420.13,405.69
2016-02-18,421.19,423.2,415.01
2016-02-19,420.72,422.0,416.0
2016-02-20,437.46,444.03,420.09
2016-02-21,438.56,448.7,426.01
2016-02-22,437.55,439.0,430.95
2016-02-23,419.97,440.9,414.16
2016-02-24,423.94,425.6,410.0
2016-02-25,423.54,426.44,418.6
2016-02-26,430.85,430.85,419.53
2016-02-27,433.12,434.97,430.14
2016-02-28,433.73,436.07,423.0
2016-02-29,436.44,442.0,431.13
2016-03-01,433.08,437.78,427.5
2016-03-02,420.39,435.36,418.36
2016-03-03,418.8,422.8,408.63
2016-03-04,407.35,422.21,405.5
2016-03-05,396.08,408.83,381.09
2016-03-06,403.24,409.27,385.01
2016-03-07,412.21,418.74,395.0
2016-03-08,411.18,416.33,407.4
2016-03-09,412.8,414.0,408.75
2016-03-10,415.98,416.52,410.71
2016-03-11,419.39,421.0,414.97
2016-03-12,410.58,421.3,406.52
2016-03-13,412.52,416.38,410.01
2016-03-14,415.02,415.84,411.61
2016-03-15,415.41,416.94,412.48
2016-03-16,416.07,416.39,413.0
2016-03-17,418.41,419.75,415.7
2016-03-18,409.65,418.66,399.21
2016-03-19,410.2,411.0,404.72
2016-03-20,411.27,415.34,409.36
2016-03-21,412.0,412.13,406.89
2016-03-22,416.66,417.79,411.0
2016-03-23,417.53,418.99,413.95
2016-03-24,412.95,417.72,410.0
2016-03-25,416.41,416.87,411.0
2016-03-26,416.97,417.77,414.37
2016-03-27,425.3,426.5,416.35
2016-03-28,423.0,425.36,419.63
2016-03-29,416.39,424.62,407.75
2016-03-30,412.79,416.41,407.56
2016-03-31,416.03,417.6,412.74
2016-04-01,417.68,417.68,414.12
2016-04-02,419.95,420.5,417.04
2016-04-03,420.16,420.8,418.33
2016-04-04,419.47,421.0,417.58
2016-04-05,422.36,423.43,418.01
2016-04-06,421.46,423.0,420.61
2016-04-07,421.99,422.74,419.41
2016-04-08,419.48,424.65,415.71
2016-04-09,419.46,419.79,415.51
2016-04-10,423.4,423.99,419.46
2016-04-11,423.94,424.0,420.15
2016-04-12,427.8,429.77,423.14
2016-04-13,425.58,429.44,423.59
2016-04-14,426.32,428.0,424.52
2016-04-15,430.93,431.1,425.72
2016-04-16,433.39,434.89,429.89
2016-04-17,431.0,434.93,429.15
2016-04-18,430.97,434.46,428.44
2016-04-19,437.06,438.2,429.22
2016-04-20,442.96,444.07,436.17
2016-04-21,452.25,453.8,441.99
2016-04-22,448.41,452.95,445.07
2016-04-23,455.69,455.84,447.03
2016-04-24,464.46,465.0,454.55
2016-04-25,466.17,472.38,454.65
2016-04-26,470.59,472.11,464.01
2016-04-27,445.31,470.79,434.0
2016-04-28,451.68,451.88,434.79
2016-04-29,458.82,459.44,448.5
2016-04-30,454.02,459.33,450.13
2016-05-01,456.98,457.07,451.55
2016-05-02,446.42,457.63,440.02
2016-05-03,452.21,453.29,443.61
2016-05-04,448.68,453.23,446.76
2016-05-05,449.98,451.56,447.0
2016-05-06,462.31,463.73,448.84
2016-05-07,461.91,464.0,459.55
2016-05-08,462.79,465.0,457.5
2016-05-09,464.16,465.9,459.41
2016-05-10,452.78,465.0,448.2
2016-05-11,454.37,458.65,452.5
2016-05-12,456.48,456.57,449.27
2016-05-13,457.98,458.03,453.84
2016-05-14,458.9,459.83,456.0
2016-05-15,461.47,463.62,458.49
2016-05-16,455.66,461.59,451.48
2016-05-17,454.19,457.49,452.2
2016-05-18,455.56,457.88,453.6
2016-05-19,438.38,456.41,435.0
2016-05-20,445.65,445.85,435.5
2016-05-21,446.28,446.99,441.88
2016-05-22,442.48,446.45,440.89
2016-05-23,445.67,446.3,440.79
2016-05-24,446.99,448.5,440.5
2016-05-25,451.49,452.42,446.86
2016-05-26,454.97,454.99,449.0
2016-05-27,471.27,476.75,454.35
2016-05-28,523.25,539.49,470.13
2016-05-29,525.22,549.99,491.01
2016-05-30,532.55,541.0,519.0
2016-05-31,531.34,544.9,520.01
2016-06-01,534.84,541.5,524.39
2016-06-02,537.87,541.2,531.86
2016-06-03,571.25,578.0,535.96
2016-06-04,576.31,594.64,564.29
2016-06-05,575.17,585.0,570.22
2016-06-06,586.77,588.15,575.0
2016-06-07,579.71,590.95,475.0
2016-06-08,583.21,583.99,572.96
2016-06-09,577.46,583.48,574.0
2016-06-10,580.31,581.0,573.5
2016-06-11,609.5,610.0,580.31
2016-06-12,677.86,687.71,605.0
2016-06-13,706.01,720.0,663.55
2016-06-14,684.95,706.45,650.02
2016-06-15,698.78,699.3,673.0
2016-06-16,769.76,777.68,698.76
2016-06-17,752.26,778.5,709.01
2016-06-18,758.99,785.15,734.8
2016-06-19,768.76,771.92,744.77
2016-06-20,703.12,768.94,701.01
2016-06-21,667.66,718.26,628.6
2016-06-22,604.5,679.99,568.11
2016-06-23,631.1,637.89,544.13
2016-06-24,669.98,700.0,631.01
2016-06-25,673.71,699.0,650.0
2016-06-26,638.56,675.19,625.01
2016-06-27,657.87,659.98,630.0
2016-06-28,648.43,663.53,638.0
2016-06-29,639.42,648.43,630.02
2016-06-30,673.49,675.0,635.14
2016-07-01,678.19,688.99,667.0
2016-07-02,704.95,705.21,676.92
2016-07-03,663.55,705.25,651.0
2016-07-04,681.98,683.69,653.16
2016-07-05,669.87,682.37,662.51
2016-07-06,678.79,680.79,665.0
2016-07-07,641.97,683.44,611.94
2016-07-08,667.33,667.33,638.04
2016-07-09,657.61,667.3,608.0
2016-07-10,652.44,657.61,641.0
2016-07-11,650.97,664.27,648.11
2016-07-12,666.56,675.5,648.6
2016-07-13,655.34,671.45,654.86
2016-07-14,661.65,663.99,640.0
2016-07-15,667.48,669.98,660.68
2016-07-16,666.32,669.99,662.01
2016-07-17,680.0,680.99,665.95
2016-07-18,675.5,684.94,670.0
2016-07-19,673.98,676.87,666.17
2016-07-20,666.92,674.99,664.6
2016-07-21,667.28,668.4,661.19
2016-07-22,654.67,669.94,647.59
2016-07-23,657.5,662.35,653.92
2016-07-24,661.0,666.37,655.01
2016-07-25,657.79,664.13,653.77
2016-07-26,654.06,658.99,645.0
2016-07-27,657.35,658.99,646.56
2016-07-28,657.4,659.97,654.1
2016-07-29,657.0,659.0,651.0
2016-07-30,655.87,658.98,652.95
2016-07-31,626.97,657.0,621.37
2016-08-01,605.2,629.34,599.0
2016-08-02,537.47,613.38,483.0
2016-08-03,573.36,576.0,519.3
2016-08-04,587.5,599.95,562.11
2016-08-05,583.0,592.87,570.39
2016-08-06,591.71,591.72,574.5
2016-08-07,595.14,598.65,587.2
2016-08-08,591.48,595.99,590.0
2016-08-09,586.45,594.04,585.38
2016-08-10,594.94,601.09,583.29
2016-08-11,587.91,599.99,585.6
2016-08-12,587.74,590.09,583.62
2016-08-13,586.45,589.5,586.0
2016-08-14,574.99,586.49,565.19
2016-08-15,567.79,574.97,561.56
2016-08-16,579.02,581.99,566.09
2016-08-17,574.45,581.99,569.67
2016-08-18,574.09,576.99,573.0
2016-08-19,573.67,576.99,572.68
2016-08-20,581.87,583.92,572.38
2016-08-21,581.29,583.99,579.34
2016-08-22,585.2,586.99,579.22
2016-08-23,582.39,586.77,577.47
2016-08-24,578.47,582.68,575.29
2016-08-25,575.58,579.0,573.12
2016-08-26,579.29,579.86,574.85
2016-08-27,570.84,579.45,568.95
2016-08-28,575.41,575.41,569.65
2016-08-29,573.21,577.73,571.24
2016-08-30,574.95,576.83,572.53
2016-08-31,572.89,575.15,569.21
2016-09-01,573.02,573.31,568.12
2016-09-02,576.21,577.97,570.0
2016-09-03,600.91,600.99,574.67
2016-09-04,611.92,617.13,597.52
2016-09-05,605.69,611.99,601.63
2016-09-06,612.99,612.99,605.47
2016-09-07,615.21,618.53,609.21
2016-09-08,627.97,631.3,613.43
2016-09-09,622.07,628.69,618.25
2016-09-10,623.74,626.54,620.59
2016-09-11,607.94,630.11,591.8
2016-09-12,606.74,609.45,603.0
2016-09-13,608.63,609.99,605.16
2016-09-14,608.43,611.99,608.0
2016-09-15,605.44,609.49,603.33
2016-09-16,607.93,608.1,603.15
2016-09-17,607.92,608.99,604.0
2016-09-18,611.4,611.93,607.22
2016-09-19,608.6,612.46,607.4
2016-09-20,605.6,609.92,605.6
2016-09-21,597.0,605.6,592.63
2016-09-22,596.21,598.54,594.78
2016-09-23,602.96,603.3,595.14
2016-09-24,603.68,605.94,601.08
2016-09-25,601.67,605.99,599.42
2016-09-26,607.08,607.99,600.02
2016-09-27,605.71,607.54,601.38
2016-09-28,605.04,606.0,603.18
2016-09-29,605.99,606.89,603.56
2016-09-30,608.99,608.99,605.0
2016-10-01,615.65,617.19,608.98
2016-10-02,612.4,615.9,608.66
2016-10-03,612.99,615.24,610.7
2016-10-04,610.34,613.23,606.93
2016-10-05,613.16,614.24,609.22
2016-10-06,611.88,613.39,610.3
2016-10-07,617.98,618.7,609.89
2016-10-08,619.5,620.0,617.55
2016-10-09,617.42,619.59,617.0
2016-10-10,618.72,619.2,615.46
2016-10-11,642.12,647.03,618.13
2016-10-12,635.79,643.58,631.91
2016-10-13,635.66,639.85,632.0
2016-10-14,638.03,639.99,624.08
2016-10-15,638.16,639.99,636.0
2016-10-16,641.92,643.91,637.87
2016-10-17,639.56,643.47,636.27
2016-10-18,635.11,640.0,632.15
2016-10-19,629.79,636.99,625.6
2016-10-20,628.05,629.99,626.01
2016-10-21,630.83,633.41,627.5
2016-10-22,652.75,658.0,629.32
2016-10-23,651.04,655.8,645.33
2016-10-24,649.98,652.93,645.81
2016-10-25,654.3,657.5,648.99
2016-10-26,674.0,678.0,652.51
2016-10-27,691.21,692.41,673.54
2016-10-28,689.95,691.19,683.2
2016-10-29,714.28,725.64,689.39
2016-10-30,697.41,714.98,692.04
2016-10-31,696.9,709.68,681.01
2016-11-01,730.7,737.5,695.74
2016-11-02,744.6,744.6,720.0
2016-11-03,690.0,746.16,672.06
2016-11-04,706.32,708.33,683.8
2016-11-05,706.99,707.99,697.72
2016-11-06,717.02,719.83,705.86
2016-11-07,706.42,717.32,701.35
2016-11-08,711.15,716.45,704.16
2016-11-09,720.97,747.26,710.05
2016-11-10,712.91,723.61,705.84
2016-11-11,716.9,718.99,712.5
2016-11-12,704.53,716.99,702.42
2016-11-13,704.01,705.94,685.7
2016-11-14,708.32,708.57,695.07
2016-11-15,712.29,716.3,671.23
2016-11-16,739.85,743.8,710.0
2016-11-17,730.71,750.01,729.01
2016-11-18,748.54,751.0,728.89
2016-11-19,750.77,752.3,738.0
2016-11-20,731.99,753.81,715.0
2016-11-21,736.4,738.47,730.0
2016-11-22,746.66,748.77,726.38
2016-11-23,741.52,747.12,734.0
2016-11-24,737.99,743.99,727.0
2016-11-25,739.74,739.99,729.0
2016-11-26,735.7,739.98,726.0
2016-11-27,729.24,737.95,728.01
2016-11-28,729.77,736.44,729.0
2016-11-29,732.37,734.36,728.2
2016-11-30,742.69,745.0,729.17
2016-12-01,754.0,754.9,741.59
2016-12-02,769.25,780.0,753.53
2016-12-03,766.98,771.92,759.0
2016-12-04,767.99,769.76,762.83
2016-12-05,752.0,767.99,748.6
2016-12-06,759.8,761.58,752.0
2016-12-07,764.34,768.9,750.26
2016-12-08,767.89,772.82,761.71
2016-12-09,773.22,773.22,765.97
2016-12-10,775.87,776.99,770.0
2016-12-11,771.05,776.08,765.0
2016-12-12,778.94,782.0,770.88
2016-12-13,776.18,790.34,772.76
2016-12-14,777.66,781.8,773.2
2016-12-15,776.16,780.0,775.0
2016-12-16,780.98,785.0,774.8
2016-12-17,788.57,791.97,779.5
2016-12-18,790.72,791.96,787.19
2016-12-19,790.81,794.99,789.0
2016-12-20,798.99,799.21,788.58
2016-12-21,834.5,834.5,798.88
2016-12-22,856.02,875.75,832.38
2016-12-23,917.26,918.5,855.45
2016-12-24,891.5,918.19,880.1
2016-12-25,896.12,897.4,851.11
2016-12-26,902.09,908.24,890.0
2016-12-27,925.2,943.36,895.0
2016-12-28,982.17,983.46,923.95
2016-12-29,970.72,988.88,950.5
2016-12-30,960.81,970.51,930.3
2016-12-31,973.37,973.37,949.0
2017-01-01,992.95,1000.0,964.37
2017-01-02,1011.45,1034.39,990.52
2017-01-03,1020.67,1036.99,1006.71
2017-01-04,1130.3,1147.0,1018.0
2017-01-05,1007.0,1175.0,880.0
2017-01-06,895.71,1033.85,875.01
2017-01-07,909.0,910.0,802.07
2017-01-08,923.33,953.8,899.16
2017-01-09,902.66,923.58,886.42
2017-01-10,907.0,915.1,899.01
2017-01-11,795.77,923.98,765.0
2017-01-12,812.25,840.0,734.64
2017-01-13,831.42,835.01,782.85
2017-01-14,828.0,847.52,822.34
2017-01-15,833.31,835.0,819.0
2017-01-16,834.41,840.0,826.03
2017-01-17,906.0,909.0,830.1
2017-01-18,887.99,916.7,850.0
2017-01-19,902.92,907.0,883.08
2017-01-20,894.31,904.59,890.0
2017-01-21,925.06,930.0,891.28
2017-01-22,931.22,946.25,902.0
2017-01-23,910.7,931.33,910.63
2017-01-24,887.0,923.0,880.0
2017-01-25,896.0,903.98,886.99
2017-01-26,917.02,921.95,896.0
2017-01-27,922.63,924.47,911.0
2017-01-28,924.98,925.5,921.81
2017-01-29,916.54,927.47,915.0
2017-01-30,923.23,923.95,914.69
2017-01-31,970.01,972.3,922.94
2017-02-01,992.75,992.75,963.84
2017-02-02,1008.38,1010.0,978.74
2017-02-03,1018.0,1024.5,994.34
2017-02-04,1035.54,1044.12,1001.8
2017-02-05,1016.32,1036.3,1003.02
2017-02-06,1022.58,1027.7,1014.64
2017-02-07,1053.96,1058.26,1021.75
2017-02-08,1056.7,1069.95,1016.49
2017-02-09,994.24,1079.0,925.0
2017-02-10,1001.99,1008.0,961.0
2017-02-11,1018.65,1023.89,995.49
2017-02-12,1010.0,1018.88,1008.0
2017-02-13,1002.82,1021.5,985.68
2017-02-14,1013.92,1018.97,992.27
2017-02-15,1014.53,1016.0,1007.66
2017-02-16,1038.94,1041.88,1013.02
2017-02-17,1057.3,1064.6,1036.29
2017-02-18,1062.15,1073.8,1055.6
2017-02-19,1059.88,1067.78,1051.26
2017-02-20,1089.82,1095.0,1051.36
2017-02-21,1128.29,1132.95,1081.95
2017-02-22,1128.71,1140.0,1104.9
2017-02-23,1186.9,1197.0,1128.22
2017-02-24,1186.91,1221.93,1103.32
2017-02-25,1158.0,1189.49,1110.0
2017-02-26,1184.91,1187.33,1130.88
2017-02-27,1195.81,1198.99,1176.0
2017-02-28,1195.08,1214.94,1179.64
2017-03-01,1230.0,1230.0,1085.71
2017-03-02,1269.17,1298.61,1220.0
2017-03-03,1292.86,1294.99,1255.61
2017-03-04,1273.97,1294.48,1226.41
2017-03-05,1278.98,1278.99,1247.11
2017-03-06,1284.99,1288.0,1268.78
2017-03-07,1237.36,1288.0,1050.0
2017-03-08,1150.22,1246.0,1128.0
2017-03-09,1197.3,1214.95,1131.11
2017-03-10,1109.01,1360.0,956.85
2017-03-11,1188.11,1219.0,1107.0
2017-03-12,1235.58,1244.0,1150.0
2017-03-13,1245.49,1249.0,1206.0
2017-03-14,1247.42,1262.0,1213.55
2017-03-15,1263.0,1264.55,1240.0
2017-03-16,1175.11,1277.27,1117.77
2017-03-17,1069.57,1175.11,1065.74
2017-03-18,970.0,1096.0,919.44
2017-03-19,1019.49,1062.92,961.59
2017-03-20,1044.96,1051.97,1011.0
2017-03-21,1114.42,1120.0,1042.68
2017-03-22,1034.57,1114.96,985.17
2017-03-23,1025.14,1057.41,1013.0
2017-03-24,934.87,1030.3,920.1
2017-03-25,963.72,973.99,890.05
2017-03-26,973.08,1005.0,943.9
2017-03-27,1042.08,1045.9,961.1
2017-03-28,1045.4,1069.39,1016.25
2017-03-29,1043.27,1058.16,1005.77
2017-03-30,1042.34,1052.94,1022.0
2017-03-31,1088.99,1094.49,1038.11
2017-04-01,1092.0,1110.95,1071.45
2017-04-02,1113.99,1119.0,1080.0
2017-04-03,1152.6,1168.72,1112.24
2017-04-04,1143.99,1164.14,1124.98
2017-04-05,1132.99,1144.99,1114.9
2017-04-06,1192.3,1206.97,1132.98
2017-04-07,1194.0,1203.0,1175.26
2017-04-08,1184.5,1198.0,1170.0
2017-04-09,1210.97,1221.0,1175.8
2017-04-10,1210.0,1219.78,1201.0
2017-04-11,1223.99,1234.0,1200.0
2017-04-12,1214.17,1227.86,1209.61
2017-04-13,1177.05,1219.49,1148.98
2017-04-14,1173.74,1196.92,1170.14
2017-04-15,1178.85,1190.99,0.06
2017-04-16,1177.99,1189.93,1171.7
2017-04-17,1189.91,1197.6,1170.85
2017-04-18,1201.94,1206.65,1189.76
2017-04-19,1214.21,1215.32,1191.09
2017-04-20,1236.15,1240.6,1212.01
2017-04-21,1249.99,1258.77,1236.15
2017-04-22,1247.0,1253.0,1221.51
2017-04-23,1251.98,1254.0,1236.2
2017-04-24,1257.29,1261.16,1246.31
2017-04-25,1281.16,1287.0,1256.16
2017-04-26,1298.44,1320.0,1279.5
2017-04-27,1349.26,1360.0,1295.39
2017-04-28,1353.34,1381.01,1300.2
2017-04-29,1365.43,1369.5,1335.64
2017-04-30,1384.55,1394.51,1334.02
2017-05-01,1436.5,1466.69,1370.98
2017-05-02,1471.99,1492.93,1426.51
2017-05-03,1533.0,1533.0,1453.68
2017-05-04,1563.39,1665.0,1482.06
2017-05-05,1551.3,1630.0,1535.11
2017-05-06,1585.39,1598.89,1551.3
2017-05-07,1609.57,1618.31,1563.87
2017-05-08,1713.0,1713.0,1608.0
2017-05-09,1720.43,1794.7,1630.0
2017-05-10,1794.99,1799.99,1691.3
2017-05-11,1837.93,1889.0,1770.95
2017-05-12,1695.61,1838.0,1651.01
2017-05-13,1792.73,1792.96,1610.0
2017-05-14,1799.99,1829.0,1763.33
2017-05-15,1747.81,1802.99,1702.42
2017-05-16,1777.48,1777.76,1690.14
2017-05-17,1813.23,1840.0,1745.05
2017-05-18,1899.16,1900.0,1800.0
2017-05-19,1976.23,1980.0,1890.73
2017-05-20,2058.91,2059.0,1970.04
2017-05-21,2057.0,2102.68,1988.6
2017-05-22,2123.29,2298.0,1975.0
2017-05-23,2272.75,2283.0,2100.86
2017-05-24,2432.97,2474.69,2266.51
2017-05-25,2355.0,2806.0,2226.86
2017-05-26,2272.7,2683.18,2052.01
2017-05-27,2099.99,2353.35,1913.19
2017-05-28,2232.78,2342.99,2099.86
2017-05-29,2279.48,2357.86,2141.12
2017-05-30,2191.58,2336.88,2112.31
2017-05-31,2303.29,2338.91,2173.8
2017-06-01,2419.99,2488.0,2302.0
2017-06-02,2478.99,2478.99,2379.44
2017-06-03,2548.05,2599.0,2448.0
2017-06-04,2521.36,2556.1,2469.98
2017-06-05,2698.0,2698.0,2517.02
2017-06-06,2871.29,2938.55,2674.69
2017-06-07,2685.64,2885.0,2598.7
2017-06-08,2799.73,2808.78,2611.41
2017-06-09,2811.39,2861.58,2786.2
2017-06-10,2931.15,2942.04,2801.25
2017-06-11,2998.98,2998.99,2881.0
2017-06-12,2655.71,2999.99,2463.89
2017-06-13,2709.01,2798.99,2649.47
2017-06-14,2432.21,2827.0,2330.0
2017-06-15,2409.98,2525.0,2050.0
2017-06-16,2480.43,2524.65,2287.84
2017-06-17,2634.94,2679.24,2413.96
2017-06-18,2515.25,2670.0,2455.01
2017-06-19,2596.98,2597.0,2481.92
2017-06-20,2725.08,2776.95,2585.42
2017-06-21,2643.35,2781.59,2559.51
2017-06-22,2679.99,2724.69,2598.0
2017-06-23,2690.76,2743.0,2665.0
2017-06-24,2574.84,2718.37,2503.05
2017-06-25,2505.61,2625.0,2430.05
2017-06-26,2407.91,2563.9,2258.34
2017-06-27,2575.75,2575.75,2264.0
2017-06-28,2553.12,2605.0,2457.0
2017-06-29,2530.0,2591.98,2506.1
2017-06-30,2455.19,2554.01,2446.2
2017-07-01,2423.63,2515.0,2400.0
2017-07-02,2516.66,2545.0,2385.0
2017-07-03,2542.41,2584.78,2479.75
2017-07-04,2602.0,2636.1,2542.18
2017-07-05,2616.96,2630.24,2551.06
2017-07-06,2604.84,2623.54,2580.69
2017-07-07,2501.15,2607.61,2472.0
2017-07-08,2561.11,2563.5,2471.22
2017-07-09,2508.99,2579.84,2500.0
2017-07-10,2331.05,2523.0,2250.0
2017-07-11,2310.01,2410.0,2265.0
2017-07-12,2383.42,2415.0,2250.0
2017-07-13,2340.0,2416.79,2308.14
2017-07-14,2217.24,2349.28,2150.0
2017-07-15,1964.31,2224.82,1964.31
2017-07-16,1911.78,2043.94,1758.2
2017-07-17,2235.19,2238.07,1909.58
2017-07-18,2308.15,2393.43,2134.37
2017-07-19,2258.99,2396.0,2216.0
2017-07-20,2873.48,2957.0,2258.99
2017-07-21,2657.45,2880.0,2608.27
2017-07-22,2825.27,2869.88,2646.95
2017-07-23,2754.28,2848.0,2691.0
2017-07-24,2762.26,2799.2,2726.8
2017-07-25,2564.0,2782.44,2449.69
2017-07-26,2525.99,2614.0,2403.0
2017-07-27,2664.99,2686.2,2514.1
2017-07-28,2786.07,2825.11,2655.55
2017-07-29,2700.21,2790.99,2656.0
2017-07-30,2723.99,2739.98,2500.0
2017-07-31,2856.88,2900.0,2700.0
2017-08-01,2732.59,2925.0,2676.01
2017-08-02,2699.9,2758.06,2650.0
2017-08-03,2787.02,2799.0,2699.89
2017-08-04,2857.34,2877.79,2760.0
2017-08-05,3243.49,3335.0,2857.34
2017-08-06,3222.22,3278.42,3150.0
2017-08-07,3398.23,3416.0,3190.0
2017-08-08,3422.43,3489.0,3349.91
2017-08-09,3342.8,3428.29,3232.62
2017-08-10,3444.98,3448.0,3317.0
2017-08-11,3656.15,3725.0,3416.86
2017-08-12,3874.0,3974.0,3622.87
2017-08-13,4060.47,4200.0,3850.0
2017-08-14,4320.6,4328.0,3985.01
2017-08-15,4159.93,4434.42,3807.14
2017-08-16,4370.01,4385.5,3928.82
2017-08-17,4280.01,4469.0,4180.0
2017-08-18,4101.72,4350.0,3960.47
2017-08-19,4157.41,4186.1,4000.0
2017-08-20,4050.99,4190.21,4044.52
2017-08-21,4002.0,4089.99,3950.88
2017-08-22,4092.0,4145.0,3583.46
2017-08-23,4143.49,4247.88,4058.26
2017-08-24,4312.03,4349.99,4112.76
2017-08-25,4360.0,4453.9,4284.01
2017-08-26,4344.32,4374.39,4260.01
2017-08-27,4340.11,4392.0,4309.87
2017-08-28,4384.99,4396.0,4200.0
2017-08-29,4599.0,4656.83,4350.0
2017-08-30,4581.98,4635.21,4500.55
2017-08-31,4743.94,4769.03,4580.84
2017-09-01,4947.99,4948.0,4706.0
2017-09-02,4649.99,4980.0,4500.0
2017-09-03,4626.05,4749.99,4524.0
2017-09-04,4498.25,4628.05,4234.16
2017-09-05,4432.51,4514.95,4242.38
2017-09-06,4616.18,4692.0,4431.0
2017-09-07,4624.18,4665.44,4475.01
2017-09-08,4350.0,4679.99,4140.0
2017-09-09,4334.36,4449.95,4180.0
2017-09-10,4251.36,4349.99,4139.0
2017-09-11,4210.72,4365.0,4111.14
2017-09-12,4164.52,4375.37,4080.0
2017-09-13,3855.32,4174.53,3726.0
2017-09-14,3250.4,3923.0,3230.05
2017-09-15,3740.02,3894.48,2975.01
2017-09-16,3726.51,4042.98,3600.0
2017-09-17,3719.97,3841.0,3475.64
2017-09-18,4100.0,4130.0,3717.56
2017-09-19,3910.11,4125.22,3850.44
2017-09-20,3872.06,4044.0,3850.01
2017-09-21,3617.47,3903.57,3571.0
2017-09-22,3619.01,3767.77,3509.79
2017-09-23,3787.33,3818.89,3580.0
2017-09-24,3669.01,3789.36,3630.01
2017-09-25,3919.78,3969.37,3669.01
2017-09-26,3885.09,3960.0,3854.29
2017-09-27,4200.0,4228.39,3880.36
2017-09-28,4189.42,4269.95,4122.0
2017-09-29,4156.99,4212.99,4015.17
2017-09-30,4339.0,4356.28,4143.52
2017-10-01,4394.81,4396.99,4256.92
2017-10-02,4392.71,4470.0,4354.23
2017-10-03,4307.99,4419.95,4240.0
2017-10-04,4214.84,4344.0,4175.3
2017-10-05,4320.04,4365.21,4150.01
2017-10-06,4362.99,4407.0,4299.99
2017-10-07,4425.0,4449.42,4320.0
2017-10-08,4603.49,4612.0,4420.01
2017-10-09,4769.55,4875.39,4561.0
2017-10-10,4750.0,4925.65,4701.53
2017-10-11,4814.99,4869.97,4720.21
2017-10-12,5440.0,5440.92,4809.59
2017-10-13,5624.8,5867.0,5390.0
2017-10-14,5819.13,5839.8,5567.86
2017-10-15,5693.7,5849.83,5455.5
2017-10-16,5754.9,5785.3,5575.55
2017-10-17,5594.0,5769.99,5525.0
2017-10-18,5574.44,5600.0,5102.0
2017-10-19,5704.01,5750.0,5529.44
2017-10-20,5989.1,6063.99,5630.0
2017-10-21,6024.86,6189.1,5868.26
2017-10-22,6005.05,6082.3,5755.95
2017-10-23,5905.99,6057.02,5650.98
2017-10-24,5525.43,5906.0,5462.19
2017-10-25,5739.97,5765.0,5376.71
2017-10-26,5891.61,6000.0,5701.0
2017-10-27,5780.0,5998.0,5708.8
2017-10-28,5752.01,5894.0,5715.0
2017-10-29,6140.01,6298.99,5728.0
2017-10-30,6124.16,6200.0,6028.0
2017-10-31,6445.01,6472.13,6095.96
2017-11-01,6783.69,6784.0,6363.59
2017-11-02,7039.98,7445.0,6759.0
2017-11-03,7170.01,7449.99,6955.89
2017-11-04,7412.55,7498.0,7011.1
2017-11-05,7392.0,7630.0,7310.0
2017-11-06,6969.76,7432.49,6900.73
2017-11-07,7126.63,7232.84,6968.49
2017-11-08,7467.96,7898.0,7031.66
2017-11-09,7156.0,7470.01,7079.0
2017-11-10,6577.62,7350.0,6426.0
2017-11-11,6346.7,6894.99,6201.01
2017-11-12,5886.35,6486.0,5511.11
2017-11-13,6535.87,6841.45,5850.0
2017-11-14,6605.0,6748.0,6450.0
2017-11-15,7294.0,7349.0,6605.0
2017-11-16,7838.53,7985.37,7130.0
2017-11-17,7714.71,7988.5,7536.0
2017-11-18,7777.01,7847.98,7502.0
2017-11-19,8031.82,8098.62,7700.0
2017-11-20,8256.01,8293.25,7969.0
2017-11-21,8109.0,8375.0,7802.99
2017-11-22,8250.0,8298.98,8103.13
2017-11-23,8031.16,8274.98,8031.16
2017-11-24,8215.01,8324.0,7900.0
2017-11-25,8795.5,8795.5,8203.98
2017-11-26,9401.11,9596.0,8795.5
2017-11-27,9768.71,9795.0,9401.0
2017-11-28,9949.0,9989.95,9705.99
2017-11-29,9935.98,11485.0,8595.55
2017-11-30,9903.0,10850.0,9135.6
2017-12-01,10869.84,10937.0,9517.0
2017-12-02,10930.24,11100.0,10701.0
2017-12-03,11290.0,11891.0,10601.0
2017-12-04,11643.98,11650.0,10950.0
2017-12-05,11718.35,11875.0,11532.0
2017-12-06,14090.0,14425.0,11717.5
2017-12-07,17390.01,19697.0,13500.0
2017-12-08,16367.03,17777.69,13788.99
2017-12-09,15309.98,16499.0,13550.0
2017-12-10,15290.01,16300.0,13501.0
2017-12-11,16885.76,17493.0,15200.0
2017-12-12,17730.12,18149.99,16375.0
2017-12-13,16689.61,17900.0,15700.0
2017-12-14,16749.78,17199.6,16256.0
2017-12-15,17738.67,17899.0,16745.0
2017-12-16,19650.01,19797.0,17630.0
2017-12-17,19378.99,19891.99,19010.0
2017-12-18,19039.01,19385.0,18200.0
2017-12-19,17838.73,19099.0,16800.0
2017-12-20,16496.89,17890.0,14001.0
2017-12-21,15758.8,17364.57,15151.0
2017-12-22,14210.57,15974.95,10400.0
2017-12-23,15075.89,16261.0,13750.0
2017-12-24,14221.94,15109.27,13210.0
2017-12-25,14171.98,14774.0,13450.0
2017-12-26,15790.88,16148.0,14171.98
2017-12-27,15367.08,16490.0,14524.37
2017-12-28,14450.01,15489.0,13500.0
2017-12-29,14565.05,15105.34,14041.81
2017-12-30,12839.99,14639.79,12500.0
2017-12-31,13863.13,14280.26,12633.8
2018-01-01,13480.01,13889.0,12952.5
2018-01-02,14781.51,15275.0,13005.0
2018-01-03,15098.14,15400.0,14628.0
2018-01-04,15144.99,15400.0,14230.0
2018-01-05,16960.01,17178.0,14819.78
2018-01-06,17098.99,17174.0,16251.01
2018-01-07,16174.22,17115.01,15755.01
2018-01-08,14993.74,16275.0,14000.0
2018-01-09,14480.99,15384.0,14230.0
2018-01-10,14875.18,14875.18,13550.01
2018-01-11,13308.06,14970.0,12800.01
2018-01-12,13820.0,14080.83,12900.0
2018-01-13,14187.95,14500.0,13792.25
2018-01-14,13656.23,14332.85,13110.0
2018-01-15,13590.0,14253.0,13416.0
2018-01-16,11570.01,13643.66,9928.62
2018-01-17,11200.01,12358.89,9005.0
2018-01-18,11305.53,12123.1,10687.21
2018-01-19,11498.99,11973.99,11050.0
2018-01-20,12762.8,12985.55,11498.99
2018-01-21,11518.17,12762.8,11118.0
2018-01-22,10766.7,11849.0,10025.0
2018-01-23,10824.94,11370.0,9945.0
2018-01-24,11356.79,11450.0,10450.0
2018-01-25,11118.0,11690.0,10851.0
2018-01-26,11086.89,11570.0,10305.0
2018-01-27,11319.0,11494.08,10850.0
2018-01-28,11536.0,11697.24,11234.38
2018-01-29,11123.01,11570.0,10840.0
2018-01-30,9995.0,11150.0,9711.11
2018-01-31,10099.99,10299.95,9601.02
2018-02-01,9014.23,10166.25,8400.0
2018-02-02,8787.52,9090.08,7540.0
2018-02-03,9240.0,9499.0,8115.48
2018-02-04,8167.91,9350.0,7859.0
2018-02-05,6905.19,8349.16,6425.75
2018-02-06,7688.46,7948.89,5873.0
2018-02-07,7575.75,8650.0,7212.82
2018-02-08,8218.1,8625.0,7550.0
2018-02-09,8671.01,8700.0,7750.0
2018-02-10,8547.49,9090.0,8155.0
2018-02-11,8072.99,8547.49,7851.0
2018-02-12,8872.28,8950.0,8072.99
2018-02-13,8520.01,8925.0,8393.1
2018-02-14,9472.98,9482.5,8520.0
2018-02-15,10031.23,10249.81,9342.46
2018-02-16,10167.49,10307.68,9729.58
2018-02-17,11121.5,11149.0,10057.0
2018-02-18,10380.04,11299.1,10159.0
2018-02-19,11140.0,11274.11,10297.39
2018-02-20,11235.57,11775.0,11000.0
2018-02-21,10454.27,11279.99,10250.0
2018-02-22,9830.0,10900.0,9715.27
2018-02-23,10144.99,10390.77,9576.43
2018-02-24,9688.62,10494.14,9372.72
2018-02-25,9597.99,9850.0,9324.75
2018-02-26,10300.0,10447.74,9404.0
2018-02-27,10566.57,10845.07,10133.33
2018-02-28,10307.27,11044.0,10263.0
2018-03-01,10895.92,11075.0,10213.99
2018-03-02,11000.0,11149.0,10765.0
2018-03-03,11432.5,11494.57,11000.0
2018-03-04,11469.9,11487.0,11041.0
2018-03-05,11377.54,11645.74,11339.0
2018-03-06,10700.0,11395.63,10565.85
2018-03-07,9925.0,10894.0,9400.0
2018-03-08,9304.89,10098.0,9050.0
2018-03-09,9255.0,9410.0,8370.0
2018-03-10,8795.44,9518.77,8720.08
2018-03-11,9533.88,9760.0,8516.0
2018-03-12,9120.0,9890.0,8780.49
2018-03-13,9145.41,9472.88,8855.0
2018-03-14,8207.02,9340.0,7931.0
2018-03-15,8259.99,8400.0,7666.0
2018-03-16,8275.0,8600.0,7911.0
2018-03-17,7857.6,8349.82,7751.0
2018-03-18,8192.0,8302.73,7310.0
2018-03-19,8589.0,8757.5,8108.31
2018-03-20,8900.0,9046.26,8316.15
2018-03-21,8891.81,9174.0,8745.0
2018-03-22,8715.09,9073.93,8467.27
2018-03-23,8927.1,8927.81,8280.04
2018-03-24,8531.34,8999.0,8508.0
2018-03-25,8453.0,8670.0,8359.45
2018-03-26,8145.0,8498.0,7854.0
2018-03-27,7793.61,8219.99,7757.0
2018-03-28,7942.72,8088.0,7727.76
2018-03-29,7080.0,7957.0,6905.0
2018-03-30,6848.01,7275.35,6600.0
2018-03-31,6928.5,7200.0,6780.0
2018-04-01,6816.01,7044.46,6450.0
2018-04-02,7045.01,7100.0,6777.28
2018-04-03,7424.9,7520.0,7016.8
2018-04-04,6791.68,7424.91,6708.46
2018-04-05,6785.85,6933.11,6568.64
2018-04-06,6619.01,6847.0,6518.88
2018-04-07,6894.01,7064.64,6605.08
2018-04-08,7020.01,7099.99,6880.0
2018-04-09,6771.13,7169.53,6617.0
2018-04-10,6824.99,6893.29,6661.19
2018-04-11,6942.99,6974.0,6806.01
2018-04-12,7916.0,8050.0,6767.77
2018-04-13,7893.19,8220.0,7760.0
2018-04-14,8003.11,8150.0,7830.0
2018-04-15,8355.25,8392.56,8003.11
2018-04-16,8048.93,8398.98,7905.99
2018-04-17,7892.1,8162.5,7822.0
2018-04-18,8152.05,8243.99,7879.8
2018-04-19,8274.0,8300.0,8101.47
2018-04-20,8866.27,8932.57,8216.21
2018-04-21,8915.42,9038.87,8610.7
2018-04-22,8795.01,9015.0,8754.01
2018-04-23,8931.3,8991.0,8775.1
2018-04-24,9645.1,9728.56,8930.0
2018-04-25,8865.98,9763.49,8602.43
2018-04-26,9272.11,9318.0,8660.0
2018-04-27,8922.55,9369.0,8910.0
2018-04-28,9329.99,9447.0,8863.42
2018-04-29,9389.01,9512.5,9179.99
2018-04-30,9243.83,9447.0,9110.88
2018-05-01,9072.29,9245.37,8831.21
2018-05-02,9190.48,9251.05,8990.0
2018-05-03,9725.74,9800.0,9131.0
2018-05-04,9685.0,9745.0,9451.5
2018-05-05,9800.0,9948.12,9660.28
2018-05-06,9600.0,9880.0,9390.0
2018-05-07,9353.0,9619.55,9162.85
2018-05-08,9177.82,9463.13,9050.0
2018-05-09,9300.08,9370.0,8960.0
2018-05-10,9010.51,9386.32,9001.01
2018-05-11,8403.33,9010.51,8351.0
2018-05-12,8475.0,8658.57,8223.43
2018-05-13,8686.1,8774.32,8345.0
2018-05-14,8670.0,8880.01,8289.79
2018-05-15,8477.46,8847.0,8420.45
2018-05-16,8344.0,8500.0,8103.33
2018-05-17,8059.0,8483.48,8001.0
2018-05-18,8238.51,8280.0,7927.21
2018-05-19,8235.6,8390.0,8152.54
2018-05-20,8516.86,8600.0,8172.0
2018-05-21,8393.44,8584.39,8309.23
2018-05-22,7987.7,8400.0,7950.0
2018-05-23,7505.0,8030.06,7433.19
2018-05-24,7584.15,7734.99,7269.0
2018-05-25,7459.11,7661.85,7326.94
2018-05-26,7337.95,7640.46,7287.23
2018-05-27,7346.64,7392.7,7229.01
2018-05-28,7107.94,7444.8,7087.0
2018-05-29,7460.0,7524.99,7058.0
2018-05-30,7380.01,7557.78,7272.71
2018-05-31,7485.0,7609.99,7340.0
2018-06-01,7514.32,7599.99,7351.01
2018-06-02,7636.42,7697.09,7440.0
2018-06-03,7706.37,7777.0,7583.24
2018-06-04,7487.37,7747.57,7447.61
2018-06-05,7612.51,7677.5,7355.0
2018-06-06,7655.0,7691.0,7484.0
2018-06-07,7684.93,7747.0,7635.0
2018-06-08,7618.8,7690.0,7536.58
2018-06-09,7496.4,7680.0,7468.0
2018-06-10,6770.31,7496.41,6652.0
2018-06-11,6881.0,6913.83,6666.66
2018-06-12,6545.0,6885.84,6450.0
2018-06-13,6302.31,6618.95,6135.0
2018-06-14,6638.49,6750.0,6269.0
2018-06-15,6391.22,6660.0,6370.0
2018-06-16,6484.29,6549.99,6330.0
2018-06-17,6447.16,6570.01,6428.14
2018-06-18,6709.02,6807.64,6385.0
2018-06-19,6736.41,6829.06,6670.01
2018-06-20,6759.18,6817.0,6557.66
2018-06-21,6719.01,6787.0,6682.3
2018-06-22,6059.82,6725.0,5921.21
2018-06-23,6178.29,6250.0,6040.01
2018-06-24,6149.99,6255.8,5777.0
2018-06-25,6246.01,6340.01,6070.13
2018-06-26,6074.0,6271.0,6006.39
2018-06-27,6132.17,6175.43,5983.56
2018-06-28,5851.66,6161.47,5816.6
2018-06-29,6202.36,6300.0,5790.01
2018-06-30,6383.19,6520.15,6185.0
2018-07-01,6349.5,6424.14,6256.76
2018-07-02,6611.79,6669.99,6270.01
2018-07-03,6502.62,6673.99,6465.0
2018-07-04,6587.47,6796.62,6411.51
2018-07-05,6532.95,6700.0,6449.5
2018-07-06,6600.0,6639.0,6452.2
2018-07-07,6753.28,6843.26,6512.0
2018-07-08,6701.97,6778.31,6671.0
2018-07-09,6664.01,6815.82,6625.0
2018-07-10,6303.7,6679.47,6279.0
2018-07-11,6390.04,6400.0,6281.01
2018-07-12,6249.75,6390.04,6075.01
2018-07-13,6216.29,6335.09,6121.53
2018-07-14,6248.65,6323.68,6187.0
2018-07-15,6348.73,6385.35,6233.26
2018-07-16,6728.81,6750.0,6330.3
2018-07-17,7315.01,7472.5,6663.51
2018-07-18,7378.99,7584.85,7229.89
2018-07-19,7470.01,7581.0,7281.42
2018-07-20,7334.46,7687.0,7259.76
2018-07-21,7408.0,7444.77,7204.32
2018-07-22,7397.8,7569.69,7327.75
2018-07-23,7720.09,7809.0,7378.26
2018-07-24,8385.5,8488.0,7695.99
2018-07-25,8157.15,8482.84,8042.0
2018-07-26,7931.99,8290.0,7840.0
2018-07-27,8184.21,8276.55,7787.29
2018-07-28,8228.9,8230.0,8065.0
2018-07-29,8216.34,8289.96,8127.87
2018-07-30,8170.01,8274.92,7850.0
2018-07-31,7727.27,8173.57,7629.48
2018-08-01,7603.99,7750.0,7437.0
2018-08-02,7533.92,7707.54,7462.0
2018-08-03,7414.08,7538.53,7285.0
2018-08-04,7005.0,7495.0,6940.0
2018-08-05,7030.01,7086.52,6880.0
2018-08-06,6938.0,7163.0,6840.0
2018-08-07,6718.22,7152.0,6647.07
2018-08-08,6282.5,6718.22,6121.04
2018-08-09,6546.45,6633.21,6177.51
2018-08-10,6146.01,6584.8,6015.0
2018-08-11,6235.56,6485.76,6003.0
2018-08-12,6316.01,6482.0,6169.46
2018-08-13,6253.67,6544.99,6139.57
2018-08-14,6195.01,6258.32,5900.0
2018-08-15,6269.01,6636.0,6189.0
2018-08-16,6315.9,6475.01,6200.0
2018-08-17,6585.49,6585.5,6290.39
2018-08-18,6396.64,6613.23,6312.0
2018-08-19,6489.53,6547.34,6328.45
2018-08-20,6258.74,6525.0,6227.71
2018-08-21,6475.89,6490.0,6249.12
2018-08-22,6359.99,6890.65,6250.0
2018-08-23,6526.36,6568.37,6348.69
2018-08-24,6690.88,6725.0,6451.55
2018-08-25,6737.52,6790.0,6668.0
2018-08-26,6709.98,6773.0,6572.0
2018-08-27,6911.9,6947.6,6654.13
2018-08-28,7071.01,7128.0,6864.96
2018-08-29,7030.9,7119.0,6907.42
2018-08-30,6983.0,7048.66,6790.0
2018-08-31,7015.01,7090.46,6884.49
2018-09-01,7191.08,7275.0,7010.98
2018-09-02,7295.0,7328.99,7130.0
2018-09-03,7256.98,7339.52,7192.99
2018-09-04,7360.0,7402.5,7229.94
2018-09-05,6687.96,7384.0,6664.07
2018-09-06,6495.0,6703.73,6272.73
2018-09-07,6395.01,6530.0,6325.0
2018-09-08,6188.0,6460.0,6116.0
2018-09-09,6235.01,6450.0,6147.0
2018-09-10,6300.0,6375.13,6221.49
2018-09-11,6282.53,6405.0,6176.76
2018-09-12,6326.0,6340.94,6191.1
2018-09-13,6485.99,6530.0,6323.64
2018-09-14,6478.04,6580.0,6378.05
2018-09-15,6518.68,6565.0,6470.0
2018-09-16,6498.0,6521.75,6323.68
2018-09-17,6250.7,6529.75,6207.55
2018-09-18,6335.7,6384.04,6228.0
2018-09-19,6386.94,6511.0,6106.37
2018-09-20,6493.11,6530.0,6337.0
2018-09-21,6750.0,6777.1,6492.5
2018-09-22,6707.33,6823.0,6628.01
2018-09-23,6696.99,6777.0,6660.05
2018-09-24,6582.09,6716.16,6555.99
2018-09-25,6436.89,6582.1,6320.5
2018-09-26,6455.66,6537.26,6380.62
2018-09-27,6680.01,6734.79,6430.0
2018-09-28,6620.01,6786.73,6528.13
2018-09-29,6581.0,6620.01,6452.02
2018-09-30,6605.0,6642.28,6523.0
2018-10-01,6572.83,6639.33,6474.9
2018-10-02,6498.46,6591.37,6452.0
2018-10-03,6466.03,6507.95,6398.96
2018-10-04,6547.45,6603.01,6454.38
2018-10-05,6593.94,6641.0,6510.58
2018-10-06,6552.43,6594.39,6536.0
2018-10-07,6570.0,6585.01,6491.81
2018-10-08,6608.07,6681.19,6545.63
2018-10-09,6589.48,6612.86,6552.5
2018-10-10,6524.56,6591.32,6445.48
2018-10-11,6154.69,6524.56,6033.34
2018-10-12,6188.01,6235.2,6111.97
2018-10-13,6196.0,6212.0,6178.0
2018-10-14,6183.49,6288.45,6151.0
2018-10-15,6440.42,6810.0,6151.58
2018-10-16,6457.11,6493.11,6375.0
2018-10-17,6443.7,6459.99,6411.19
2018-10-18,6394.96,6489.83,6355.0
2018-10-19,6382.99,6409.61,6353.86
2018-10-20,6414.0,6420.0,6369.0
2018-10-21,6415.88,6452.87,6405.57
2018-10-22,6407.65,6427.63,6377.77
2018-10-23,6395.14,6411.5,6360.0
2018-10-24,6415.98,6471.0,6395.13
2018-10-25,6395.58,6422.0,6377.5
2018-10-26,6404.87,6450.0,6383.54
2018-10-27,6409.12,6421.76,6390.0
2018-10-28,6403.62,6415.0,6380.01
2018-10-29,6266.0,6414.99,6211.0
2018-10-30,6267.63,6289.0,6240.54
2018-10-31,6304.18,6353.24,6201.67
2018-11-01,6344.0,6360.0,6293.44
2018-11-02,6349.8,6378.77,6333.94
2018-11-03,6331.96,6351.7,6315.91
2018-11-04,6423.28,6464.15,6313.17
2018-11-05,6404.0,6439.99,6372.0
2018-11-06,6448.5,6449.65,6387.82
2018-11-07,6503.12,6540.0,6448.5
2018-11-08,6406.24,6511.88,6388.0
2018-11-09,6334.89,6415.0,6305.0
2018-11-10,6347.42,6374.0,6327.46
2018-11-11,6357.6,6360.0,6271.15
2018-11-12,6327.87,6383.59,6305.95
2018-11-13,6259.34,6328.22,6252.5
2018-11-14,5605.46,6293.38,5280.93
2018-11-15,5579.52,5645.0,5188.0
2018-11-16,5512.24,5609.91,5410.0
2018-11-17,5504.17,5544.0,5450.83
2018-11-18,5560.0,5665.0,5503.34
2018-11-19,4733.5,5560.0,4670.05
2018-11-20,4349.23,4889.0,4035.0
2018-11-21,4545.11,4627.55,4239.01
2018-11-22,4265.36,4589.0,4238.69
2018-11-23,4283.8,4366.05,4085.73
2018-11-24,3774.99,4370.78,3650.84
2018-11-25,3936.69,4120.0,3456.78
2018-11-26,3731.32,4076.25,3508.0
2018-11-27,3775.0,3830.0,3562.9
2018-11-28,4225.03,4365.0,3775.0
2018-11-29,4248.0,4414.89,4077.88
2018-11-30,3976.0,4297.71,3869.0
2018-12-01,4142.01,4277.0,3910.08
2018-12-02,4103.19,4266.0,4036.0
2018-12-03,3833.47,4119.98,3741.95
2018-12-04,3901.84,4035.1,3732.43
2018-12-05,3694.39,3912.53,3660.0
2018-12-06,3433.26,3849.0,3400.0
2018-12-07,3380.01,3550.0,3212.0
2018-12-08,3401.0,3495.0,3253.66
2018-12-09,3531.18,3642.51,3367.79
2018-12-10,3410.15,3590.71,3354.97
2018-12-11,3349.36,3424.92,3293.49
2018-12-12,3430.24,3486.16,3325.58
2018-12-13,3265.0,3439.63,3227.96
2018-12-14,3195.71,3294.9,3135.0
2018-12-15,3183.0,3228.69,3128.89
2018-12-16,3195.0,3258.0,3181.24
2018-12-17,3496.82,3585.95,3184.28
2018-12-18,3667.77,3688.0,3436.5
2018-12-19,3682.51,3928.15,3637.17
2018-12-20,4075.34,4175.0,3661.5
2018-12-21,3839.06,4162.27,3775.0
2018-12-22,3980.46,4005.0,3790.16
2018-12-23,3944.93,4050.0,3903.6
2018-12-24,4034.0,4239.37,3944.92
2018-12-25,3780.0,4045.41,3675.86
2018-12-26,3809.88,3849.2,3685.02
2018-12-27,3589.89,3841.21,3567.0
2018-12-28,3888.06,3971.58,3576.12
2018-12-29,3729.31,3944.33,3706.0
2018-12-30,3829.0,3863.06,3691.01
2018-12-31,3691.86,3835.4,3625.0
2019-01-01,3826.1,3841.17,3651.02
2019-01-02,3890.79,3916.57,3770.07
2019-01-03,3787.57,3893.8,3758.07
2019-01-04,3820.82,3849.0,3730.0
2019-01-05,3798.62,3874.12,3775.0
2019-01-06,4040.99,4088.0,3756.01
2019-01-07,4006.01,4070.0,3968.79
2019-01-08,3993.86,4114.8,3943.36
2019-01-09,4004.12,4042.2,3962.12
2019-01-10,3626.12,4035.21,3560.0
2019-01-11,3635.69,3699.99,3576.0
2019-01-12,3619.41,3649.18,3557.29
2019-01-13,3514.24,3641.86,3481.54
2019-01-14,3664.19,3711.11,3509.24
2019-01-15,3580.76,3684.38,3538.63
2019-01-16,3609.71,3666.73,3572.52
2019-01-17,3640.65,3657.0,3541.0
2019-01-18,3607.85,3643.69,3580.16
2019-01-19,3682.65,3765.9,3604.9
2019-01-20,3536.19,3703.39,3481.01
2019-01-21,3531.76,3568.95,3487.37
2019-01-22,3577.03,3611.5,3425.0
2019-01-23,3553.01,3614.47,3523.64
2019-01-24,3568.97,3595.83,3530.1
2019-01-25,3562.17,3578.79,3510.01
2019-01-26,3556.07,3657.76,3540.0
2019-01-27,3531.02,3562.9,3470.14
2019-01-28,3429.95,3535.92,3374.01
2019-01-29,3397.42,3438.4,3337.87
2019-01-30,3437.55,3459.41,3372.97
2019-01-31,3411.5,3473.4,3396.74
2019-02-01,3437.5,3458.26,3369.62
2019-02-02,3468.43,3483.25,3414.49
2019-02-03,3414.78,3471.76,3386.45
2019-02-04,3409.57,3435.0,3395.1
2019-02-05,3428.4,3429.46,3400.0
2019-02-06,3367.36,3441.0,3340.8
2019-02-07,3359.0,3383.14,3352.01
2019-02-08,3621.99,3711.0,3344.0
2019-02-09,3623.73,3644.08,3597.0
2019-02-10,3648.84,3654.28,3578.59
2019-02-11,3590.36,3652.0,3579.38
2019-02-12,3588.06,3618.77,3550.0
2019-02-13,3576.68,3627.99,3562.98
2019-02-14,3561.5,3589.0,3535.1
2019-02-15,3566.59,3620.22,3545.89
2019-02-16,3582.37,3607.36,3565.5
2019-02-17,3625.08,3675.0,3557.43
2019-02-18,3867.0,3917.0,3616.18
2019-02-19,3888.01,3969.54,3841.54
2019-02-20,3938.99,3967.19,3867.13
2019-02-21,3897.71,3988.0,3869.45
2019-02-22,3942.02,3956.43,3886.15
2019-02-23,4110.0,4156.1,3911.3
2019-02-24,3734.22,4188.79,3712.84
2019-02-25,3818.79,3860.0,3731.09
2019-02-26,3799.48,3826.37,3763.71
2019-02-27,3799.91,3823.13,3655.0
2019-02-28,3792.14,3910.0,3754.37
2019-03-01,3806.17,3843.0,3791.31
2019-03-02,3809.7,3818.08,3763.0
2019-03-03,3786.93,3815.48,3763.62
2019-03-04,3700.72,3804.99,3672.39
2019-03-05,3844.59,3876.65,3692.36
2019-03-06,3851.89,3894.7,3812.0
2019-03-07,3857.05,3891.0,3830.79
2019-03-08,3843.12,3910.88,3771.0
2019-03-09,3917.0,3947.33,3834.59
2019-03-10,3900.92,3917.0,3867.84
2019-03-11,3849.68,3911.83,3817.01
2019-03-12,3860.0,3875.33,3796.71
2019-03-13,3851.02,3871.02,3827.5
2019-03-14,3853.95,3900.0,3779.28
2019-03-15,3902.8,3910.0,3846.79
2019-03-16,3990.0,4037.47,3900.89
2019-03-17,3967.01,3991.0,3936.3
2019-03-18,3970.5,4015.7,3937.69
2019-03-19,4000.85,4009.61,3952.08
2019-03-20,4031.85,4044.82,3965.43
2019-03-21,3972.76,4056.33,3915.14
2019-03-22,3983.78,3998.01,3961.7
2019-03-23,3983.43,3997.01,3960.25
2019-03-24,3969.52,3982.45,3946.0
2019-03-25,3907.53,3976.47,3858.0
2019-03-26,3921.45,3923.9,3880.64
2019-03-27,4026.53,4035.8,3914.9
2019-03-28,4011.17,4026.54,3994.0
2019-03-29,4091.01,4101.5,4007.78
2019-03-30,4094.14,4131.87,4042.51
2019-03-31,4094.99,4103.0,4077.01
2019-04-01,4137.0,4149.5,4051.53
2019-04-02,4901.93,5121.0,4132.02
2019-04-03,4975.97,5345.0,4787.11
2019-04-04,4906.49,5071.34,4778.0
2019-04-05,5040.66,5066.59,4887.34
2019-04-06,5049.22,5244.04,4925.0
2019-04-07,5194.79,5270.33,5029.7
2019-04-08,5285.54,5352.5,5132.28
2019-04-09,5187.21,5287.0,5145.0
2019-04-10,5318.58,5488.0,5164.49
2019-04-11,5041.3,5342.74,4967.24
2019-04-12,5078.19,5118.56,4901.99
2019-04-13,5066.22,5123.28,5036.74
2019-04-14,5164.27,5191.19,5013.81
2019-04-15,5029.99,5193.01,4945.54
2019-04-16,5202.9,5229.97,5016.45
2019-04-17,5227.0,5272.32,5173.11
2019-04-18,5281.81,5318.18,5222.26
2019-04-19,5290.36,5359.47,5196.7
2019-04-20,5319.89,5359.98,5260.24
2019-04-21,5297.64,5349.16,5213.34
2019-04-22,5387.6,5440.84,5250.45
2019-04-23,5532.75,5650.01,5361.01
2019-04-24,5441.9,5624.47,5374.0
2019-04-25,5134.81,5512.12,4963.0
2019-04-26,5159.51,5295.03,5041.14
2019-04-27,5170.6,5221.24,5117.46
2019-04-28,5155.0,5214.5,5101.0
2019-04-29,5148.25,5189.54,5072.01
2019-04-30,5270.69,5285.0,5126.25
2019-05-01,5321.15,5358.39,5265.61
2019-05-02,5390.01,5422.99,5306.09
2019-05-03,5657.4,5796.93,5363.0
2019-05-04,5770.01,5846.88,5512.0
2019-05-05,5715.86,5782.22,5627.35
2019-05-06,5687.9,5753.66,5564.93
2019-05-07,5748.45,5974.51,5687.9
2019-05-08,5948.41,5990.0,5656.26
2019-05-09,6153.09,6171.1,5934.49
2019-05-10,6343.14,6430.0,6108.81
2019-05-11,7219.95,7464.13,6342.98
2019-05-12,6979.76,7581.82,6755.0
2019-05-13,7824.93,8195.0,6864.93
2019-05-14,7990.92,8350.0,7621.27
2019-05-15,8203.32,8308.16,7831.77
2019-05-16,7878.96,8388.0,7660.74
2019-05-17,7363.69,7940.75,6600.0
2019-05-18,7262.4,7491.22,7204.42
2019-05-19,8200.0,8315.0,7252.58
2019-05-20,7999.54,8199.53,7570.31
2019-05-21,7951.7,8112.99,7805.34
2019-05-22,7626.48,8044.32,7506.12
2019-05-23,7881.98,7984.9,7467.1
2019-05-24,8001.7,8175.0,7794.73
2019-05-25,8063.81,8149.0,7941.25
2019-05-26,8731.72,8793.97,7881.7
2019-05-27,8772.29,8947.88,8611.44
2019-05-28,8715.36,8822.46,8545.0
2019-05-29,8662.44,8760.43,8426.09
2019-05-30,8279.69,9090.0,7972.0
2019-05-31,8554.06,8580.0,8110.0
2019-06-01,8558.95,8618.0,8452.21
2019-06-02,8736.55,8834.0,8550.0
2019-06-03,8107.96,8742.48,8030.46
2019-06-04,7670.96,8104.95,7427.0
2019-06-05,7789.48,7932.87,7570.0
2019-06-06,7805.0,7874.68,7450.0
2019-06-07,7998.13,8134.29,7756.79
2019-06-08,7930.14,8059.99,7786.01
2019-06-09,7634.58,7960.0,7508.77
2019-06-10,8015.69,8097.35,7516.9
2019-06-11,7918.17,8057.19,7702.83
2019-06-12,8176.02,8292.43,7817.0
2019-06-13,8239.04,8329.99,8048.75
2019-06-14,8697.46,8738.92,8180.08
2019-06-15,8860.23,8916.63,8588.7
2019-06-16,8975.0,9388.0,8799.7
2019-06-17,9333.14,9475.0,8975.78
2019-06-18,9078.48,9359.48,8919.72
2019-06-19,9277.54,9319.5,9035.75
2019-06-20,9531.21,9599.0,9210.3
2019-06-21,10236.2,10245.0,9531.21
2019-06-22,10666.86,11215.89,10080.0
2019-06-23,10833.02,11284.44,10490.0
2019-06-24,11032.32,11091.97,10550.21
2019-06-25,11755.53,11788.88,10997.0
2019-06-26,12927.44,13868.44,11350.0
2019-06-27,11159.29,13358.68,10300.0
2019-06-28,12360.45,12444.77,10737.87
2019-06-29,11865.29,12379.99,11318.94
2019-06-30,10761.26,12200.0,10650.06
2019-07-01,10577.63,11210.52,9953.0
2019-07-02,10829.18,10925.0,9651.0
2019-07-03,11976.42,12014.6,10829.19
2019-07-04,11136.0,12064.26,11035.01
2019-07-05,11004.51,11449.51,10761.8
2019-07-06,11237.77,11723.6,10980.09
2019-07-07,11474.42,11620.0,11084.31
2019-07-08,12293.53,12395.0,11328.01
2019-07-09,12571.11,12829.96,12105.32
2019-07-10,12097.96,13202.63,11553.21
2019-07-11,11349.0,12097.93,10933.0
2019-07-12,11802.0,11950.0,11079.59
2019-07-13,11370.08,11845.0,10814.4
2019-07-14,10185.03,11467.27,10084.4
2019-07-15,10854.47,11080.01,9857.27
2019-07-16,9422.72,11040.0,9350.0
2019-07-17,9696.31,9998.0,9071.0
2019-07-18,10649.07,10799.0,9291.0
2019-07-19,10538.06,10777.21,10111.0
2019-07-20,10761.03,11112.31,10360.65
2019-07-21,10590.7,10835.0,10320.0
2019-07-22,10323.39,10688.14,10060.0
2019-07-23,9840.12,10324.28,9800.23
2019-07-24,9772.6,9919.08,9507.38
2019-07-25,9883.33,10184.99,9734.58
2019-07-26,9843.0,9898.03,9657.21
2019-07-27,9479.98,10248.41,9292.0
2019-07-28,9533.0,9669.11,9108.88
2019-07-29,9495.01,9729.87,9356.75
2019-07-30,9589.01,9839.83,9371.96
2019-07-31,10087.3,10135.12,9570.01
2019-08-01,10405.94,10497.0,9881.0
2019-08-02,10533.01,10670.0,10321.42
2019-08-03,10820.76,10922.08,10500.0
2019-08-04,10977.51,11089.74,10572.0
2019-08-05,11819.49,11950.0,10977.98
2019-08-06,11465.49,12320.4,11187.0
2019-08-07,11975.03,12147.0,11366.26
2019-08-08,11981.0,12050.0,11451.0
2019-08-09,11856.1,12040.0,11651.89
2019-08-10,11280.95,11969.99,11170.0
2019-08-11,11540.76,11585.0,11088.88
2019-08-12,11389.28,11555.55,11222.4
2019-08-13,10854.92,11438.39,10746.0
2019-08-14,10025.86,10859.97,9888.88
2019-08-15,10300.01,10445.0,9470.0
2019-08-16,10352.78,10539.9,9739.99
2019-08-17,10217.79,10475.82,9978.0
2019-08-18,10315.48,10513.45,10066.66
2019-08-19,10920.0,10938.76,10265.0
2019-08-20,10769.09,10953.0,10555.7
2019-08-21,10130.0,10800.0,9841.59
2019-08-22,10107.15,10237.53,9759.0
2019-08-23,10410.85,10478.0,10035.84
2019-08-24,10147.96,10429.0,9886.26
2019-08-25,10138.72,10374.85,9899.95
2019-08-26,10361.65,10680.0,10140.9
2019-08-27,10171.85,10379.87,10019.56
2019-08-28,9714.31,10277.0,9522.93
2019-08-29,9495.0,9717.03,9321.73
2019-08-30,9582.42,9699.0,9337.97
2019-08-31,9600.86,9707.48,9436.2
2019-09-01,9766.52,9840.0,9539.58
2019-09-02,10381.26,10486.77,9756.54
2019-09-03,10628.48,10790.0,10280.0
2019-09-04,10581.84,10833.14,10380.0
2019-09-05,10574.73,10666.43,10452.15
2019-09-06,10308.92,10939.34,10182.0
2019-09-07,10484.37,10580.0,10304.52
2019-09-08,10398.97,10595.0,10231.13
2019-09-09,10310.0,10541.75,10059.99
2019-09-10,10093.01,10389.26,9916.0
2019-09-11,10160.2,10297.12,9851.97
2019-09-12,10423.72,10460.0,10040.0
2019-09-13,10365.93,10452.5,10157.0
2019-09-14,10360.25,10439.0,10223.36
2019-09-15,10304.46,10380.0,10263.39
2019-09-16,10262.54,10379.98,10068.42
2019-09-17,10185.39,10276.18,10135.44
2019-09-18,10155.26,10258.0,10074.08
2019-09-19,10275.01,10379.15,9585.86
2019-09-20,10168.85,10309.84,10056.3
2019-09-21,9973.99,10170.15,9917.34
2019-09-22,10026.8,10097.0,9848.37
2019-09-23,9693.74,10051.15,9609.37
2019-09-24,8530.01,9777.16,8159.35
2019-09-25,8438.35,8743.86,8222.01
2019-09-26,8060.0,8464.08,7712.45
2019-09-27,8193.99,8290.0,7861.02
2019-09-28,8217.47,8343.0,8015.25
2019-09-29,8052.4,8246.87,7902.96
2019-09-30,8304.96,8393.23,7701.0
2019-10-01,8321.52,8535.0,8200.0
2019-10-02,8381.72,8391.0,8168.85
2019-10-03,8240.41,8419.95,8059.22
2019-10-04,8156.67,8241.35,8002.21
2019-10-05,8147.63,8200.0,8020.2
2019-10-06,7859.79,8176.18,7780.85
2019-10-07,8209.0,8310.57,7762.35
2019-10-08,8180.0,8342.97,8107.26
2019-10-09,8590.0,8712.45,8121.0
2019-10-10,8587.5,8660.0,8452.5
2019-10-11,8267.33,8826.0,8226.0
2019-10-12,8309.03,8425.0,8261.46
2019-10-13,8282.97,8469.02,8146.47
2019-10-14,8355.0,8409.0,8215.66
2019-10-15,8162.44,8420.0,8085.65
2019-10-16,7993.54,8171.59,7908.86
2019-10-17,8076.2,8124.42,7937.01
2019-10-18,7954.16,8117.77,7814.08
2019-10-19,7965.28,8099.98,7873.46
2019-10-20,8236.12,8309.0,7875.01
2019-10-21,8209.92,8349.84,8156.0
2019-10-22,8024.72,8317.14,7998.9
2019-10-23,7474.85,8049.0,7296.44
2019-10-24,7430.87,7509.99,7359.48
2019-10-25,8668.0,8800.1,7389.91
2019-10-26,9259.78,10540.49,8645.01
2019-10-27,9548.84,9826.72,9102.33
2019-10-28,9226.5,9939.69,9180.59
2019-10-29,9430.8,9575.0,9068.19
2019-10-30,9164.44,9431.36,8991.33
2019-10-31,9159.48,9433.0,8950.0
2019-11-01,9253.12,9299.99,9057.27
2019-11-02,9308.52,9393.0,9210.0
2019-11-03,9206.52,9380.0,9068.3
2019-11-04,9412.53,9600.0,9127.0
2019-11-05,9322.09,9474.89,9169.84
2019-11-06,9341.27,9450.0,9253.66
2019-11-07,9198.84,9375.16,9075.0
2019-11-08,8763.01,9246.0,8660.0
2019-11-09,8807.89,8873.48,8712.52
2019-11-10,9032.23,9150.0,8731.43
2019-11-11,8721.54,9067.34,8590.0
2019-11-12,8810.0,8870.0,8556.56
2019-11-13,8758.34,8838.8,8705.0
2019-11-14,8630.0,8784.61,8558.01
2019-11-15,8457.48,8773.22,8361.0
2019-11-16,8481.0,8531.03,8423.0
2019-11-17,8500.01,8637.01,8371.02
2019-11-18,8168.84,8501.01,8015.0
2019-11-19,8123.36,8197.82,7980.07
2019-11-20,8082.96,8222.41,8030.05
2019-11-21,7616.46,8114.97,7374.5
2019-11-22,7283.03,7720.0,6775.47
2019-11-23,7329.29,7361.41,7102.21
2019-11-24,6908.64,7344.0,6865.0
2019-11-25,7127.01,7379.99,6526.0
2019-11-26,7162.67,7340.59,7021.84
2019-11-27,7523.72,7678.76,6850.0
2019-11-28,7432.41,7660.82,7370.62
2019-11-29,7760.0,7870.1,7411.0
2019-11-30,7555.92,7820.0,7453.0
2019-12-01,7404.27,7555.92,7237.16
2019-12-02,7305.01,7430.0,7157.33
2019-12-03,7302.94,7412.85,7237.26
2019-12-04,7198.99,7775.0,7080.0
2019-12-05,7393.54,7489.87,7152.78
2019-12-06,7540.08,7609.5,7305.75
2019-12-07,7502.19,7643.0,7487.0
2019-12-08,7520.0,7580.84,7387.5
2019-12-09,7337.51,7659.38,7262.87
2019-12-10,7219.37,7398.0,7156.03
2019-12-11,7201.23,7263.31,7124.45
2019-12-12,7185.91,7298.5,7075.01
2019-12-13,7249.9,7299.21,7183.29
2019-12-14,7062.91,7264.33,7008.03
2019-12-15,7111.0,7220.01,7006.01
2019-12-16,6877.03,7137.0,6803.24
2019-12-17,6616.62,6933.21,6556.0
2019-12-18,7285.53,7448.24,6430.0
2019-12-19,7149.12,7371.7,7044.45
2019-12-20,7190.0,7220.0,7073.66
2019-12-21,7143.01,7190.0,7099.57
2019-12-22,7513.06,7521.55,7125.0
2019-12-23,7310.79,7688.99,7259.19
2019-12-24,7255.01,7426.15,7151.08
2019-12-25,7192.12,7265.12,7115.5
2019-12-26,7194.13,7432.1,7140.0
2019-12-27,7245.83,7254.0,7053.32
2019-12-28,7302.67,7346.0,7232.55
2019-12-29,7384.89,7531.0,7278.07
2019-12-30,7218.0,7386.28,7200.0
2019-12-31,7165.72,7298.67,7111.0
2020-01-01,7174.33,7238.14,7136.05
2020-01-02,6945.02,7186.18,6903.0
2020-01-03,7334.45,7401.2,6854.67
2020-01-04,7348.63,7398.0,7263.32
2020-01-05,7355.4,7488.87,7312.22
2020-01-06,7764.63,7805.0,7343.17
2020-01-07,8158.52,8216.0,7723.0
2020-01-08,8045.51,8469.39,7845.0
2020-01-09,7813.78,8048.67,7744.48
2020-01-10,8198.09,8199.77,7671.0
2020-01-11,8020.0,8290.0,8000.01
2020-01-12,8180.81,8185.0,7963.25
2020-01-13,8104.5,8195.81,8041.95
2020-01-14,8815.69,8893.69,8105.23
2020-01-15,8808.81,8900.0,8550.0
2020-01-16,8714.76,8850.0,8580.0
2020-01-17,8899.42,9013.0,8665.67
2020-01-18,8909.32,8980.0,8800.1
2020-01-19,8697.53,9194.99,8465.0
2020-01-20,8628.89,8734.84,8504.06
2020-01-21,8722.03,8774.31,8465.0
2020-01-22,8660.38,8791.76,8565.0
2020-01-23,8385.22,8665.0,8278.0
2020-01-24,8427.26,8509.99,8216.71
2020-01-25,8326.81,8437.76,8252.73
2020-01-26,8595.0,8595.0,8278.68
2020-01-27,8895.96,8985.0,8556.6
2020-01-28,9394.5,9418.91,8880.87
2020-01-29,9288.44,9439.83,9224.75
2020-01-30,9503.08,9574.68,9171.11
2020-01-31,9334.98,9522.5,9195.49
2020-02-01,9380.18,9458.08,9285.01
2020-02-02,9323.5,9480.0,9140.0
2020-02-03,9280.49,9619.95,9220.0
2020-02-04,9164.33,9350.0,9078.05
2020-02-05,9613.82,9769.7,9150.0
2020-02-06,9763.01,9857.0,9521.47
2020-02-07,9808.05,9885.0,9713.99
2020-02-08,9905.64,9955.0,9653.47
2020-02-09,10168.35,10178.91,9888.76
2020-02-10,9851.78,10199.0,9736.0
2020-02-11,10270.01,10400.0,9706.0
2020-02-12,10351.13,10483.86,10250.0
2020-02-13,10236.49,10522.51,10083.1
2020-02-14,10371.33,10395.66,10102.5
2020-02-15,9911.22,10400.0,9750.0
2020-02-16,9921.0,10048.34,9612.12
2020-02-17,9700.0,9969.38,9467.0
2020-02-18,10188.04,10298.25,9610.27
2020-02-19,9600.08,10315.0,9280.98
2020-02-20,9610.05,9698.1,9393.39
2020-02-21,9695.66,9769.66,9566.98
2020-02-22,9668.23,9722.97,9575.01
2020-02-23,9965.01,10025.66,9667.13
2020-02-24,9660.0,10030.0,9474.74
2020-02-25,9305.0,9681.56,9230.0
2020-02-26,8778.3,9375.36,8602.0
2020-02-27,8812.49,8972.92,8520.0
2020-02-28,8708.89,8899.94,8428.8
2020-02-29,8525.07,8799.0,8520.67
2020-03-01,8522.31,8752.34,8400.0
2020-03-02,8915.0,8973.45,8487.33
2020-03-03,8757.84,8927.45,8635.31
2020-03-04,8760.66,8847.0,8670.57
2020-03-05,9070.17,9174.24,8759.99
2020-03-06,9158.51,9182.08,9000.01
2020-03-07,8901.37,9214.67,8850.47
2020-03-08,8037.76,8901.37,8002.2
2020-03-09,7934.52,8187.03,7630.0
2020-03-10,7894.68,8158.25,7733.56
2020-03-11,7938.05,7987.97,7583.27
2020-03-12,4857.1,7969.45,4644.0
2020-03-13,5637.6,5995.0,3858.0
2020-03-14,5165.25,5669.0,5050.0
2020-03-15,5345.35,5985.0,5085.91
2020-03-16,5037.61,5350.3,4432.3
2020-03-17,5331.71,5569.44,4935.6
2020-03-18,5413.64,5452.82,5001.0
2020-03-19,6186.26,6441.37,5261.69
2020-03-20,6206.1,6990.0,5657.0
2020-03-21,6198.78,6470.0,5851.0
2020-03-22,5818.25,6420.0,5738.0
2020-03-23,6490.63,6641.03,5678.2
2020-03-24,6766.64,6866.1,6403.16
2020-03-25,6690.96,6983.31,6470.0
2020-03-26,6758.18,6795.0,6520.13
2020-03-27,6372.36,6880.0,6260.0
2020-03-28,6251.82,6372.36,6030.0
2020-03-29,5877.21,6279.96,5870.46
2020-03-30,6406.4,6631.23,5853.0
2020-03-31,6424.35,6524.79,6333.91
2020-04-01,6666.11,6744.99,6160.0
2020-04-02,6804.52,7292.11,6570.92
2020-04-03,6741.99,7050.0,6606.06
2020-04-04,6874.77,7025.53,6658.16
2020-04-05,6778.25,6925.0,6681.0
2020-04-06,7341.56,7373.37,6773.28
2020-04-07,7200.01,7466.0,7073.0
2020-04-08,7370.11,7430.0,7154.22
2020-04-09,7293.24,7377.0,7110.0
2020-04-10,6871.91,7305.91,6750.0
2020-04-11,6889.65,6955.0,6775.0
2020-04-12,6908.13,7200.0,6787.44
2020-04-13,6861.21,6908.13,6555.0
2020-04-14,6877.37,6997.38,6771.41
2020-04-15,6624.12,6940.0,6605.89
2020-04-16,7112.64,7217.27,6456.0
2020-04-17,7037.46,7156.66,7000.0
2020-04-18,7261.76,7308.0,7021.0
2020-04-19,7130.71,7275.0,7063.02
2020-04-20,6838.19,7227.11,6748.72
2020-04-21,6853.68,6959.0,6776.0
2020-04-22,7136.84,7167.37,6826.0
2020-04-23,7488.83,7775.0,7031.14
2020-04-24,7514.64,7612.24,7390.0
2020-04-25,7547.61,7720.0,7437.94
2020-04-26,7706.4,7715.0,7490.0
2020-04-27,7789.77,7810.99,7635.69
2020-04-28,7755.01,7794.74,7672.0
2020-04-29,8793.75,8988.0,7720.0
2020-04-30,8624.28,9478.66,8407.0
2020-05-01,8829.42,9075.98,8622.72
2020-05-02,8985.58,9025.0,8762.01
2020-05-03,8909.95,9203.52,8731.01
2020-05-04,8883.53,8970.0,8533.98
2020-05-05,9028.79,9126.27,8769.69
2020-05-06,9155.79,9418.0,8922.13
2020-05-07,10004.77,10079.0,9028.89
2020-05-08,9810.0,10049.0,9730.0
2020-05-09,9537.21,9920.73,9521.0
2020-05-10,8729.86,9559.98,8106.7
2020-05-11,8572.4,9182.66,8185.0
2020-05-12,8821.42,8982.9,8534.85
2020-05-13,9321.26,9420.18,8803.97
2020-05-14,9795.34,9943.93,9257.15
2020-05-15,9312.1,9849.0,9120.0
2020-05-16,9383.16,9594.99,9215.01
2020-05-17,9676.63,9896.0,9325.81
2020-05-18,9728.52,9957.25,9436.97
2020-05-19,9783.76,9898.0,9463.22
2020-05-20,9509.41,9836.99,9294.54
2020-05-21,9061.96,9568.0,8800.0
2020-05-22,9168.84,9267.34,8923.5
2020-05-23,9181.76,9313.83,9090.11
2020-05-24,8715.73,9306.23,8680.7
2020-05-25,8899.31,8977.0,8632.93
2020-05-26,8844.42,9016.99,8694.23
2020-05-27,9208.53,9230.0,8811.46
2020-05-28,9580.19,9625.0,9112.0
2020-05-29,9423.84,9609.02,9330.01
2020-05-30,9700.33,9764.0,9326.43
2020-05-31,9446.57,9705.6,9369.58
2020-06-01,10208.96,10428.0,9417.42
2020-06-02,9522.46,10237.6,9270.0
2020-06-03,9668.07,9695.0,9385.22
2020-06-04,9788.03,9888.0,9450.0
2020-06-05,9613.21,9855.0,9585.44
2020-06-06,9671.7,9735.13,9526.03
2020-06-07,9750.12,9822.0,9370.0
2020-06-08,9781.51,9815.0,9632.79
2020-06-09,9779.41,9886.0,9567.33
2020-06-10,9894.04,10018.67,9690.0
2020-06-11,9268.16,9973.25,9050.0
2020-06-12,9464.17,9552.87,9227.0
2020-06-13,9475.0,9494.45,9346.0
2020-06-14,9325.0,9481.0,9240.0
2020-06-15,9432.53,9499.0,8895.01
2020-06-16,9526.25,9592.04,9381.0
2020-06-17,9457.51,9558.48,9227.03
2020-06-18,9376.14,9482.66,9267.18
2020-06-19,9301.91,9430.0,9229.0
2020-06-20,9355.74,9391.71,9161.0
2020-06-21,9286.14,9419.35,9273.0
2020-06-22,9690.74,9792.0,9267.58
2020-06-23,9623.56,9724.53,9572.22
2020-06-24,9285.91,9663.38,9195.0
2020-06-25,9243.51,9335.0,8979.07
2020-06-26,9155.42,9291.73,9027.62
2020-06-27,9002.46,9188.14,8815.01
2020-06-28,9113.24,9189.0,8931.77
2020-06-29,9184.45,9236.75,9014.0
2020-06-30,9136.2,9201.0,9059.6
2020-07-01,9239.97,9297.2,9088.0
2020-07-02,9091.53,9265.0,8938.0
2020-07-03,9063.87,9126.12,9036.74
2020-07-04,9138.51,9195.84,9039.84
2020-07-05,9074.39,9145.0,8905.84
2020-07-06,9343.31,9375.9,9061.59
2020-07-07,9253.94,9379.34,9201.57
2020-07-08,9435.28,9475.0,9232.2
2020-07-09,9236.95,9446.62,9154.79
2020-07-10,9291.05,9322.23,9118.0
2020-07-11,9235.0,9303.04,9182.35
2020-07-12,9303.37,9347.53,9159.33
2020-07-13,9236.92,9339.61,9193.52
2020-07-14,9256.94,9280.0,9100.0
2020-07-15,9190.16,9273.98,9154.01
2020-07-16,9130.11,9216.02,9005.0
2020-07-17,9154.29,9182.99,9054.99
2020-07-18,9175.85,9210.0,9122.65
2020-07-19,9212.87,9245.03,9105.37
2020-07-20,9161.05,9223.51,9131.0
2020-07-21,9394.14,9438.0,9157.04
2020-07-22,9536.18,9567.77,9277.0
2020-07-23,9613.24,9686.0,9450.04
2020-07-24,9551.21,9645.55,9475.7
2020-07-25,9711.33,9747.76,9536.64
2020-07-26,9941.0,10150.0,9661.35
2020-07-27,11048.91,11420.0,9935.0
2020-07-28,10934.23,11259.0,10575.0
2020-07-29,11110.12,11350.0,10843.47
2020-07-30,11115.95,11188.65,10811.0
2020-07-31,11351.62,11460.0,10975.0
2020-08-01,11810.07,11888.0,11237.82
2020-08-02,11068.54,12134.29,10546.15
2020-08-03,11233.13,11486.6,10911.74
2020-08-04,11197.04,11417.11,11006.16
2020-08-05,11756.75,11798.87,11073.7
2020-08-06,11773.89,11916.68,11580.19
2020-08-07,11606.52,11920.0,11350.0
2020-08-08,11774.98,11818.18,11529.45
2020-08-09,11688.48,11810.24,11532.04
2020-08-10,11899.73,12086.22,11470.01
2020-08-11,11388.53,11943.0,11120.0
2020-08-12,11566.45,11625.0,11148.54
2020-08-13,11795.95,11802.09,11274.14
2020-08-14,11779.0,11865.97,11651.24
2020-08-15,11859.24,11989.98,11688.0
2020-08-16,11918.84,11940.0,11686.53
2020-08-17,12304.26,12486.61,11775.0
2020-08-18,11950.0,12400.0,11825.0
2020-08-19,11758.87,12024.83,11569.0
2020-08-20,11864.26,11892.16,11671.48
2020-08-21,11529.22,11884.99,11480.0
2020-08-22,11672.93,11693.16,11370.0
2020-08-23,11650.01,11715.0,11525.62
2020-08-24,11753.85,11823.62,11592.91
2020-08-25,11324.92,11769.76,11102.73
2020-08-26,11463.27,11539.99,11254.89
2020-08-27,11330.06,11597.92,11125.0
2020-08-28,11535.0,11550.51,11282.09
2020-08-29,11474.31,11580.0,11422.21
2020-08-30,11716.01,11720.0,11463.87
2020-08-31,11655.0,11784.66,11576.0
2020-09-01,11924.22,12086.0,11525.09
2020-09-02,11395.48,11950.0,11160.0
2020-09-03,10172.52,11474.99,10005.0
2020-09-04,10500.05,10638.34,9895.22
2020-09-05,10168.36,10564.8,9813.0
2020-09-06,10257.86,10358.88,10000.0
2020-09-07,10375.0,10410.9,9880.0
2020-09-08,10125.69,10440.91,9819.83
2020-09-09,10224.56,10349.99,9983.34
2020-09-10,10343.23,10489.0,10216.41
2020-09-11,10394.41,10411.44,10200.0
2020-09-12,10446.52,10483.23,10276.19
2020-09-13,10336.76,10582.36,10211.0
2020-09-14,10679.95,10760.62,10253.0
2020-09-15,10783.75,10950.0,10613.18
2020-09-16,10959.61,11099.95,10662.02
2020-09-17,10943.61,11044.0,10735.55
2020-09-18,10937.52,11039.88,10813.0
2020-09-19,11080.0,11179.9,10891.78
2020-09-20,10920.89,11081.37,10759.37
2020-09-21,10416.82,10994.0,10180.0
2020-09-22,10531.13,10576.82,10355.0
2020-09-23,10235.1,10541.25,10135.22
2020-09-24,10740.01,10795.87,10192.56
2020-09-25,10690.53,10765.07,10551.0
2020-09-26,10730.0,10828.0,10654.58
2020-09-27,10778.2,10806.32,10595.24
2020-09-28,10695.55,10956.11,10621.22
2020-09-29,10840.73,10860.79,10636.13
2020-09-30,10779.63,10847.0,10657.04
2020-10-01,10617.63,10931.98,10427.75
2020-10-02,10573.12,10668.56,10363.76
2020-10-03,10551.65,10606.36,10498.02
2020-10-04,10671.11,10697.0,10521.87
2020-10-05,10795.0,10800.0,10621.12
2020-10-06,10602.66,10800.0,10524.0
2020-10-07,10670.47,10683.75,10546.78
2020-10-08,10933.09,10963.16,10532.11
2020-10-09,11057.07,11111.11,10834.49
2020-10-10,11299.5,11498.98,11055.75
2020-10-11,11374.01,11444.25,11276.28
2020-10-12,11535.46,11736.02,11187.6
2020-10-13,11428.22,11561.45,11312.59
2020-10-14,11427.7,11556.37,11290.83
2020-10-15,11509.34,11641.38,11263.15
2020-10-16,11328.95,11550.01,11201.0
2020-10-17,11367.89,11421.0,11264.75
2020-10-18,11514.2,11523.0,11350.37
2020-10-19,11760.45,11833.0,11416.04
2020-10-20,11923.83,12050.0,11685.0
2020-10-21,12808.0,13250.04,11900.01
2020-10-22,12987.02,13200.0,12698.02
2020-10-23,12937.09,13037.0,12722.72
2020-10-24,13126.24,13175.0,12884.31
2020-10-25,13045.0,13361.0,12890.76
2020-10-26,13068.79,13250.0,12785.0
2020-10-27,13698.18,13793.72,13061.28
2020-10-28,13281.05,13863.87,12891.57
2020-10-29,13460.0,13650.0,12976.29
2020-10-30,13571.51,13687.82,13131.31
2020-10-31,13804.81,14098.92,13424.73
2020-11-01,13771.59,13906.74,13630.05
2020-11-02,13563.22,13840.0,13215.0
2020-11-03,14035.8,14081.45,13290.0
2020-11-04,14161.48,14273.6,13530.01
2020-11-05,15608.21,15775.0,14115.0
2020-11-06,15599.95,15977.67,15190.36
2020-11-07,14834.09,15779.24,14310.0
2020-11-08,15482.9,15666.0,14721.9
2020-11-09,15342.25,15856.9,14817.14
2020-11-10,15315.03,15481.06,15090.08
2020-11-11,15705.79,16000.0,15293.04
2020-11-12,16310.81,16370.89,15446.82
2020-11-13,16339.56,16491.92,15975.0
2020-11-14,16082.01,16339.6,15708.24
2020-11-15,15966.89,16175.6,15796.09
2020-11-16,16726.64,16892.0,15879.0
2020-11-17,17679.36,17880.0,16575.42
2020-11-18,17782.91,18488.0,17205.02
2020-11-19,17821.58,18193.29,17356.0
2020-11-20,18675.25,18830.3,17764.76
2020-11-21,18721.21,18980.0,18350.0
2020-11-22,18437.66,18773.56,17610.77
2020-11-23,18384.82,18777.77,18001.0
2020-11-24,19172.84,19469.0,18052.02
2020-11-25,18721.93,19500.0,18502.0
2020-11-26,17170.0,18915.48,16200.0
2020-11-27,17153.95,17475.0,16400.0
2020-11-28,17739.85,17933.25,16880.0
2020-11-29,18202.04,18359.0,17535.26
2020-11-30,19713.94,19873.23,18201.47
2020-12-01,18782.97,19915.14,18109.0
2020-12-02,19225.63,19340.0,18335.0
2020-12-03,19448.64,19625.64,18885.0
2020-12-04,18658.1,19546.46,18576.05
2020-12-05,19158.96,19189.98,18501.0
2020-12-06,19375.6,19430.25,18878.0
2020-12-07,19177.71,19432.57,18901.0
2020-12-08,18316.22,19299.51,18200.0
2020-12-09,18546.55,18647.33,17639.0
2020-12-10,18253.44,18556.42,17905.0
2020-12-11,18042.15,18293.08,17580.0
2020-12-12,18821.28,18955.34,18023.57
2020-12-13,19166.65,19421.03,18730.0
2020-12-14,19272.37,19349.98,18967.68
2020-12-15,19444.6,19565.0,19051.27
2020-12-16,21359.65,21569.94,19300.0
2020-12-17,22826.48,23776.94,21252.01
2020-12-18,23137.76,23280.0,22329.0
2020-12-19,23849.99,24200.0,22770.0
2020-12-20,23476.51,24300.0,23100.0
2020-12-21,22729.4,24118.75,21913.84
2020-12-22,23823.27,23839.78,22380.05
2020-12-23,23228.35,24090.0,22600.0
2020-12-24,23717.96,23785.0,22712.89
2020-12-25,24704.71,24770.95,23416.0
2020-12-26,26475.35,26822.0,24490.01
2020-12-27,26258.65,28387.0,25772.55
2020-12-28,27040.36,27477.0,26086.19
2020-12-29,27366.35,27396.77,25833.73
2020-12-30,28897.42,29018.26,27311.73
2020-12-31,28990.08,29321.9,28000.0
2021-01-01,29412.84,29688.88,28700.0
2021-01-02,32225.91,33300.0,29039.0
2021-01-03,33080.66,34810.0,32008.62
2021-01-04,32019.99,33666.99,27678.0
2021-01-05,34030.64,34499.67,29891.13
2021-01-06,36859.26,37000.0,33352.54
2021-01-07,39505.56,40425.0,36200.0
2021-01-08,40665.15,41986.37,36565.08
2021-01-09,40257.43,41406.94,38800.0
2021-01-10,38171.57,41452.12,34444.0
2021-01-11,35452.59,38273.88,30100.0
2021-01-12,34038.98,36604.51,32500.0
2021-01-13,37393.66,37888.0,32309.04
2021-01-14,39125.14,40127.66,36751.11
2021-01-15,36754.67,39697.0,34298.93
2021-01-16,36006.94,37948.0,35372.59
2021-01-17,35820.0,36860.0,33850.03
2021-01-18,36624.23,37402.0,34736.46
2021-01-19,35917.28,37857.0,35895.11
2021-01-20,35503.09,36415.34,33387.01
2021-01-21,30855.95,35628.24,30011.0
2021-01-22,32984.93,33867.0,28732.0
2021-01-23,32112.01,33488.79,31432.19
2021-01-24,32288.56,33086.53,30931.21
2021-01-25,32261.87,34888.0,31920.8
2021-01-26,32510.82,32960.37,30830.0
2021-01-27,30407.13,32584.62,29156.0
2021-01-28,33488.99,34000.0,29902.14
2021-01-29,34262.11,38570.13,31990.0
2021-01-30,34315.63,34900.0,32852.86
2021-01-31,33137.74,34387.75,32200.0
2021-02-01,33533.19,34728.57,32333.0
2021-02-02,35512.67,36000.0,33450.0
2021-02-03,37678.37,37723.72,35393.8
2021-02-04,36975.0,38769.0,36156.45
2021-02-05,38311.49,38349.0,36605.87
2021-02-06,39265.43,41000.0,38250.0
2021-02-07,38871.42,39737.83,37371.35
2021-02-08,46448.1,46750.0,38057.01
2021-02-09,46514.73,48200.0,45020.0
2021-02-10,44850.0,47349.99,43706.86
2021-02-11,47997.91,48690.0,44011.0
2021-02-12,47408.34,48912.0,46300.0
2021-02-13,47232.45,48199.0,46300.0
2021-02-14,48680.69,49700.0,47100.13
2021-02-15,47936.37,49093.44,45768.46
2021-02-16,49158.71,50645.0,47051.22
2021-02-17,52170.01,52640.35,48942.87
2021-02-18,51601.73,52549.99,50875.0
2021-02-19,55983.56,56370.05,50725.0
2021-02-20,55923.52,57563.57,54000.1
2021-02-21,57489.16,58367.0,55531.23
2021-02-22,54142.13,57577.69,46616.0
2021-02-23,48899.99,54206.22,44888.08
2021-02-24,49737.82,51415.41,47002.0
2021-02-25,47058.48,52107.83,46700.0
2021-02-26,46326.2,48464.64,44150.0
2021-02-27,46180.75,48356.86,45055.0
2021-02-28,45231.75,46656.0,43016.0
2021-03-01,49639.4,49829.0,45042.13
2021-03-02,48511.6,50250.0,47075.11
2021-03-03,50360.0,52666.0,48161.75
2021-03-04,48368.52,51798.33,47502.0
2021-03-05,48769.47,49473.99,46219.32
2021-03-06,48909.84,49210.0,47077.0
2021-03-07,50978.61,51459.0,48909.83
2021-03-08,52415.23,52425.0,49328.62
2021-03-09,54916.38,54936.0,51845.01
2021-03-10,55890.69,57402.14,53025.0
2021-03-11,57815.47,58113.0,54283.0
2021-03-12,57225.91,58065.92,55050.0
2021-03-13,61178.5,61788.45,56083.74
2021-03-14,58972.7,61680.0,58950.0
2021-03-15,55636.15,60601.07,54568.0
2021-03-16,56927.11,56970.0,53221.0
2021-03-17,58925.54,58996.38,54138.01
2021-03-18,57644.95,60100.0,56996.15
2021-03-19,58039.66,59461.99,56260.0
2021-03-20,58116.7,59928.0,57827.97
2021-03-21,57363.32,58651.22,55543.89
2021-03-22,54110.07,58421.68,53739.5
2021-03-23,54345.54,55858.0,53000.0
2021-03-24,52276.16,57209.97,51673.82
2021-03-25,51325.01,53238.0,50305.0
2021-03-26,55072.44,55125.13,51250.0
2021-03-27,55856.53,56640.0,53966.0
2021-03-28,55778.82,56587.08,54701.0
2021-03-29,57613.48,58400.0,54900.0
2021-03-30,58786.46,59397.48,57000.0
2021-03-31,58800.0,59800.0,56873.8
2021-04-01,58726.48,59474.94,57930.0
2021-04-02,58981.04,60055.02,58441.88
2021-04-03,57094.34,59752.0,56943.0
2021-04-04,58215.94,58500.0,56478.53
2021-04-05,59123.02,59251.76,56817.64
2021-04-06,58019.98,59475.0,57333.33
2021-04-07,55955.75,58630.0,55400.0
2021-04-08,58083.1,58152.0,55700.0
2021-04-09,58092.68,58869.69,57670.51
2021-04-10,59778.6,61218.97,57875.41
2021-04-11,59985.26,60658.89,59177.06
2021-04-12,59839.82,61199.0,59369.0
2021-04-13,63588.22,63774.39,59799.01
2021-04-14,62971.8,64899.0,61277.91
2021-04-15,63229.04,63831.82,62036.73
2021-04-16,61427.27,63604.34,60048.43
2021-04-17,60058.86,62572.48,59700.0
2021-04-18,56274.41,60437.97,51300.0
2021-04-19,55696.83,57600.0,54187.85
2021-04-20,56499.29,57111.0,53430.01
2021-04-21,53800.86,56810.56,53620.91
2021-04-22,51701.59,55469.98,50400.0
2021-04-23,51187.27,52130.58,47464.65
2021-04-24,50089.15,51260.61,48726.87
2021-04-25,49121.0,50591.38,47044.01
2021-04-26,54053.6,54400.0,48817.62
2021-04-27,55069.62,55509.39,53321.0
2021-04-28,54894.03,56476.17,53887.0
2021-04-29,53580.0,55226.86,52369.61
2021-04-30,57798.77,58075.01,53068.43
2021-05-01,57859.28,58550.0,57050.94
2021-05-02,56625.2,57972.26,56072.0
2021-05-03,57212.73,58986.0,56500.0
2021-05-04,53241.92,57247.24,53057.7
2021-05-05,57515.69,57980.86,52913.02
2021-05-06,56440.66,58400.0,55288.0
2021-05-07,57380.39,58735.95,55300.0
2021-05-08,58958.05,59559.84,56980.01
2021-05-09,58312.57,59300.52,56265.3
2021-05-10,55866.41,59592.2,53600.0
2021-05-11,56753.19,56962.07,54511.48
2021-05-12,49498.77,58041.0,48500.0
2021-05-13,49690.11,52500.0,46000.0
2021-05-14,49893.48,51569.56,48895.0
2021-05-15,46775.51,50730.58,46573.0
2021-05-16,46450.79,49808.28,43825.0
2021-05-17,43580.5,46646.15,42101.0
2021-05-18,42857.15,45851.0,42300.0
2021-05-19,36731.75,43591.7,30000.0
2021-05-20,40623.33,42605.0,35000.0
2021-05-21,37340.77,42275.99,33501.54
2021-05-22,37476.83,38889.76,35257.52
2021-05-23,34758.67,38319.36,31111.0
2021-05-24,38878.56,39966.87,34407.17
2021-05-25,38361.81,39878.51,36481.26
2021-05-26,39293.23,40900.0,37837.36
2021-05-27,38556.88,40440.95,37191.99
2021-05-28,35680.47,38900.0,34688.0
2021-05-29,34627.82,37325.0,33650.86
2021-05-30,35669.44,36500.0,33333.0
2021-05-31,37279.31,37534.09,34183.0
2021-06-01,36685.0,37918.97,35669.14
2021-06-02,37577.91,38237.37,35920.0
2021-06-03,39248.55,39489.82,37184.88
2021-06-04,36856.52,39291.24,35593.22
2021-06-05,35539.49,37921.35,34832.17
2021-06-06,35800.48,36477.86,35258.0
2021-06-07,33575.91,36812.39,33333.0
2021-06-08,33402.13,34069.0,31004.95
2021-06-09,37403.86,37573.99,32408.53
2021-06-10,36694.05,38425.67,35800.0
2021-06-11,37338.44,37695.0,35944.0
2021-06-12,35557.33,37448.0,34635.47
2021-06-13,39015.24,39396.0,34780.57
2021-06-14,40539.47,41076.03,38744.83
2021-06-15,40162.37,41322.55,39510.98
2021-06-16,38351.0,40499.0,38105.0
2021-06-17,38095.17,39554.98,37365.63
2021-06-18,35841.81,38216.22,35153.16
2021-06-19,35484.79,36457.18,34833.26
2021-06-20,35585.78,36139.73,33347.05
2021-06-21,31609.82,35741.54,31259.0
2021-06-22,32538.37,33352.0,28800.0
2021-06-23,33688.35,34881.02,31708.03
2021-06-24,34654.58,35295.67,32300.0
2021-06-25,31594.63,35500.0,31300.0
2021-06-26,32275.19,32711.68,30173.49
2021-06-27,34709.23,34749.0,32002.21
2021-06-28,34493.22,35301.43,33864.99
2021-06-29,35904.28,36675.0,34233.35
2021-06-30,35060.0,36094.42,34033.0
2021-07-01,33516.11,35066.54,32703.48
2021-07-02,33805.02,33972.06,32704.73
2021-07-03,34682.16,34953.07,33320.0
2021-07-04,35284.05,35951.0,34390.53
2021-07-05,33697.78,35290.82,33156.86
2021-07-06,34225.73,35100.0,33300.0
2021-07-07,33878.56,35077.46,33770.01
2021-07-08,32875.95,33934.62,32111.0
2021-07-09,33824.26,34100.0,32255.24
2021-07-10,33515.35,34267.14,33027.83
2021-07-11,34259.23,34607.37,33333.33
2021-07-12,33091.1,34670.0,32665.0
2021-07-13,32734.14,33337.61,32201.12
2021-07-14,32816.39,33125.55,31600.0
2021-07-15,31868.68,33187.6,31064.77
2021-07-16,31388.06,32259.16,31025.42
2021-07-17,31533.91,31949.99,31179.01
2021-07-18,31788.25,32450.0,31125.6
2021-07-19,30842.03,31887.82,30429.99
2021-07-20,29796.16,31052.65,29301.56
2021-07-21,32135.19,32825.0,29501.02
2021-07-22,32287.74,32611.84,31729.68
2021-07-23,33647.26,33647.27,32000.0
2021-07-24,34283.01,34525.0,33424.7
2021-07-25,35428.26,35451.04,33888.89
2021-07-26,37262.77,40593.93,35251.54
2021-07-27,39470.48,39550.0,36413.26
2021-07-28,40035.1,40925.56,38803.34
2021-07-29,40039.44,40644.85,39229.47
2021-07-30,42237.95,42320.57,38342.0
2021-07-31,41495.01,42414.61,41064.11
2021-08-01,39865.41,42605.64,39426.0
2021-08-02,39149.59,40459.68,38690.0
2021-08-03,38191.44,39785.3,37627.21
2021-08-04,39722.41,39965.1,37509.0
2021-08-05,40888.74,41447.89,37300.0
2021-08-06,42869.58,43399.26,39876.74
2021-08-07,44637.34,44750.0,42457.27
2021-08-08,43829.14,45363.83,43131.97
2021-08-09,46285.48,46497.42,42821.3
2021-08-10,45595.66,46718.44,44650.27
2021-08-11,45553.49,46781.09,45350.74
2021-08-12,44422.14,46223.95,43714.36
2021-08-13,47833.64,47953.9,44249.64
2021-08-14,47109.65,48176.52,46034.93
2021-08-15,47014.49,47400.0,45525.19
2021-08-16,45902.46,48076.52,45676.91
2021-08-17,44671.58,47174.62,44405.39
2021-08-18,44707.98,46035.27,44216.47
2021-08-19,46765.87,47088.08,43955.0
2021-08-20,49342.4,49400.0,46644.95
2021-08-21,48867.02,49821.92,48285.28
2021-08-22,49284.63,49526.13,48102.89
2021-08-23,49506.5,50505.0,49012.84
2021-08-24,47682.45,49875.9,47600.0
2021-08-25,48987.33,49277.0,47122.02
2021-08-26,46851.47,49365.1,46315.48
2021-08-27,49077.57,49185.12,46361.01
2021-08-28,48942.94,49309.83,48370.0
2021-08-29,48802.58,49667.1,47801.0
2021-08-30,46993.71,48906.51,46866.0
2021-08-31,47112.5,48259.68,46708.93
2021-09-01,48839.86,49125.0,46537.62
2021-09-02,49279.37,50392.19,48620.73
2021-09-03,50025.0,51064.44,48349.66
2021-09-04,49942.98,50558.75,49400.0
2021-09-05,51789.17,51907.08,49500.0
2021-09-06,52698.81,52802.03,51020.08
2021-09-07,46894.5,52944.96,42830.77
2021-09-08,46060.36,47381.47,44423.49
2021-09-09,46400.0,47400.0,45511.82
2021-09-10,44851.45,47040.76,44140.48
2021-09-11,45171.83,45989.94,44730.29
2021-09-12,46024.23,46462.98,44754.31
2021-09-13,44947.72,46900.0,43465.0
2021-09-14,47127.22,47274.92,44679.92
2021-09-15,48148.12,48475.0,46705.0
2021-09-16,47753.16,48499.99,47020.82
2021-09-17,47303.5,48176.64,46752.67
2021-09-18,48314.56,48825.62,47050.0
2021-09-19,47255.92,48379.19,46850.87
2021-09-20,43012.97,47358.92,42500.0
2021-09-21,40719.6,43639.88,39600.0
2021-09-22,43575.1,44035.44,40570.42
2021-09-23,44897.59,45000.0,43096.73
2021-09-24,42848.92,45200.0,40683.29
2021-09-25,42705.51,42998.76,41675.0
2021-09-26,43178.02,43937.0,40803.0
2021-09-27,42171.76,44366.96,42111.0
2021-09-28,41026.07,42780.0,40897.7
2021-09-29,41522.16,42638.99,40750.12
2021-09-30,43824.43,44110.17,41409.67
2021-10-01,48165.76,48500.0,43287.44
2021-10-02,47657.69,48359.33,47451.0
2021-10-03,48233.99,49300.0,47120.11
2021-10-04,49245.54,49505.0,46916.7
2021-10-05,51493.99,51906.23,49057.18
2021-10-06,55339.48,55757.11,50416.01
2021-10-07,53797.82,55356.85,53379.0
2021-10-08,53963.82,56113.0,53634.41
2021-10-09,54962.29,55500.0,53675.0
2021-10-10,54690.53,56545.24,54112.95
2021-10-11,57487.44,57833.23,54411.54
2021-10-12,56005.1,57674.55,53873.78
2021-10-13,57367.32,57771.33,54236.09
2021-10-14,57359.51,58520.71,56832.32
2021-10-15,61695.39,62910.0,56867.11
2021-10-16,60877.42,62350.0,60139.01
2021-10-17,61527.11,61744.17,58943.83
2021-10-18,62042.41,62675.19,59887.74
2021-10-19,64303.14,64500.0,61333.0
2021-10-20,66026.54,66999.0,63525.0
2021-10-21,62204.02,66650.85,62050.0
2021-10-22,60687.64,63750.0,60000.0
2021-10-23,61300.01,61750.0,59650.0
2021-10-24,60854.48,61491.96,59522.89
2021-10-25,63083.54,63726.58,60653.5
2021-10-26,60337.62,63290.49,59837.07
2021-10-27,58455.47,61488.0,58100.0
2021-10-28,60591.65,62477.47,57653.88
2021-10-29,62276.72,62974.0,60188.73
2021-10-30,61892.41,62379.2,60725.01
2021-10-31,61343.68,62427.02,60001.0
2021-11-01,60949.54,62500.0,59500.0
2021-11-02,63266.51,64300.0,60672.16
2021-11-03,62935.41,63568.36,60070.0
2021-11-04,61444.5,63114.14,60728.77
2021-11-05,61006.15,62638.59,60777.0
2021-11-06,61539.31,61599.25,60125.0
2021-11-07,63309.13,63327.96,61397.86
2021-11-08,67554.84,67792.77,63309.12
2021-11-09,66944.66,68568.85,66261.79
2021-11-10,64912.2,69000.0,62800.0
2021-11-11,64807.59,65600.0,64133.78
2021-11-12,64147.9,65477.06,62300.0
2021-11-13,64400.01,64990.0,63394.17
2021-11-14,65505.02,65525.0,63596.9
2021-11-15,63624.59,66339.9,63371.0
2021-11-16,60107.98,63624.6,58638.0
2021-11-17,60351.51,60824.38,58380.0
2021-11-18,56898.0,60977.21,56514.13
2021-11-19,58122.16,58412.12,55625.0
2021-11-20,59760.76,59900.0,57423.35
2021-11-21,58671.21,60070.0,58509.69
2021-11-22,56280.81,59526.51,55641.03
2021-11-23,57566.85,57886.03,55377.0
2021-11-24,57162.66,57607.97,55875.01
2021-11-25,58987.27,59445.99,57037.04
2021-11-26,53757.67,59194.0,53533.0
2021-11-27,54759.05,55316.67,53642.58
2021-11-28,57317.17,57490.0,53327.0
2021-11-29,57838.06,58908.27,56730.0
2021-11-30,56987.97,59249.77,55910.33
2021-12-01,57226.5,59118.84,56465.75
2021-12-02,56521.46,57423.69,55845.0
2021-12-03,53638.04,57670.68,51640.0
2021-12-04,49241.12,53876.09,42333.0
2021-12-05,49484.22,49783.0,47827.0
2021-12-06,50529.56,51105.0,47200.0
2021-12-07,50625.48,51995.0,50067.1
2021-12-08,50519.68,51250.0,48650.02
2021-12-09,47568.43,50844.86,47323.23
2021-12-10,47170.94,50148.49,46900.0
2021-12-11,49407.75,49517.18,46786.78
2021-12-12,50089.64,50828.13,48665.43
2021-12-13,46727.89,50218.42,45727.92
2021-12-14,48367.43,48686.91,46300.0
2021-12-15,48884.78,49500.0,46530.0
2021-12-16,47634.22,49459.39,47524.66
2021-12-17,46166.5,48000.0,45469.32
2021-12-18,46859.46,47368.73,45515.72
2021-12-19,46687.19,48351.92,46440.11
2021-12-20,46926.07,47548.93,45568.0
2021-12-21,48914.7,49339.31,46645.05
2021-12-22,48608.62,49595.0,48450.0
2021-12-23,50842.2,51397.82,48032.16
2021-12-24,50851.38,51878.6,50445.55
2021-12-25,50428.31,51171.68,50191.84
2021-12-26,50801.79,51295.33,49460.0
2021-12-27,50717.77,52100.0,50480.0
2021-12-28,47543.09,50720.35,47300.23
2021-12-29,46471.24,48149.58,46094.02
2021-12-30,47122.08,47926.15,45938.44
2021-12-31,46211.24,48574.7,45650.0
2022-01-01,47733.43,47967.12,46205.0
2022-01-02,47299.07,47990.0,46633.36
2022-01-03,46459.56,47583.33,45700.0
2022-01-04,45814.61,47532.89,45515.0
2022-01-05,43436.04,47076.55,42500.0
2022-01-06,43083.76,43794.5,42432.99
2022-01-07,41565.18,43144.72,40571.53
2022-01-08,41684.84,42318.97,40505.3
2022-01-09,41876.52,42831.12,41209.53
2022-01-10,41824.07,42250.0,39650.0
2022-01-11,42753.44,43130.0,41274.8
2022-01-12,43920.37,44342.83,42459.21
2022-01-13,42581.65,44453.22,42325.0
2022-01-14,43090.72,43473.98,41752.0
2022-01-15,43098.2,43819.39,42577.35
2022-01-16,43104.34,43497.24,42600.0
2022-01-17,42218.01,43200.0,41567.64
2022-01-18,42369.74,42692.71,41287.79
2022-01-19,41674.27,42586.03,41126.0
2022-01-20,40670.97,43511.99,40555.0
2022-01-21,36456.94,41127.79,35422.0
2022-01-22,35066.43,36835.93,34017.56
2022-01-23,36282.47,36555.55,34625.0
2022-01-24,36693.32,37574.63,32933.33
2022-01-25,36980.0,37579.81,35716.15
2022-01-26,36840.63,38960.0,36254.97
2022-01-27,37188.37,37249.0,35526.36
2022-01-28,37741.9,38023.74,36162.48
2022-01-29,38191.1,38748.43,37300.0
2022-01-30,37901.35,38384.07,37365.31
2022-01-31,38491.93,38785.04,36640.94
2022-02-01,38716.88,39300.0,38021.53
2022-02-02,36923.39,38888.88,36584.29
2022-02-03,37329.91,37450.75,36259.01
2022-02-04,41614.64,41788.81,37051.36
2022-02-05,41404.85,41970.0,40955.4
2022-02-06,42415.16,42719.93,41135.39
2022-02-07,43868.07,44533.0,41678.79
2022-02-08,44085.59,45519.24,42688.0
2022-02-09,44416.35,44865.46,43155.5
2022-02-10,43527.71,45855.0,43210.0
2022-02-11,42386.47,43962.13,42000.0
2022-02-12,42244.97,43050.0,41750.0
2022-02-13,42074.99,42781.96,41885.61
2022-02-14,42548.71,42876.15,41570.0
2022-02-15,44583.52,44775.96,42433.28
2022-02-16,43895.56,44585.69,43330.59
2022-02-17,40536.73,44195.62,40099.99
2022-02-18,39983.56,40990.9,39425.07
2022-02-19,40101.94,40469.82,39655.0
2022-02-20,38389.03,40146.07,38000.0
2022-02-21,37023.0,39506.91,36811.0
2022-02-22,38251.48,38469.06,36350.0
2022-02-23,37268.19,39276.85,37055.0
2022-02-24,38347.3,39720.0,34322.0
2022-02-25,39238.48,39716.0,38016.44
2022-02-26,39137.8,40300.5,38592.04
2022-02-27,37717.08,39875.71,37020.0
2022-02-28,43192.66,44240.77,37455.71
2022-03-01,44439.95,44993.12,42850.0
2022-03-02,43912.34,45426.45,43342.16
2022-03-03,42464.41,44096.45,41811.0
2022-03-04,39166.51,42524.87,38577.01
2022-03-05,39402.43,39600.0,38587.27
2022-03-06,38408.38,39730.5,38091.02
2022-03-07,37994.0,39556.58,37161.88
2022-03-08,38749.38,39376.65,37851.54
2022-03-09,41953.97,42597.84,38655.98
2022-03-10,39433.71,42053.84,38560.85
2022-03-11,38732.04,40251.51,38234.08
2022-03-12,38813.02,39472.17,38654.02
2022-03-13,37793.01,39318.19,37580.86
2022-03-14,39674.17,39906.39,37560.4
2022-03-15,39298.1,39900.0,38135.0
2022-03-16,41127.97,41717.67,38850.0
2022-03-17,40950.33,41486.0,40521.0
2022-03-18,41774.98,42396.04,40130.0
2022-03-19,42232.26,42429.0,41534.89
2022-03-20,41287.24,42330.1,40918.72
2022-03-21,41017.71,41578.33,40509.0
2022-03-22,42378.26,43389.79,40885.19
2022-03-23,42899.71,43036.95,41766.79
2022-03-24,44012.29,44241.0,42627.48
2022-03-25,44331.85,45130.91,43605.8
2022-03-26,44539.42,44820.58,44091.09
2022-03-27,46850.01,46950.0,44437.22
2022-03-28,47144.92,48240.0,46662.28
2022-03-29,47454.19,48124.94,46589.0
2022-03-30,47078.03,47717.01,46544.89
2022-03-31,45528.45,47624.09,45211.0
2022-04-01,46296.34,46739.24,44232.86
2022-04-02,45826.27,47219.46,45642.89
2022-04-03,46422.16,47469.4,45552.07
2022-04-04,46596.83,46900.0,45129.93
2022-04-05,45506.5,47200.0,45371.16
2022-04-06,43166.7,45523.25,43115.26
2022-04-07,43452.18,43908.58,42734.69
2022-04-08,42262.02,44000.0,42112.0
2022-04-09,42766.93,42816.38,42118.96
2022-04-10,42165.96,43443.32,41885.86
2022-04-11,39535.87,42424.14,39204.59
2022-04-12,40086.23,40705.68,39250.0
2022-04-13,41146.68,41570.88,39550.0
2022-04-14,39954.08,41512.43,39573.8
2022-04-15,40554.58,40850.0,39770.22
2022-04-16,40387.6,40699.99,40005.0
2022-04-17,39683.54,40605.46,39553.07
2022-04-18,40803.58,41100.0,38550.0
2022-04-19,41503.85,41772.94,40571.99
2022-04-20,41377.61,42209.58,40900.0
2022-04-21,40480.81,43109.47,39744.75
2022-04-22,39712.25,40802.65,39174.8
2022-04-23,39465.87,39993.82,39296.19
2022-04-24,39464.56,39945.74,39000.0
2022-04-25,40439.22,40605.3,38210.24
2022-04-26,38113.82,40817.16,37700.0
2022-04-27,39251.11,39470.0,37882.83
2022-04-28,39743.22,40400.0,38883.83
2022-04-29,38593.1,39926.8,38161.85
2022-04-30,37644.1,38795.0,37590.0
2022-05-01,38473.05,38675.37,37401.0
2022-05-02,38510.89,39181.27,38041.0
2022-05-03,37719.59,38643.48,37505.01
2022-05-04,39669.56,40038.27,37651.38
2022-05-05,36537.22,39864.55,35568.0
2022-05-06,35999.1,36664.4,35255.4
2022-05-07,35458.0,36125.0,34785.0
2022-05-08,34027.91,35499.93,33701.0
2022-05-09,30078.27,34231.54,30010.0
2022-05-10,31002.39,32645.49,29735.05
2022-05-11,28972.34,32185.9,27682.38
2022-05-12,28941.95,30091.2,25338.53
2022-05-13,29232.18,30990.0,28662.7
2022-05-14,30041.88,30287.58,28564.38
2022-05-15,31290.05,31418.35,29436.06
2022-05-16,29839.89,31293.31,29055.0
2022-05-17,30412.12,30750.0,29415.01
2022-05-18,28672.94,30675.92,28605.0
2022-05-19,30274.59,30500.0,28645.2
2022-05-20,29155.75,30729.83,28690.92
2022-05-21,29408.26,29613.34,28913.26
2022-05-22,30260.87,30457.9,29211.0
2022-05-23,29082.52,30635.39,28847.72
2022-05-24,29626.44,29802.0,28611.0
2022-05-25,29503.49,30192.08,29296.12
2022-05-26,29166.06,29850.0,28000.0
2022-05-27,28598.31,29355.4,28220.0
2022-05-28,29008.99,29239.52,28500.0
2022-05-29,29447.07,29550.0,28809.84
2022-05-30,31711.42,32232.16,29273.65
2022-05-31,31784.05,32383.96,31195.9
2022-06-01,29788.79,31964.56,29308.01
2022-06-02,30433.75,30655.0,29558.61
2022-06-03,29670.85,30674.95,29213.47
2022-06-04,29843.18,29952.0,29454.14
2022-06-05,29901.54,30158.44,29505.65
2022-06-06,31343.61,31745.0,29866.44
2022-06-07,31106.9,31549.21,29200.0
2022-06-08,30177.0,31306.32,29829.98
2022-06-09,30079.62,30679.72,29904.0
2022-06-10,29063.11,30337.83,28821.15
2022-06-11,28388.63,29411.11,28080.01
2022-06-12,26555.2,28516.33,26532.95
2022-06-13,22460.97,26869.35,21920.0
2022-06-14,22120.25,23299.22,20816.4
2022-06-15,22562.33,22769.12,20071.0
2022-06-16,20372.0,22974.1,20200.0
2022-06-17,20447.86,21338.7,20209.73
2022-06-18,18948.89,20750.0,17567.45
2022-06-19,20552.44,20795.11,17934.26
2022-06-20,20549.75,21041.62,19603.8
2022-06-21,20696.96,21711.0,20328.03
2022-06-22,19968.46,20873.52,19751.51
2022-06-23,21104.45,21211.97,19869.41
2022-06-24,21223.72,21537.46,20712.54
2022-06-25,21478.04,21594.5,20900.0
2022-06-26,21027.92,21866.0,20944.68
2022-06-27,20725.17,21520.0,20500.0
2022-06-28,20252.89,21189.99,20164.7
2022-06-29,20094.79,20410.91,19823.43
2022-06-30,19985.62,20143.53,18603.0
2022-07-01,19252.76,20879.99,18938.33
2022-07-02,19224.03,19422.02,18955.02
2022-07-03,19291.33,19622.33,18755.75
2022-07-04,20211.35,20331.76,19029.33
2022-07-05,20153.51,20734.89,19274.95
2022-07-06,20542.67,20650.0,19743.0
2022-07-07,21614.6,21855.72,20224.8
2022-07-08,21582.2,22490.54,21172.0
2022-07-09,21583.99,21959.3,21311.04
2022-07-10,20850.65,21595.75,20636.53
2022-07-11,19942.43,20854.32,19860.12
2022-07-12,19303.65,20037.46,19226.47
2022-07-13,20220.23,20330.71,18892.0
2022-07-14,20577.02,20893.73,19607.14
2022-07-15,20827.55,21196.37,20368.67
2022-07-16,21189.68,21582.71,20475.94
2022-07-17,20791.74,21667.1,20750.1
2022-07-18,22427.56,22777.0,20755.95
2022-07-19,23395.06,23800.0,21578.57
2022-07-20,23226.99,24287.13,22899.0
2022-07-21,23153.96,23434.65,22340.07
2022-07-22,22687.68,23763.55,22505.56
2022-07-23,22450.69,23006.16,21941.01
2022-07-24,22583.43,23036.46,22263.85
2022-07-25,21313.41,22665.74,21254.97
2022-07-26,21261.57,21344.43,20715.0
2022-07-27,22962.59,23110.73,21045.73
2022-07-28,23851.7,24206.11,22580.86
2022-07-29,23784.5,24450.0,23429.71
2022-07-30,23650.13,24666.0,23516.11
2022-07-31,23307.44,24192.18,23240.01
2022-08-01,23273.86,23518.89,22850.0
2022-08-02,22989.4,23464.97,22659.06
2022-08-03,22825.0,23650.96,22694.56
2022-08-04,22623.94,23234.29,22392.88
2022-08-05,23320.81,23478.58,22589.83
2022-08-06,22960.93,23357.19,22917.49
2022-08-07,23177.39,23405.02,22852.13
2022-08-08,23815.65,24251.08,23158.32
2022-08-09,23158.27,23929.35,22871.66
2022-08-10,23962.18,24224.67,22666.23
2022-08-11,23944.86,24929.99,23862.66
2022-08-12,24415.18,24463.01,23600.01
2022-08-13,24456.49,24898.91,24302.36
2022-08-14,24316.71,25054.1,24151.63
2022-08-15,24097.82,25214.57,23777.0
2022-08-16,23857.93,24253.98,23668.0
2022-08-17,23341.17,24448.49,23180.14
2022-08-18,23189.46,23600.0,23107.27
2022-08-19,20834.94,23206.76,20782.39
2022-08-20,21139.23,21372.93,20760.93
2022-08-21,21518.62,21795.08,21067.33
2022-08-22,21398.25,21540.0,20889.69
2022-08-23,21528.34,21679.52,20889.69
2022-08-24,21367.12,21925.0,21147.41
2022-08-25,21561.86,21818.32,21307.32
2022-08-26,20240.72,21878.05,20112.78
2022-08-27,20036.69,20389.14,19800.0
2022-08-28,19554.03,20164.26,19513.74
2022-08-29,20286.97,20427.19,19545.57
2022-08-30,19813.17,20582.64,19540.14
2022-08-31,20048.26,20489.0,19799.97
2022-09-01,20133.65,20205.53,19561.01
2022-09-02,19953.74,20444.0,19755.0
2022-09-03,19835.47,20053.9,19655.0
2022-09-04,20004.73,20026.2,19588.27
2022-09-05,19794.58,20060.0,19633.11
2022-09-06,18790.91,20179.86,18663.25
2022-09-07,19293.52,19466.09,18527.0
2022-09-08,19321.87,19460.7,19014.43
2022-09-09,21364.5,21616.21,19294.49
2022-09-10,21651.52,21815.15,21127.1
2022-09-11,21831.72,21865.66,21356.37
2022-09-12,22402.71,22490.05,21555.0
2022-09-13,20174.78,22800.0,19855.0
2022-09-14,20227.77,20545.0,19625.0
2022-09-15,19703.67,20336.42,19500.0
2022-09-16,19801.04,19890.95,19305.0
2022-09-17,20113.37,20183.14,19748.89
2022-09-18,19417.64,20119.08,19335.57
2022-09-19,19540.38,19689.62,18255.0
2022-09-20,18876.91,19638.46,18722.0
2022-09-21,18462.64,19949.97,18153.13
2022-09-22,19401.25,19521.8,18358.63
2022-09-23,19286.01,19500.0,18529.0
2022-09-24,18923.2,19311.4,18808.13
2022-09-25,18808.61,19184.3,18619.88
2022-09-26,19228.0,19320.86,18681.02
2022-09-27,19077.57,20383.15,18821.55
2022-09-28,19412.07,19773.67,18487.0
2022-09-29,19595.57,19646.66,18845.3
2022-09-30,19426.11,20182.72,19154.38
2022-10-01,19315.27,19486.43,19160.0
2022-10-02,19059.17,19398.94,18923.81
2022-10-03,19633.46,19717.67,18958.29
2022-10-04,20345.19,20479.43,19495.32
2022-10-05,20161.62,20371.15,19750.0
2022-10-06,19965.64,20455.79,19855.19
2022-10-07,19533.05,20065.26,19325.0
2022-10-08,19419.39,19628.78,19250.0
2022-10-09,19443.47,19563.28,19321.0
2022-10-10,19132.83,19528.04,19028.08
2022-10-11,19058.11,19265.69,18855.19
2022-10-12,19155.92,19235.26,18971.51
2022-10-13,19378.65,19509.23,18131.0
2022-10-14,19178.0,19954.14,19076.83
2022-10-15,19070.24,19229.12,18983.0
2022-10-16,19264.44,19425.49,19065.23
2022-10-17,19550.4,19679.46,19154.72
2022-10-18,19328.76,19702.73,19091.77
2022-10-19,19124.18,19361.0,19062.1
2022-10-20,19042.48,19349.04,18905.0
2022-10-21,19166.45,19254.52,18659.0
2022-10-22,19209.1,19257.66,19110.46
2022-10-23,19572.44,19698.1,19070.92
2022-10-24,19330.41,19603.57,19159.35
2022-10-25,20086.28,20420.88,19240.76
2022-10-26,20775.4,21022.81,20055.85
2022-10-27,20296.97,20878.17,20196.01
2022-10-28,20597.91,20755.09,20000.0
2022-10-29,20823.53,21080.0,20561.2
2022-10-30,20630.68,20939.35,20523.92
2022-10-31,20489.94,20837.68,20237.0
2022-11-01,20479.63,20691.0,20326.55
2022-11-02,20151.4,20805.0,20059.53
2022-11-03,20206.88,20390.82,20032.02
2022-11-04,21144.2,21298.76,20181.61
2022-11-05,21300.45,21478.8,21082.54
2022-11-06,20909.17,21365.89,20886.26
2022-11-07,20593.49,21069.46,20394.34
2022-11-08,18550.25,20675.0,17500.0
2022-11-09,15891.96,18590.34,15512.0
2022-11-10,17553.89,18140.62,15720.0
2022-11-11,17013.62,17641.32,16336.05
2022-11-12,16783.33,17067.7,16595.25
2022-11-13,16301.39,16926.57,16214.95
2022-11-14,16590.73,17169.68,15790.25
2022-11-15,16877.93,17107.88,16502.85
2022-11-16,16645.24,16994.31,16358.66
2022-11-17,16680.47,16736.7,16396.0
2022-11-18,16680.59,16984.08,16526.28
2022-11-19,16683.02,16802.0,16534.83
2022-11-20,16252.53,16733.19,16154.65
2022-11-21,15760.14,16279.99,15460.0
2022-11-22,16199.71,16294.5,15596.22
2022-11-23,16587.0,16700.0,16142.99
2022-11-24,16587.61,16797.28,16450.62
2022-11-25,16510.9,16610.08,16333.0
2022-11-26,16450.93,16693.18,16376.1
2022-11-27,16419.88,16589.43,16395.0
2022-11-28,16206.3,16478.32,15992.64
2022-11-29,16438.0,16541.72,16092.53
2022-11-30,17167.33,17259.37,16423.37
2022-12-01,16980.08,17317.8,16855.0
2022-12-02,17094.71,17108.25,16791.02
2022-12-03,16888.53,17158.42,16863.58
2022-12-04,17108.9,17199.99,16882.86
2022-12-05,16966.05,17424.59,16865.22
2022-12-06,17089.05,17111.35,16904.04
2022-12-07,16840.0,17140.22,16679.52
2022-12-08,17226.01,17300.59,16738.0
2022-12-09,17130.59,17352.62,17060.69
2022-12-10,17128.1,17227.64,17093.42
2022-12-11,17085.21,17271.92,17073.19
2022-12-12,17211.66,17244.63,16875.83
2022-12-13,17773.18,17999.99,17089.17
2022-12-14,17804.97,18385.36,17660.93
2022-12-15,17357.96,17856.26,17275.02
2022-12-16,16632.64,17525.0,16529.53
2022-12-17,16782.25,16799.99,16585.64
2022-12-18,16741.16,16875.0,16663.76
2022-12-19,16439.74,16822.84,16273.4
2022-12-20,16897.65,17060.86,16398.22
2022-12-21,16826.56,16926.05,16725.78
2022-12-22,16815.51,16868.82,16560.84
2022-12-23,16777.21,16943.29,16719.57
2022-12-24,16837.12,16863.62,16775.88
2022-12-25,16829.02,16853.88,16720.89
2022-12-26,16917.96,16939.81,16787.97
2022-12-27,16698.73,16967.0,16585.97
2022-12-28,16539.66,16777.35,16460.0
2022-12-29,16627.54,16654.81,16479.5
2022-12-30,16600.1,16649.99,16326.16
2022-12-31,16530.35,16634.42,16462.49
2023-01-01,16611.58,16621.0,16490.0
2023-01-02,16666.95,16789.99,16542.52
2023-01-03,16669.47,16772.3,16600.0
2023-01-04,16844.42,16988.0,16645.87
2023-01-05,16825.69,16872.13,16750.07
2023-01-06,16948.06,17027.11,16670.82
2023-01-07,16942.37,16977.76,16903.58
2023-01-08,17125.18,17167.52,16910.41
2023-01-09,17177.98,17396.25,17102.97
2023-01-10,17443.5,17494.37,17145.1
2023-01-11,17944.27,17998.0,17315.08
2023-01-12,18847.75,19115.85,17904.83
2023-01-13,19934.88,20000.0,18714.8
2023-01-14,20957.02,21321.98,19893.25
2023-01-15,20879.7,21057.3,20560.16
2023-01-16,21187.5,21465.62,20611.45
2023-01-17,21136.33,21595.0,20844.73
2023-01-18,20674.29,21650.21,20370.01
2023-01-19,21084.22,21197.0,20656.52
2023-01-20,22669.81,22754.73,20865.64
2023-01-21,22789.37,23375.6,22432.45
2023-01-22,22714.87,23082.82,22298.15
2023-01-23,22920.29,23180.55,22500.01
2023-01-24,22636.17,23165.56,22460.17
2023-01-25,23062.36,23824.66,22326.24
2023-01-26,23010.47,23287.38,22853.61
2023-01-27,23084.4,23511.9,22540.76
2023-01-28,23028.95,23196.99,22884.0
2023-01-29,23745.8,23966.0,22974.75
2023-01-30,22836.03,23802.99,22500.0
2023-01-31,23128.86,23313.23,22719.68
2023-02-01,23735.97,23813.57,22760.0
2023-02-02,23493.84,24262.18,23367.87
2023-02-03,23433.54,23720.0,23208.01
2023-02-04,23328.87,23589.67,23257.71
2023-02-05,22936.34,23433.2,22758.01
2023-02-06,22764.07,23163.05,22637.51
2023-02-07,23244.67,23348.73,22748.11
2023-02-08,22964.38,23451.01,22669.09
2023-02-09,21800.63,23011.18,21700.0
2023-02-10,21628.97,21942.41,21467.43
2023-02-11,21863.73,21904.0,21605.35
2023-02-12,21789.8,22091.88,21631.0
2023-02-13,21789.14,21903.03,21366.45
2023-02-14,22206.27,22331.76,21545.67
2023-02-15,24329.04,24386.5,22054.17
2023-02-16,23516.15,25256.83,23510.73
2023-02-17,24577.6,25025.0,23344.12
2023-02-18,24636.23,24879.33,24407.67
2023-02-19,24281.31,25200.0,24192.7
2023-02-20,24844.97,25128.11,23841.08
2023-02-21,24454.43,25288.88,24153.96
2023-02-22,24184.44,24480.0,23581.64
2023-02-23,23943.32,24600.95,23612.59
2023-02-24,23186.88,24132.67,22520.0
2023-02-25,23159.71,23220.56,22716.47
2023-02-26,23556.83,23689.77,23052.78
2023-02-27,23489.52,23895.51,23109.06
2023-02-28,23145.32,23597.98,23027.24
2023-03-01,23631.52,23999.99,23025.17
2023-03-02,23468.24,23798.62,23196.09
2023-03-03,22358.18,23477.28,21988.02
2023-03-04,22350.95,22409.82,22150.71
2023-03-05,22432.69,22654.64,22195.13
2023-03-06,22410.31,22599.99,22264.73
2023-03-07,22198.48,22557.03,21932.74
2023-03-08,21698.37,22281.55,21580.84
2023-03-09,20367.01,21825.53,20050.0
2023-03-10,20230.08,20369.78,19568.52
2023-03-11,20620.54,20964.5,19900.5
2023-03-12,22219.08,22276.69,20446.24
2023-03-13,24220.0,24710.0,21882.63
2023-03-14,24762.65,26553.9,24052.0
2023-03-15,24377.16,25300.0,23931.01
2023-03-16,25051.85,25235.28,24207.54
2023-03-17,27453.62,27834.54,24946.86
2023-03-18,26980.35,27780.0,26652.45
2023-03-19,28054.46,28478.0,26904.0
2023-03-20,27823.32,28578.63,27218.36
2023-03-21,28207.33,28605.32,27414.77
2023-03-22,27325.15,28937.73,26678.16
2023-03-23,28352.94,28839.68,27189.19
2023-03-24,27489.24,28433.34,27027.88
2023-03-25,27488.18,27818.67,27184.78
2023-03-26,27992.9,28230.32,27445.04
2023-03-27,27142.87,28053.26,26525.0
2023-03-28,27274.15,27519.99,26640.0
2023-03-29,28359.54,28654.06,27255.42
2023-03-30,28035.48,29190.04,27693.7
2023-03-31,28474.4,28650.2,27512.97
2023-04-01,28471.46,28826.45,28223.76
2023-04-02,28188.34,28544.21,27862.69
2023-04-03,27811.77,28525.0,27227.61
2023-04-04,28179.64,28450.0,27670.24
2023-04-05,28175.37,28799.99,27817.32
2023-04-06,28053.46,28199.11,27716.77
2023-04-07,27931.94,28120.71,27790.21
2023-04-08,27958.81,28175.89,27881.01
2023-04-09,28340.99,28547.67,27814.0
2023-04-10,29660.41,29794.47,28162.49
2023-04-11,30227.19,30584.58,29612.3
2023-04-12,29912.2,30517.0,29675.0
2023-04-13,30406.78,30627.05,29878.08
2023-04-14,30492.92,31050.0,30000.0
2023-04-15,30324.11,30622.38,30231.76
2023-04-16,30326.09,30572.1,30148.28
2023-04-17,29449.91,30340.21,29251.71
2023-04-18,30393.4,30500.0,29103.89
2023-04-19,28809.72,30430.72,28595.28
2023-04-20,28248.18,29102.69,27991.32
2023-04-21,27253.85,28371.88,27133.0
2023-04-22,27821.41,27887.78,27133.0
2023-04-23,27592.98,27820.99,27333.2
2023-04-24,27515.05,28000.0,26965.14
2023-04-25,28304.42,28400.0,27194.51
2023-04-26,28426.08,30050.66,27230.77
2023-04-27,29483.72,29900.0,28387.07
2023-04-28,29338.63,29606.45,28900.0
2023-04-29,29249.35,29470.0,29057.3
2023-04-30,29247.14,29969.99,29095.92
2023-05-01,28077.27,29348.6,27664.31
2023-05-02,28684.4,28899.99,27871.44
2023-05-03,29038.75,29276.12,28122.0
2023-05-04,28857.23,29383.5,28674.58
2023-05-05,29536.76,29706.57,28810.0
2023-05-06,28902.66,29850.0,28394.0
2023-05-07,28474.53,29189.71,28429.12
2023-05-08,27695.06,28676.38,27279.66
2023-05-09,27647.29,27833.64,27367.01
2023-05-10,27624.01,28334.75,26800.0
2023-05-11,26986.56,27649.85,26702.0
2023-05-12,26808.84,27099.21,25810.0
2023-05-13,26789.48,27060.24,26700.0
2023-05-14,26929.98,27221.51,26581.52
2023-05-15,27171.13,27678.73,26740.95
2023-05-16,27037.68,27302.99,26860.12
2023-05-17,27407.77,27516.58,26543.87
2023-05-18,26820.49,27487.71,26361.52
2023-05-19,26890.27,27190.35,26632.73
2023-05-20,27113.61,27178.99,26836.21
2023-05-21,26752.65,27288.02,26667.63
2023-05-22,26854.73,27105.63,26536.99
2023-05-23,27223.22,27500.0,26803.46
2023-05-24,26321.4,27225.0,26070.04
2023-05-25,26479.06,26625.93,25864.35
2023-05-26,26714.86,26950.0,26334.33
2023-05-27,26867.99,26943.6,26559.96
2023-05-28,28070.04,28277.56,26780.11
2023-05-29,27744.82,28473.93,27534.81
2023-05-30,27700.15,28057.23,27555.0
2023-05-31,27223.08,27844.89,26842.94
2023-06-01,26828.42,27360.31,26615.0
2023-06-02,27250.69,27307.44,26508.0
2023-06-03,27077.6,27341.13,26923.35
2023-06-04,27122.04,27466.83,26958.98
2023-06-05,25741.5,27137.75,25391.43
2023-06-06,27243.63,27368.67,25351.92
2023-06-07,26346.41,27402.79,26121.06
2023-06-08,26508.32,26820.3,26212.63
2023-06-09,26482.81,26780.4,26283.5
2023-06-10,25856.1,26534.95,25385.52
2023-06-11,25937.02,26219.1,25648.0
2023-06-12,25905.82,26108.64,25616.98
2023-06-13,25930.23,26435.81,25710.78
2023-06-14,25123.34,26090.0,24821.0
2023-06-15,25569.99,25749.99,24750.0
2023-06-16,26329.6,26486.56,25143.24
2023-06-17,26506.56,26783.2,26165.98
2023-06-18,26336.46,26693.11,26245.27
2023-06-19,26837.78,27040.64,26250.0
2023-06-20,28320.43,28417.11,26637.41
2023-06-21,29995.08,30800.0,28271.67
2023-06-22,29886.31,30513.25,29539.57
2023-06-23,30707.61,31443.67,29802.65
2023-06-24,30547.18,30815.92,30265.88
2023-06-25,30480.24,31057.86,30288.33
2023-06-26,30272.18,30662.66,29900.0
2023-06-27,30697.38,31020.54,30228.44
2023-06-28,30074.94,30716.93,29840.0
2023-06-29,30446.47,30838.0,30036.18
2023-06-30,30466.72,31277.0,29417.14
2023-07-01,30587.21,30659.33,30312.8
2023-07-02,30613.51,30791.75,30165.39
2023-07-03,31161.8,31399.08,30569.0
2023-07-04,30771.25,31333.0,30628.3
2023-07-05,30499.27,30882.95,30189.56
2023-07-06,29899.38,31525.1,29850.0
2023-07-07,30352.08,30456.0,29715.87
2023-07-08,30291.69,30388.91,30047.78
2023-07-09,30168.38,30451.78,30066.95
2023-07-10,30419.89,31055.75,29955.0
2023-07-11,30626.55,30811.65,30304.45
2023-07-12,30381.81,31000.0,30200.0
2023-07-13,31471.83,31862.21,30250.73
2023-07-14,30330.52,31645.66,29920.31
2023-07-15,30301.65,30406.27,30254.67
2023-07-16,30247.64,30457.03,30075.93
2023-07-17,30143.08,30345.45,29668.58
2023-07-18,29861.93,30249.3,29525.0
2023-07-19,29916.72,30196.24,29757.44
2023-07-20,29809.13,30421.29,29564.19
2023-07-21,29907.98,30060.28,29729.48
2023-07-22,29795.03,30002.38,29626.86
2023-07-23,30081.61,30350.7,29733.55
2023-07-24,29176.98,30099.99,28850.0
2023-07-25,29225.14,29376.51,29046.0
2023-07-26,29353.23,29686.41,29089.54
2023-07-27,29214.92,29571.42,29075.0
2023-07-28,29316.15,29532.45,29115.32
2023-07-29,29355.71,29411.09,29253.44
2023-07-30,29281.39,29450.0,29033.0
2023-07-31,29230.67,29526.99,29102.65
2023-08-01,29697.27,29726.73,28477.0
2023-08-02,29164.22,30033.0,28903.79
2023-08-03,29174.18,29399.97,28938.93
2023-08-04,29076.48,29312.28,28747.1
2023-08-05,29047.12,29111.87,28946.17
2023-08-06,29040.01,29163.24,28955.0
2023-08-07,29179.21,29246.0,28660.53
2023-08-08,29770.01,30222.0,29104.65
2023-08-09,29562.76,30128.88,29344.16
2023-08-10,29424.03,29709.38,29306.0
2023-08-11,29400.45,29534.14,29213.59
2023-08-12,29416.96,29477.31,29349.98
2023-08-13,29275.94,29447.6,29247.15
2023-08-14,29405.49,29665.27,29072.96
2023-08-15,29170.14,29464.62,29046.58
2023-08-16,28700.51,29231.92,28690.37
2023-08-17,26627.57,28751.84,25234.76
2023-08-18,26048.89,26834.37,25610.0
2023-08-19,26096.42,26269.11,25793.11
2023-08-20,26189.14,26296.78,25975.01
2023-08-21,26125.18,26260.25,25814.0
2023-08-22,26042.11,26137.99,25350.0
2023-08-23,26427.54,26818.28,25796.47
2023-08-24,26163.49,26567.38,25850.0
2023-08-25,26049.39,26294.53,25750.0
2023-08-26,26009.61,26115.44,25971.44
2023-08-27,26091.16,26171.87,25961.81
2023-08-28,26101.04,26232.88,25850.0
2023-08-29,27717.98,28184.89,25903.18
2023-08-30,27306.06,27775.0,27015.75
2023-08-31,25932.45,27576.99,25660.61
2023-09-01,25794.88,26142.28,25307.37
2023-09-02,25867.83,25982.48,25707.3
2023-09-03,25969.83,26123.0,25792.29
2023-09-04,25816.13,26093.07,25627.0
2023-09-05,25783.91,25884.04,25551.36
2023-09-06,25747.63,26025.78,25358.0
2023-09-07,26276.3,26440.55,25595.8
2023-09-08,25906.34,26460.41,25640.1
2023-09-09,25897.82,25942.69,25791.45
2023-09-10,25831.76,26023.89,25578.01
2023-09-11,25152.14,25891.6,24900.0
2023-09-12,25840.61,26556.91,25120.76
2023-09-13,26226.65,26413.59,25763.43
2023-09-14,26532.76,26869.06,26128.25
2023-09-15,26602.42,26892.65,26213.96
2023-09-16,26569.69,26777.0,26453.32
2023-09-17,26530.95,26626.49,26405.04
2023-09-18,26764.49,27427.34,26382.13
2023-09-19,27216.13,27500.0,26666.93
2023-09-20,27123.94,27393.78,26798.98
2023-09-21,26564.54,27163.48,26359.7
2023-09-22,26578.4,26742.86,26467.94
2023-09-23,26579.6,26638.58,26513.0
2023-09-24,26250.24,26731.1,26118.86
2023-09-25,26296.08,26444.95,25983.78
2023-09-26,26208.44,26397.59,26080.0
2023-09-27,26357.62,26830.0,26088.37
2023-09-28,27027.14,27313.86,26321.37
2023-09-29,26907.0,27238.9,26661.71
2023-09-30,26961.0,27097.25,26884.86
2023-10-01,27995.46,28062.62,26955.25
2023-10-02,27504.04,28613.37,27302.3
2023-10-03,27428.96,27672.12,27160.47
2023-10-04,27786.75,27842.38,27208.65
2023-10-05,27412.96,28140.0,27358.05
2023-10-06,27945.17,28288.88,27173.41
2023-10-07,27976.43,28040.84,27861.2
2023-10-08,27933.55,28109.94,27708.6
2023-10-09,27596.67,28003.7,27268.63
2023-10-10,27393.29,27739.94,27291.81
2023-10-11,26869.19,27478.61,26521.32
2023-10-12,26750.51,26939.55,26537.72
2023-10-13,26863.53,27122.24,26662.62
2023-10-14,26851.71,26988.12,26797.0
2023-10-15,27186.13,27301.37,26806.06
2023-10-16,28520.24,30000.0,27135.92
2023-10-17,28408.83,28637.21,28083.19
2023-10-18,28326.51,28999.98,28151.6
2023-10-19,28735.34,28938.96,28122.57
2023-10-20,29684.73,30248.0,28591.85
2023-10-21,29924.84,30369.0,29475.06
2023-10-22,30004.15,30275.0,29670.0
2023-10-23,33087.58,35000.0,29890.89
2023-10-24,33922.52,35157.23,32851.45
2023-10-25,34506.35,35144.0,33690.91
2023-10-26,34154.71,34843.04,33735.86
2023-10-27,33906.09,34249.99,33400.0
2023-10-28,34085.42,34500.0,33867.38
2023-10-29,34534.48,34763.0,33937.31
2023-10-30,34493.79,34871.0,34077.9
2023-10-31,34656.4,34732.18,34038.79
2023-11-01,35440.1,35647.19,34079.46
2023-11-02,34950.0,35997.8,34311.73
2023-11-03,34731.27,34954.6,34100.0
2023-11-04,35087.01,35278.4,34599.85
2023-11-05,35035.42,35410.0,34500.0
2023-11-06,35059.46,35294.12,34753.66
2023-11-07,35416.28,35963.0,34530.67
2023-11-08,35639.13,36113.59,35103.14
2023-11-09,36706.59,37999.0,35555.16
2023-11-10,37324.83,37548.8,36334.46
2023-11-11,37139.12,37424.03,36701.5
2023-11-12,37086.03,37247.0,36740.9
2023-11-13,36475.67,37442.48,36351.0
2023-11-14,35554.09,36756.16,34758.64
2023-11-15,37885.35,37987.0,35358.45
2023-11-16,36161.15,37958.75,35511.11
2023-11-17,36630.38,36831.99,35869.0
2023-11-18,36594.89,36857.15,36205.89
2023-11-19,37391.19,37546.62,36404.52
2023-11-20,37475.64,37784.07,36720.0
2023-11-21,35751.89,37675.77,35744.9
2023-11-22,37424.31,37875.0,35633.0
2023-11-23,37304.05,37653.67,36888.0
2023-11-24,37745.84,38454.0,37257.56
2023-11-25,37805.99,37920.27,37615.91
2023-11-26,37462.79,37842.17,37156.72
2023-11-27,37241.63,37578.42,36715.1
2023-11-28,37838.26,38425.96,36873.55
2023-11-29,37863.84,38480.0,37581.93
2023-11-30,37732.27,38152.18,37500.0
2023-12-01,38703.54,39000.0,37618.25
2023-12-02,39478.95,39740.0,38660.03
2023-12-03,39984.81,40221.22,39293.02
2023-12-04,41987.24,42410.46,39983.6
2023-12-05,44084.39,45000.0,41384.03
2023-12-06,43764.05,44290.37,43369.0
2023-12-07,43280.95,44057.23,42846.53
2023-12-08,44192.87,44754.99,43087.17
2023-12-09,43723.25,44384.68,43586.14
2023-12-10,43793.68,44049.51,43562.06
2023-12-11,41229.61,43811.81,40150.0
2023-12-12,41477.39,42088.56,40636.51
2023-12-13,42885.54,43475.0,40553.15
2023-12-14,43027.77,43442.15,41426.76
2023-12-15,41933.89,43095.71,41640.51
2023-12-16,42237.29,42680.2,41626.66
2023-12-17,41349.59,42367.82,41222.0
2023-12-18,42650.01,42754.79,40508.01
2023-12-19,42266.22,43461.86,41780.0
2023-12-20,43674.77,44324.86,42184.48
2023-12-21,43875.32,44250.0,43295.78
2023-12-22,44013.73,44424.36,43412.82
2023-12-23,43726.35,44033.84,43333.35
2023-12-24,43025.03,43985.67,42614.17
2023-12-25,43589.67,43818.29,42755.35
2023-12-26,42515.53,43605.0,41600.67
2023-12-27,43474.4,43709.98,42111.47
2023-12-28,42581.23,43830.34,42265.08
2023-12-29,42063.45,43137.1,41300.0
2023-12-30,42141.03,42593.73,41518.19
2023-12-31,42288.06,42850.0,41964.68
2024-01-01,44220.78,44240.8,42175.65
2024-01-02,44972.8,45925.82,44195.13
2024-01-03,42862.44,45519.32,40625.68
2024-01-04,44193.29,44800.0,42650.0
2024-01-05,44186.59,44443.37,42450.0
2024-01-06,43992.44,44260.95,43436.5
2024-01-07,43950.28,44510.01,43629.7
2024-01-08,46995.1,47330.0,43200.44
2024-01-09,46124.08,47901.0,44701.54
2024-01-10,46666.11,47732.5,44320.01
2024-01-11,46342.66,49102.29,45555.55
2024-01-12,42773.03,46522.2,41444.97
2024-01-13,42839.33,43250.0,42427.0
2024-01-14,41697.33,43064.13,41680.73
2024-01-15,42490.16,43331.91,41680.0
2024-01-16,43130.45,43569.23,42028.02
2024-01-17,42739.49,43185.47,42160.0
2024-01-18,41293.5,42877.22,40600.05
2024-01-19,41624.07,42159.52,40236.49
2024-01-20,41666.67,41846.15,41418.55
2024-01-21,41554.05,41858.59,41472.49
2024-01-22,39524.27,41658.0,39372.44
2024-01-23,39878.3,40144.49,38501.0
2024-01-24,40077.78,40527.26,39382.15
2024-01-25,39941.66,40282.87,39503.0
2024-01-26,41814.8,42243.14,39805.95
2024-01-27,42126.55,42199.99,41383.94
2024-01-28,42034.59,42839.07,41617.53
2024-01-29,43306.18,43326.77,41787.35
2024-01-30,42942.78,43872.99,42680.2
2024-01-31,42548.08,43741.94,42265.77
2024-02-01,43078.81,43276.19,41846.04
2024-02-02,43181.66,43700.0,42527.58
2024-02-03,43010.67,43358.13,42863.58
2024-02-04,42568.55,43100.0,42228.01
2024-02-05,42657.67,43520.0,42235.0
2024-02-06,43095.79,43372.79,42516.07
2024-02-07,44343.61,44430.0,42760.44
2024-02-08,45305.2,45637.38,44335.0
2024-02-09,47160.41,48230.02,45252.93
2024-02-10,47767.06,48179.43,46889.53
2024-02-11,48316.3,48614.0,47590.3
2024-02-12,49941.81,50363.42,47715.67
2024-02-13,49725.36,50423.42,48327.81
2024-02-14,51858.59,52111.0,49253.92
2024-02-15,51934.29,52890.0,51353.49
2024-02-16,52162.64,52608.2,51597.87
2024-02-17,51666.22,52214.05,50642.36
2024-02-18,52153.63,52400.0,51174.38
2024-02-19,51787.05,52501.01,51687.98
2024-02-20,52277.52,53000.0,50764.01
2024-02-21,51851.67,52394.91,50628.6
2024-02-22,51258.7,52076.0,50905.65
2024-02-23,50747.05,51512.68,50513.01
2024-02-24,51570.65,51696.19,50576.55
2024-02-25,51731.0,51967.82,51275.01
2024-02-26,54533.48,54980.0,50901.23
2024-02-27,57077.07,57646.81,54490.8
2024-02-28,62518.9,64100.0,56723.48
2024-02-29,61179.03,63675.48,60355.61
2024-03-01,62436.72,63267.18,60788.33
2024-03-02,62045.78,62500.0,61623.39
2024-03-03,63154.49,63260.0,61388.0
2024-03-04,68360.14,68602.98,62300.0
2024-03-05,63800.78,69324.58,59224.68
2024-03-06,66122.28,67654.06,62832.39
2024-03-07,66938.21,68098.09,65599.63
2024-03-08,68289.16,70199.0,66157.09
2024-03-09,68480.0,68700.41,68047.62
2024-03-10,69032.12,70000.0,68221.13
2024-03-11,72110.98,72943.98,67112.21
2024-03-12,71475.93,73027.63,68603.0
2024-03-13,73135.04,73709.99,71337.3
2024-03-14,71364.58,73835.57,68454.47
2024-03-15,69506.88,72414.96,65565.7
2024-03-16,65254.22,70050.0,64774.05
2024-03-17,68343.64,68877.82,64505.0
2024-03-18,67613.04,68933.71,66562.65
2024-03-19,61906.27,68136.39,61506.0
2024-03-20,67858.8,68150.0,60771.14
2024-03-21,65484.7,68234.56,64525.0
2024-03-22,63814.56,66651.1,62258.36
2024-03-23,63998.86,66029.09,63013.19
2024-03-24,67204.93,67637.6,63785.57
2024-03-25,69890.28,71269.92,66381.84
2024-03-26,69992.4,71582.96,69269.69
2024-03-27,69435.96,71789.85,68369.62
2024-03-28,70801.18,71635.99,68841.01
2024-03-29,69903.75,70941.7,69036.95
2024-03-30,69626.87,70363.25,69569.03
2024-03-31,71288.9,71399.91,69587.86
2024-04-01,69681.82,71313.8,68055.15
2024-04-02,65464.14,69711.0,64521.61
2024-04-03,65987.92,66944.06,64500.0
2024-04-04,68525.23,69367.19,65073.95
2024-04-05,67856.51,68783.99,66000.0
2024-04-06,68919.89,69685.0,67469.19
2024-04-07,69350.34,70312.0,68846.23
2024-04-08,71622.53,72777.0,69037.33
2024-04-09,69117.01,71761.37,68200.0
2024-04-10,70634.04,71159.6,67463.07
2024-04-11,70020.73,71305.86,69530.0
2024-04-12,67148.61,71265.74,65110.31
2024-04-13,64024.77,69100.0,60822.01
2024-04-14,65777.05,65890.91,62150.0
2024-04-15,63452.18,66928.82,62315.08
2024-04-16,63814.94,64400.0,61645.09
2024-04-17,61279.36,64524.14,59648.33
2024-04-18,63513.85,64210.0,60816.07
2024-04-19,63848.37,65498.99,59573.32
2024-04-20,64968.87,65463.08,63121.15
2024-04-21,64952.92,65725.81,64250.0
2024-04-22,66859.17,67272.73,64520.0
2024-04-23,66414.16,67225.66,65823.66
2024-04-24,64255.78,67077.97,63542.56
2024-04-25,64484.44,65287.69,62747.18
2024-04-26,63742.39,64810.0,63287.76
2024-04-27,63422.0,63900.0,62389.0
2024-04-28,63108.94,64333.33,62743.81
2024-04-29,63844.85,64200.0,61741.01
2024-04-30,60622.1,64727.81,59040.3
2024-05-01,58265.59,60785.49,56500.0
2024-05-02,59071.89,59641.03,56903.79
2024-05-03,62913.03,63365.72,58821.05
2024-05-04,63902.88,64546.0,62565.82
2024-05-05,64023.45,64636.75,62908.34
2024-05-06,63162.24,65523.44,62704.48
2024-05-07,62315.76,64415.06,62252.64
2024-05-08,61169.53,63013.05,60851.04
2024-05-09,63073.57,63424.14,60601.6
2024-05-10,60787.47,63470.0,60150.0
2024-05-11,60814.63,61482.0,60450.13
2024-05-12,61453.02,61843.45,60576.05
2024-05-13,62932.37,63456.18,60738.51
2024-05-14,61539.84,63103.02,61024.51
2024-05-15,66244.69,66480.0,61299.57
2024-05-16,65252.18,66772.83,64588.5
2024-05-17,67046.33,67500.0,65113.46
2024-05-18,66923.87,67407.79,66624.06
2024-05-19,66261.62,67701.91,65852.02
2024-05-20,71432.17,71560.9,66057.03
2024-05-21,70142.84,71980.0,69146.01
2024-05-22,69109.93,70659.99,68887.52
2024-05-23,67940.45,70066.95,66259.0
2024-05-24,68547.8,69278.75,66587.91
2024-05-25,69289.67,69605.03,68487.44
2024-05-26,68473.72,69522.0,68097.38
2024-05-27,69368.72,70613.39,68210.12
2024-05-28,68321.98,69533.96,67194.59
2024-05-29,67569.45,68864.11,67081.66
2024-05-30,68338.58,69536.89,67092.91
2024-05-31,67472.41,69024.71,66584.47
2024-06-01,67719.29,67837.33,67371.28
2024-06-02,67735.52,68411.0,67260.0
2024-06-03,68791.0,70295.78,67568.0
2024-06-04,70542.32,71108.9,68542.37
2024-06-05,71121.11,71804.13,70356.49
2024-06-06,70773.64,71650.56,70093.98
2024-06-07,69324.53,71974.04,68298.55
2024-06-08,69304.05,69546.58,69126.22
2024-06-09,69637.87,69848.94,69123.99
2024-06-10,69497.73,70187.53,69141.51
2024-06-11,67316.53,69547.82,66018.69
2024-06-12,68248.6,70032.0,66883.32
2024-06-13,66738.85,68474.49,66200.0
2024-06-14,66004.39,67322.72,65005.0
2024-06-15,66192.0,66428.57,65800.86
2024-06-16,66628.75,66931.18,65999.0
2024-06-17,66481.81,67274.96,65050.0
2024-06-18,65152.8,66574.33,64010.01
2024-06-19,64943.79,65709.26,64635.48
2024-06-20,64840.88,66455.52,64500.0
2024-06-21,64120.28,65017.1,63300.93
2024-06-22,64235.01,64523.91,63910.01
2024-06-23,63171.43,64499.95,63125.75
2024-06-24,60263.0,63343.91,58414.28
2024-06-25,61789.71,62400.0,60217.36
2024-06-26,60816.68,62470.0,60656.8
2024-06-27,61615.39,62346.16,60546.94
2024-06-28,60313.35,62170.62,59868.0
2024-06-29,60885.67,61122.66,60273.8
2024-06-30,62668.26,62942.67,60611.01
2024-07-01,62830.13,63801.26,62448.46
2024-07-02,62040.22,63223.57,61000.0
2024-07-03,60145.01,62197.01,59332.76
2024-07-04,57042.14,60429.27,56709.73
2024-07-05,56639.43,57515.6,53499.9
2024-07-06,58244.75,58481.97,56020.32
2024-07-07,55854.09,58448.89,55717.23
2024-07-08,56699.43,58200.0,54278.93
2024-07-09,58047.86,58295.31,56276.37
2024-07-10,57712.59,59481.93,57157.28
2024-07-11,57340.77,59533.06,57036.41
2024-07-12,57909.03,58550.0,56538.33
2024-07-13,59224.58,59875.0,57770.92
2024-07-14,60808.42,61428.67,59209.2
2024-07-15,64757.16,64943.61,60666.59
2024-07-16,65088.99,65405.89,62410.33
2024-07-17,64085.81,66139.0,63853.99
2024-07-18,63982.86,65130.88,63222.6
2024-07-19,66707.61,67504.22,63289.15
2024-07-20,67163.83,67635.0,66271.0
2024-07-21,68181.28,68380.0,65820.18
2024-07-22,67558.22,68495.0,66569.42
2024-07-23,65939.24,67786.84,65444.3
2024-07-24,65366.4,67131.17,65090.61
2024-07-25,65795.42,66161.98,63412.46
2024-07-26,67924.08,68216.66,65705.6
2024-07-27,67899.41,69418.15,66635.28
2024-07-28,68244.3,68308.82,67021.8
2024-07-29,66771.45,70000.0,66400.01
2024-07-30,66169.68,66994.15,65283.68
2024-07-31,64609.62,66837.4,64500.0
2024-08-01,65288.18,65593.56,62212.81
2024-08-02,61418.06,65557.86,61150.0
2024-08-03,60674.93,62171.58,59819.13
2024-08-04,58130.95,61082.3,57123.0
2024-08-05,54029.12,58282.83,49050.01
2024-08-06,56048.08,57091.16,53965.57
2024-08-07,55148.1,57757.15,54564.15
2024-08-08,61705.58,62755.24,54737.32
2024-08-09,60862.13,61764.38,59552.46
2024-08-10,60935.02,61500.0,60255.61
2024-08-11,58722.49,61868.69,58312.63
2024-08-12,59358.78,60721.77,57653.31
2024-08-13,60603.19,61615.43,58402.01
2024-08-14,58690.62,61827.2,58453.56
2024-08-15,57543.61,59883.49,56120.0
2024-08-16,58888.99,59871.61,57096.56
2024-08-17,59497.49,59711.02,58803.45
2024-08-18,58437.9,60284.99,58422.0
2024-08-19,59452.67,59639.81,57820.0
2024-08-20,59017.59,61457.03,58571.96
2024-08-21,61163.28,61849.98,58793.89
2024-08-22,60383.29,61430.48,59750.0
2024-08-23,64086.72,64987.0,60343.2
2024-08-24,64179.63,64529.78,63564.22
2024-08-25,64251.93,65050.08,63793.74
2024-08-26,62840.0,64509.36,62806.8
2024-08-27,59439.64,63226.26,58025.49
2024-08-28,59045.88,60236.98,57851.62
2024-08-29,59364.47,61194.09,58729.39
2024-08-30,59112.77,59929.63,57700.0
2024-08-31,58968.37,59446.99,58739.31
2024-09-01,57299.0,59070.55,57200.0
2024-09-02,59139.83,59423.0,57119.01
2024-09-03,57468.84,59825.7,57394.49
2024-09-04,57971.0,58531.25,55555.0
2024-09-05,56156.82,58326.12,55628.04
2024-09-06,53950.01,56995.0,52530.0
2024-09-07,54156.33,54847.0,53733.1
2024-09-08,54881.11,55315.95,53623.95
2024-09-09,57053.9,58119.97,54565.56
2024-09-10,57645.59,58050.35,56377.76
2024-09-11,57352.79,58014.35,55534.41
2024-09-12,58137.54,58600.0,57311.15
2024-09-13,60543.35,60670.0,57630.01
2024-09-14,60012.35,60660.0,59436.8
2024-09-15,59122.33,60402.34,58695.75
2024-09-16,58208.75,59214.15,57477.0
2024-09-17,60312.6,61373.41,57620.27
2024-09-18,61769.18,61800.0,59174.5
2024-09-19,62960.14,63891.82,61569.16
2024-09-20,63210.69,64140.67,62340.0
2024-09-21,63362.74,63575.63,62755.0
2024-09-22,63577.66,64000.0,62380.55
2024-09-23,63338.87,64739.67,62566.28
2024-09-24,64272.93,64700.0,62689.15
2024-09-25,63130.89,64811.0,62932.8
2024-09-26,65177.21,65865.0,62652.99
2024-09-27,65789.0,66550.0,64827.85
2024-09-28,65858.99,66266.39,65400.0
2024-09-29,65600.01,66059.0,65433.29
2024-09-30,63301.25,65624.95,62833.95
2024-10-01,60790.0,64106.75,60150.89
2024-10-02,60631.37,62380.34,59969.2
2024-10-03,60744.99,61474.92,59824.87
2024-10-04,62090.71,62481.0,60454.5
2024-10-05,62051.29,62380.04,61686.34
2024-10-06,62810.86,62978.75,61805.85
2024-10-07,62200.28,64467.02,62113.28
2024-10-08,62122.02,63191.05,61824.48
2024-10-09,60578.28,62507.68,60255.0
2024-10-10,60279.53,61271.59,58863.9
2024-10-11,62518.75,63416.7,60029.98
2024-10-12,63187.47,63474.25,62464.15
2024-10-13,62845.3,63270.18,62033.0
2024-10-14,66065.65,66500.0,62426.67
2024-10-15,67056.6,67944.76,64778.44
2024-10-16,67608.44,68399.0,66743.0
2024-10-17,67402.33,67926.99,66629.97
2024-10-18,68426.11,69000.62,67149.24
2024-10-19,68363.73,68689.29,68005.83
2024-10-20,69014.86,69380.0,68083.18
2024-10-21,67346.15,69498.0,66802.0
2024-10-22,67380.08,67800.0,66535.0
2024-10-23,66601.11,67415.65,65149.51
2024-10-24,68156.84,68800.0,66445.32
2024-10-25,66564.51,68742.38,65500.01
2024-10-26,67012.56,67365.18,66331.95
2024-10-27,67943.19,68261.37,66836.78
2024-10-28,69924.5,70235.98,67532.48
2024-10-29,72724.35,73624.98,69705.76
2024-10-30,72322.91,72948.6,71400.01
2024-10-31,70197.83,72684.02,69559.33
2024-11-01,69467.29,71620.0,68720.0
2024-11-02,69358.94,69891.92,69000.0
2024-11-03,68738.18,69364.65,67444.0
2024-11-04,67807.48,69453.94,66783.77
2024-11-05,69380.73,70557.67,67427.53
2024-11-06,75646.55,76509.56,69285.82
2024-11-07,75920.0,76999.0,74463.96
2024-11-08,76566.73,77312.18,75654.26
2024-11-09,76716.06,76952.67,75758.58
2024-11-10,80428.92,81534.28,76535.33
2024-11-11,88770.73,89666.0,80277.34
2024-11-12,88035.43,90100.0,85010.0
2024-11-13,90493.82,93495.0,86220.5
2024-11-14,87340.4,91831.25,86672.07
2024-11-15,91058.36,91934.62,87100.83
2024-11-16,90636.24,91820.73,90069.21
2024-11-17,89886.69,91439.82,88713.64
2024-11-18,90520.3,92674.8,89372.65
2024-11-19,92435.89,94105.84,90403.24
2024-11-20,94393.15,94989.99,91600.0
2024-11-21,98439.09,99073.53,94127.2
2024-11-22,99024.03,99860.0,97209.52
2024-11-23,97778.77,99044.11,97215.01
2024-11-24,98028.18,98700.0,95780.77
2024-11-25,93000.01,98999.0,92534.93
2024-11-26,91929.54,95004.92,90682.58
2024-11-27,95951.19,97386.06,91747.46
2024-11-28,95665.53,96676.31,94671.59
2024-11-29,97490.56,98750.0,95383.46
2024-11-30,96465.42,97509.6,96129.73
2024-12-01,97263.18,97895.9,95753.42
2024-12-02,95862.89,98200.0,94400.63
2024-12-03,95924.52,96310.1,93571.3
2024-12-04,98746.24,99263.2,94634.85
2024-12-05,97044.23,104000.0,92055.86
2024-12-06,99891.35,102104.12,96424.2
2024-12-07,99929.32,100583.27,99012.73
2024-12-08,101174.99,101435.05,98729.66
2024-12-09,97324.81,101290.73,94220.8
2024-12-10,96660.76,98338.17,94273.38
2024-12-11,101202.11,101984.98,95722.79
2024-12-12,100030.47,102595.0,99298.39
2024-12-13,101428.75,101959.13,99220.81
2024-12-14,101399.99,102650.0,100600.0
2024-12-15,104447.76,105100.0,101221.34
2024-12-16,106099.81,107857.79,103289.21
2024-12-17,106136.99,108388.88,105337.97
2024-12-18,100150.73,106528.13,99939.82
2024-12-19,97372.21,102796.22,95539.67
2024-12-20,97765.0,98132.47,92115.66
2024-12-21,97230.08,99596.57,96368.0
2024-12-22,95087.75,97387.98,94182.98
2024-12-23,94764.56,96430.08,92360.91
2024-12-24,98594.47,99444.0,93426.25
2024-12-25,99346.28,99484.92,97557.48
2024-12-26,95669.49,99887.0,95083.93
2024-12-27,94171.89,97340.47,93234.31
2024-12-28,95130.82,95534.17,94002.72
2024-12-29,93563.35,95170.06,92841.48
2024-12-30,92620.71,94910.48,91271.19
2024-12-31,93354.22,96148.94,91887.13
2025-01-01,94383.59,94960.91,92743.63
2025-01-02,96903.19,97776.99,94177.0
2025-01-03,98136.51,98969.92,96016.63
2025-01-04,98209.85,98761.02,97516.65
2025-01-05,98345.33,98814.0,97250.0
2025-01-06,102279.41,102500.0,97900.0
2025-01-07,96941.98,102735.99,96105.11
2025-01-08,95036.63,97254.35,92500.0
2025-01-09,92547.44,95363.26,91187.0
2025-01-10,94701.18,95862.92,92209.25
2025-01-11,94565.02,94983.65,93804.05
2025-01-12,94509.62,95383.84,93670.3
2025-01-13,94506.45,95900.0,89028.64
2025-01-14,96534.96,97353.29,94311.36
2025-01-15,100510.23,100716.45,96400.0
2025-01-16,99981.78,100880.0,97277.58
2025-01-17,104107.0,105970.0,99937.81
2025-01-18,104435.0,104933.15,102233.45
2025-01-19,101211.13,106314.44,99518.0
2025-01-20,102145.43,109358.01,99416.27
2025-01-21,106159.26,107291.1,100051.0
2025-01-22,103667.11,106431.34,103100.0
2025-01-23,103926.36,106870.87,101200.01
2025-01-24,104850.27,107200.0,102751.92
2025-01-25,104733.56,105294.0,104104.0
2025-01-26,102563.0,105478.8,102452.24
2025-01-27,102062.42,103228.46,97715.03
2025-01-28,101290.0,103770.85,100213.8
2025-01-29,103747.25,104829.64,101275.6
2025-01-30,104742.64,106484.77,103289.74
2025-01-31,102411.26,106090.0,101506.0
2025-02-01,100623.85,102781.65,100250.0
2025-02-02,97676.52,101459.84,96179.0
2025-02-03,101460.2,102599.85,91178.01
2025-02-04,97795.05,101812.23,96145.76
2025-02-05,96638.33,99230.49,96161.01
2025-02-06,96564.62,99182.15,95674.96
2025-02-07,96537.08,100235.79,95614.96
2025-02-08,96476.25,96919.05,95682.33
2025-02-09,96475.82,97342.28,94730.67
2025-02-10,97444.41,98367.23,95257.2
2025-02-11,95774.08,98500.0,94831.07
2025-02-12,97862.53,98119.98,94066.92
2025-02-13,96625.29,98100.0,95220.0
2025-02-14,97509.03,98890.11,96268.56
2025-02-15,97596.94,97997.85,97225.01
2025-02-16,96119.88,97738.22,96057.68
2025-02-17,95781.8,97050.64,95200.0
2025-02-18,95607.4,96730.0,93333.0
2025-02-19,96632.03,96880.0,95000.01
2025-02-20,98347.2,98768.54,96419.07
2025-02-21,96157.03,99517.52,94721.92
2025-02-22,96582.12,96982.52,95767.95
2025-02-23,96265.98,96679.93,95243.91
2025-02-24,91510.82,96515.41,91300.0
2025-02-25,88583.74,92549.99,85836.18
2025-02-26,84111.78,89305.68,82111.12
2025-02-27,84625.19,86993.87,82554.11
2025-02-28,84297.73,85116.19,78167.81
2025-03-01,86018.76,86534.96,83772.54
2025-03-02,94265.48,95128.88,85003.35
2025-03-03,86161.1,94415.61,85007.01
2025-03-04,87249.96,88977.27,81444.0
2025-03-05,90603.73,91000.0,86329.22
2025-03-06,89921.85,92817.29,87790.5
2025-03-07,86756.98,91280.0,84608.27
2025-03-08,86206.69,86863.38,85200.0
2025-03-09,80699.17,86480.0,80000.0
2025-03-10,78544.71,84033.66,77389.0
2025-03-11,82914.51,83600.0,76555.0
2025-03-12,83659.43,84442.69,80572.21
2025-03-13,81073.43,84310.8,79890.0
2025-03-14,83980.49,85318.61,80771.17
2025-03-15,84351.46,84690.43,83612.24
2025-03-16,82562.57,85092.35,81969.44
2025-03-17,84011.4,84758.46,82416.98
2025-03-18,82698.76,84029.67,81125.0
2025-03-19,86877.96,87045.45,82535.53
2025-03-20,84183.42,87492.87,83596.75
2025-03-21,84061.96,84809.72,83100.0
2025-03-22,83852.03,84517.75,83659.69
2025-03-23,86092.94,86128.99,83804.67
2025-03-24,87523.62,88804.64,85533.06
2025-03-25,87427.88,88584.34,86321.97
2025-03-26,86926.01,88304.1,85850.0
2025-03-27,87217.48,87790.12,85784.0
2025-03-28,84381.8,87498.15,83533.4
2025-03-29,82616.83,84584.13,81608.99
2025-03-30,82379.98,83508.98,81538.88
2025-03-31,82534.32,83920.8,81265.16
2025-04-01,85170.37,85566.53,82403.32
2025-04-02,82490.08,88530.0,82283.01
2025-04-03,83174.33,83953.45,81177.7
2025-04-04,83860.16,84720.67,81643.54
2025-04-05,83498.25,84238.35,82346.61
2025-04-06,78370.75,83773.58,77058.99
2025-04-07,79140.01,81223.67,74420.69
2025-04-08,76251.64,80849.98,76167.35
2025-04-09,82594.75,83583.35,74553.01
2025-04-10,79552.34,82730.93,78387.24
2025-04-11,83380.47,84299.0,78919.94
2025-04-12,85271.01,85909.97,82765.26
2025-04-13,83733.07,86092.99,83010.0
2025-04-14,84590.36,85818.06,83655.27
2025-04-15,83629.78,86491.4,83592.77
2025-04-16,84028.72,85526.4,83088.02
2025-04-17,84961.97,85494.94,83711.69
2025-04-18,84466.47,85150.94,84287.06
2025-04-19,85074.99,85625.0,84353.45
2025-04-20,85177.34,85319.21,83972.82
2025-04-21,87522.07,88575.62,85135.98
2025-04-22,93489.1,93952.62,87077.17
2025-04-23,93740.92,94686.0,91902.19
2025-04-24,94021.96,94061.02,91685.18
2025-04-25,94708.79,95976.34,92880.01
2025-04-26,94666.64,95273.52,93903.01
2025-04-27,93780.57,95351.11,93654.77
2025-04-28,95042.57,95652.66,92829.44
2025-04-29,94271.09,95499.0,93761.26
2025-04-30,94182.54,95263.74,92911.88
2025-05-01,96524.98,97546.99,94136.79
2025-05-02,96929.81,97948.56,96369.69
2025-05-03,95861.33,96974.78,95765.13
2025-05-04,94272.55,96312.51,94151.67
2025-05-05,94733.99,95218.82,93500.01
2025-05-06,96839.17,96916.25,93363.28
2025-05-07,97058.32,97738.05,95800.0
2025-05-08,103253.49,104176.05,96888.25
2025-05-09,102986.96,104352.6,102330.76
2025-05-10,104821.19,104997.0,102831.41
2025-05-11,104137.62,104980.89,103360.22
2025-05-12,102800.21,105787.37,100703.71
2025-05-13,104131.06,105038.53,101447.78
2025-05-14,103545.38,104373.0,102603.27
2025-05-15,103786.43,104200.0,101400.01
2025-05-16,103500.03,104616.71,103125.51
2025-05-17,103161.07,103741.98,102612.0
2025-05-18,106473.46,106692.97,103130.95
2025-05-19,105616.18,107137.68,102105.0
2025-05-20,106883.24,107355.0,104209.18
2025-05-21,109699.54,110788.98,106128.14
2025-05-22,111722.53,112000.0,109217.23
2025-05-23,107329.61,111824.07,106800.01
2025-05-24,107794.01,109517.79,106895.77
2025-05-25,109048.68,109371.04,106632.35
2025-05-26,109464.32,110474.41,108706.04
2025-05-27,108978.46,110829.42,107536.41
2025-05-28,107819.29,109344.89,106790.16
2025-05-29,105572.58,108943.35,105315.0
2025-05-30,104033.26,106377.66,103634.48
2025-05-31,104645.87,104965.5,103110.01
2025-06-01,105697.94,105937.46,103800.81
2025-06-02,105904.94,106000.0,103685.23
2025-06-03,105447.82,106901.68,104910.01
2025-06-04,104753.38,106058.47,104202.0
2025-06-05,101570.2,105999.68,100345.73
2025-06-06,104397.99,105439.01,101132.91
2025-06-07,105619.02,106000.0,103969.7
2025-06-08,105784.4,106548.9,105028.3
2025-06-09,110301.15,110651.12,105368.27
2025-06-10,110300.24,110420.08,108362.14
2025-06-11,108669.37,110435.05,108091.74
2025-06-12,105721.05,108853.74,105706.78
2025-06-13,106118.7,106233.0,102746.01
2025-06-14,105465.42,106264.36,104351.72
2025-06-15,105599.25,106184.13,104505.05
2025-06-16,106853.38,109000.0,104982.26
2025-06-17,104590.44,107792.9,103363.3
2025-06-18,104915.6,105603.63,103512.38
2025-06-19,104671.9,105266.61,103916.37
2025-06-20,103317.8,106553.86,102357.25
2025-06-21,102160.03,104013.64,100919.19
2025-06-22,100996.87,103417.0,98225.01
2025-06-23,105419.39,106135.47,99677.07
2025-06-24,106141.0,106366.29,104681.83
2025-06-25,107400.22,108206.0,105875.0
2025-06-26,107029.64,108345.0,106605.88
2025-06-27,107113.38,107804.2,106413.79
2025-06-28,107352.2,107599.81,106868.94
2025-06-29,108386.44,108550.0,107230.0
2025-06-30,107173.21,108800.0,106724.76
2025-07-01,105711.78,107579.3,105262.0
2025-07-02,108888.32,109823.08,105119.7
2025-07-03,109628.83,110590.0,108574.31
2025-07-04,108028.6,109812.94,107268.84
2025-07-05,108246.65,108454.19,107783.1
2025-07-06,109217.98,109736.64,107837.7
2025-07-07,108269.84,109741.64,107507.0
2025-07-08,108958.04,109255.99,107438.33
2025-07-09,111282.85,112152.91,108329.87
2025-07-10,116031.3,116842.0,110541.87
2025-07-11,117582.16,118909.74,115211.74
2025-07-12,117472.65,118244.51,116940.82
2025-07-13,119130.81,119500.0,117238.69
2025-07-14,119863.71,123231.07,118949.18
2025-07-15,117781.64,119973.3,115697.37
2025-07-16,118681.68,120134.8,117033.23
2025-07-17,119273.69,120998.76,117469.0
2025-07-18,118023.05,120918.68,116892.42
2025-07-19,117914.17,118564.59,117337.59
2025-07-20,117312.7,118921.76,116525.0
2025-07-21,117428.79,119745.93,116565.01
2025-07-22,120026.42,120300.0,116185.0
2025-07-23,118810.44,120180.93,117342.21
2025-07-24,118397.04,119557.7,117190.0
2025-07-25,117633.27,118518.2,114750.0
2025-07-26,117969.63,118371.35,117095.73
2025-07-27,119465.52,119800.0,117849.99
2025-07-28,118070.59,119839.0,117380.6
2025-07-29,117933.39,119284.78,116900.0
2025-07-30,117830.15,118809.43,115728.49
2025-07-31,115761.13,118920.0,115500.0
2025-08-01,113248.73,116065.12,112659.0
2025-08-02,112542.74,114023.58,112000.0
2025-08-03,114215.73,114794.99,111903.68
2025-08-04,115051.85,115756.06,114118.18
2025-08-05,114112.95,115112.75,112622.14
2025-08-06,115028.83,115749.99,113347.87
2025-08-07,117515.49,117687.0,114268.6
2025-08-08,116683.79,117687.0,115800.0
2025-08-09,116492.51,117937.89,116343.34
2025-08-10,119309.37,119324.08,116480.0
2025-08-11,118701.84,122319.14,118050.0
2025-08-12,120113.18,120327.0,118190.81
2025-08-13,123365.63,123740.24,118931.34
2025-08-14,118389.79,124533.0,117208.97
2025-08-15,117436.96,119339.57,116859.32
2025-08-16,117455.68,118028.68,117222.01
2025-08-17,117488.6,118641.6,117249.49
2025-08-18,116286.76,117633.8,114703.26
2025-08-19,112856.19,116792.87,112696.56
2025-08-20,114276.0,114627.37,112344.11
2025-08-21,112480.3,114812.0,111964.0
2025-08-22,116908.68,117416.73,111649.75
2025-08-23,115383.87,116999.03,114505.0
2025-08-24,113478.0,115616.53,110635.0
2025-08-25,110127.74,113645.32,109275.74
2025-08-26,111788.01,112399.99,108670.0
2025-08-27,111253.21,112683.39,110351.11
2025-08-28,112574.85,113480.0,110858.78
2025-08-29,108378.32,112642.53,107469.13
2025-08-30,108827.93,108928.79,107369.69
2025-08-31,108247.95,109489.79,108060.79
2025-09-01,109240.55,109907.51,107250.0
2025-09-02,111247.94,111801.86,108400.0
2025-09-03,111756.41,112600.0,110533.77
2025-09-04,110720.79,112235.6,109321.0
2025-09-05,110670.02,113390.0,110202.36
2025-09-06,110212.6,111317.65,109993.0
2025-09-07,111129.61,111600.0,110200.01
2025-09-08,112072.57,112940.84,110600.0
2025-09-09,111549.32,113292.96,110765.72
2025-09-10,113983.97,114362.1,110919.55
2025-09-11,115540.0,115554.53,113433.92
2025-09-12,116106.03,116833.25,114774.19
2025-09-13,115968.35,116378.04,115177.53
2025-09-14,115314.13,116226.61,115166.0
2025-09-15,115381.08,116802.0,114395.84
2025-09-16,116832.56,117000.0,114750.0
2025-09-17,116484.4,117327.24,114724.57
2025-09-18,117117.99,117998.17,116125.08
2025-09-19,115690.55,117516.36,115132.71
2025-09-20,115752.4,116194.63,115463.22
2025-09-21,115282.27,115900.02,115237.16
2025-09-22,112736.59,115441.37,111761.22
2025-09-23,112017.21,113357.0,111502.08
2025-09-24,113348.17,113999.98,111066.07
2025-09-25,109035.72,113561.35,108623.7
2025-09-26,109697.29,110369.99,108645.02
2025-09-27,109681.16,109815.08,109116.0
2025-09-28,112197.67,112385.84,109230.98
2025-09-29,114365.07,114490.0,111582.65
2025-09-30,114067.71,114850.0,112695.85
2025-10-01,118659.97,118718.8,113975.5
2025-10-02,120621.32,121111.0,118336.01
2025-10-03,122318.4,123996.81,119327.83
2025-10-04,122458.56,122896.0,121572.64
2025-10-05,123520.79,125750.0,122195.28
2025-10-06,124720.09,126296.0,123115.77
2025-10-07,121393.95,125226.34,120636.0
2025-10-08,123343.25,124254.31,121090.06
2025-10-09,121714.51,123822.08,119713.65
2025-10-10,112980.28,122600.0,107000.0
2025-10-11,110768.89,113439.99,109683.96
2025-10-12,115067.98,115847.0,109687.46
2025-10-13,115274.03,116077.51,113700.27
2025-10-14,113068.0,115514.91,109945.86
2025-10-15,110804.12,113671.99,110185.87
2025-10-16,108198.0,112021.07,107464.53
2025-10-17,106463.3,109269.97,103516.75
2025-10-18,107208.91,107535.68,106357.69
2025-10-19,108676.78,109499.0,106091.25
2025-10-20,110568.06,111748.6,107449.91
2025-10-21,108362.27,114082.29,107444.6
2025-10-22,107585.98,109188.27,106639.0
2025-10-23,110116.03,111342.6,107511.46
2025-10-24,111042.13,112158.39,109725.51
2025-10-25,111666.21,111968.52,110693.01
2025-10-26,114548.09,115542.0,111260.33
2025-10-27,114087.06,116410.06,113833.12
2025-10-28,112906.75,116114.13,112203.0
2025-10-29,110032.13,113690.17,109000.0
2025-10-30,108308.18,111629.2,106279.33
2025-10-31,109555.27,111066.1,108266.11
2025-11-01,110052.25,110500.0,109342.47
2025-11-02,110536.01,111221.99,108800.0
2025-11-03,106557.98,110749.0,105271.67
2025-11-04,101468.15,107269.85,98892.97
2025-11-05,103869.0,104550.0,98950.0
2025-11-06,101290.5,104191.19,100235.02
2025-11-07,103284.27,104041.99,99170.0
2025-11-08,102285.57,103350.0,101422.74
2025-11-09,104694.95,105471.04,101372.58
2025-11-10,105979.38,106653.0,104240.76
2025-11-11,103009.35,107482.0,102422.43
2025-11-12,101639.01,105316.64,100803.2
2025-11-13,99614.54,104050.0,97870.0
2025-11-14,94503.96,99836.1,93951.32
2025-11-15,95544.94,96747.02,94222.2
2025-11-16,94183.97,96559.61,92943.83
2025-11-17,92100.6,95950.0,91158.35
2025-11-18,92914.46,93775.0,89183.48
2025-11-19,91461.6,92948.0,88483.12
2025-11-20,86536.88,93080.91,85980.7
2025-11-21,85068.88,87395.93,80524.65
2025-11-22,84684.0,85547.11,83441.91
2025-11-23,86808.28,88100.0,84614.11
2025-11-24,88266.2,89225.6,85213.17
2025-11-25,87325.01,88486.82,86067.02
2025-11-26,90468.84,90628.53,86266.95
2025-11-27,91316.7,91925.4,90067.81
2025-11-28,90902.7,93161.86,90220.5
2025-11-29,90828.06,91199.99,90200.0
2025-11-30,90369.51,91980.8,90353.96
2025-12-01,86282.36,90433.7,83800.0
2025-12-02,91308.05,92342.0,86181.38
2025-12-03,93453.84,94181.41,91024.47
2025-12-04,92093.54,94087.05,90904.73
2025-12-05,89345.29,92716.42,88099.05
2025-12-06,89267.97,90296.32,88932.0
2025-12-07,90402.29,91779.99,87733.18
2025-12-08,90653.86,92291.96,89599.0
2025-12-09,92690.0,94640.66,89537.55
2025-12-10,92035.99,94500.0,91556.64
2025-12-11,92542.0,93594.76,89257.98
2025-12-12,90278.0,92791.26,89500.0
2025-12-13,90255.32,90657.0,89777.79
2025-12-14,88171.61,90496.16,87565.38
2025-12-15,86417.5,90064.74,85129.63
2025-12-16,87854.01,88148.0,85250.0
2025-12-17,86209.77,90336.36,85267.69
2025-12-18,85460.02,89447.75,84400.0
2025-12-19,88092.65,89365.85,85052.78
2025-12-20,88324.0,88530.6,87780.0
2025-12-21,88639.95,89046.44,87501.01
2025-12-22,88556.77,90541.8,87846.17
2025-12-23,87429.32,88896.63,86533.86
2025-12-24,87609.03,88001.2,86350.0
2025-12-25,87171.68,88534.4,86899.0
2025-12-26,87296.01,89496.07,86569.53
2025-12-27,87808.0,87914.62,86944.24
2025-12-28,87877.29,88000.0,87349.52
2025-12-29,87110.78,90325.0,86675.0
2025-12-30,88397.5,89343.52,86704.98
2025-12-31,87497.94,89100.0,87082.64
2026-01-01,88738.34,88798.99,87361.74
2026-01-02,89957.99,90935.22,88272.08
2026-01-03,90598.02,90697.0,89284.13
2026-01-04,91494.0,91764.64,90598.01
2026-01-05,93870.06,94825.27,91479.28
2026-01-06,93722.01,94439.63,91203.13
2026-01-07,91279.73,93722.01,90576.24
2026-01-08,91026.0,91580.01,89200.0
2026-01-09,90515.45,91944.52,89583.58
2026-01-10,90385.54,90698.0,90251.43
2026-01-11,90872.01,91173.12,90109.0
2026-01-12,91188.09,92406.3,90003.46
2026-01-13,95384.23,96250.0,90925.17
2026-01-14,96955.16,97963.62,94518.63
2026-01-15,95587.65,97176.42,95066.19
2026-01-16,95504.0,95830.49,94229.04
2026-01-17,95109.99,95600.0,94980.12
2026-01-18,93633.53,95485.0,93559.78
2026-01-19,92559.66,93630.0,91935.3
2026-01-20,88310.6,92807.99,87767.53
2026-01-21,89363.71,90500.0,87156.0
2026-01-22,89463.5,90273.35,88408.65
2026-01-23,89474.93,91147.01,88440.65
2026-01-24,89082.17,89832.72,89007.01
2026-01-25,86561.94,89177.95,86000.13
2026-01-26,88250.01,88787.97,86411.7
2026-01-27,89116.96,89447.21,87180.01
2026-01-28,89162.4,90476.81,88706.32
2026-01-29,84513.2,89210.16,83216.21
2026-01-30,84110.99,84599.0,81000.12
2026-01-31,78648.0,84138.0,75644.15
2026-02-01,76895.53,79337.99,75612.75
2026-02-02,78666.85,79339.0,74502.21
2026-02-03,75661.49,79123.75,72859.0
2026-02-04,72998.0,76876.54,71703.72
2026-02-05,62791.0,73173.96,62181.65
2026-02-06,70527.7,71707.18,60001.0
2026-02-07,69244.74,71648.05,67293.26
2026-02-08,70279.33,72232.17,68840.83
2026-02-09,70101.99,71380.13,68233.01
2026-02-10,68803.65,70489.99,67857.0
2026-02-11,67024.93,69248.0,65702.95
2026-02-12,66208.0,68382.9,65065.47
2026-02-13,68812.0,69434.2,65799.71
2026-02-14,69786.96,70531.53,68697.63
2026-02-15,68792.0,70941.65,68020.0
2026-02-16,68858.13,70089.99,67251.81
2026-02-17,67466.7,69199.51,66569.58
2026-02-18,66419.79,68438.84,65812.57
2026-02-19,66972.5,67288.22,65604.63
2026-02-20,67984.42,68294.86,66427.23
2026-02-21,67955.78,68683.27,67516.93
2026-02-22,67617.98,68241.4,67132.81
2026-02-23,64625.78,67656.42,63855.0
2026-02-24,64068.33,64988.32,62534.61
2026-02-25,67992.68,70020.0,63912.25
2026-02-26,67490.51,68866.86,66500.92
2026-02-27,65859.94,68223.07,64942.87
2026-02-28,66967.85,67761.55,63019.6
2026-03-01,65769.0,68200.0,65008.38
2026-03-02,68832.01,70128.74,65250.12
2026-03-03,68335.99,69255.36,66138.2
2026-03-04,72683.26,74100.0,67391.17
2026-03-05,70887.6,73588.24,70639.01
2026-03-06,68108.24,71428.4,67725.14
2026-03-07,67259.62,68544.79,66921.33
2026-03-08,65970.56,68201.16,65618.51
2026-03-09,68432.17,69543.0,65820.93
2026-03-10,69960.83,71800.0,68383.5
2026-03-11,70208.0,71358.48,68980.74
2026-03-12,70531.56,70819.84,69180.01
2026-03-13,70944.33,73968.0,70398.01
2026-03-14,71232.02,71316.0,70236.02
2026-03-15,72830.01,73220.8,70868.41
2026-03-16,74886.47,74913.69,72276.24
2026-03-17,73934.11,76022.6,73400.01
2026-03-18,71245.02,74700.0,70474.83
2026-03-19,69918.3,71628.0,68772.78
2026-03-20,70497.01,71384.62,69360.0
2026-03-21,68912.02,71075.92,68562.13
2026-03-22,67844.94,69577.0,67332.05
2026-03-23,70874.23,71811.0,67425.0
2026-03-24,70533.49,71389.0,68889.0
2026-03-25,71301.53,72030.29,70357.1
2026-03-26,68769.02,71414.33,68102.36
2026-03-27,66353.34,69128.75,65498.75
2026-03-28,66320.15,67249.65,65876.61
2026-03-29,65956.94,67076.07,64938.66
2026-03-30,66737.18,68129.33,65736.63
2026-03-31,68221.85,68518.1,65924.82
2026-04-01,68112.35,69285.99,67525.59
2026-04-02,66894.48,68652.0,65696.96
2026-04-03,66959.99,67375.7,66275.01
2026-04-04,67291.73,67535.2,66770.64
2026-04-05,69005.0,69117.6,66600.0
2026-04-06,68853.61,70378.48,68332.0
2026-04-07,71910.2,72753.97,67710.01
2026-04-08,71085.99,72861.38,70684.65
2026-04-09,71798.01,73147.81,70468.74
2026-04-10,72997.88,73477.87,71431.55
2026-04-11,73086.0,73822.95,72564.35
2026-04-12,70755.35,73172.14,70512.7
2026-04-13,74446.0,74936.9,70576.27
2026-04-14,74179.04,76127.18,73854.5
2026-04-15,74836.31,75458.81,73545.0
2026-04-16,75163.09,75539.91,73298.01
2026-04-17,77098.01,78390.0,74558.21
2026-04-18,75736.82,77450.15,75473.81
2026-04-19,73823.14,76278.36,73777.86
2026-04-20,75864.86,76600.0,73741.53
2026-04-21,76348.58,76926.37,74817.27
2026-04-22,78208.52,79523.0,76145.0
2026-04-23,78281.32,78722.96,76979.99
2026-04-24,77461.8,78607.38,77289.0
2026-04-25,77650.72,77911.09,77179.2
2026-04-26,78673.83,78943.0,77346.44
2026-04-27,77364.42,79496.0,76447.51
2026-04-28,76317.99,77478.99,75646.84
2026-04-29,75752.88,77906.84,74914.0
2026-04-30,76305.78,76655.95,75290.1
2026-05-01,78234.05,78961.14,76275.01
2026-05-02,78682.31,79155.0,78034.28
2026-05-03,78558.89,79428.6,78073.01
2026-05-04,79852.37,80750.0,78205.0
2026-05-05,80907.72,81799.6,79789.5
2026-05-06,81438.1,82814.23,80699.66
2026-05-07,80005.38,81709.17,79456.0
2026-05-08,80188.82,80487.39,79520.44
2026-05-09,80655.96,81065.32,80115.33
2026-05-10,82199.99,82450.0,80273.86
2026-05-11,81727.06,82379.0,80417.72
2026-05-12,80484.72,81778.0,79802.51
2026-05-13,79288.26,81293.93,78699.83
2026-05-14,81079.39,82066.22,78885.42
2026-05-15,79058.51,81650.0,78591.99
2026-05-16,78105.45,79182.02,77608.95
2026-05-17,77407.59,78570.0,76673.54
2026-05-18,76943.98,77764.28,75992.0
2026-05-19,76767.48,77350.08,76061.12
2026-05-20,77475.99,77782.61,76433.52
2026-05-21,77547.62,78123.68,76619.02
2026-05-22,75443.91,77833.02,75266.73
2026-05-23,76650.0,77305.0,74197.11
2026-05-24,76975.99,77412.32,76000.0
2026-05-25,77249.07,77834.55,76807.04
2026-05-26,75826.1,78015.46,75555.0
2026-05-27,74315.98,76033.66,74113.95
2026-05-28,73512.56,74462.4,72445.11
2026-05-29,73366.77,74224.84,72364.13
2026-05-30,73770.69,74029.01,73107.24
2026-05-31,73575.17,74156.59,73288.0
2026-06-01,71314.42,73978.52,70555.0
2026-06-02,66658.35,71315.67,66100.01
2026-06-03,64040.0,67416.5,63985.01
2026-06-04,63806.02,64695.0,61309.25
2026-06-05,61032.0,63906.02,59073.01
2026-06-06,60850.48,61499.41,59448.45
2026-06-07,63302.73,64234.45,60706.4
2026-06-08,63062.98,64200.02,62365.43
2026-06-09,61685.8,63490.49,60713.5
2026-06-10,61449.46,62809.04,60708.92
2026-06-11,63563.42,63866.82,61449.47
2026-06-12,63538.43,64347.32,62739.81
2026-06-13,64429.99,64727.27,63400.92
2026-06-14,65706.62,65764.16,63640.0
2026-06-15,66276.8,67264.0,65302.08
2026-06-16,65616.64,66944.0,65300.03
2026-06-17,64446.04,66384.01,63851.02
2026-06-18,62879.01,64752.51,62159.76
2026-06-19,63475.2,63595.93,62246.24
2026-06-20,64222.99,64312.73,63131.38
2026-06-21,63235.63,64508.4,63171.19
2026-06-22,63950.61,65553.39,63235.61
2026-06-23,62644.86,64211.95,61862.27
2026-06-24,60983.13,63156.34,59010.74
2026-06-25,59703.65,61868.39,58000.0
2026-06-26,60002.53,60660.0,58243.36
2026-06-27,59934.84,60838.92,59765.1
2026-06-28,59474.01,60455.0,58810.11
2026-06-29,60162.73,60702.63,58800.0
2026-06-30,58523.93,60191.99,58056.0
2026-07-01,59961.45,61287.33,57717.55
2026-07-02,61484.02,62147.89,59520.02
2026-07-03,62520.22,62899.99,61162.79
2026-07-04,63086.45,63410.0,62274.16
2026-07-05,63580.44,63940.79,62384.08
2026-07-06,64001.84,64658.85,61250.0
2026-07-07,63323.27,64272.92,62583.0
2026-07-08,62237.7,63720.88,61453.09
2026-07-09,63175.25,63448.46,61636.05
2026-07-10,64128.49,64669.42,62865.01
2026-07-11,63773.04,64458.7,63769.84
2026-07-12,63740.32,64250.56,63588.2
2026-07-13,62264.94,64388.01,61750.9
2026-07-14,64988.64,65055.04,62190.4
2026-07-15,64716.63,65559.5,64431.11
2026-07-16,63770.6,64946.07,63690.78
2026-07-17,63894.0,64353.56,62452.52
2026-07-18,64796.36,64827.93,63842.35
2026-07-19,64681.78,64918.7,64238.08
2026-07-20,65213.05,65756.09,63702.01
2026-07-21,66516.18,66923.95,65106.79
2026-07-22,66086.61,66698.55,65484.0
2026-07-23,65051.23,66287.74,64564.09
2026-07-24,64083.32,65762.78,63641.0
2026-07-25,64295.61,64387.43,63732.0
2026-07-26,65341.07,65511.36,64229.6
2026-07-27,63694.43,65705.08,63545.0
2026-07-28,63847.12,64041.02,62645.39
2026-07-29,63896.14,64665.3,63194.45
2026-07-30,64721.9,65118.08,63502.91
2026-07-31,62825.9,65360.0,62358.96
2026-08-01,62764.2,63093.0,62209.81
2026-08-02,63499.49,63730.49,62743.87
2026-08-03,63466.51,64032.43,62210.14
2026-08-04,64050.51,64497.24,63250.0
2026-08-05,64603.03,64988.78,63814.8
2026-08-06,64267.3,64944.16,64087.41
2026-08-07,64891.61,65348.97,64099.35
2026-08-08,64908.72,65150.16,64789.89
2026-08-09,64848.69,65426.0,64675.22
2026-08-10,63911.88,65341.83,63733.03
2026-08-11,63531.75,64439.38,63158.0
2026-08-12,63411.72,64416.3,63235.88
2026-08-13,63425.35,63949.9,62772.84
2026-08-14,62975.19,63561.45,62468.21
2026-08-15,63018.75,63123.68,62830.01
2026-08-16,62836.66,63318.09,62631.18
2026-08-17,64484.18,64588.0,62679.42
2026-08-18,64681.33,65020.0,63979.36
2026-08-19,69300.01,70022.44,64112.04
2026-08-20,73011.87,73391.43,68853.22
2026-08-21,78325.54,79500.0,73004.7
2026-08-22,77054.44,78828.37,76471.7
2026-08-23,77729.36,78055.25,75538.12
2026-08-24,78981.59,79999.99,76652.0
2026-08-25,78526.8,81265.3,77832.0
2026-08-26,79026.18,79239.09,77601.02
2026-08-27,80275.34,80835.82,78551.99
2026-08-28,77839.19,81479.5,76845.71
2026-08-29,78233.93,78334.44,77348.65
2026-08-30,77665.14,79394.55,77000.0
2026-08-31,78562.74,79257.14,77369.59
2026-09-01,77398.69,79195.32,76366.12
2026-09-02,77307.36,77750.0,76219.18
2026-09-03,81263.99,82283.0,76929.29
2026-09-04,81260.56,81438.01,80667.94
<<<<<<< HEAD,,,
=======,,,
>>>>>>> dedebe1 (feat: 实际利率扩为 5/10/30 年期限结构，新增通胀预期市场 vs 消费者面板),,,
