date,sp500,nasdaq_comp,nasdaq_100
1971-02-05,,100.0,
1971-02-08,,100.84,
1971-02-09,,100.76,
1971-02-10,,100.69,
1971-02-11,,101.45,
1971-02-12,,102.05,
1971-02-16,,102.19,
1971-02-17,,101.74,
1971-02-18,,101.42,
1971-02-19,,100.7,
1971-02-22,,99.68,
1971-02-23,,99.72,
1971-02-24,,100.64,
1971-02-25,,101.23,
1971-02-26,,101.34,
1971-03-01,,101.78,
1971-03-02,,101.84,
1971-03-03,,102.07,
1971-03-04,,102.78,
1971-03-05,,103.51,
1971-03-08,,104.23,
1971-03-09,,104.41,
1971-03-10,,104.14,
1971-03-11,,104.26,
1971-03-12,,104.5,
1971-03-15,,105.13,
1971-03-16,,105.56,
1971-03-17,,105.5,
1971-03-18,,105.88,
1971-03-19,,105.77,
1971-03-22,,105.37,
1971-03-23,,105.11,
1971-03-24,,104.7,
1971-03-25,,104.6,
1971-03-26,,105.07,
1971-03-29,,105.2,
1971-03-30,,105.44,
1971-03-31,,105.97,
1971-04-01,,106.34,
1971-04-02,,106.86,
1971-04-05,,107.17,
1971-04-06,,107.56,
1971-04-07,,108.06,
1971-04-08,,108.38,
1971-04-12,,108.87,
1971-04-13,,108.85,
1971-04-14,,109.08,
1971-04-15,,109.69,
1971-04-16,,109.96,
1971-04-19,,110.16,
1971-04-20,,109.53,
1971-04-21,,109.52,
1971-04-22,,109.99,
1971-04-23,,110.69,
1971-04-26,,111.13,
1971-04-27,,111.69,
1971-04-28,,112.37,
1971-04-29,,112.46,
1971-04-30,,112.3,
1971-05-03,,111.35,
1971-05-04,,111.77,
1971-05-05,,111.68,
1971-05-06,,111.06,
1971-05-07,,110.66,
1971-05-10,,110.15,
1971-05-11,,110.33,
1971-05-12,,110.37,
1971-05-13,,110.55,
1971-05-14,,110.74,
1971-05-17,,109.15,
1971-05-18,,108.4,
1971-05-19,,108.33,
1971-05-20,,108.72,
1971-05-21,,108.85,
1971-05-24,,108.42,
1971-05-25,,107.5,
1971-05-26,,107.53,
1971-05-27,,107.6,
1971-05-28,,108.25,
1971-06-01,,108.87,
1971-06-02,,109.56,
1971-06-03,,110.22,
1971-06-04,,110.66,
1971-06-07,,110.76,
1971-06-08,,110.02,
1971-06-09,,109.79,
1971-06-10,,110.06,
1971-06-11,,110.2,
1971-06-14,,109.57,
1971-06-15,,109.36,
1971-06-16,,109.44,
1971-06-17,,109.44,
1971-06-18,,108.16,
1971-06-21,,106.5,
1971-06-22,,105.49,
1971-06-23,,105.99,
1971-06-24,,106.37,
1971-06-25,,106.56,
1971-06-28,,106.45,
1971-06-29,,107.22,
1971-06-30,,107.8,
1971-07-01,,108.47,
1971-07-02,,108.77,
1971-07-06,,109.23,
1971-07-07,,110.01,
1971-07-08,,110.42,
1971-07-09,,110.91,
1971-07-12,,111.24,
1971-07-13,,110.76,
1971-07-14,,110.34,
1971-07-15,,110.72,
1971-07-16,,109.98,
1971-07-19,,109.37,
1971-07-20,,109.79,
1971-07-21,,109.74,
1971-07-22,,109.54,
1971-07-23,,109.63,
1971-07-26,,109.35,
1971-07-27,,108.57,
1971-07-28,,107.45,
1971-07-29,,105.81,
1971-07-30,,105.27,
1971-08-02,,105.59,
1971-08-03,,104.41,
1971-08-04,,103.26,
1971-08-05,,103.11,
1971-08-06,,103.78,
1971-08-09,,103.18,
1971-08-10,,103.04,
1971-08-11,,104.08,
1971-08-12,,105.21,
1971-08-13,,105.44,
1971-08-16,,107.86,
1971-08-17,,108.93,
1971-08-18,,108.39,
1971-08-19,,108.01,
1971-08-20,,107.89,
1971-08-23,,108.26,
1971-08-24,,108.6,
1971-08-25,,108.85,
1971-08-26,,108.97,
1971-08-27,,109.3,
1971-08-30,,108.71,
1971-08-31,,108.42,
1971-09-01,,108.65,
1971-09-02,,108.96,
1971-09-03,,109.98,
1971-09-07,,110.53,
1971-09-08,,110.58,
1971-09-09,,110.55,
1971-09-10,,110.42,
1971-09-13,,110.22,
1971-09-14,,109.77,
1971-09-15,,109.79,
1971-09-16,,109.78,
1971-09-17,,110.1,
1971-09-20,,109.99,
1971-09-21,,109.82,
1971-09-22,,108.99,
1971-09-23,,108.8,
1971-09-24,,108.88,
1971-09-27,,108.18,
1971-09-28,,108.38,
1971-09-29,,108.6,
1971-09-30,,109.03,
1971-10-01,,109.58,
1971-10-04,,109.96,
1971-10-05,,109.99,
1971-10-06,,110.68,
1971-10-07,,110.98,
1971-10-08,,110.74,
1971-10-11,,110.71,
1971-10-12,,110.91,
1971-10-13,,110.69,
1971-10-14,,109.87,
1971-10-15,,109.6,
1971-10-18,,109.06,
1971-10-19,,107.99,
1971-10-20,,106.58,
1971-10-21,,106.61,
1971-10-22,,106.8,
1971-10-25,,106.29,
1971-10-26,,105.69,
1971-10-27,,104.28,
1971-10-28,,104.5,
1971-10-29,,105.1,
1971-11-01,,103.69,
1971-11-02,,103.54,
1971-11-03,,105.01,
1971-11-04,,105.56,
1971-11-05,,105.46,
1971-11-08,,105.43,
1971-11-09,,105.72,
1971-11-10,,104.86,
1971-11-11,,103.74,
1971-11-12,,103.91,
1971-11-15,,103.44,
1971-11-16,,103.71,
1971-11-17,,103.64,
1971-11-18,,103.44,
1971-11-19,,102.95,
1971-11-22,,101.79,
1971-11-23,,100.31,
1971-11-24,,100.4,
1971-11-26,,101.64,
1971-11-29,,103.08,
1971-11-30,,103.97,
1971-12-01,,105.06,
1971-12-02,,106.15,
1971-12-03,,107.26,
1971-12-06,,106.92,
1971-12-07,,107.26,
1971-12-08,,107.71,
1971-12-09,,107.97,
1971-12-10,,108.81,
1971-12-13,,109.16,
1971-12-14,,109.07,
1971-12-15,,109.45,
1971-12-16,,110.01,
1971-12-17,,110.52,
1971-12-20,,111.5,
1971-12-21,,111.73,
1971-12-22,,111.97,
1971-12-23,,111.94,
1971-12-27,,111.7,
1971-12-28,,111.93,
1971-12-29,,112.57,
1971-12-30,,112.97,
1971-12-31,,114.12,
1972-01-03,,113.65,
1972-01-04,,113.93,
1972-01-05,,114.83,
1972-01-06,,115.72,
1972-01-07,,116.05,
1972-01-10,,116.1,
1972-01-11,,116.64,
1972-01-12,,116.9,
1972-01-13,,116.42,
1972-01-14,,116.74,
1972-01-17,,116.93,
1972-01-18,,117.66,
1972-01-19,,117.45,
1972-01-20,,117.32,
1972-01-21,,117.21,
1972-01-24,,116.49,
1972-01-25,,116.3,
1972-01-26,,116.39,
1972-01-27,,117.37,
1972-01-28,,118.44,
1972-01-31,,118.87,
1972-02-01,,119.58,
1972-02-02,,120.47,
1972-02-03,,120.66,
1972-02-04,,121.24,
1972-02-07,,121.14,
1972-02-08,,121.35,
1972-02-09,,122.16,
1972-02-10,,122.71,
1972-02-11,,122.86,
1972-02-14,,122.26,
1972-02-15,,122.61,
1972-02-16,,123.35,
1972-02-17,,123.44,
1972-02-18,,123.4,
1972-02-22,,123.3,
1972-02-23,,123.61,
1972-02-24,,124.0,
1972-02-25,,124.83,
1972-02-28,,124.94,
1972-02-29,,125.38,
1972-03-01,,126.29,
1972-03-02,,126.58,
1972-03-03,,127.19,
1972-03-06,,127.88,
1972-03-07,,127.83,
1972-03-08,,128.4,
1972-03-09,,128.85,
1972-03-10,,128.55,
1972-03-13,,127.34,
1972-03-14,,127.73,
1972-03-15,,128.14,
1972-03-16,,127.77,
1972-03-17,,128.01,
1972-03-20,,127.53,
1972-03-21,,125.73,
1972-03-22,,126.36,
1972-03-23,,127.38,
1972-03-24,,127.55,
1972-03-27,,127.56,
1972-03-28,,127.72,
1972-03-29,,127.53,
1972-03-30,,128.14,
1972-04-03,,128.06,
1972-04-04,,128.78,
1972-04-05,,130.0,
1972-04-06,,130.92,
1972-04-07,,131.8,
1972-04-10,,131.76,
1972-04-11,,132.47,
1972-04-12,,133.17,
1972-04-13,,133.06,
1972-04-14,,133.88,
1972-04-17,,133.74,
1972-04-18,,134.1,
1972-04-19,,132.68,
1972-04-20,,132.86,
1972-04-21,,133.01,
1972-04-24,,131.9,
1972-04-25,,130.84,
1972-04-26,,130.92,
1972-04-27,,131.01,
1972-04-28,,131.33,
1972-05-01,,130.16,
1972-05-02,,129.34,
1972-05-03,,128.77,
1972-05-04,,128.92,
1972-05-05,,129.43,
1972-05-08,,128.62,
1972-05-09,,125.78,
1972-05-10,,126.77,
1972-05-11,,127.95,
1972-05-12,,129.44,
1972-05-15,,130.34,
1972-05-16,,130.36,
1972-05-17,,129.76,
1972-05-18,,130.82,
1972-05-19,,132.16,
1972-05-22,,132.38,
1972-05-23,,132.72,
1972-05-24,,133.47,
1972-05-25,,133.8,
1972-05-26,,133.95,
1972-05-30,,133.45,
1972-05-31,,132.53,
1972-06-01,,133.13,
1972-06-02,,133.52,
1972-06-05,,132.74,
1972-06-06,,132.0,
1972-06-07,,131.0,
1972-06-08,,131.07,
1972-06-09,,130.57,
1972-06-12,,130.38,
1972-06-13,,130.78,
1972-06-14,,131.45,
1972-06-15,,131.29,
1972-06-16,,131.28,
1972-06-19,,130.76,
1972-06-20,,131.07,
1972-06-21,,131.38,
1972-06-22,,130.79,
1972-06-23,,130.22,
1972-06-26,,129.31,
1972-06-27,,129.79,
1972-06-28,,129.58,
1972-06-29,,129.35,
1972-06-30,,130.08,
1972-07-03,,130.59,
1972-07-05,,131.28,
1972-07-06,,131.86,
1972-07-07,,131.5,
1972-07-10,,130.85,
1972-07-11,,130.47,
1972-07-12,,130.11,
1972-07-13,,129.03,
1972-07-14,,129.38,
1972-07-17,,128.4,
1972-07-18,,127.54,
1972-07-19,,127.77,
1972-07-20,,127.09,
1972-07-21,,127.63,
1972-07-24,,128.77,
1972-07-25,,128.47,
1972-07-26,,128.65,
1972-07-27,,128.36,
1972-07-28,,128.15,
1972-07-31,,127.75,
1972-08-01,,128.45,
1972-08-02,,129.39,
1972-08-03,,130.31,
1972-08-04,,130.94,
1972-08-07,,130.97,
1972-08-08,,130.61,
1972-08-09,,130.75,
1972-08-10,,130.84,
1972-08-11,,131.68,
1972-08-14,,131.7,
1972-08-15,,131.48,
1972-08-16,,131.46,
1972-08-17,,130.89,
1972-08-18,,131.43,
1972-08-21,,131.29,
1972-08-22,,131.29,
1972-08-23,,131.1,
1972-08-24,,130.4,
1972-08-25,,130.31,
1972-08-28,,129.77,
1972-08-29,,129.44,
1972-08-30,,129.78,
1972-08-31,,129.95,
1972-09-01,,130.7,
1972-09-05,,130.33,
1972-09-06,,129.63,
1972-09-07,,129.21,
1972-09-08,,129.13,
1972-09-11,,128.26,
1972-09-12,,127.18,
1972-09-13,,127.51,
1972-09-14,,127.58,
1972-09-15,,127.67,
1972-09-18,,127.61,
1972-09-19,,127.42,
1972-09-20,,127.51,
1972-09-21,,127.3,
1972-09-22,,127.46,
1972-09-25,,126.82,
1972-09-26,,127.07,
1972-09-27,,128.55,
1972-09-28,,129.13,
1972-09-29,,129.61,
1972-10-02,,129.3,
1972-10-03,,129.48,
1972-10-04,,129.29,
1972-10-05,,128.01,
1972-10-06,,128.13,
1972-10-09,,128.51,
1972-10-10,,129.02,
1972-10-11,,128.57,
1972-10-12,,127.87,
1972-10-13,,127.19,
1972-10-16,,125.87,
1972-10-17,,126.43,
1972-10-18,,127.05,
1972-10-19,,126.91,
1972-10-20,,128.0,
1972-10-23,,128.66,
1972-10-24,,128.91,
1972-10-25,,128.89,
1972-10-26,,129.37,
1972-10-27,,129.53,
1972-10-30,,129.46,
1972-10-31,,130.24,
1972-11-01,,131.59,
1972-11-02,,132.12,
1972-11-03,,133.34,
1972-11-06,,133.58,
1972-11-08,,133.06,
1972-11-09,,132.82,
1972-11-10,,133.12,
1972-11-13,,132.77,
1972-11-14,,132.9,
1972-11-15,,132.45,
1972-11-16,,132.62,
1972-11-17,,132.33,
1972-11-20,,132.12,
1972-11-21,,132.19,
1972-11-22,,132.49,
1972-11-24,,133.02,
1972-11-27,,132.57,
1972-11-28,,132.71,
1972-11-29,,132.73,
1972-11-30,,132.96,
1972-12-01,,133.94,
1972-12-04,,134.14,
1972-12-05,,134.28,
1972-12-06,,134.68,
1972-12-07,,135.06,
1972-12-08,,135.15,
1972-12-11,,134.83,
1972-12-12,,134.27,
1972-12-13,,133.66,
1972-12-14,,133.33,
1972-12-15,,133.53,
1972-12-18,,132.54,
1972-12-19,,132.39,
1972-12-20,,131.93,
1972-12-21,,131.08,
1972-12-22,,131.28,
1972-12-26,,131.18,
1972-12-27,,131.93,
1972-12-29,,133.73,
1973-01-02,,134.63,
1973-01-03,,135.38,
1973-01-04,,135.44,
1973-01-05,,135.91,
1973-01-08,,136.02,
1973-01-09,,135.99,
1973-01-10,,136.06,
1973-01-11,,136.84,
1973-01-12,,136.01,
1973-01-15,,134.6,
1973-01-16,,134.03,
1973-01-17,,134.07,
1973-01-18,,134.34,
1973-01-19,,133.87,
1973-01-22,,133.15,
1973-01-23,,132.44,
1973-01-24,,130.49,
1973-01-26,,129.76,
1973-01-29,,128.46,
1973-01-30,,128.22,
1973-01-31,,128.4,
1973-02-01,,126.94,
1973-02-02,,126.48,
1973-02-05,,126.0,
1973-02-06,,126.27,
1973-02-07,,124.99,
1973-02-08,,123.97,
1973-02-09,,125.86,
1973-02-12,,126.88,
1973-02-13,,127.19,
1973-02-14,,125.42,
1973-02-15,,124.43,
1973-02-16,,124.55,
1973-02-20,,125.01,
1973-02-21,,123.95,
1973-02-22,,123.68,
1973-02-23,,122.34,
1973-02-26,,121.27,
1973-02-27,,119.8,
1973-02-28,,120.41,
1973-03-01,,119.53,
1973-03-02,,120.11,
1973-03-05,,120.55,
1973-03-06,,121.91,
1973-03-07,,122.28,
1973-03-08,,122.11,
1973-03-09,,121.99,
1973-03-12,,121.86,
1973-03-13,,122.09,
1973-03-14,,122.1,
1973-03-15,,121.6,
1973-03-16,,121.22,
1973-03-19,,119.94,
1973-03-20,,119.26,
1973-03-21,,117.89,
1973-03-22,,115.69,
1973-03-23,,115.47,
1973-03-26,,115.54,
1973-03-27,,116.89,
1973-03-28,,117.14,
1973-03-29,,118.19,
1973-03-30,,117.46,
1973-04-02,,115.79,
1973-04-03,,114.47,
1973-04-04,,112.89,
1973-04-05,,112.02,
1973-04-06,,113.27,
1973-04-09,,114.01,
1973-04-10,,114.81,
1973-04-11,,115.29,
1973-04-12,,115.59,
1973-04-13,,115.22,
1973-04-16,,114.55,
1973-04-17,,113.64,
1973-04-18,,113.71,
1973-04-19,,114.15,
1973-04-23,,113.02,
1973-04-24,,111.23,
1973-04-25,,109.37,
1973-04-26,,109.72,
1973-04-27,,108.4,
1973-04-30,,107.85,
1973-05-01,,107.96,
1973-05-02,,109.05,
1973-05-03,,109.81,
1973-05-04,,110.89,
1973-05-07,,110.48,
1973-05-08,,110.67,
1973-05-09,,110.54,
1973-05-10,,110.32,
1973-05-11,,109.1,
1973-05-14,,106.46,
1973-05-15,,106.14,
1973-05-16,,106.1,
1973-05-17,,105.19,
1973-05-18,,102.89,
1973-05-21,,100.76,
1973-05-22,,101.59,
1973-05-23,,102.09,
1973-05-24,,104.27,
1973-05-25,,105.17,
1973-05-29,,104.85,
1973-05-30,,103.19,
1973-05-31,,102.64,
1973-06-01,,102.3,
1973-06-04,,100.77,
1973-06-05,,101.71,
1973-06-06,,101.7,
1973-06-07,,102.57,
1973-06-08,,103.72,
1973-06-11,,103.04,
1973-06-12,,104.79,
1973-06-13,,104.33,
1973-06-14,,103.56,
1973-06-15,,102.26,
1973-06-18,,100.77,
1973-06-19,,100.96,
1973-06-20,,101.19,
1973-06-21,,100.4,
1973-06-22,,100.99,
1973-06-25,,99.43,
1973-06-26,,99.96,
1973-06-27,,100.22,
1973-06-28,,101.16,
1973-06-29,,100.98,
1973-07-02,,100.15,
1973-07-03,,99.45,
1973-07-05,,99.39,
1973-07-06,,99.48,
1973-07-09,,100.01,
1973-07-10,,101.18,
1973-07-11,,102.69,
1973-07-12,,103.17,
1973-07-13,,103.03,
1973-07-16,,103.97,
1973-07-17,,104.64,
1973-07-18,,105.77,
1973-07-19,,106.52,
1973-07-20,,107.68,
1973-07-23,,107.75,
1973-07-24,,108.29,
1973-07-25,,109.19,
1973-07-26,,109.17,
1973-07-27,,109.36,
1973-07-30,,108.88,
1973-07-31,,108.64,
1973-08-01,,107.13,
1973-08-02,,106.98,
1973-08-03,,106.82,
1973-08-06,,107.21,
1973-08-07,,107.3,
1973-08-08,,106.13,
1973-08-09,,106.15,
1973-08-10,,105.32,
1973-08-13,,104.35,
1973-08-14,,103.59,
1973-08-15,,103.35,
1973-08-16,,103.31,
1973-08-17,,103.71,
1973-08-20,,102.67,
1973-08-21,,102.12,
1973-08-22,,101.34,
1973-08-23,,102.53,
1973-08-24,,102.4,
1973-08-27,,102.91,
1973-08-28,,102.99,
1973-08-29,,103.79,
1973-08-30,,103.99,
1973-08-31,,104.87,
1973-09-04,,105.5,
1973-09-05,,106.03,
1973-09-06,,106.36,
1973-09-07,,107.02,
1973-09-10,,106.25,
1973-09-11,,105.77,
1973-09-12,,105.33,
1973-09-13,,105.6,
1973-09-14,,106.07,
1973-09-17,,106.27,
1973-09-18,,106.3,
1973-09-19,,107.91,
1973-09-20,,108.76,
1973-09-21,,109.46,
1973-09-24,,109.69,
1973-09-25,,109.8,
1973-09-26,,110.62,
1973-09-27,,111.27,
1973-09-28,,111.2,
1973-10-01,,110.97,
1973-10-02,,111.76,
1973-10-03,,112.13,
1973-10-04,,111.51,
1973-10-05,,112.56,
1973-10-08,,113.17,
1973-10-09,,113.07,
1973-10-10,,112.17,
1973-10-11,,113.56,
1973-10-12,,114.1,
1973-10-15,,113.13,
1973-10-16,,113.14,
1973-10-17,,112.66,
1973-10-18,,112.82,
1973-10-19,,113.25,
1973-10-22,,112.29,
1973-10-23,,111.81,
1973-10-24,,112.13,
1973-10-25,,112.31,
1973-10-26,,112.79,
1973-10-29,,112.09,
1973-10-30,,110.63,
1973-10-31,,110.17,
1973-11-01,,109.62,
1973-11-02,,108.93,
1973-11-05,,107.21,
1973-11-06,,106.29,
1973-11-07,,106.72,
1973-11-08,,107.31,
1973-11-09,,105.77,
1973-11-12,,105.08,
1973-11-13,,104.74,
1973-11-14,,101.98,
1973-11-15,,101.63,
1973-11-16,,101.38,
1973-11-19,,99.0,
1973-11-20,,96.58,
1973-11-21,,97.32,
1973-11-23,,97.3,
1973-11-26,,94.13,
1973-11-27,,93.07,
1973-11-28,,94.94,
1973-11-29,,94.62,
1973-11-30,,93.51,
1973-12-03,,91.97,
1973-12-04,,91.56,
1973-12-05,,89.73,
1973-12-06,,91.27,
1973-12-07,,92.32,
1973-12-10,,93.54,
1973-12-11,,92.2,
1973-12-12,,90.81,
1973-12-13,,89.12,
1973-12-14,,89.63,
1973-12-17,,89.13,
1973-12-18,,90.56,
1973-12-19,,90.24,
1973-12-20,,90.27,
1973-12-21,,89.52,
1973-12-24,,88.67,
1973-12-26,,90.19,
1973-12-27,,91.25,
1973-12-28,,91.68,
1973-12-31,,92.19,
1974-01-02,,92.53,
1974-01-03,,94.18,
1974-01-04,,94.1,
1974-01-07,,94.47,
1974-01-08,,94.02,
1974-01-09,,92.2,
1974-01-10,,91.42,
1974-01-11,,92.23,
1974-01-14,,92.4,
1974-01-15,,93.07,
1974-01-16,,94.49,
1974-01-17,,95.95,
1974-01-18,,95.32,
1974-01-21,,94.48,
1974-01-22,,95.29,
1974-01-23,,95.76,
1974-01-24,,95.61,
1974-01-25,,95.4,
1974-01-28,,95.02,
1974-01-29,,94.56,
1974-01-30,,95.17,
1974-01-31,,94.93,
1974-02-01,,94.15,
1974-02-04,,92.89,
1974-02-05,,92.46,
1974-02-06,,92.74,
1974-02-07,,92.81,
1974-02-08,,92.2,
1974-02-11,,91.13,
1974-02-12,,90.5,
1974-02-13,,90.08,
1974-02-14,,90.21,
1974-02-15,,90.98,
1974-02-19,,90.82,
1974-02-20,,91.56,
1974-02-21,,92.17,
1974-02-22,,92.93,
1974-02-25,,92.72,
1974-02-26,,93.11,
1974-02-27,,94.06,
1974-02-28,,94.35,
1974-03-01,,94.05,
1974-03-04,,93.8,
1974-03-05,,94.71,
1974-03-06,,95.12,
1974-03-07,,94.53,
1974-03-08,,95.17,
1974-03-11,,95.87,
1974-03-12,,95.8,
1974-03-13,,96.33,
1974-03-14,,96.51,
1974-03-15,,96.53,
1974-03-18,,95.37,
1974-03-19,,94.75,
1974-03-20,,94.95,
1974-03-21,,95.36,
1974-03-22,,95.45,
1974-03-25,,95.35,
1974-03-26,,95.27,
1974-03-27,,94.21,
1974-03-28,,92.87,
1974-03-29,,92.27,
1974-04-01,,91.9,
1974-04-02,,92.03,
1974-04-03,,92.13,
1974-04-04,,91.88,
1974-04-05,,90.7,
1974-04-08,,89.92,
1974-04-09,,90.18,
1974-04-10,,89.87,
1974-04-11,,89.79,
1974-04-15,,89.42,
1974-04-16,,90.33,
1974-04-17,,90.72,
1974-04-18,,90.9,
1974-04-19,,90.31,
1974-04-22,,90.27,
1974-04-23,,88.47,
1974-04-24,,86.95,
1974-04-25,,86.04,
1974-04-26,,86.24,
1974-04-29,,86.46,
1974-04-30,,86.86,
1974-05-01,,87.63,
1974-05-02,,87.97,
1974-05-03,,87.47,
1974-05-06,,87.31,
1974-05-07,,86.66,
1974-05-08,,85.74,
1974-05-09,,85.81,
1974-05-10,,84.3,
1974-05-13,,83.18,
1974-05-14,,83.16,
1974-05-15,,83.51,
1974-05-16,,83.5,
1974-05-17,,81.93,
1974-05-20,,81.43,
1974-05-21,,81.29,
1974-05-22,,80.72,
1974-05-23,,80.55,
1974-05-24,,81.45,
1974-05-28,,81.06,
1974-05-29,,79.78,
1974-05-30,,80.09,
1974-05-31,,80.2,
1974-06-03,,81.08,
1974-06-04,,81.77,
1974-06-05,,82.21,
1974-06-06,,83.2,
1974-06-07,,83.71,
1974-06-10,,83.92,
1974-06-11,,83.34,
1974-06-12,,83.1,
1974-06-13,,83.24,
1974-06-14,,82.76,
1974-06-17,,81.54,
1974-06-18,,81.25,
1974-06-19,,80.66,
1974-06-20,,79.85,
1974-06-21,,79.11,
1974-06-24,,78.88,
1974-06-25,,79.35,
1974-06-26,,78.27,
1974-06-27,,76.83,
1974-06-28,,75.96,
1974-07-01,,75.39,
1974-07-02,,73.81,
1974-07-03,,73.66,
1974-07-05,,73.57,
1974-07-08,,70.96,
1974-07-09,,70.59,
1974-07-10,,69.82,
1974-07-11,,69.95,
1974-07-12,,71.68,
1974-07-15,,71.98,
1974-07-16,,71.63,
1974-07-17,,72.71,
1974-07-18,,72.81,
1974-07-19,,73.4,
1974-07-22,,73.42,
1974-07-23,,74.44,
1974-07-24,,74.63,
1974-07-25,,73.51,
1974-07-26,,72.83,
1974-07-29,,71.49,
1974-07-30,,71.3,
1974-07-31,,69.99,
1974-08-01,,69.63,
1974-08-02,,69.4,
1974-08-05,,69.67,
1974-08-06,,70.53,
1974-08-07,,71.68,
1974-08-08,,70.66,
1974-08-09,,70.69,
1974-08-12,,70.36,
1974-08-13,,68.82,
1974-08-14,,67.25,
1974-08-15,,66.88,
1974-08-16,,65.86,
1974-08-19,,65.13,
1974-08-20,,65.72,
1974-08-21,,64.92,
1974-08-22,,63.59,
1974-08-23,,62.57,
1974-08-26,,62.94,
1974-08-27,,62.34,
1974-08-28,,62.43,
1974-08-29,,61.37,
1974-08-30,,62.37,
1974-09-03,,60.88,
1974-09-04,,58.95,
1974-09-05,,60.22,
1974-09-06,,60.7,
1974-09-09,,59.37,
1974-09-10,,58.97,
1974-09-11,,58.96,
1974-09-12,,57.71,
1974-09-13,,56.66,
1974-09-16,,57.24,
1974-09-17,,57.72,
1974-09-18,,58.12,
1974-09-19,,59.52,
1974-09-20,,59.9,
1974-09-23,,59.66,
1974-09-24,,58.84,
1974-09-25,,58.76,
1974-09-26,,57.87,
1974-09-27,,57.12,
1974-09-30,,55.67,
1974-10-01,,55.48,
1974-10-02,,55.67,
1974-10-03,,54.87,
1974-10-04,,55.16,
1974-10-07,,56.57,
1974-10-08,,56.13,
1974-10-09,,57.57,
1974-10-10,,59.13,
1974-10-11,,60.42,
1974-10-14,,61.73,
1974-10-15,,61.4,
1974-10-16,,61.19,
1974-10-17,,62.04,
1974-10-18,,62.75,
1974-10-21,,63.82,
1974-10-22,,64.14,
1974-10-23,,63.4,
1974-10-24,,62.6,
1974-10-25,,62.88,
1974-10-28,,62.5,
1974-10-29,,63.67,
1974-10-30,,64.88,
1974-10-31,,65.23,
1974-11-01,,65.06,
1974-11-04,,64.62,
1974-11-05,,65.99,
1974-11-06,,66.11,
1974-11-07,,66.64,
1974-11-08,,66.51,
1974-11-11,,66.72,
1974-11-12,,65.36,
1974-11-13,,64.98,
1974-11-14,,65.04,
1974-11-15,,64.41,
1974-11-18,,62.09,
1974-11-19,,60.93,
1974-11-20,,60.75,
1974-11-21,,61.49,
1974-11-22,,62.07,
1974-11-25,,61.68,
1974-11-26,,62.65,
1974-11-27,,62.8,
1974-11-29,,62.95,
1974-12-02,,61.66,
1974-12-03,,60.5,
1974-12-04,,60.41,
1974-12-05,,58.92,
1974-12-06,,58.21,
1974-12-09,,57.91,
1974-12-10,,58.76,
1974-12-11,,59.27,
1974-12-12,,59.36,
1974-12-13,,59.22,
1974-12-16,,58.85,
1974-12-17,,59.18,
1974-12-18,,59.63,
1974-12-19,,59.46,
1974-12-20,,58.67,
1974-12-23,,57.86,
1974-12-24,,58.31,
1974-12-26,,58.88,
1974-12-27,,58.74,
1974-12-30,,58.78,
1974-12-31,,59.82,
1975-01-02,,60.7,
1975-01-03,,61.23,
1975-01-06,,61.74,
1975-01-07,,61.89,
1975-01-08,,61.5,
1975-01-09,,62.37,
1975-01-10,,63.69,
1975-01-13,,63.34,
1975-01-14,,63.11,
1975-01-15,,63.87,
1975-01-16,,64.8,
1975-01-17,,64.4,
1975-01-20,,64.44,
1975-01-21,,64.18,
1975-01-22,,64.12,
1975-01-23,,64.49,
1975-01-24,,65.38,
1975-01-27,,67.04,
1975-01-28,,67.92,
1975-01-29,,69.08,
1975-01-30,,68.99,
1975-01-31,,69.78,
1975-02-03,,70.73,
1975-02-04,,70.13,
1975-02-05,,71.07,
1975-02-06,,71.46,
1975-02-07,,71.12,
1975-02-10,,70.82,
1975-02-11,,70.83,
1975-02-12,,71.59,
1975-02-13,,72.88,
1975-02-14,,73.26,
1975-02-18,,72.47,
1975-02-19,,72.87,
1975-02-20,,73.58,
1975-02-21,,73.79,
1975-02-24,,73.14,
1975-02-25,,72.07,
1975-02-26,,72.24,
1975-02-27,,72.53,
1975-02-28,,73.0,
1975-03-03,,73.83,
1975-03-04,,74.21,
1975-03-05,,73.9,
1975-03-06,,74.03,
1975-03-07,,74.4,
1975-03-10,,74.88,
1975-03-11,,75.04,
1975-03-12,,74.13,
1975-03-13,,74.68,
1975-03-14,,76.07,
1975-03-17,,76.27,
1975-03-18,,76.18,
1975-03-19,,75.67,
1975-03-20,,75.78,
1975-03-21,,75.92,
1975-03-24,,74.42,
1975-03-25,,74.33,
1975-03-26,,75.56,
1975-03-27,,76.18,
1975-03-31,,75.66,
1975-04-01,,75.42,
1975-04-02,,75.62,
1975-04-03,,74.95,
1975-04-04,,74.73,
1975-04-07,,74.34,
1975-04-08,,74.53,
1975-04-09,,75.4,
1975-04-10,,75.76,
1975-04-11,,76.31,
1975-04-14,,77.33,
1975-04-15,,77.51,
1975-04-16,,78.0,
1975-04-17,,78.26,
1975-04-18,,78.08,
1975-04-21,,79.08,
1975-04-22,,78.54,
1975-04-23,,78.24,
1975-04-24,,78.07,
1975-04-25,,78.64,
1975-04-28,,78.28,
1975-04-29,,77.82,
1975-04-30,,78.54,
1975-05-01,,79.27,
1975-05-02,,80.25,
1975-05-05,,81.14,
1975-05-06,,80.81,
1975-05-07,,81.31,
1975-05-08,,82.12,
1975-05-09,,82.82,
1975-05-12,,82.3,
1975-05-13,,82.35,
1975-05-14,,82.91,
1975-05-15,,82.79,
1975-05-16,,82.44,
1975-05-19,,81.99,
1975-05-20,,81.82,
1975-05-21,,80.95,
1975-05-22,,81.56,
1975-05-23,,82.62,
1975-05-27,,82.49,
1975-05-28,,81.98,
1975-05-29,,81.78,
1975-05-30,,83.1,
1975-06-02,,83.88,
1975-06-03,,84.14,
1975-06-04,,84.04,
1975-06-05,,84.24,
1975-06-06,,84.77,
1975-06-09,,84.01,
1975-06-10,,83.4,
1975-06-11,,83.6,
1975-06-12,,82.99,
1975-06-13,,83.43,
1975-06-16,,84.01,
1975-06-17,,83.43,
1975-06-18,,83.47,
1975-06-19,,84.55,
1975-06-20,,85.24,
1975-06-23,,85.77,
1975-06-24,,86.23,
1975-06-25,,86.3,
1975-06-26,,86.45,
1975-06-27,,86.5,
1975-06-30,,87.02,
1975-07-01,,86.33,
1975-07-02,,85.64,
1975-07-03,,86.2,
1975-07-07,,85.6,
1975-07-08,,85.39,
1975-07-09,,86.5,
1975-07-10,,86.83,
1975-07-11,,87.2,
1975-07-14,,87.58,
1975-07-15,,88.0,
1975-07-16,,87.39,
1975-07-17,,87.13,
1975-07-18,,87.02,
1975-07-21,,86.77,
1975-07-22,,85.72,
1975-07-23,,84.62,
1975-07-24,,84.14,
1975-07-25,,83.6,
1975-07-28,,83.09,
1975-07-29,,82.67,
1975-07-30,,83.03,
1975-07-31,,83.19,
1975-08-01,,81.62,
1975-08-04,,80.98,
1975-08-05,,80.17,
1975-08-06,,80.24,
1975-08-07,,79.59,
1975-08-08,,79.55,
1975-08-11,,79.45,
1975-08-12,,79.6,
1975-08-13,,79.09,
1975-08-14,,78.45,
1975-08-15,,78.58,
1975-08-18,,78.03,
1975-08-19,,76.65,
1975-08-20,,75.52,
1975-08-21,,75.9,
1975-08-22,,76.45,
1975-08-25,,76.84,
1975-08-26,,76.21,
1975-08-27,,76.57,
1975-08-28,,78.06,
1975-08-29,,79.01,
1975-09-02,,77.89,
1975-09-03,,78.08,
1975-09-04,,78.13,
1975-09-05,,77.78,
1975-09-08,,77.46,
1975-09-09,,76.6,
1975-09-10,,75.24,
1975-09-11,,74.85,
1975-09-12,,74.72,
1975-09-15,,74.47,
1975-09-16,,73.78,
1975-09-17,,73.87,
1975-09-18,,74.78,
1975-09-19,,76.39,
1975-09-22,,75.86,
1975-09-23,,75.94,
1975-09-24,,76.43,
1975-09-25,,76.1,
1975-09-26,,76.14,
1975-09-29,,75.37,
1975-09-30,,74.33,
1975-10-01,,73.8,
1975-10-02,,74.16,
1975-10-03,,75.5,
1975-10-06,,76.03,
1975-10-07,,75.88,
1975-10-08,,76.61,
1975-10-09,,76.87,
1975-10-10,,76.96,
1975-10-13,,77.7,
1975-10-14,,78.19,
1975-10-15,,78.2,
1975-10-16,,77.63,
1975-10-17,,78.22,
1975-10-20,,78.13,
1975-10-21,,78.43,
1975-10-22,,78.91,
1975-10-23,,78.06,
1975-10-24,,78.62,
1975-10-27,,78.29,
1975-10-28,,78.73,
1975-10-29,,77.58,
1975-10-30,,77.45,
1975-10-31,,76.99,
1975-11-03,,76.62,
1975-11-04,,76.86,
1975-11-05,,77.3,
1975-11-06,,77.39,
1975-11-07,,77.21,
1975-11-10,,77.46,
1975-11-11,,78.0,
1975-11-12,,79.27,
1975-11-13,,79.22,
1975-11-14,,78.98,
1975-11-17,,79.1,
1975-11-18,,78.62,
1975-11-19,,77.87,
1975-11-20,,77.67,
1975-11-21,,77.74,
1975-11-24,,77.92,
1975-11-25,,78.18,
1975-11-26,,78.56,
1975-11-28,,78.8,
1975-12-01,,78.66,
1975-12-02,,77.33,
1975-12-03,,75.67,
1975-12-04,,75.2,
1975-12-05,,74.72,
1975-12-08,,74.92,
1975-12-09,,74.52,
1975-12-10,,75.25,
1975-12-11,,75.08,
1975-12-12,,74.91,
1975-12-15,,74.54,
1975-12-16,,75.19,
1975-12-17,,75.8,
1975-12-18,,76.07,
1975-12-19,,75.92,
1975-12-22,,75.59,
1975-12-23,,75.88,
1975-12-24,,76.37,
1975-12-26,,77.13,
1975-12-29,,76.94,
1975-12-30,,76.67,
1975-12-31,,77.62,
1976-01-02,,78.06,
1976-01-05,,78.76,
1976-01-06,,80.27,
1976-01-07,,80.99,
1976-01-08,,81.65,
1976-01-09,,82.31,
1976-01-12,,82.71,
1976-01-13,,82.42,
1976-01-14,,83.62,
1976-01-15,,83.73,
1976-01-16,,84.3,
1976-01-19,,84.73,
1976-01-20,,84.9,
1976-01-21,,84.95,
1976-01-22,,84.62,
1976-01-23,,85.26,
1976-01-26,,85.05,
1976-01-27,,84.76,
1976-01-28,,84.63,
1976-01-29,,86.15,
1976-01-30,,87.05,
1976-02-02,,87.28,
1976-02-03,,87.38,
1976-02-04,,88.45,
1976-02-05,,88.02,
1976-02-06,,87.25,
1976-02-09,,87.83,
1976-02-10,,87.95,
1976-02-11,,88.69,
1976-02-12,,88.88,
1976-02-13,,88.96,
1976-02-17,,88.82,
1976-02-18,,89.23,
1976-02-19,,90.14,
1976-02-20,,91.02,
1976-02-23,,91.31,
1976-02-24,,91.73,
1976-02-25,,92.09,
1976-02-26,,91.45,
1976-02-27,,90.26,
1976-03-01,,90.25,
1976-03-02,,90.54,
1976-03-03,,90.17,
1976-03-04,,89.65,
1976-03-05,,89.47,
1976-03-08,,89.97,
1976-03-09,,89.98,
1976-03-10,,90.2,
1976-03-11,,91.21,
1976-03-12,,90.99,
1976-03-15,,89.72,
1976-03-16,,89.86,
1976-03-17,,90.11,
1976-03-18,,89.55,
1976-03-19,,89.54,
1976-03-22,,89.69,
1976-03-23,,90.36,
1976-03-24,,90.93,
1976-03-25,,90.67,
1976-03-26,,90.89,
1976-03-29,,90.69,
1976-03-30,,90.49,
1976-03-31,,90.62,
1976-04-01,,90.44,
1976-04-02,,90.63,
1976-04-05,,91.43,
1976-04-06,,91.55,
1976-04-07,,90.8,
1976-04-08,,90.04,
1976-04-09,,88.89,
1976-04-12,,88.6,
1976-04-13,,88.66,
1976-04-14,,88.75,
1976-04-15,,89.17,
1976-04-19,,89.59,
1976-04-20,,90.61,
1976-04-21,,90.77,
1976-04-22,,90.96,
1976-04-23,,90.6,
1976-04-26,,90.57,
1976-04-27,,89.98,
1976-04-28,,90.3,
1976-04-29,,90.55,
1976-04-30,,90.08,
1976-05-03,,89.05,
1976-05-04,,89.24,
1976-05-05,,89.24,
1976-05-06,,89.42,
1976-05-07,,90.02,
1976-05-10,,90.55,
1976-05-11,,90.59,
1976-05-12,,90.64,
1976-05-13,,90.22,
1976-05-14,,89.78,
1976-05-17,,89.49,
1976-05-18,,89.53,
1976-05-19,,89.25,
1976-05-20,,89.53,
1976-05-21,,89.39,
1976-05-24,,88.15,
1976-05-25,,87.81,
1976-05-26,,88.1,
1976-05-27,,87.78,
1976-05-28,,88.04,
1976-06-01,,87.81,
1976-06-02,,88.16,
1976-06-03,,88.26,
1976-06-04,,87.75,
1976-06-07,,87.22,
1976-06-08,,87.12,
1976-06-09,,86.95,
1976-06-10,,87.31,
1976-06-11,,87.71,
1976-06-14,,88.4,
1976-06-15,,88.45,
1976-06-16,,88.93,
1976-06-17,,89.72,
1976-06-18,,90.05,
1976-06-21,,90.15,
1976-06-22,,89.54,
1976-06-23,,89.19,
1976-06-24,,89.8,
1976-06-25,,90.05,
1976-06-28,,89.87,
1976-06-29,,90.11,
1976-06-30,,90.32,
1976-07-01,,90.28,
1976-07-02,,90.88,
1976-07-06,,90.62,
1976-07-07,,90.6,
1976-07-08,,90.79,
1976-07-09,,91.48,
1976-07-12,,91.94,
1976-07-13,,91.97,
1976-07-14,,92.44,
1976-07-15,,92.52,
1976-07-16,,92.4,
1976-07-19,,92.08,
1976-07-20,,91.68,
1976-07-21,,91.53,
1976-07-22,,91.66,
1976-07-23,,91.6,
1976-07-26,,91.48,
1976-07-27,,91.3,
1976-07-28,,91.01,
1976-07-29,,90.85,
1976-07-30,,91.29,
1976-08-02,,91.27,
1976-08-03,,92.01,
1976-08-04,,91.87,
1976-08-05,,91.48,
1976-08-06,,91.64,
1976-08-09,,91.33,
1976-08-10,,91.89,
1976-08-11,,91.81,
1976-08-12,,91.89,
1976-08-13,,91.81,
1976-08-16,,91.77,
1976-08-17,,92.01,
1976-08-18,,91.85,
1976-08-19,,90.74,
1976-08-20,,90.19,
1976-08-23,,89.6,
1976-08-24,,89.13,
1976-08-25,,89.55,
1976-08-26,,89.2,
1976-08-27,,89.14,
1976-08-30,,89.28,
1976-08-31,,89.7,
1976-09-01,,90.59,
1976-09-02,,90.68,
1976-09-03,,91.02,
1976-09-07,,91.21,
1976-09-08,,91.26,
1976-09-09,,90.86,
1976-09-10,,91.19,
1976-09-13,,90.96,
1976-09-14,,90.53,
1976-09-15,,90.63,
1976-09-16,,91.04,
1976-09-17,,91.61,
1976-09-20,,91.89,
1976-09-21,,92.42,
1976-09-22,,92.44,
1976-09-23,,92.27,
1976-09-24,,92.31,
1976-09-27,,92.44,
1976-09-28,,91.64,
1976-09-29,,91.27,
1976-09-30,,91.26,
1976-10-01,,90.44,
1976-10-04,,90.46,
1976-10-05,,89.75,
1976-10-06,,89.07,
1976-10-07,,89.63,
1976-10-08,,89.38,
1976-10-11,,89.02,
1976-10-12,,88.76,
1976-10-13,,89.3,
1976-10-14,,88.73,
1976-10-15,,89.06,
1976-10-18,,89.46,
1976-10-19,,89.45,
1976-10-20,,89.63,
1976-10-21,,89.49,
1976-10-22,,89.26,
1976-10-25,,89.37,
1976-10-26,,89.42,
1976-10-27,,89.62,
1976-10-28,,89.85,
1976-10-29,,90.35,
1976-11-01,,90.39,
1976-11-03,,89.38,
1976-11-04,,90.06,
1976-11-05,,89.47,
1976-11-08,,88.74,
1976-11-09,,88.08,
1976-11-10,,87.82,
1976-11-11,,88.15,
1976-11-12,,88.1,
1976-11-15,,88.13,
1976-11-16,,88.52,
1976-11-17,,89.01,
1976-11-18,,89.81,
1976-11-19,,89.97,
1976-11-22,,90.47,
1976-11-23,,90.22,
1976-11-24,,90.69,
1976-11-26,,91.42,
1976-11-29,,91.08,
1976-11-30,,91.12,
1976-12-01,,91.83,
1976-12-02,,91.84,
1976-12-03,,92.31,
1976-12-06,,92.63,
1976-12-07,,93.01,
1976-12-08,,93.37,
1976-12-09,,94.1,
1976-12-10,,94.62,
1976-12-13,,94.62,
1976-12-14,,94.65,
1976-12-15,,94.92,
1976-12-16,,94.93,
1976-12-17,,94.64,
1976-12-20,,94.47,
1976-12-21,,94.68,
1976-12-22,,95.18,
1976-12-23,,95.22,
1976-12-27,,95.68,
1976-12-28,,96.22,
1976-12-29,,96.29,
1976-12-30,,97.05,
1976-12-31,,97.88,
1977-01-03,,97.69,
1977-01-04,,97.22,
1977-01-05,,96.89,
1977-01-06,,97.29,
1977-01-07,,97.53,
1977-01-10,,97.31,
1977-01-11,,96.41,
1977-01-12,,96.02,
1977-01-13,,96.84,
1977-01-14,,97.2,
1977-01-17,,97.14,
1977-01-18,,97.13,
1977-01-19,,97.55,
1977-01-20,,97.08,
1977-01-21,,97.32,
1977-01-24,,97.37,
1977-01-25,,97.06,
1977-01-26,,96.51,
1977-01-27,,96.04,
1977-01-28,,95.72,
1977-01-31,,95.54,
1977-02-01,,96.3,
1977-02-02,,96.46,
1977-02-03,,96.33,
1977-02-04,,96.74,
1977-02-07,,96.61,
1977-02-08,,96.59,
1977-02-09,,95.99,
1977-02-10,,96.29,
1977-02-11,,96.09,
1977-02-14,,96.13,
1977-02-15,,96.41,
1977-02-16,,96.62,
1977-02-17,,96.56,
1977-02-18,,96.38,
1977-02-22,,96.14,
1977-02-23,,95.76,
1977-02-24,,94.84,
1977-02-25,,94.9,
1977-02-28,,94.57,
1977-03-01,,95.14,
1977-03-02,,95.19,
1977-03-03,,95.53,
1977-03-04,,96.07,
1977-03-07,,96.17,
1977-03-08,,96.23,
1977-03-09,,95.75,
1977-03-10,,95.94,
1977-03-11,,96.07,
1977-03-14,,96.19,
1977-03-15,,96.39,
1977-03-16,,96.58,
1977-03-17,,96.42,
1977-03-18,,96.44,
1977-03-21,,96.26,
1977-03-22,,96.05,
1977-03-23,,95.76,
1977-03-24,,95.54,
1977-03-25,,95.28,
1977-03-28,,94.85,
1977-03-29,,94.92,
1977-03-30,,94.23,
1977-03-31,,94.13,
1977-04-01,,94.54,
1977-04-04,,93.9,
1977-04-05,,93.66,
1977-04-06,,93.89,
1977-04-07,,94.03,
1977-04-11,,94.37,
1977-04-12,,95.06,
1977-04-13,,95.1,
1977-04-14,,96.0,
1977-04-15,,96.26,
1977-04-18,,96.17,
1977-04-19,,96.1,
1977-04-20,,96.36,
1977-04-21,,95.82,
1977-04-22,,95.12,
1977-04-25,,94.26,
1977-04-26,,94.12,
1977-04-27,,94.79,
1977-04-28,,95.06,
1977-04-29,,95.48,
1977-05-02,,95.83,
1977-05-03,,96.21,
1977-05-04,,96.63,
1977-05-05,,96.89,
1977-05-06,,96.9,
1977-05-09,,96.76,
1977-05-10,,97.16,
1977-05-11,,96.92,
1977-05-12,,96.96,
1977-05-13,,97.41,
1977-05-16,,97.79,
1977-05-17,,97.9,
1977-05-18,,98.47,
1977-05-19,,98.36,
1977-05-20,,98.0,
1977-05-23,,97.15,
1977-05-24,,96.66,
1977-05-25,,96.18,
1977-05-26,,96.17,
1977-05-27,,95.9,
1977-05-31,,95.59,
1977-06-01,,95.86,
1977-06-02,,95.8,
1977-06-03,,96.19,
1977-06-06,,96.11,
1977-06-07,,96.17,
1977-06-08,,96.59,
1977-06-09,,96.63,
1977-06-10,,97.07,
1977-06-13,,97.28,
1977-06-14,,97.7,
1977-06-15,,97.67,
1977-06-16,,98.22,
1977-06-17,,98.61,
1977-06-20,,98.72,
1977-06-21,,98.83,
1977-06-22,,98.78,
1977-06-23,,99.17,
1977-06-24,,99.66,
1977-06-27,,99.63,
1977-06-28,,99.28,
1977-06-29,,99.34,
1977-06-30,,99.73,
1977-07-01,,99.9,
1977-07-05,,100.12,
1977-07-06,,99.96,
1977-07-07,,100.28,
1977-07-08,,100.81,
1977-07-11,,100.85,
1977-07-12,,100.75,
1977-07-13,,100.93,
1977-07-15,,101.41,
1977-07-18,,102.01,
1977-07-19,,102.38,
1977-07-20,,102.43,
1977-07-21,,102.7,
1977-07-22,,103.11,
1977-07-25,,103.01,
1977-07-26,,102.4,
1977-07-27,,101.25,
1977-07-28,,100.68,
1977-07-29,,100.65,
1977-08-01,,100.76,
1977-08-02,,100.4,
1977-08-03,,100.02,
1977-08-04,,100.39,
1977-08-05,,100.86,
1977-08-08,,100.55,
1977-08-09,,100.52,
1977-08-10,,100.81,
1977-08-11,,100.94,
1977-08-12,,100.76,
1977-08-15,,100.89,
1977-08-16,,100.65,
1977-08-17,,100.72,
1977-08-18,,100.86,
1977-08-19,,100.85,
1977-08-22,,101.05,
1977-08-23,,100.94,
1977-08-24,,100.75,
1977-08-25,,100.14,
1977-08-26,,99.89,
1977-08-29,,100.37,
1977-08-30,,100.11,
1977-08-31,,100.1,
1977-09-01,,100.4,
1977-09-02,,100.83,
1977-09-06,,100.78,
1977-09-07,,101.16,
1977-09-08,,101.28,
1977-09-09,,100.91,
1977-09-12,,100.6,
1977-09-13,,100.46,
1977-09-14,,100.61,
1977-09-15,,100.97,
1977-09-16,,100.74,
1977-09-19,,100.35,
1977-09-20,,100.23,
1977-09-21,,99.76,
1977-09-22,,99.47,
1977-09-23,,99.57,
1977-09-26,,99.74,
1977-09-27,,99.74,
1977-09-28,,99.96,
1977-09-29,,100.27,
1977-09-30,,100.85,
1977-10-03,,101.16,
1977-10-04,,100.81,
1977-10-05,,100.82,
1977-10-06,,101.31,
1977-10-07,,101.62,
1977-10-10,,101.69,
1977-10-11,,101.23,
1977-10-12,,99.83,
1977-10-13,,99.03,
1977-10-14,,99.05,
1977-10-17,,99.14,
1977-10-18,,99.25,
1977-10-19,,98.45,
1977-10-20,,98.6,
1977-10-21,,98.54,
1977-10-24,,97.89,
1977-10-25,,96.83,
1977-10-26,,96.86,
1977-10-27,,97.07,
1977-10-28,,97.49,
1977-10-31,,97.52,
1977-11-01,,96.74,
1977-11-02,,96.51,
1977-11-03,,96.49,
1977-11-04,,97.21,
1977-11-07,,97.85,
1977-11-08,,98.21,
1977-11-09,,98.7,
1977-11-10,,99.98,
1977-11-11,,100.94,
1977-11-14,,100.98,
1977-11-15,,101.52,
1977-11-16,,101.56,
1977-11-17,,101.86,
1977-11-18,,102.22,
1977-11-21,,102.35,
1977-11-22,,102.93,
1977-11-23,,103.74,
1977-11-25,,104.33,
1977-11-28,,104.06,
1977-11-29,,103.2,
1977-11-30,,103.15,
1977-12-01,,103.68,
1977-12-02,,104.1,
1977-12-05,,104.15,
1977-12-06,,102.97,
1977-12-07,,102.85,
1977-12-08,,103.06,
1977-12-09,,103.57,
1977-12-12,,103.89,
1977-12-13,,104.1,
1977-12-14,,103.96,
1977-12-15,,103.89,
1977-12-16,,104.05,
1977-12-19,,103.3,
1977-12-20,,102.5,
1977-12-21,,103.03,
1977-12-22,,103.41,
1977-12-23,,103.94,
1977-12-27,,103.96,
1977-12-28,,104.04,
1977-12-29,,104.42,
1977-12-30,,105.05,
1978-01-03,,104.0,
1978-01-04,,103.66,
1978-01-05,,103.21,
1978-01-06,,101.66,
1978-01-09,,100.2,
1978-01-10,,99.58,
1978-01-11,,99.09,
1978-01-12,,99.54,
1978-01-13,,99.77,
1978-01-16,,99.36,
1978-01-17,,99.98,
1978-01-18,,100.42,
1978-01-19,,100.58,
1978-01-20,,100.63,
1978-01-23,,100.34,
1978-01-24,,100.54,
1978-01-25,,100.87,
1978-01-26,,100.53,
1978-01-27,,100.62,
1978-01-30,,100.97,
1978-01-31,,100.84,
1978-02-01,,101.54,
1978-02-02,,101.94,
1978-02-03,,102.22,
1978-02-06,,102.27,
1978-02-07,,102.75,
1978-02-08,,103.18,
1978-02-09,,103.2,
1978-02-10,,103.58,
1978-02-13,,103.34,
1978-02-14,,102.78,
1978-02-15,,102.56,
1978-02-16,,102.17,
1978-02-17,,102.25,
1978-02-21,,101.99,
1978-02-22,,102.13,
1978-02-23,,102.16,
1978-02-24,,102.7,
1978-02-27,,102.22,
1978-02-28,,101.47,
1978-03-01,,101.47,
1978-03-02,,101.71,
1978-03-03,,101.95,
1978-03-06,,101.74,
1978-03-07,,102.02,
1978-03-08,,102.41,
1978-03-09,,102.82,
1978-03-10,,103.42,
1978-03-13,,103.53,
1978-03-14,,103.66,
1978-03-15,,103.8,
1978-03-16,,104.38,
1978-03-17,,104.94,
1978-03-20,,105.36,
1978-03-21,,105.02,
1978-03-22,,105.16,
1978-03-23,,105.39,
1978-03-27,,105.3,
1978-03-28,,105.68,
1978-03-29,,106.08,
1978-03-30,,106.18,
1978-03-31,,106.2,
1978-04-03,,105.89,
1978-04-04,,106.2,
1978-04-05,,106.95,
1978-04-06,,107.47,
1978-04-07,,108.23,
1978-04-10,,108.53,
1978-04-11,,108.44,
1978-04-12,,108.87,
1978-04-13,,109.99,
1978-04-14,,111.29,
1978-04-17,,111.91,
1978-04-18,,111.43,
1978-04-19,,111.64,
1978-04-20,,112.86,
1978-04-21,,113.32,
1978-04-24,,113.6,
1978-04-25,,114.28,
1978-04-26,,114.7,
1978-04-27,,114.59,
1978-04-28,,115.18,
1978-05-01,,115.96,
1978-05-02,,116.12,
1978-05-03,,116.21,
1978-05-04,,116.48,
1978-05-05,,117.27,
1978-05-08,,117.14,
1978-05-09,,117.05,
1978-05-10,,117.55,
1978-05-11,,118.25,
1978-05-12,,119.4,
1978-05-15,,119.8,
1978-05-16,,120.78,
1978-05-17,,121.84,
1978-05-18,,121.66,
1978-05-19,,121.57,
1978-05-22,,121.93,
1978-05-23,,120.97,
1978-05-24,,119.8,
1978-05-25,,119.82,
1978-05-26,,119.86,
1978-05-30,,120.0,
1978-05-31,,120.24,
1978-06-01,,120.34,
1978-06-02,,121.03,
1978-06-05,,122.1,
1978-06-06,,122.85,
1978-06-07,,123.1,
1978-06-08,,123.99,
1978-06-09,,124.41,
1978-06-12,,124.29,
1978-06-13,,124.24,
1978-06-14,,124.51,
1978-06-15,,124.19,
1978-06-16,,123.69,
1978-06-19,,122.92,
1978-06-20,,122.03,
1978-06-21,,120.63,
1978-06-22,,120.68,
1978-06-23,,120.74,
1978-06-26,,119.54,
1978-06-27,,119.18,
1978-06-28,,119.52,
1978-06-29,,119.98,
1978-06-30,,120.3,
1978-07-03,,120.15,
1978-07-05,,119.22,
1978-07-06,,118.82,
1978-07-07,,119.16,
1978-07-10,,119.38,
1978-07-11,,119.83,
1978-07-12,,120.28,
1978-07-13,,120.43,
1978-07-14,,121.58,
1978-07-17,,122.36,
1978-07-18,,122.09,
1978-07-19,,122.8,
1978-07-20,,123.75,
1978-07-21,,123.6,
1978-07-24,,123.59,
1978-07-25,,123.79,
1978-07-26,,124.48,
1978-07-27,,125.13,
1978-07-28,,125.62,
1978-07-31,,126.32,
1978-08-01,,126.81,
1978-08-02,,128.16,
1978-08-03,,129.02,
1978-08-04,,129.71,
1978-08-07,,130.21,
1978-08-08,,130.49,
1978-08-09,,131.64,
1978-08-10,,131.58,
1978-08-11,,132.0,
1978-08-14,,132.11,
1978-08-15,,131.95,
1978-08-16,,132.77,
1978-08-17,,134.14,
1978-08-18,,134.71,
1978-08-21,,133.77,
1978-08-22,,133.87,
1978-08-23,,134.73,
1978-08-24,,135.28,
1978-08-25,,135.84,
1978-08-28,,135.24,
1978-08-29,,134.63,
1978-08-30,,134.75,
1978-08-31,,135.01,
1978-09-01,,135.35,
1978-09-05,,135.46,
1978-09-06,,136.48,
1978-09-07,,137.09,
1978-09-08,,138.36,
1978-09-11,,138.95,
1978-09-12,,139.24,
1978-09-13,,139.25,
1978-09-14,,138.34,
1978-09-15,,137.36,
1978-09-18,,135.65,
1978-09-19,,134.06,
1978-09-20,,132.66,
1978-09-21,,132.1,
1978-09-22,,132.3,
1978-09-25,,132.11,
1978-09-26,,132.92,
1978-09-27,,132.01,
1978-09-28,,132.11,
1978-09-29,,132.89,
1978-10-02,,133.3,
1978-10-03,,133.11,
1978-10-04,,133.1,
1978-10-05,,133.54,
1978-10-06,,134.0,
1978-10-09,,134.64,
1978-10-10,,134.93,
1978-10-11,,135.27,
1978-10-12,,135.57,
1978-10-13,,135.58,
1978-10-16,,133.94,
1978-10-17,,130.96,
1978-10-18,,128.92,
1978-10-19,,127.22,
1978-10-20,,123.82,
1978-10-23,,121.94,
1978-10-24,,121.14,
1978-10-25,,121.16,
1978-10-26,,118.0,
1978-10-27,,115.25,
1978-10-30,,112.4,
1978-10-31,,111.12,
1978-11-01,,114.65,
1978-11-02,,114.63,
1978-11-03,,115.49,
1978-11-06,,115.08,
1978-11-07,,112.83,
1978-11-08,,112.99,
1978-11-09,,113.88,
1978-11-10,,114.84,
1978-11-13,,113.0,
1978-11-14,,110.88,
1978-11-15,,111.44,
1978-11-16,,112.21,
1978-11-17,,113.69,
1978-11-20,,114.51,
1978-11-21,,114.56,
1978-11-22,,115.37,
1978-11-24,,116.17,
1978-11-27,,115.97,
1978-11-28,,115.6,
1978-11-29,,114.09,
1978-11-30,,114.69,
1978-12-01,,116.19,
1978-12-04,,116.57,
1978-12-05,,117.67,
1978-12-06,,118.45,
1978-12-07,,118.55,
1978-12-08,,118.77,
1978-12-11,,119.15,
1978-12-12,,118.5,
1978-12-13,,118.13,
1978-12-14,,118.15,
1978-12-15,,117.41,
1978-12-18,,114.33,
1978-12-19,,114.73,
1978-12-20,,115.3,
1978-12-21,,115.85,
1978-12-22,,116.93,
1978-12-26,,117.68,
1978-12-27,,117.33,
1978-12-28,,117.3,
1978-12-29,,117.98,
1979-01-02,,117.84,
1979-01-03,,119.11,
1979-01-04,,120.66,
1979-01-05,,122.05,
1979-01-08,,121.92,
1979-01-09,,122.66,
1979-01-10,,122.28,
1979-01-11,,122.76,
1979-01-12,,123.74,
1979-01-15,,124.47,
1979-01-16,,123.74,
1979-01-17,,123.59,
1979-01-18,,124.31,
1979-01-19,,124.65,
1979-01-22,,124.66,
1979-01-23,,125.46,
1979-01-24,,125.34,
1979-01-25,,126.42,
1979-01-26,,127.04,
1979-01-29,,126.77,
1979-01-30,,126.51,
1979-01-31,,125.82,
1979-02-01,,125.76,
1979-02-02,,125.82,
1979-02-05,,124.34,
1979-02-06,,124.31,
1979-02-07,,122.8,
1979-02-08,,123.41,
1979-02-09,,123.76,
1979-02-12,,124.05,
1979-02-13,,124.89,
1979-02-14,,124.61,
1979-02-15,,124.93,
1979-02-16,,125.57,
1979-02-20,,125.83,
1979-02-21,,125.76,
1979-02-22,,125.45,
1979-02-23,,125.04,
1979-02-26,,124.9,
1979-02-27,,122.64,
1979-02-28,,122.56,
1979-03-01,,123.33,
1979-03-02,,123.67,
1979-03-05,,124.72,
1979-03-06,,124.43,
1979-03-07,,125.61,
1979-03-08,,127.05,
1979-03-09,,127.25,
1979-03-12,,127.19,
1979-03-13,,127.69,
1979-03-14,,127.59,
1979-03-15,,127.85,
1979-03-16,,128.55,
1979-03-19,,129.14,
1979-03-20,,128.79,
1979-03-21,,129.44,
1979-03-22,,130.08,
1979-03-23,,130.58,
1979-03-26,,130.11,
1979-03-27,,130.78,
1979-03-28,,130.87,
1979-03-29,,131.29,
1979-03-30,,131.76,
1979-04-02,,131.36,
1979-04-03,,132.33,
1979-04-04,,132.75,
1979-04-05,,133.37,
1979-04-06,,133.75,
1979-04-09,,133.74,
1979-04-10,,134.22,
1979-04-11,,133.57,
1979-04-12,,133.54,
1979-04-16,,132.48,
1979-04-17,,132.26,
1979-04-18,,132.91,
1979-04-19,,133.18,
1979-04-20,,133.67,
1979-04-23,,133.87,
1979-04-24,,134.29,
1979-04-25,,134.78,
1979-04-26,,134.65,
1979-04-27,,134.37,
1979-04-30,,133.82,
1979-05-01,,133.79,
1979-05-02,,133.99,
1979-05-03,,134.2,
1979-05-04,,133.72,
1979-05-07,,130.6,
1979-05-08,,129.6,
1979-05-09,,130.34,
1979-05-10,,129.71,
1979-05-11,,129.69,
1979-05-14,,128.99,
1979-05-15,,129.01,
1979-05-16,,129.35,
1979-05-17,,130.44,
1979-05-18,,131.01,
1979-05-21,,131.16,
1979-05-22,,131.9,
1979-05-23,,132.12,
1979-05-24,,132.1,
1979-05-25,,132.68,
1979-05-29,,132.46,
1979-05-30,,131.39,
1979-05-31,,131.42,
1979-06-01,,131.76,
1979-06-04,,131.95,
1979-06-05,,133.02,
1979-06-06,,133.62,
1979-06-07,,134.55,
1979-06-08,,134.96,
1979-06-11,,135.04,
1979-06-12,,135.92,
1979-06-13,,136.01,
1979-06-14,,136.02,
1979-06-15,,136.25,
1979-06-18,,135.85,
1979-06-19,,136.05,
1979-06-20,,136.45,
1979-06-21,,136.71,
1979-06-22,,137.24,
1979-06-25,,136.89,
1979-06-26,,136.53,
1979-06-27,,137.4,
1979-06-28,,138.08,
1979-06-29,,138.13,
1979-07-02,,137.03,
1979-07-03,,137.03,
1979-07-05,,137.79,
1979-07-06,,138.64,
1979-07-09,,139.15,
1979-07-10,,138.97,
1979-07-11,,138.85,
1979-07-12,,138.68,
1979-07-13,,138.52,
1979-07-16,,138.89,
1979-07-17,,137.86,
1979-07-18,,137.26,
1979-07-19,,137.57,
1979-07-20,,137.98,
1979-07-23,,137.57,
1979-07-24,,138.02,
1979-07-25,,138.97,
1979-07-26,,139.52,
1979-07-27,,140.02,
1979-07-30,,140.54,
1979-07-31,,141.33,
1979-08-01,,141.9,
1979-08-02,,142.54,
1979-08-03,,142.63,
1979-08-06,,142.41,
1979-08-07,,143.3,
1979-08-08,,144.06,
1979-08-09,,144.27,
1979-08-10,,145.07,
1979-08-13,,146.07,
1979-08-14,,146.3,
1979-08-15,,147.14,
1979-08-16,,147.44,
1979-08-17,,147.84,
1979-08-20,,147.95,
1979-08-21,,147.99,
1979-08-22,,148.74,
1979-08-23,,149.13,
1979-08-24,,149.4,
1979-08-27,,149.51,
1979-08-28,,149.54,
1979-08-29,,150.04,
1979-08-30,,150.06,
1979-08-31,,150.44,
1979-09-04,,148.49,
1979-09-05,,146.03,
1979-09-06,,146.87,
1979-09-07,,148.07,
1979-09-10,,148.91,
1979-09-11,,148.39,
1979-09-12,,148.66,
1979-09-13,,149.33,
1979-09-14,,150.56,
1979-09-17,,150.46,
1979-09-18,,149.19,
1979-09-19,,149.44,
1979-09-20,,150.2,
1979-09-21,,150.65,
1979-09-24,,150.12,
1979-09-25,,149.27,
1979-09-26,,149.88,
1979-09-27,,150.37,
1979-09-28,,149.98,
1979-10-01,,149.59,
1979-10-02,,150.01,
1979-10-03,,150.51,
1979-10-04,,151.42,
1979-10-05,,152.29,
1979-10-08,,150.98,
1979-10-09,,145.2,
1979-10-10,,139.31,
1979-10-11,,140.09,
1979-10-12,,140.71,
1979-10-15,,138.39,
1979-10-16,,138.34,
1979-10-17,,139.04,
1979-10-18,,139.46,
1979-10-19,,136.59,
1979-10-22,,133.16,
1979-10-23,,132.61,
1979-10-24,,133.02,
1979-10-25,,132.72,
1979-10-26,,133.75,
1979-10-29,,133.91,
1979-10-30,,135.48,
1979-10-31,,135.53,
1979-11-01,,136.42,
1979-11-02,,136.88,
1979-11-05,,136.11,
1979-11-06,,135.66,
1979-11-07,,134.14,
1979-11-08,,134.77,
1979-11-09,,135.86,
1979-11-12,,137.05,
1979-11-13,,137.14,
1979-11-14,,137.76,
1979-11-15,,138.92,
1979-11-16,,139.07,
1979-11-19,,139.98,
1979-11-20,,139.5,
1979-11-21,,138.88,
1979-11-23,,139.85,
1979-11-26,,141.95,
1979-11-27,,142.55,
1979-11-28,,143.53,
1979-11-29,,144.16,
1979-11-30,,144.26,
1979-12-03,,143.86,
1979-12-04,,144.8,
1979-12-05,,145.92,
1979-12-06,,147.04,
1979-12-07,,147.49,
1979-12-10,,147.97,
1979-12-11,,147.83,
1979-12-12,,148.51,
1979-12-13,,148.97,
1979-12-14,,150.03,
1979-12-17,,150.56,
1979-12-18,,149.72,
1979-12-19,,149.65,
1979-12-20,,150.27,
1979-12-21,,150.17,
1979-12-24,,149.97,
1979-12-26,,150.01,
1979-12-27,,150.23,
1979-12-28,,150.83,
1979-12-31,,151.14,
1980-01-02,,148.17,
1980-01-03,,145.97,
1980-01-04,,148.02,
1980-01-07,,148.62,
1980-01-08,,150.68,
1980-01-09,,151.6,
1980-01-10,,153.12,
1980-01-11,,153.87,
1980-01-14,,154.4,
1980-01-15,,154.96,
1980-01-16,,155.99,
1980-01-17,,155.81,
1980-01-18,,156.14,
1980-01-21,,157.35,
1980-01-22,,156.92,
1980-01-23,,158.5,
1980-01-24,,159.24,
1980-01-25,,159.7,
1980-01-28,,160.7,
1980-01-29,,160.29,
1980-01-30,,161.3,
1980-01-31,,161.75,
1980-02-01,,162.3,
1980-02-04,,162.02,
1980-02-05,,162.2,
1980-02-06,,162.99,
1980-02-07,,163.77,
1980-02-08,,165.25,
1980-02-11,,164.46,
1980-02-12,,164.57,
1980-02-13,,164.98,
1980-02-14,,163.54,
1980-02-15,,162.56,
1980-02-19,,161.06,
1980-02-20,,162.1,
1980-02-21,,161.31,
1980-02-22,,160.08,
1980-02-25,,157.97,
1980-02-26,,158.5,
1980-02-27,,157.73,
1980-02-28,,157.46,
1980-02-29,,158.03,
1980-03-03,,156.87,
1980-03-04,,155.39,
1980-03-05,,152.94,
1980-03-06,,148.64,
1980-03-07,,146.19,
1980-03-10,,143.75,
1980-03-11,,144.56,
1980-03-12,,144.63,
1980-03-13,,144.98,
1980-03-14,,144.44,
1980-03-17,,139.7,
1980-03-18,,138.92,
1980-03-19,,139.97,
1980-03-20,,139.64,
1980-03-21,,138.8,
1980-03-24,,134.61,
1980-03-25,,132.52,
1980-03-26,,132.22,
1980-03-27,,124.09,
1980-03-28,,129.25,
1980-03-31,,131.0,
1980-04-01,,133.14,
1980-04-02,,135.8,
1980-04-03,,136.01,
1980-04-07,,133.4,
1980-04-08,,134.37,
1980-04-09,,136.04,
1980-04-10,,137.28,
1980-04-11,,137.75,
1980-04-14,,136.67,
1980-04-15,,136.39,
1980-04-16,,135.76,
1980-04-17,,134.55,
1980-04-18,,134.66,
1980-04-21,,133.08,
1980-04-22,,135.71,
1980-04-23,,136.92,
1980-04-24,,138.69,
1980-04-25,,137.92,
1980-04-28,,138.54,
1980-04-29,,139.35,
1980-04-30,,139.99,
1980-05-01,,139.68,
1980-05-02,,140.25,
1980-05-05,,141.04,
1980-05-06,,142.23,
1980-05-07,,143.58,
1980-05-08,,143.26,
1980-05-09,,143.06,
1980-05-12,,142.96,
1980-05-13,,144.1,
1980-05-14,,145.66,
1980-05-15,,146.62,
1980-05-16,,147.24,
1980-05-19,,147.24,
1980-05-20,,146.93,
1980-05-21,,146.75,
1980-05-22,,147.96,
1980-05-23,,149.48,
1980-05-27,,150.1,
1980-05-28,,150.7,
1980-05-29,,150.09,
1980-05-30,,150.45,
1980-06-02,,150.17,
1980-06-03,,149.92,
1980-06-04,,151.21,
1980-06-05,,152.21,
1980-06-06,,152.68,
1980-06-09,,153.0,
1980-06-10,,154.15,
1980-06-11,,155.22,
1980-06-12,,155.31,
1980-06-13,,156.59,
1980-06-16,,156.79,
1980-06-17,,156.98,
1980-06-18,,157.19,
1980-06-19,,156.73,
1980-06-20,,156.51,
1980-06-23,,156.99,
1980-06-24,,157.66,
1980-06-25,,158.74,
1980-06-26,,159.0,
1980-06-27,,159.18,
1980-06-30,,157.78,
1980-07-01,,158.17,
1980-07-02,,159.18,
1980-07-03,,160.87,
1980-07-07,,163.63,
1980-07-08,,163.58,
1980-07-09,,164.09,
1980-07-10,,163.84,
1980-07-11,,164.82,
1980-07-14,,166.52,
1980-07-15,,167.05,
1980-07-16,,167.1,
1980-07-17,,168.67,
1980-07-18,,169.99,
1980-07-21,,170.48,
1980-07-22,,169.79,
1980-07-23,,169.82,
1980-07-24,,169.92,
1980-07-25,,169.63,
1980-07-28,,170.02,
1980-07-29,,171.06,
1980-07-30,,172.33,
1980-07-31,,171.81,
1980-08-01,,172.49,
1980-08-04,,171.89,
1980-08-05,,172.52,
1980-08-06,,173.45,
1980-08-07,,175.24,
1980-08-08,,175.88,
1980-08-11,,177.11,
1980-08-12,,176.62,
1980-08-13,,177.02,
1980-08-14,,178.76,
1980-08-15,,179.89,
1980-08-18,,177.24,
1980-08-19,,176.28,
1980-08-20,,177.68,
1980-08-21,,179.91,
1980-08-22,,181.7,
1980-08-25,,181.58,
1980-08-26,,182.39,
1980-08-27,,182.15,
1980-08-28,,180.99,
1980-08-29,,181.52,
1980-09-02,,182.34,
1980-09-03,,184.53,
1980-09-04,,185.05,
1980-09-05,,185.61,
1980-09-08,,184.45,
1980-09-09,,184.84,
1980-09-10,,186.31,
1980-09-11,,188.16,
1980-09-12,,189.58,
1980-09-15,,189.59,
1980-09-16,,191.31,
1980-09-17,,193.95,
1980-09-18,,193.61,
1980-09-19,,195.33,
1980-09-22,,195.94,
1980-09-23,,195.05,
1980-09-24,,195.18,
1980-09-25,,194.05,
1980-09-26,,190.77,
1980-09-29,,185.79,
1980-09-30,,187.76,
1980-10-01,,189.62,
1980-10-02,,190.81,
1980-10-03,,193.43,
1980-10-06,,196.01,
1980-10-07,,196.17,
1980-10-08,,197.18,
1980-10-09,,197.53,
1980-10-10,,197.79,
1980-10-13,,198.87,
1980-10-14,,199.02,
1980-10-15,,199.43,
1980-10-16,,197.95,
1980-10-17,,197.24,
1980-10-20,,197.15,
1980-10-21,,196.46,
1980-10-22,,197.9,
1980-10-23,,195.81,
1980-10-24,,196.17,
1980-10-27,,194.35,
1980-10-28,,193.76,
1980-10-29,,194.49,
1980-10-30,,192.51,
1980-10-31,,192.78,
1980-11-03,,193.15,
1980-11-05,,196.03,
1980-11-06,,193.96,
1980-11-07,,193.51,
1980-11-10,,193.1,
1980-11-11,,195.02,
1980-11-12,,197.78,
1980-11-13,,200.25,
1980-11-14,,201.76,
1980-11-17,,201.59,
1980-11-18,,203.76,
1980-11-19,,205.02,
1980-11-20,,206.5,
1980-11-21,,206.07,
1980-11-24,,204.22,
1980-11-25,,205.41,
1980-11-26,,207.06,
1980-11-28,,208.15,
1980-12-01,,204.91,
1980-12-02,,203.71,
1980-12-03,,204.9,
1980-12-04,,206.19,
1980-12-05,,203.02,
1980-12-08,,195.87,
1980-12-09,,195.07,
1980-12-10,,193.58,
1980-12-11,,188.75,
1980-12-12,,191.22,
1980-12-15,,194.02,
1980-12-16,,191.88,
1980-12-17,,194.02,
1980-12-18,,196.01,
1980-12-19,,197.91,
1980-12-22,,199.79,
1980-12-23,,199.86,
1980-12-24,,200.14,
1980-12-26,,201.28,
1980-12-29,,199.84,
1980-12-30,,200.46,
1980-12-31,,202.34,
1981-01-02,,203.55,
1981-01-05,,204.17,
1981-01-06,,204.07,
1981-01-07,,197.35,
1981-01-08,,195.89,
1981-01-09,,197.66,
1981-01-12,,198.44,
1981-01-13,,198.05,
1981-01-14,,199.08,
1981-01-15,,199.85,
1981-01-16,,197.66,
1981-01-19,,201.58,
1981-01-20,,198.72,
1981-01-21,,198.09,
1981-01-22,,197.12,
1981-01-23,,197.52,
1981-01-26,,196.13,
1981-01-27,,197.18,
1981-01-28,,197.37,
1981-01-29,,197.88,
1981-01-30,,197.81,
1981-02-02,,193.09,
1981-02-03,,193.56,
1981-02-04,,194.57,
1981-02-05,,196.29,
1981-02-06,,197.87,
1981-02-09,,196.93,
1981-02-10,,196.7,
1981-02-11,,195.81,
1981-02-12,,194.61,
1981-02-13,,193.89,
1981-02-17,,193.98,
1981-02-18,,194.73,
1981-02-19,,192.74,
1981-02-20,,192.29,
1981-02-23,,193.06,
1981-02-24,,193.94,
1981-02-25,,193.99,
1981-02-26,,196.13,
1981-02-27,,198.01,
1981-03-02,,199.06,
1981-03-03,,198.35,
1981-03-04,,198.75,
1981-03-05,,199.05,
1981-03-06,,199.89,
1981-03-09,,200.14,
1981-03-10,,199.03,
1981-03-11,,198.16,
1981-03-12,,200.67,
1981-03-13,,202.17,
1981-03-16,,203.44,
1981-03-17,,203.19,
1981-03-18,,204.0,
1981-03-19,,204.45,
1981-03-20,,206.29,
1981-03-23,,207.62,
1981-03-24,,207.7,
1981-03-25,,209.31,
1981-03-26,,209.53,
1981-03-27,,208.82,
1981-03-30,,209.25,
1981-03-31,,210.18,
1981-04-01,,211.34,
1981-04-02,,211.96,
1981-04-03,,212.65,
1981-04-06,,211.27,
1981-04-07,,211.76,
1981-04-08,,212.8,
1981-04-09,,213.91,
1981-04-10,,215.15,
1981-04-13,,214.33,
1981-04-14,,213.39,
1981-04-15,,212.8,
1981-04-16,,216.64,
1981-04-20,,217.55,
1981-04-21,,216.73,
1981-04-22,,217.19,
1981-04-23,,218.02,
1981-04-24,,219.56,
1981-04-27,,219.88,
1981-04-28,,217.63,
1981-04-29,,216.22,
1981-04-30,,216.74,
1981-05-01,,216.68,
1981-05-04,,213.32,
1981-05-05,,211.55,
1981-05-06,,211.98,
1981-05-07,,213.66,
1981-05-08,,214.84,
1981-05-11,,212.79,
1981-05-12,,213.12,
1981-05-13,,213.78,
1981-05-14,,215.18,
1981-05-15,,216.51,
1981-05-18,,216.94,
1981-05-19,,216.12,
1981-05-20,,217.63,
1981-05-21,,218.35,
1981-05-22,,219.23,
1981-05-26,,220.24,
1981-05-27,,222.17,
1981-05-28,,223.31,
1981-05-29,,223.47,
1981-06-01,,223.02,
1981-06-02,,219.59,
1981-06-03,,218.89,
1981-06-04,,219.68,
1981-06-05,,221.3,
1981-06-08,,220.84,
1981-06-09,,220.01,
1981-06-10,,220.4,
1981-06-11,,222.34,
1981-06-12,,222.76,
1981-06-15,,222.96,
1981-06-16,,220.58,
1981-06-17,,220.61,
1981-06-18,,218.71,
1981-06-19,,219.56,
1981-06-22,,218.6,
1981-06-23,,219.23,
1981-06-24,,218.77,
1981-06-25,,219.31,
1981-06-26,,219.76,
1981-06-29,,218.22,
1981-06-30,,215.75,
1981-07-01,,214.63,
1981-07-02,,212.8,
1981-07-06,,209.1,
1981-07-07,,208.01,
1981-07-08,,208.44,
1981-07-09,,210.03,
1981-07-10,,210.54,
1981-07-13,,210.86,
1981-07-14,,209.88,
1981-07-15,,210.84,
1981-07-16,,212.02,
1981-07-17,,212.76,
1981-07-20,,207.27,
1981-07-21,,207.17,
1981-07-22,,206.16,
1981-07-23,,206.41,
1981-07-24,,208.0,
1981-07-27,,209.42,
1981-07-28,,208.91,
1981-07-29,,208.95,
1981-07-30,,210.03,
1981-07-31,,211.63,
1981-08-03,,210.4,
1981-08-04,,210.09,
1981-08-05,,211.03,
1981-08-06,,211.67,
1981-08-07,,211.94,
1981-08-10,,210.84,
1981-08-11,,211.67,
1981-08-12,,211.95,
1981-08-13,,212.36,
1981-08-14,,212.12,
1981-08-17,,209.65,
1981-08-18,,207.01,
1981-08-19,,207.22,
1981-08-20,,207.97,
1981-08-21,,206.76,
1981-08-24,,200.76,
1981-08-25,,197.78,
1981-08-26,,197.81,
1981-08-27,,196.82,
1981-08-28,,197.55,
1981-08-31,,195.75,
1981-09-01,,195.17,
1981-09-02,,195.39,
1981-09-03,,191.99,
1981-09-04,,189.63,
1981-09-08,,184.79,
1981-09-09,,184.77,
1981-09-10,,187.55,
1981-09-11,,189.81,
1981-09-14,,189.62,
1981-09-15,,189.56,
1981-09-16,,187.82,
1981-09-17,,185.71,
1981-09-18,,184.27,
1981-09-21,,184.41,
1981-09-22,,183.26,
1981-09-23,,179.99,
1981-09-24,,180.39,
1981-09-25,,175.12,
1981-09-28,,175.03,
1981-09-29,,178.51,
1981-09-30,,180.03,
1981-10-01,,181.09,
1981-10-02,,184.37,
1981-10-05,,185.91,
1981-10-06,,185.87,
1981-10-07,,188.78,
1981-10-08,,191.01,
1981-10-09,,191.27,
1981-10-12,,191.28,
1981-10-13,,191.92,
1981-10-14,,189.43,
1981-10-15,,189.85,
1981-10-16,,190.24,
1981-10-19,,189.77,
1981-10-20,,191.23,
1981-10-21,,192.38,
1981-10-22,,192.43,
1981-10-23,,191.91,
1981-10-26,,191.01,
1981-10-27,,192.61,
1981-10-28,,193.75,
1981-10-29,,193.08,
1981-10-30,,195.24,
1981-11-02,,197.25,
1981-11-03,,198.78,
1981-11-04,,199.73,
1981-11-05,,200.02,
1981-11-06,,199.97,
1981-11-09,,199.92,
1981-11-10,,199.9,
1981-11-11,,200.05,
1981-11-12,,200.99,
1981-11-13,,200.16,
1981-11-16,,197.16,
1981-11-17,,197.68,
1981-11-18,,197.6,
1981-11-19,,197.32,
1981-11-20,,198.6,
1981-11-23,,198.01,
1981-11-24,,199.04,
1981-11-25,,200.01,
1981-11-27,,201.02,
1981-11-30,,201.37,
1981-12-01,,201.13,
1981-12-02,,200.35,
1981-12-03,,199.9,
1981-12-04,,200.88,
1981-12-07,,199.71,
1981-12-08,,198.13,
1981-12-09,,198.29,
1981-12-10,,198.92,
1981-12-11,,198.64,
1981-12-14,,195.67,
1981-12-15,,195.16,
1981-12-16,,195.09,
1981-12-17,,195.7,
1981-12-18,,197.01,
1981-12-21,,196.37,
1981-12-22,,195.64,
1981-12-23,,195.45,
1981-12-24,,195.7,
1981-12-28,,195.14,
1981-12-29,,193.91,
1981-12-30,,194.66,
1981-12-31,,195.84,
1982-01-04,,195.53,
1982-01-05,,192.33,
1982-01-06,,191.15,
1982-01-07,,191.02,
1982-01-08,,192.05,
1982-01-11,,188.8,
1982-01-12,,187.32,
1982-01-13,,185.73,
1982-01-14,,185.89,
1982-01-15,,187.32,
1982-01-18,,187.21,
1982-01-19,,186.16,
1982-01-20,,185.72,
1982-01-21,,186.4,
1982-01-22,,185.83,
1982-01-25,,183.52,
1982-01-26,,183.41,
1982-01-27,,183.57,
1982-01-28,,186.22,
1982-01-29,,188.39,
1982-02-01,,186.82,
1982-02-02,,187.46,
1982-02-03,,187.43,
1982-02-04,,187.14,
1982-02-05,,188.21,
1982-02-08,,184.63,
1982-02-09,,182.51,
1982-02-10,,182.97,
1982-02-11,,182.25,
1982-02-12,,182.52,
1982-02-16,,180.71,
1982-02-17,,181.25,
1982-02-18,,181.38,
1982-02-19,,180.65,
1982-02-22,,179.07,
1982-02-23,,177.49,
1982-02-24,,178.58,
1982-02-25,,179.44,
1982-02-26,,179.43,
1982-03-01,,180.13,
1982-03-02,,180.14,
1982-03-03,,178.01,
1982-03-04,,176.29,
1982-03-05,,173.97,
1982-03-08,,171.03,
1982-03-09,,169.71,
1982-03-10,,170.42,
1982-03-11,,170.09,
1982-03-12,,168.23,
1982-03-15,,167.92,
1982-03-16,,168.28,
1982-03-17,,168.2,
1982-03-18,,170.13,
1982-03-19,,171.76,
1982-03-22,,173.83,
1982-03-23,,174.95,
1982-03-24,,174.84,
1982-03-25,,175.83,
1982-03-26,,175.2,
1982-03-29,,175.5,
1982-03-30,,175.42,
1982-03-31,,175.65,
1982-04-01,,177.31,
1982-04-02,,178.56,
1982-04-05,,178.21,
1982-04-06,,178.68,
1982-04-07,,179.91,
1982-04-08,,181.15,
1982-04-12,,180.89,
1982-04-13,,180.76,
1982-04-14,,180.41,
1982-04-15,,181.12,
1982-04-16,,182.25,
1982-04-19,,182.37,
1982-04-20,,181.94,
1982-04-21,,182.32,
1982-04-22,,183.66,
1982-04-23,,184.93,
1982-04-26,,185.8,
1982-04-27,,184.72,
1982-04-28,,184.89,
1982-04-29,,184.15,
1982-04-30,,184.7,
1982-05-03,,184.97,
1982-05-04,,185.95,
1982-05-05,,185.88,
1982-05-06,,187.27,
1982-05-07,,188.13,
1982-05-10,,187.57,
1982-05-11,,188.19,
1982-05-12,,188.06,
1982-05-13,,187.66,
1982-05-14,,188.22,
1982-05-17,,186.9,
1982-05-18,,185.81,
1982-05-19,,183.91,
1982-05-20,,182.72,
1982-05-21,,182.4,
1982-05-24,,181.71,
1982-05-25,,181.12,
1982-05-26,,178.76,
1982-05-27,,178.37,
1982-05-28,,178.54,
1982-06-01,,177.36,
1982-06-02,,177.82,
1982-06-03,,177.1,
1982-06-04,,174.82,
1982-06-07,,173.87,
1982-06-08,,173.28,
1982-06-09,,170.94,
1982-06-10,,171.37,
1982-06-11,,173.55,
1982-06-14,,172.15,
1982-06-15,,171.19,
1982-06-16,,171.44,
1982-06-17,,169.85,
1982-06-18,,168.5,
1982-06-21,,168.0,
1982-06-22,,169.05,
1982-06-23,,170.86,
1982-06-24,,171.12,
1982-06-25,,170.48,
1982-06-28,,171.07,
1982-06-29,,170.53,
1982-06-30,,171.3,
1982-07-01,,170.6,
1982-07-02,,170.05,
1982-07-06,,169.22,
1982-07-07,,168.08,
1982-07-08,,166.8,
1982-07-09,,168.07,
1982-07-12,,168.85,
1982-07-13,,169.35,
1982-07-14,,169.21,
1982-07-15,,169.61,
1982-07-16,,170.18,
1982-07-19,,170.09,
1982-07-20,,170.83,
1982-07-21,,171.54,
1982-07-22,,172.06,
1982-07-23,,172.11,
1982-07-26,,171.45,
1982-07-27,,170.71,
1982-07-28,,168.37,
1982-07-29,,167.6,
1982-07-30,,167.35,
1982-08-02,,168.37,
1982-08-03,,167.97,
1982-08-04,,166.56,
1982-08-05,,165.15,
1982-08-06,,163.59,
1982-08-09,,161.38,
1982-08-10,,161.32,
1982-08-11,,160.77,
1982-08-12,,159.84,
1982-08-13,,159.14,
1982-08-16,,159.68,
1982-08-17,,162.28,
1982-08-18,,164.99,
1982-08-19,,164.92,
1982-08-20,,166.96,
1982-08-23,,169.88,
1982-08-24,,172.23,
1982-08-25,,174.93,
1982-08-26,,178.17,
1982-08-27,,177.6,
1982-08-30,,178.98,
1982-08-31,,177.71,
1982-09-01,,177.3,
1982-09-02,,179.59,
1982-09-03,,182.05,
1982-09-07,,180.88,
1982-09-08,,181.79,
1982-09-09,,182.77,
1982-09-10,,182.47,
1982-09-13,,182.9,
1982-09-14,,184.6,
1982-09-15,,186.31,
1982-09-16,,186.8,
1982-09-17,,186.61,
1982-09-20,,186.0,
1982-09-21,,187.91,
1982-09-22,,188.62,
1982-09-23,,188.15,
1982-09-24,,188.61,
1982-09-27,,188.64,
1982-09-28,,189.04,
1982-09-29,,188.26,
1982-09-30,,187.65,
1982-10-01,,188.7,
1982-10-04,,188.02,
1982-10-05,,188.77,
1982-10-06,,191.98,
1982-10-07,,195.59,
1982-10-08,,198.19,
1982-10-11,,202.31,
1982-10-12,,202.16,
1982-10-13,,205.17,
1982-10-14,,204.85,
1982-10-15,,204.46,
1982-10-18,,206.61,
1982-10-19,,207.48,
1982-10-20,,210.7,
1982-10-21,,214.28,
1982-10-22,,215.29,
1982-10-25,,209.92,
1982-10-26,,209.92,
1982-10-27,,212.2,
1982-10-28,,211.87,
1982-10-29,,212.63,
1982-11-01,,214.52,
1982-11-02,,217.65,
1982-11-03,,222.77,
1982-11-04,,225.01,
1982-11-05,,227.03,
1982-11-08,,226.74,
1982-11-09,,230.19,
1982-11-10,,230.41,
1982-11-11,,231.52,
1982-11-12,,232.61,
1982-11-15,,229.34,
1982-11-16,,224.97,
1982-11-17,,227.75,
1982-11-18,,229.28,
1982-11-19,,229.41,
1982-11-22,,225.79,
1982-11-23,,225.17,
1982-11-24,,226.88,
1982-11-26,,228.64,
1982-11-29,,228.39,
1982-11-30,,232.31,
1982-12-01,,235.59,
1982-12-02,,236.18,
1982-12-03,,237.16,
1982-12-06,,239.29,
1982-12-07,,240.65,
1982-12-08,,240.7,
1982-12-09,,237.24,
1982-12-10,,233.85,
1982-12-13,,233.33,
1982-12-14,,231.33,
1982-12-15,,225.69,
1982-12-16,,225.6,
1982-12-17,,228.93,
1982-12-20,,227.88,
1982-12-21,,228.52,
1982-12-22,,231.04,
1982-12-23,,232.33,
1982-12-27,,233.2,
1982-12-28,,232.2,
1982-12-29,,232.27,
1982-12-30,,231.28,
1982-12-31,,232.41,
1983-01-03,,230.59,
1983-01-04,,231.64,
1983-01-05,,232.73,
1983-01-06,,236.61,
1983-01-07,,238.6,
1983-01-10,,240.94,
1983-01-11,,240.85,
1983-01-12,,242.9,
1983-01-13,,243.48,
1983-01-14,,245.63,
1983-01-17,,247.14,
1983-01-18,,246.7,
1983-01-19,,245.2,
1983-01-20,,245.99,
1983-01-21,,243.97,
1983-01-24,,236.73,
1983-01-25,,239.19,
1983-01-26,,241.43,
1983-01-27,,245.44,
1983-01-28,,246.93,
1983-01-31,,248.35,
1983-02-01,,248.15,
1983-02-02,,248.28,
1983-02-03,,249.44,
1983-02-04,,251.65,
1983-02-07,,252.02,
1983-02-08,,251.1,
1983-02-09,,251.38,
1983-02-10,,254.77,
1983-02-11,,256.64,
1983-02-14,,258.67,
1983-02-15,,259.06,
1983-02-16,,259.07,
1983-02-17,,259.0,
1983-02-18,,261.29,
1983-02-22,,259.18,
1983-02-23,,259.99,
1983-02-24,,262.31,
1983-02-25,,262.44,
1983-02-28,,260.67,
1983-03-01,,261.82,
1983-03-02,,263.4,
1983-03-03,,265.21,
1983-03-04,,265.94,
1983-03-07,,265.39,
1983-03-08,,263.16,
1983-03-09,,265.06,
1983-03-10,,266.08,
1983-03-11,,266.18,
1983-03-14,,264.34,
1983-03-15,,264.25,
1983-03-16,,264.66,
1983-03-17,,264.01,
1983-03-18,,265.01,
1983-03-21,,266.37,
1983-03-22,,267.52,
1983-03-23,,269.26,
1983-03-24,,270.37,
1983-03-25,,270.89,
1983-03-28,,269.15,
1983-03-29,,268.77,
1983-03-30,,270.76,
1983-03-31,,270.8,
1983-04-04,,268.73,
1983-04-05,,268.83,
1983-04-06,,266.47,
1983-04-07,,266.74,
1983-04-08,,268.1,
1983-04-11,,270.81,
1983-04-12,,272.73,
1983-04-13,,275.93,
1983-04-14,,278.81,
1983-04-15,,281.6,
1983-04-18,,282.23,
1983-04-19,,281.86,
1983-04-20,,284.81,
1983-04-21,,286.84,
1983-04-22,,288.55,
1983-04-25,,286.58,
1983-04-26,,288.11,
1983-04-27,,288.93,
1983-04-28,,290.84,
1983-04-29,,293.06,
1983-05-02,,290.54,
1983-05-03,,289.65,
1983-05-04,,293.21,
1983-05-05,,297.32,
1983-05-06,,301.64,
1983-05-09,,302.65,
1983-05-10,,304.34,
1983-05-11,,302.89,
1983-05-12,,302.15,
1983-05-13,,303.75,
1983-05-16,,299.6,
1983-05-17,,301.02,
1983-05-18,,303.51,
1983-05-19,,302.82,
1983-05-20,,303.56,
1983-05-23,,303.86,
1983-05-24,,307.36,
1983-05-25,,309.16,
1983-05-26,,311.39,
1983-05-27,,312.05,
1983-05-31,,308.73,
1983-06-01,,307.95,
1983-06-02,,310.45,
1983-06-03,,313.85,
1983-06-06,,315.48,
1983-06-07,,314.17,
1983-06-08,,312.49,
1983-06-09,,312.74,
1983-06-10,,315.24,
1983-06-13,,318.05,
1983-06-14,,320.04,
1983-06-15,,322.04,
1983-06-16,,326.5,
1983-06-17,,326.11,
1983-06-20,,324.63,
1983-06-21,,325.96,
1983-06-22,,328.19,
1983-06-23,,327.73,
1983-06-24,,328.91,
1983-06-27,,324.34,
1983-06-28,,315.87,
1983-06-29,,316.24,
1983-06-30,,318.7,
1983-07-01,,321.58,
1983-07-05,,317.15,
1983-07-06,,316.24,
1983-07-07,,320.03,
1983-07-08,,319.57,
1983-07-11,,320.88,
1983-07-12,,316.93,
1983-07-13,,314.59,
1983-07-14,,315.49,
1983-07-15,,312.87,
1983-07-18,,310.29,
1983-07-19,,311.17,
1983-07-20,,316.76,
1983-07-21,,319.29,
1983-07-22,,320.71,
1983-07-25,,320.48,
1983-07-26,,320.38,
1983-07-27,,315.04,
1983-07-28,,308.47,
1983-07-29,,303.96,
1983-08-01,,302.08,
1983-08-02,,303.18,
1983-08-03,,303.86,
1983-08-04,,299.7,
1983-08-05,,300.2,
1983-08-08,,294.93,
1983-08-09,,294.26,
1983-08-10,,296.65,
1983-08-11,,297.56,
1983-08-12,,299.58,
1983-08-15,,301.77,
1983-08-16,,299.85,
1983-08-17,,300.84,
1983-08-18,,299.78,
1983-08-19,,299.1,
1983-08-22,,298.76,
1983-08-23,,293.66,
1983-08-24,,290.86,
1983-08-25,,289.53,
1983-08-26,,290.31,
1983-08-29,,289.36,
1983-08-30,,289.86,
1983-08-31,,292.42,
1983-09-01,,294.55,
1983-09-02,,297.85,
1983-09-06,,301.23,
1983-09-07,,300.76,
1983-09-08,,301.79,
1983-09-09,,302.23,
1983-09-12,,300.76,
1983-09-13,,297.93,
1983-09-14,,298.34,
1983-09-15,,297.19,
1983-09-16,,298.27,
1983-09-19,,301.83,
1983-09-20,,303.36,
1983-09-21,,303.26,
1983-09-22,,304.56,
1983-09-23,,303.61,
1983-09-26,,303.77,
1983-09-27,,300.78,
1983-09-28,,299.76,
1983-09-29,,299.29,
1983-09-30,,296.65,
1983-10-03,,294.64,
1983-10-04,,294.81,
1983-10-05,,294.57,
1983-10-06,,295.78,
1983-10-07,,297.36,
1983-10-10,,297.42,
1983-10-11,,295.41,
1983-10-12,,291.59,
1983-10-13,,290.44,
1983-10-14,,290.04,
1983-10-17,,289.69,
1983-10-18,,283.62,
1983-10-19,,283.62,
1983-10-20,,281.25,
1983-10-21,,279.49,
1983-10-24,,276.81,
1983-10-25,,278.6,
1983-10-26,,277.85,
1983-10-27,,277.5,
1983-10-28,,276.14,
1983-10-31,,274.55,
1983-11-01,,273.04,
1983-11-02,,275.18,
1983-11-03,,274.26,
1983-11-04,,273.17,
1983-11-07,,271.12,
1983-11-08,,269.57,
1983-11-09,,271.0,
1983-11-10,,273.08,
1983-11-11,,277.13,
1983-11-14,,279.51,
1983-11-15,,278.92,
1983-11-16,,279.94,
1983-11-17,,281.26,
1983-11-18,,281.28,
1983-11-21,,283.05,
1983-11-22,,284.55,
1983-11-23,,284.69,
1983-11-25,,285.49,
1983-11-28,,284.47,
1983-11-29,,285.62,
1983-11-30,,285.67,
1983-12-01,,286.07,
1983-12-02,,283.91,
1983-12-05,,282.49,
1983-12-06,,282.05,
1983-12-07,,282.15,
1983-12-08,,280.57,
1983-12-09,,280.51,
1983-12-12,,279.94,
1983-12-13,,278.92,
1983-12-14,,276.42,
1983-12-15,,275.35,
1983-12-16,,276.01,
1983-12-19,,275.58,
1983-12-20,,274.51,
1983-12-21,,275.63,
1983-12-22,,276.21,
1983-12-23,,276.54,
1983-12-27,,276.68,
1983-12-28,,276.57,
1983-12-29,,277.06,
1983-12-30,,278.6,
1984-01-03,,277.63,
1984-01-04,,280.97,
1984-01-05,,284.45,
1984-01-06,,287.9,
1984-01-09,,287.27,
1984-01-10,,287.63,
1984-01-11,,287.68,
1984-01-12,,287.63,
1984-01-13,,286.85,
1984-01-16,,286.29,
1984-01-17,,286.86,
1984-01-18,,287.21,
1984-01-19,,286.49,
1984-01-20,,284.41,
1984-01-23,,280.2,
1984-01-24,,278.82,
1984-01-25,,277.35,
1984-01-26,,275.61,
1984-01-27,,273.18,
1984-01-30,,269.23,
1984-01-31,,268.43,
1984-02-01,,266.43,
1984-02-02,,266.16,
1984-02-03,,264.01,
1984-02-06,,258.64,
1984-02-07,,257.81,
1984-02-08,,253.96,
1984-02-09,,251.69,
1984-02-10,,254.04,
1984-02-13,,250.57,
1984-02-14,,252.43,
1984-02-15,,252.73,
1984-02-16,,251.84,
1984-02-17,,251.33,
1984-02-21,,249.96,
1984-02-22,,249.16,
1984-02-23,,247.09,
1984-02-24,,251.44,
1984-02-27,,254.32,
1984-02-28,,251.55,
1984-02-29,,252.57,
1984-03-01,,253.5,
1984-03-02,,255.54,
1984-03-05,,253.86,
1984-03-06,,252.24,
1984-03-07,,249.16,
1984-03-08,,249.66,
1984-03-09,,249.01,
1984-03-12,,249.74,
1984-03-13,,250.67,
1984-03-14,,250.25,
1984-03-15,,251.05,
1984-03-16,,253.37,
1984-03-19,,251.65,
1984-03-20,,252.74,
1984-03-21,,252.49,
1984-03-22,,250.77,
1984-03-23,,249.98,
1984-03-26,,249.3,
1984-03-27,,249.1,
1984-03-28,,251.01,
1984-03-29,,251.63,
1984-03-30,,250.78,
1984-04-02,,249.8,
1984-04-03,,248.88,
1984-04-04,,248.51,
1984-04-05,,245.74,
1984-04-06,,243.94,
1984-04-09,,242.84,
1984-04-10,,243.45,
1984-04-11,,241.79,
1984-04-12,,242.56,
1984-04-13,,244.01,
1984-04-16,,243.88,
1984-04-17,,245.59,
1984-04-18,,245.48,
1984-04-19,,245.51,
1984-04-23,,243.93,
1984-04-24,,244.06,
1984-04-25,,243.9,
1984-04-26,,245.93,
1984-04-27,,246.9,
1984-04-30,,247.44,
1984-05-01,,250.26,
1984-05-02,,253.01,
1984-05-03,,252.55,
1984-05-04,,250.89,
1984-05-07,,251.35,
1984-05-08,,252.42,
1984-05-09,,252.6,
1984-05-10,,252.91,
1984-05-11,,250.57,
1984-05-14,,248.87,
1984-05-15,,249.0,
1984-05-16,,248.68,
1984-05-17,,246.12,
1984-05-18,,244.61,
1984-05-21,,243.15,
1984-05-22,,240.8,
1984-05-23,,239.58,
1984-05-24,,235.39,
1984-05-25,,235.23,
1984-05-29,,232.61,
1984-05-30,,231.93,
1984-05-31,,232.82,
1984-06-01,,235.9,
1984-06-04,,238.75,
1984-06-05,,238.43,
1984-06-06,,239.49,
1984-06-07,,239.89,
1984-06-08,,240.35,
1984-06-11,,238.12,
1984-06-12,,237.04,
1984-06-13,,237.78,
1984-06-14,,235.62,
1984-06-15,,235.64,
1984-06-18,,236.82,
1984-06-19,,237.87,
1984-06-20,,238.35,
1984-06-21,,239.75,
1984-06-22,,241.11,
1984-06-25,,240.85,
1984-06-26,,237.87,
1984-06-27,,238.35,
1984-06-28,,239.75,
1984-06-29,,241.11,
1984-07-02,,237.91,
1984-07-03,,238.29,
1984-07-05,,237.83,
1984-07-06,,236.72,
1984-07-09,,236.99,
1984-07-10,,236.25,
1984-07-11,,234.82,
1984-07-12,,234.22,
1984-07-13,,234.67,
1984-07-16,,233.69,
1984-07-17,,233.5,
1984-07-18,,232.23,
1984-07-19,,230.89,
1984-07-20,,229.37,
1984-07-23,,227.06,
1984-07-24,,225.73,
1984-07-25,,225.3,
1984-07-26,,227.06,
1984-07-27,,229.3,
1984-07-30,,228.95,
1984-07-31,,229.7,
1984-08-01,,233.35,
1984-08-02,,238.87,
1984-08-03,,246.24,
1984-08-06,,249.27,
1984-08-07,,249.09,
1984-08-08,,248.02,
1984-08-09,,250.33,
1984-08-10,,252.43,
1984-08-13,,251.35,
1984-08-14,,250.63,
1984-08-15,,249.7,
1984-08-16,,250.33,
1984-08-17,,250.37,
1984-08-20,,250.22,
1984-08-21,,253.33,
1984-08-22,,253.86,
1984-08-23,,254.12,
1984-08-24,,254.78,
1984-08-27,,253.29,
1984-08-28,,254.37,
1984-08-29,,254.81,
1984-08-30,,254.56,
1984-08-31,,254.64,
1984-09-04,,251.39,
1984-09-05,,250.61,
1984-09-06,,252.22,
1984-09-07,,251.68,
1984-09-10,,250.53,
1984-09-11,,251.8,
1984-09-12,,251.45,
1984-09-13,,253.34,
1984-09-14,,255.6,
1984-09-17,,255.39,
1984-09-18,,253.99,
1984-09-19,,253.01,
1984-09-20,,253.13,
1984-09-21,,252.68,
1984-09-24,,250.8,
1984-09-25,,250.01,
1984-09-26,,250.23,
1984-09-27,,250.29,
1984-09-28,,249.94,
1984-10-01,,247.86,
1984-10-02,,246.1,
1984-10-03,,244.81,
1984-10-04,,245.2,
1984-10-05,,245.46,
1984-10-08,,244.56,
1984-10-09,,244.09,
1984-10-10,,243.29,
1984-10-11,,244.73,
1984-10-12,,246.11,
1984-10-15,,247.67,
1984-10-16,,247.27,
1984-10-17,,247.09,
1984-10-18,,249.76,
1984-10-19,,251.18,
1984-10-22,,250.56,
1984-10-23,,250.61,
1984-10-24,,250.83,
1984-10-25,,249.0,
1984-10-26,,247.38,
1984-10-29,,246.5,
1984-10-30,,247.45,
1984-10-31,,247.03,
1984-11-01,,247.97,
1984-11-02,,247.92,
1984-11-05,,248.41,
1984-11-06,,250.54,
1984-11-07,,249.75,
1984-11-08,,249.5,
1984-11-09,,249.5,
1984-11-12,,249.26,
1984-11-13,,247.84,
1984-11-14,,246.98,
1984-11-15,,246.01,
1984-11-16,,245.12,
1984-11-19,,242.88,
1984-11-20,,243.04,
1984-11-21,,243.01,
1984-11-23,,245.45,
1984-11-26,,244.9,
1984-11-27,,245.41,
1984-11-28,,245.04,
1984-11-29,,243.3,
1984-11-30,,242.53,
1984-12-03,,240.9,
1984-12-04,,240.96,
1984-12-05,,238.78,
1984-12-06,,239.07,
1984-12-07,,238.94,
1984-12-10,,238.5,
1984-12-11,,238.79,
1984-12-12,,238.67,
1984-12-13,,238.08,
1984-12-14,,239.04,
1984-12-17,,238.46,
1984-12-18,,243.44,
1984-12-19,,244.88,
1984-12-20,,244.49,
1984-12-21,,244.28,
1984-12-24,,245.82,
1984-12-26,,246.06,
1984-12-27,,245.65,
1984-12-28,,246.08,
1984-12-31,,247.35,
1985-01-02,,245.91,
1985-01-03,,246.41,
1985-01-04,,246.19,
1985-01-07,,246.04,
1985-01-08,,246.0,
1985-01-09,,247.34,
1985-01-10,,249.46,
1985-01-11,,252.16,
1985-01-14,,255.46,
1985-01-15,,257.78,
1985-01-16,,260.24,
1985-01-17,,261.16,
1985-01-18,,263.05,
1985-01-21,,266.41,
1985-01-22,,268.42,
1985-01-23,,270.72,
1985-01-24,,272.34,
1985-01-25,,274.0,
1985-01-28,,275.03,
1985-01-29,,276.17,
1985-01-30,,278.58,
1985-01-31,,278.7,
1985-02-01,,278.43,
1985-02-04,,280.77,
1985-02-05,,282.72,
1985-02-06,,284.46,
1985-02-07,,287.2,
1985-02-08,,288.35,
1985-02-11,,287.43,
1985-02-12,,286.57,
1985-02-13,,288.32,
1985-02-14,,288.35,
1985-02-15,,287.72,
1985-02-19,,286.91,
1985-02-20,,287.27,
1985-02-21,,286.99,
1985-02-22,,286.18,
1985-02-25,,283.95,
1985-02-26,,285.0,
1985-02-27,,284.11,
1985-02-28,,284.17,
1985-03-01,,287.16,
1985-03-04,,287.06,
1985-03-05,,287.1,
1985-03-06,,285.45,
1985-03-07,,283.19,
1985-03-08,,282.37,
1985-03-11,,281.2,
1985-03-12,,281.42,
1985-03-13,,278.21,
1985-03-14,,277.46,
1985-03-15,,277.97,
1985-03-18,,277.14,
1985-03-19,,286.91,
1985-03-20,,278.78,
1985-03-21,,279.03,
1985-03-22,,278.91,
1985-03-25,,276.26,
1985-03-26,,276.18,
1985-03-27,,277.56,
1985-03-28,,278.17,
1985-03-29,,279.2,
1985-04-01,,280.32,
1985-04-02,,279.74,
1985-04-03,,277.86,
1985-04-04,,277.44,
1985-04-08,,276.45,
1985-04-09,,276.63,
1985-04-10,,278.76,
1985-04-11,,280.12,
1985-04-12,,280.63,
1985-04-15,,281.07,
1985-04-16,,282.28,
1985-04-17,,283.33,
1985-04-18,,283.11,
1985-04-19,,282.81,
1985-04-22,,281.82,
1985-04-23,,282.57,
1985-04-24,,283.07,
1985-04-25,,283.97,
1985-04-26,,284.14,
1985-04-29,,282.11,
1985-04-30,,280.56,
1985-05-01,,279.63,
1985-05-02,,279.01,
1985-05-03,,280.31,
1985-05-06,,279.85,
1985-05-07,,280.89,
1985-05-08,,281.07,
1985-05-09,,283.27,
1985-05-10,,287.46,
1985-05-13,,288.14,
1985-05-14,,287.72,
1985-05-15,,288.33,
1985-05-16,,289.75,
1985-05-17,,291.7,
1985-05-20,,294.48,
1985-05-21,,293.94,
1985-05-22,,293.03,
1985-05-23,,291.15,
1985-05-24,,292.14,
1985-05-28,,290.88,
1985-05-29,,290.64,
1985-05-30,,289.94,
1985-05-31,,290.8,
1985-06-03,,290.59,
1985-06-04,,290.99,
1985-06-05,,291.77,
1985-06-06,,291.85,
1985-06-07,,291.03,
1985-06-10,,290.7,
1985-06-11,,290.54,
1985-06-12,,289.66,
1985-06-13,,286.93,
1985-06-14,,287.95,
1985-06-17,,287.38,
1985-06-18,,287.92,
1985-06-19,,288.15,
1985-06-20,,287.37,
1985-06-21,,288.71,
1985-06-24,,289.97,
1985-06-25,,292.3,
1985-06-26,,293.4,
1985-06-27,,295.34,
1985-06-28,,296.2,
1985-07-01,,296.48,
1985-07-02,,296.91,
1985-07-03,,297.33,
1985-07-05,,298.58,
1985-07-08,,297.8,
1985-07-09,,297.15,
1985-07-10,,298.51,
1985-07-11,,300.52,
1985-07-12,,302.39,
1985-07-15,,303.04,
1985-07-16,,305.17,
1985-07-17,,307.77,
1985-07-18,,306.88,
1985-07-19,,307.76,
1985-07-22,,306.83,
1985-07-23,,306.23,
1985-07-24,,303.71,
1985-07-25,,304.44,
1985-07-26,,304.62,
1985-07-29,,300.94,
1985-07-30,,300.59,
1985-07-31,,301.29,
1985-08-01,,304.01,
1985-08-02,,304.53,
1985-08-05,,302.14,
1985-08-06,,300.21,
1985-08-07,,298.2,
1985-08-08,,298.72,
1985-08-09,,299.14,
1985-08-12,,298.31,
1985-08-13,,297.02,
1985-08-14,,297.64,
1985-08-15,,297.61,
1985-08-16,,296.46,
1985-08-19,,295.63,
1985-08-20,,296.36,
1985-08-21,,297.65,
1985-08-22,,296.85,
1985-08-23,,296.68,
1985-08-26,,296.29,
1985-08-27,,295.98,
1985-08-28,,296.99,
1985-08-29,,297.31,
1985-08-30,,297.71,
1985-09-03,,296.56,
1985-09-04,,295.58,
1985-09-05,,295.28,
1985-09-06,,296.19,
1985-09-09,,296.06,
1985-09-10,,294.5,
1985-09-11,,291.43,
1985-09-12,,289.93,
1985-09-13,,287.21,
1985-09-16,,285.38,
1985-09-17,,281.07,
1985-09-18,,281.04,
1985-09-19,,283.59,
1985-09-20,,284.35,
1985-09-23,,286.09,
1985-09-24,,284.12,
1985-09-25,,281.82,
1985-09-26,,280.2,
1985-09-30,,280.33,
1985-10-01,,281.77,
1985-10-02,,281.15,
1985-10-03,,281.41,
1985-10-04,,280.46,
1985-10-07,,278.3,
1985-10-08,,276.95,
1985-10-09,,278.28,
1985-10-10,,279.41,
1985-10-11,,281.75,
1985-10-14,,284.25,
1985-10-15,,284.97,
1985-10-16,,286.68,
1985-10-17,,288.25,
1985-10-18,,288.38,
1985-10-21,,287.71,
1985-10-22,,288.54,
1985-10-23,,289.81,
1985-10-24,,290.58,
1985-10-25,,289.49,
1985-10-28,,289.18,
1985-10-29,,291.12,
1985-10-30,,292.26,
1985-10-31,,292.54,
1985-11-01,,294.11,
1985-11-04,,294.23,
1985-11-05,,295.25,
1985-11-06,,296.74,
1985-11-07,,297.47,
1985-11-08,,300.02,
1985-11-11,,302.31,
1985-11-12,,304.41,
1985-11-13,,303.85,
1985-11-14,,305.21,
1985-11-15,,306.17,
1985-11-18,,306.1,
1985-11-19,,306.85,
1985-11-20,,307.01,
1985-11-21,,309.27,
1985-11-22,,310.8,
1985-11-25,,309.79,
1985-11-26,,310.5,
1985-11-27,,313.01,
1985-11-29,,313.95,
1985-12-02,,312.95,
1985-12-03,,313.14,
1985-12-04,,316.68,
1985-12-05,,318.19,
1985-12-06,,316.59,
1985-12-09,,316.88,
1985-12-10,,317.29,
1985-12-11,,318.86,
1985-12-12,,320.58,
1985-12-13,,323.99,
1985-12-16,,325.16,
1985-12-17,,323.25,
1985-12-18,,322.48,
1985-12-19,,322.67,
1985-12-20,,323.12,
1985-12-23,,321.58,
1985-12-24,,320.37,
1985-12-26,,320.29,
1985-12-27,,322.75,
1985-12-30,,323.13,
1985-12-31,,324.93,
1986-01-02,,324.99,131.25
1986-01-03,,325.72,130.55
1986-01-06,,325.99,130.35
1986-01-07,,329.74,132.79
1986-01-08,,328.09,131.16
1986-01-09,,323.01,128.8
1986-01-10,,324.14,129.56
1986-01-13,,324.19,129.09
1986-01-14,,324.79,129.18
1986-01-15,,328.19,131.53
1986-01-16,,330.01,133.06
1986-01-17,,330.72,132.77
1986-01-20,,329.51,131.6
1986-01-21,,328.52,131.09
1986-01-22,,326.76,129.62
1986-01-23,,326.69,129.27
1986-01-24,,328.85,130.2
1986-01-27,,330.1,130.79
1986-01-28,,332.64,131.99
1986-01-29,,334.72,133.06
1986-01-30,,334.32,132.19
1986-01-31,,335.77,132.93
1986-02-03,,337.5,134.24
1986-02-04,,337.88,134.6
1986-02-05,,338.85,135.72
1986-02-06,,340.76,136.64
1986-02-07,,342.2,137.42
1986-02-10,,344.04,138.13
1986-02-11,,344.91,138.26
1986-02-12,,346.27,138.66
1986-02-13,,347.88,139.16
1986-02-14,,350.21,140.16
1986-02-18,,352.36,140.74
1986-02-19,,352.09,139.64
1986-02-20,,353.11,139.94
1986-02-21,,355.65,141.15
1986-02-24,,355.49,140.2
1986-02-25,,354.88,139.4
1986-02-26,,355.27,138.88
1986-02-27,,358.06,140.53
1986-02-28,,359.53,140.43
1986-03-03,,359.78,139.74
1986-03-04,,361.01,140.54
1986-03-05,,359.84,140.25
1986-03-06,,361.5,140.8
1986-03-07,,362.24,140.53
1986-03-10,,363.93,142.44
1986-03-11,,367.36,145.34
1986-03-12,,369.69,146.62
1986-03-13,,370.35,147.01
1986-03-14,,371.83,147.0
1986-03-17,,370.01,146.37
1986-03-18,,371.52,147.63
1986-03-19,,371.69,147.47
1986-03-20,,372.71,147.8
1986-03-21,,372.59,148.0
1986-03-24,,370.67,147.09
1986-03-25,,369.28,147.49
1986-03-26,,370.6,147.25
1986-03-27,,373.31,148.38
1986-03-31,,374.72,148.86
1986-04-01,,374.15,148.45
1986-04-02,,374.13,148.92
1986-04-03,,374.51,148.71
1986-04-04,,372.23,147.03
1986-04-07,,369.07,146.06
1986-04-08,,373.09,148.93
1986-04-09,,374.16,149.06
1986-04-10,,377.17,151.76
1986-04-11,,378.91,152.66
1986-04-14,,380.84,153.93
1986-04-15,,381.71,154.92
1986-04-16,,387.64,158.9
1986-04-17,,389.96,159.06
1986-04-18,,390.06,157.66
1986-04-21,,391.04,158.53
1986-04-22,,390.48,157.86
1986-04-23,,389.05,157.46
1986-04-24,,391.52,159.85
1986-04-25,,392.34,160.46
1986-04-28,,391.43,159.9
1986-04-29,,389.18,158.25
1986-04-30,,383.24,154.91
1986-05-01,,381.67,154.21
1986-05-02,,383.18,155.01
1986-05-05,,386.0,157.14
1986-05-06,,386.28,157.13
1986-05-07,,385.33,156.25
1986-05-08,,387.4,157.16
1986-05-09,,389.1,157.91
1986-05-12,,388.07,157.75
1986-05-13,,386.66,157.05
1986-05-14,,387.34,157.0
1986-05-15,,385.75,155.76
1986-05-16,,384.67,155.0
1986-05-19,,383.74,155.31
1986-05-20,,385.28,157.01
1986-05-21,,386.05,157.44
1986-05-22,,389.62,159.63
1986-05-23,,391.91,160.16
1986-05-27,,394.89,161.18
1986-05-28,,397.16,161.31
1986-05-29,,397.97,161.62
1986-05-30,,400.16,163.16
1986-06-02,,399.35,162.03
1986-06-03,,399.48,162.11
1986-06-04,,399.05,161.82
1986-06-05,,400.03,162.36
1986-06-06,,400.25,161.88
1986-06-09,,394.73,158.61
1986-06-10,,392.83,158.1
1986-06-11,,395.44,160.03
1986-06-12,,396.53,160.37
1986-06-13,,399.59,162.35
1986-06-16,,398.54,160.8
1986-06-17,,396.28,158.57
1986-06-18,,395.24,158.48
1986-06-19,,396.4,159.28
1986-06-20,,396.88,159.59
1986-06-23,,396.83,159.56
1986-06-24,,398.92,160.8
1986-06-25,,402.22,162.0
1986-06-26,,402.87,161.72
1986-06-27,,403.53,161.62
1986-06-30,,405.51,162.62
1986-07-01,,407.61,163.32
1986-07-02,,409.48,163.96
1986-07-03,,411.16,164.51
1986-07-07,,400.96,157.63
1986-07-08,,390.65,153.26
1986-07-09,,393.39,155.41
1986-07-10,,392.03,154.29
1986-07-11,,391.55,152.85
1986-07-14,,384.8,149.28
1986-07-15,,378.7,146.25
1986-07-16,,379.73,147.4
1986-07-17,,381.59,148.47
1986-07-18,,381.07,147.76
1986-07-21,,379.46,147.07
1986-07-22,,379.87,147.41
1986-07-23,,379.85,147.18
1986-07-24,,378.74,147.28
1986-07-25,,379.83,148.26
1986-07-28,,374.78,145.5
1986-07-29,,372.03,144.21
1986-07-30,,370.83,144.52
1986-07-31,,371.37,144.52
1986-08-01,,370.66,144.19
1986-08-04,,366.66,142.53
1986-08-05,,366.75,141.86
1986-08-06,,364.73,140.54
1986-08-07,,365.05,140.69
1986-08-08,,365.87,142.29
1986-08-11,,369.94,145.44
1986-08-12,,373.29,147.06
1986-08-13,,376.92,148.84
1986-08-14,,379.52,150.0
1986-08-15,,380.18,149.57
1986-08-18,,379.27,149.07
1986-08-19,,378.82,148.59
1986-08-20,,380.93,149.75
1986-08-21,,381.15,150.01
1986-08-22,,381.52,150.94
1986-08-25,,379.26,149.91
1986-08-26,,380.49,151.16
1986-08-27,,381.69,152.02
1986-08-28,,382.4,152.04
1986-08-29,,382.86,151.7
1986-09-02,,380.14,149.34
1986-09-03,,378.88,149.82
1986-09-04,,381.03,151.4
1986-09-05,,378.36,149.67
1986-09-08,,372.78,146.55
1986-09-09,,369.55,145.76
1986-09-10,,366.8,144.74
1986-09-11,,353.34,138.46
1986-09-12,,346.78,135.03
1986-09-15,,345.86,134.94
1986-09-16,,343.67,135.21
1986-09-17,,346.9,136.39
1986-09-18,,348.6,138.13
1986-09-19,,349.43,138.46
1986-09-22,,352.55,140.12
1986-09-23,,353.37,139.56
1986-09-24,,354.52,139.24
1986-09-25,,351.49,137.62
1986-09-26,,351.61,137.59
1986-09-29,,347.83,135.53
1986-09-30,,350.67,137.5
1986-10-01,,352.34,138.26
1986-10-02,,352.59,138.22
1986-10-03,,352.75,138.56
1986-10-06,,353.2,139.12
1986-10-07,,352.38,138.25
1986-10-08,,352.9,139.26
1986-10-09,,353.06,139.16
1986-10-10,,353.53,139.87
1986-10-13,,354.05,140.68
1986-10-14,,353.77,140.97
1986-10-15,,355.65,142.1
1986-10-16,,356.37,141.88
1986-10-17,,355.72,141.19
1986-10-20,,353.51,140.1
1986-10-21,,353.1,139.93
1986-10-22,,353.92,140.3
1986-10-23,,356.2,142.15
1986-10-24,,356.66,141.97
1986-10-27,,356.58,141.76
1986-10-28,,357.2,142.5
1986-10-29,,358.45,143.13
1986-10-30,,361.05,144.78
1986-10-31,,360.77,144.48
1986-11-03,,361.14,144.81
1986-11-04,,361.89,145.97
1986-11-05,,362.08,146.18
1986-11-06,,361.23,145.41
1986-11-07,,360.99,144.91
1986-11-10,,359.98,144.29
1986-11-11,,361.31,145.35
1986-11-12,,361.19,145.58
1986-11-13,,358.0,143.41
1986-11-14,,358.59,143.5
1986-11-17,,357.07,141.19
1986-11-18,,352.62,140.66
1986-11-19,,349.8,139.54
1986-11-20,,352.19,141.31
1986-11-21,,354.65,142.9
1986-11-24,,356.1,144.5
1986-11-25,,356.95,145.77
1986-11-26,,358.15,146.87
1986-11-28,,359.57,147.94
1986-12-01,,357.87,146.85
1986-12-02,,360.71,148.85
1986-12-03,,363.04,150.08
1986-12-04,,364.07,149.98
1986-12-05,,362.96,149.04
1986-12-08,,361.01,147.84
1986-12-09,,359.03,146.87
1986-12-10,,359.05,146.96
1986-12-11,,357.73,146.08
1986-12-12,,355.93,144.98
1986-12-15,,353.32,144.07
1986-12-16,,353.77,144.49
1986-12-17,,352.29,143.04
1986-12-18,,351.38,142.85
1986-12-19,,352.24,143.77
1986-12-22,,351.3,144.09
1986-12-23,,348.76,142.81
1986-12-24,,349.62,142.79
1986-12-26,,350.01,142.94
1986-12-29,,348.03,142.94
1986-12-30,,347.32,141.53
1986-12-31,,348.83,141.41
1987-01-02,,353.26,142.86
1987-01-05,,361.19,147.41
1987-01-06,,366.02,149.06
1987-01-07,,372.49,152.97
1987-01-08,,377.54,155.69
1987-01-09,,380.65,156.99
1987-01-12,,385.46,159.31
1987-01-13,,386.4,159.62
1987-01-14,,389.95,162.66
1987-01-15,,392.57,164.15
1987-01-16,,389.87,162.51
1987-01-19,,392.59,166.46
1987-01-20,,392.06,166.52
1987-01-21,,389.55,164.26
1987-01-22,,393.17,167.94
1987-01-23,,392.19,166.76
1987-01-26,,387.98,164.14
1987-01-27,,390.75,166.66
1987-01-28,,392.04,167.63
1987-01-29,,390.98,165.74
1987-01-30,,392.06,166.68
1987-02-02,,397.18,170.31
1987-02-03,,399.38,171.56
1987-02-04,,403.12,173.5
1987-02-05,,405.7,174.63
1987-02-06,,406.91,174.63
1987-02-09,,405.78,173.63
1987-02-10,,403.5,172.32
1987-02-11,,408.25,175.98
1987-02-12,,409.18,176.26
1987-02-13,,412.48,179.06
1987-02-17,,418.18,183.65
1987-02-18,,417.09,181.21
1987-02-19,,417.03,179.87
1987-02-20,,417.24,178.69
1987-02-23,,415.22,177.71
1987-02-24,,417.39,178.94
1987-02-25,,421.01,180.97
1987-02-26,,422.93,182.19
1987-02-27,,424.97,182.75
1987-03-02,,423.91,181.06
1987-03-03,,423.56,180.56
1987-03-04,,426.74,183.28
1987-03-05,,429.0,184.67
1987-03-06,,429.45,184.28
1987-03-09,,426.79,182.47
1987-03-10,,429.39,184.47
1987-03-11,,431.43,185.31
1987-03-12,,432.48,184.77
1987-03-13,,431.97,183.16
1987-03-16,,430.86,182.73
1987-03-17,,434.79,185.9
1987-03-18,,435.16,186.04
1987-03-19,,437.0,187.96
1987-03-20,,439.64,189.82
1987-03-23,,438.04,189.4
1987-03-24,,438.13,190.18
1987-03-25,,437.48,190.19
1987-03-26,,438.71,190.71
1987-03-27,,436.85,189.05
1987-03-30,,427.07,183.84
1987-03-31,,430.05,186.04
1987-04-01,,428.34,186.07
1987-04-02,,432.07,187.66
1987-04-03,,437.36,191.36
1987-04-06,,437.78,190.91
1987-04-07,,434.01,187.44
1987-04-08,,434.91,189.28
1987-04-09,,431.99,188.73
1987-04-10,,430.93,188.28
1987-04-13,,423.71,183.94
1987-04-14,,413.2,179.72
1987-04-15,,416.32,182.46
1987-04-16,,419.46,183.75
1987-04-20,,417.73,182.13
1987-04-21,,418.56,184.63
1987-04-22,,418.16,183.96
1987-04-23,,417.43,183.77
1987-04-24,,412.62,180.38
1987-04-27,,409.67,179.55
1987-04-28,,411.94,181.26
1987-04-29,,414.2,182.22
1987-04-30,,417.81,184.83
1987-05-01,,418.44,185.83
1987-05-04,,418.45,186.45
1987-05-05,,422.43,189.74
1987-05-06,,422.38,189.29
1987-05-07,,422.63,190.01
1987-05-08,,423.17,190.36
1987-05-11,,422.16,189.24
1987-05-12,,420.53,188.97
1987-05-13,,421.91,190.29
1987-05-14,,422.65,190.74
1987-05-15,,418.88,187.91
1987-05-18,,413.54,185.46
1987-05-19,,408.15,181.47
1987-05-20,,406.57,181.7
1987-05-21,,408.47,182.66
1987-05-22,,407.4,181.64
1987-05-26,,411.44,185.17
1987-05-27,,412.59,185.96
1987-05-28,,414.35,188.11
1987-05-29,,416.54,188.77
1987-06-01,,415.01,185.86
1987-06-02,,413.6,184.5
1987-06-03,,415.9,185.76
1987-06-04,,417.41,186.25
1987-06-05,,417.82,185.69
1987-06-08,,419.41,187.53
1987-06-09,,421.67,189.47
1987-06-10,,422.81,190.02
1987-06-11,,423.37,189.66
1987-06-12,,425.38,190.36
1987-06-15,,425.39,189.6
1987-06-16,,427.53,189.19
1987-06-17,,428.44,191.03
1987-06-18,,428.97,192.37
1987-06-19,,429.08,192.05
1987-06-22,,429.25,192.41
1987-06-23,,427.98,191.84
1987-06-24,,427.26,191.91
1987-06-25,,427.2,191.34
1987-06-26,,426.68,191.06
1987-06-29,,426.48,190.7
1987-06-30,,424.67,189.24
1987-07-01,,424.46,189.47
1987-07-02,,425.88,190.38
1987-07-06,,425.1,189.03
1987-07-07,,424.55,187.75
1987-07-08,,424.93,187.38
1987-07-09,,425.58,187.97
1987-07-10,,426.0,188.74
1987-07-13,,426.53,190.42
1987-07-14,,431.14,194.99
1987-07-15,,431.21,194.87
1987-07-16,,433.21,196.04
1987-07-17,,434.08,195.87
1987-07-20,,431.51,193.86
1987-07-21,,429.37,193.19
1987-07-22,,429.3,193.63
1987-07-23,,427.63,191.5
1987-07-24,,429.13,193.03
1987-07-27,,428.87,193.19
1987-07-28,,429.97,193.75
1987-07-29,,431.2,194.72
1987-07-30,,433.57,196.56
1987-07-31,,434.93,196.35
1987-08-03,,433.13,195.24
1987-08-04,,432.77,195.88
1987-08-05,,436.26,198.25
1987-08-06,,440.8,201.87
1987-08-07,,443.58,203.73
1987-08-10,,446.27,206.03
1987-08-11,,449.36,208.39
1987-08-12,,449.23,207.06
1987-08-13,,451.55,206.47
1987-08-14,,451.61,206.47
1987-08-17,,451.65,206.83
1987-08-18,,446.76,203.9
1987-08-19,,447.95,205.39
1987-08-20,,452.75,208.93
1987-08-21,,455.2,210.57
1987-08-24,,453.8,209.48
1987-08-25,,455.1,210.72
1987-08-26,,455.26,211.16
1987-08-27,,454.79,210.63
1987-08-28,,453.29,208.84
1987-08-31,,454.97,209.57
1987-09-01,,452.5,206.89
1987-09-02,,448.93,205.73
1987-09-03,,448.36,205.01
1987-09-04,,446.48,204.06
1987-09-08,,437.6,199.9
1987-09-09,,439.19,201.6
1987-09-10,,443.48,205.16
1987-09-11,,446.17,206.37
1987-09-14,,445.49,205.16
1987-09-15,,441.94,202.25
1987-09-16,,440.85,201.3
1987-09-17,,440.75,202.06
1987-09-18,,440.86,201.68
1987-09-21,,436.01,197.26
1987-09-22,,437.9,201.43
1987-09-23,,440.7,204.07
1987-09-24,,441.24,204.64
1987-09-25,,441.88,205.12
1987-09-28,,442.29,204.63
1987-09-29,,441.86,204.15
1987-09-30,,444.29,205.5
1987-10-01,,448.45,209.71
1987-10-02,,451.61,213.81
1987-10-05,,453.63,212.15
1987-10-06,,447.51,208.07
1987-10-07,,444.64,206.89
1987-10-08,,440.03,203.63
1987-10-09,,438.43,202.47
1987-10-12,,433.04,199.63
1987-10-13,,434.81,201.23
1987-10-14,,428.28,197.5
1987-10-15,,422.51,193.06
1987-10-16,,406.33,183.28
1987-10-19,,360.21,155.65
1987-10-20,,327.79,143.96
1987-10-21,,351.86,158.78
1987-10-22,,336.13,149.99
1987-10-23,,328.45,145.42
1987-10-26,,298.9,128.43
1987-10-27,,296.34,129.87
1987-10-28,,291.88,131.21
1987-10-29,,307.05,144.0
1987-10-30,,323.3,150.07
1987-11-02,,328.33,152.19
1987-11-03,,320.66,147.13
1987-11-04,,320.13,147.94
1987-11-05,,326.18,153.03
1987-11-06,,326.39,150.68
1987-11-09,,320.43,146.49
1987-11-10,,315.19,143.44
1987-11-11,,317.8,145.48
1987-11-12,,324.0,149.84
1987-11-13,,322.97,147.95
1987-11-16,,322.37,147.46
1987-11-17,,316.75,143.57
1987-11-18,,318.22,144.84
1987-11-19,,313.93,141.06
1987-11-20,,312.49,140.84
1987-11-23,,313.13,141.84
1987-11-24,,316.68,144.66
1987-11-25,,317.78,145.0
1987-11-27,,316.47,143.35
1987-11-30,,305.16,137.13
1987-12-01,,305.24,137.16
1987-12-02,,305.22,137.96
1987-12-03,,298.75,132.95
1987-12-04,,292.92,130.44
1987-12-07,,294.77,133.15
1987-12-08,,297.96,136.69
1987-12-09,,301.95,139.76
1987-12-10,,300.81,139.01
1987-12-11,,302.57,139.82
1987-12-14,,309.36,146.08
1987-12-15,,312.68,146.89
1987-12-16,,319.25,151.06
1987-12-17,,319.51,149.91
1987-12-18,,326.91,154.75
1987-12-21,,328.67,156.02
1987-12-22,,327.3,155.56
1987-12-23,,331.48,158.06
1987-12-24,,333.19,158.19
1987-12-28,,325.6,152.78
1987-12-29,,325.53,154.34
1987-12-30,,329.7,157.28
1987-12-31,,330.47,156.25
1988-01-04,,338.48,161.81
1988-01-05,,344.07,164.28
1988-01-06,,346.72,166.18
1988-01-07,,349.66,168.7
1988-01-08,,338.47,158.19
1988-01-11,,336.2,158.88
1988-01-12,,331.97,155.72
1988-01-13,,332.68,155.54
1988-01-14,,334.23,156.03
1988-01-15,,340.14,159.82
1988-01-18,,340.53,159.03
1988-01-19,,340.36,158.01
1988-01-20,,333.68,152.47
1988-01-21,,334.25,152.95
1988-01-22,,337.59,154.35
1988-01-25,,340.51,157.06
1988-01-26,,339.22,155.23
1988-01-27,,339.8,155.43
1988-01-28,,342.36,157.66
1988-01-29,,344.66,159.13
1988-02-01,,346.2,158.62
1988-02-02,,347.19,158.97
1988-02-03,,343.71,156.58
1988-02-04,,344.66,157.38
1988-02-05,,345.75,158.01
1988-02-08,,344.52,157.88
1988-02-09,,344.97,158.93
1988-02-10,,349.32,162.24
1988-02-11,,351.04,162.96
1988-02-12,,353.27,163.94
1988-02-16,,354.74,165.54
1988-02-17,,355.28,165.81
1988-02-18,,355.63,165.75
1988-02-19,,357.12,167.07
1988-02-22,,359.98,170.2
1988-02-23,,361.08,171.28
1988-02-24,,363.14,172.47
1988-02-25,,363.62,170.78
1988-02-26,,363.4,170.65
1988-02-29,,366.94,172.64
1988-03-01,,367.32,172.63
1988-03-02,,370.38,175.12
1988-03-03,,372.01,176.5
1988-03-04,,373.37,177.39
1988-03-07,,374.54,178.47
1988-03-08,,376.93,179.63
1988-03-09,,380.28,181.24
1988-03-10,,376.76,178.44
1988-03-11,,375.48,177.89
1988-03-14,,376.67,179.21
1988-03-15,,376.57,178.31
1988-03-16,,378.54,180.42
1988-03-17,,380.7,181.24
1988-03-18,,381.58,181.03
1988-03-21,,378.57,178.9
1988-03-22,,379.76,180.01
1988-03-23,,380.09,179.25
1988-03-24,,375.6,174.76
1988-03-25,,372.54,172.88
1988-03-28,,370.42,172.84
1988-03-29,,372.96,173.66
1988-03-30,,371.78,172.13
1988-03-31,,374.64,173.26
1988-04-04,,371.89,171.41
1988-04-05,,373.41,172.9
1988-04-06,,377.74,176.6
1988-04-07,,378.88,177.33
1988-04-08,,381.83,178.93
1988-04-11,,382.52,179.94
1988-04-12,,383.38,180.1
1988-04-13,,383.41,180.38
1988-04-14,,374.52,173.27
1988-04-15,,373.9,173.13
1988-04-18,,375.11,173.55
1988-04-19,,376.86,174.35
1988-04-20,,374.24,172.94
1988-04-21,,373.2,172.07
1988-04-22,,374.04,173.32
1988-04-25,,375.27,174.4
1988-04-26,,377.84,176.75
1988-04-27,,378.67,177.21
1988-04-28,,378.77,176.73
1988-04-29,,379.23,175.92
1988-05-02,,379.74,176.75
1988-05-03,,382.23,179.0
1988-05-04,,381.62,178.63
1988-05-05,,379.51,177.68
1988-05-06,,379.42,177.18
1988-05-09,,376.27,174.93
1988-05-10,,375.43,174.32
1988-05-11,,369.24,170.8
1988-05-12,,370.23,171.71
1988-05-13,,372.48,173.84
1988-05-16,,373.35,174.99
1988-05-17,,372.27,174.07
1988-05-18,,366.99,170.28
1988-05-19,,366.25,170.34
1988-05-20,,366.03,169.88
1988-05-23,,363.26,167.65
1988-05-24,,365.16,169.21
1988-05-25,,365.73,169.01
1988-05-26,,367.29,169.85
1988-05-27,,366.66,169.59
1988-05-31,,370.34,173.34
1988-06-01,,374.81,176.68
1988-06-02,,374.65,176.45
1988-06-03,,376.86,178.0
1988-06-06,,379.35,179.75
1988-06-07,,379.32,179.76
1988-06-08,,383.41,183.01
1988-06-09,,384.6,182.78
1988-06-10,,386.25,184.74
1988-06-13,,386.81,184.74
1988-06-14,,388.53,185.78
1988-06-15,,389.08,186.1
1988-06-16,,387.1,184.5
1988-06-17,,386.92,183.94
1988-06-20,,385.99,183.19
1988-06-21,,387.75,184.79
1988-06-22,,390.53,186.98
1988-06-23,,391.03,187.18
1988-06-24,,391.62,187.35
1988-06-27,,389.0,185.12
1988-06-28,,391.67,188.19
1988-06-29,,391.66,187.78
1988-06-30,,394.66,189.03
1988-07-01,,394.69,189.96
1988-07-05,,396.11,191.91
1988-07-06,,395.45,190.43
1988-07-07,,395.43,189.38
1988-07-08,,394.33,188.15
1988-07-11,,394.15,187.69
1988-07-12,,393.52,187.24
1988-07-13,,393.56,188.12
1988-07-14,,394.67,188.68
1988-07-15,,394.59,188.51
1988-07-18,,394.77,188.79
1988-07-19,,391.28,185.78
1988-07-20,,391.63,185.25
1988-07-21,,388.86,182.41
1988-07-22,,387.35,181.86
1988-07-25,,387.12,181.59
1988-07-26,,385.79,179.71
1988-07-27,,383.32,177.37
1988-07-28,,384.08,178.22
1988-07-29,,387.33,181.16
1988-08-01,,388.0,181.44
1988-08-02,,387.8,180.53
1988-08-03,,388.52,181.07
1988-08-04,,388.86,181.18
1988-08-05,,387.71,179.9
1988-08-08,,387.66,179.81
1988-08-09,,384.23,177.27
1988-08-10,,378.51,172.68
1988-08-11,,379.11,174.63
1988-08-12,,378.95,173.75
1988-08-15,,374.07,170.09
1988-08-16,,375.66,172.65
1988-08-17,,376.22,172.91
1988-08-18,,377.22,173.55
1988-08-19,,377.42,172.81
1988-08-22,,373.73,169.9
1988-08-23,,373.53,169.6
1988-08-24,,376.03,171.96
1988-08-25,,374.04,170.53
1988-08-26,,374.43,170.98
1988-08-29,,376.21,172.76
1988-08-30,,376.49,172.37
1988-08-31,,376.55,171.0
1988-09-01,,372.96,168.22
1988-09-02,,376.51,171.47
1988-09-06,,377.33,171.94
1988-09-07,,377.96,172.09
1988-09-08,,379.73,172.97
1988-09-09,,381.6,175.48
1988-09-12,,382.07,175.59
1988-09-13,,382.38,175.87
1988-09-14,,383.85,176.98
1988-09-15,,382.7,175.41
1988-09-16,,383.91,176.65
1988-09-19,,383.44,176.11
1988-09-20,,384.1,176.81
1988-09-21,,384.91,177.81
1988-09-22,,384.86,178.28
1988-09-23,,384.97,177.47
1988-09-26,,382.75,175.87
1988-09-27,,382.22,175.8
1988-09-28,,383.28,177.06
1988-09-29,,386.05,178.82
1988-09-30,,387.71,179.37
1988-10-03,,384.48,176.79
1988-10-04,,384.2,176.29
1988-10-05,,384.52,175.86
1988-10-06,,385.15,176.24
1988-10-07,,385.67,176.0
1988-10-10,,385.49,174.94
1988-10-11,,385.28,175.63
1988-10-12,,382.55,173.29
1988-10-13,,383.46,174.84
1988-10-14,,384.59,175.37
1988-10-17,,385.01,175.78
1988-10-18,,386.25,176.99
1988-10-19,,385.76,176.99
1988-10-20,,388.62,180.37
1988-10-21,,388.59,179.74
1988-10-24,,387.23,178.41
1988-10-25,,386.12,177.4
1988-10-26,,385.19,176.35
1988-10-27,,381.77,174.28
1988-10-28,,382.79,174.88
1988-10-31,,382.46,174.78
1988-11-01,,382.35,174.59
1988-11-02,,381.78,174.01
1988-11-03,,382.77,174.25
1988-11-04,,381.02,173.56
1988-11-07,,376.51,171.34
1988-11-08,,378.84,173.75
1988-11-09,,377.74,173.5
1988-11-10,,378.4,173.28
1988-11-11,,373.76,169.24
1988-11-14,,372.36,168.96
1988-11-15,,372.13,168.1
1988-11-16,,367.79,165.53
1988-11-17,,367.43,166.21
1988-11-18,,367.58,166.53
1988-11-21,,365.07,163.81
1988-11-22,,365.36,164.35
1988-11-23,,367.76,167.19
1988-11-25,,366.38,165.72
1988-11-28,,366.09,166.0
1988-11-29,,368.15,167.17
1988-11-30,,371.45,169.19
1988-12-01,,373.87,171.33
1988-12-02,,373.91,171.62
1988-12-05,,375.41,172.85
1988-12-06,,377.0,174.01
1988-12-07,,376.36,172.84
1988-12-08,,375.22,171.88
1988-12-09,,375.2,171.79
1988-12-12,,374.2,171.11
1988-12-13,,372.98,170.25
1988-12-14,,372.77,170.87
1988-12-15,,373.01,171.62
1988-12-16,,375.8,174.01
1988-12-19,,376.39,175.39
1988-12-20,,376.05,175.07
1988-12-21,,375.6,174.66
1988-12-22,,376.5,174.76
1988-12-23,,377.34,175.61
1988-12-27,,376.64,175.22
1988-12-28,,376.76,175.13
1988-12-29,,379.05,176.68
1988-12-30,,381.38,177.41
1989-01-03,,378.56,174.63
1989-01-04,,382.76,177.56
1989-01-05,,383.79,177.49
1989-01-06,,384.74,177.52
1989-01-09,,385.28,177.65
1989-01-10,,384.59,177.06
1989-01-11,,385.31,177.59
1989-01-12,,387.01,179.0
1989-01-13,,387.09,179.1
1989-01-16,,387.36,179.2
1989-01-17,,386.05,177.09
1989-01-18,,388.88,178.65
1989-01-19,,391.08,180.57
1989-01-20,,391.66,180.32
1989-01-23,,389.99,178.21
1989-01-24,,391.99,180.18
1989-01-25,,394.03,181.56
1989-01-26,,397.09,184.0
1989-01-27,,397.96,183.54
1989-01-30,,399.22,184.78
1989-01-31,,401.3,186.47
1989-02-01,,403.23,188.37
1989-02-02,,405.16,189.87
1989-02-03,,406.35,189.97
1989-02-06,,406.0,189.47
1989-02-07,,409.19,192.06
1989-02-08,,407.97,190.05
1989-02-09,,406.39,188.69
1989-02-10,,402.37,185.71
1989-02-13,,401.27,185.91
1989-02-14,,402.02,185.63
1989-02-15,,404.17,187.41
1989-02-16,,405.7,187.82
1989-02-17,,407.19,188.51
1989-02-21,,406.38,188.17
1989-02-22,,402.49,185.76
1989-02-23,,403.07,186.47
1989-02-24,,399.96,184.59
1989-02-27,,398.94,183.81
1989-02-28,,399.71,183.79
1989-03-01,,399.8,183.79
1989-03-02,,402.53,185.46
1989-03-03,,403.99,185.81
1989-03-06,,406.26,187.5
1989-03-07,,406.18,186.7
1989-03-08,,406.4,186.25
1989-03-09,,405.67,185.35
1989-03-10,,405.9,185.0
1989-03-13,,406.56,185.88
1989-03-14,,406.01,185.35
1989-03-15,,406.98,185.37
1989-03-16,,409.51,187.13
1989-03-17,,402.19,182.01
1989-03-20,,398.5,179.88
1989-03-21,,401.77,182.04
1989-03-22,,400.57,180.59
1989-03-23,,400.94,181.04
1989-03-27,,400.56,181.15
1989-03-28,,402.6,182.01
1989-03-29,,403.7,183.34
1989-03-30,,404.56,184.37
1989-03-31,,406.73,185.87
1989-04-03,,407.65,185.83
1989-04-04,,407.18,185.53
1989-04-05,,408.3,186.09
1989-04-06,,408.2,186.2
1989-04-07,,410.71,188.4
1989-04-10,,411.14,189.28
1989-04-11,,413.54,190.91
1989-04-12,,415.68,192.53
1989-04-13,,413.86,191.82
1989-04-14,,417.68,194.63
1989-04-17,,417.76,194.59
1989-04-18,,420.72,196.83
1989-04-19,,421.91,198.07
1989-04-20,,421.51,197.65
1989-04-21,,423.76,198.86
1989-04-24,,423.18,198.31
1989-04-25,,422.71,197.24
1989-04-26,,423.38,197.25
1989-04-27,,426.18,199.57
1989-04-28,,427.55,200.47
1989-05-01,,427.47,200.75
1989-05-02,,428.03,200.75
1989-05-03,,428.84,201.59
1989-05-04,,429.23,202.09
1989-05-05,,430.74,203.44
1989-05-08,,429.32,203.04
1989-05-09,,428.97,202.69
1989-05-10,,429.64,203.01
1989-05-11,,430.63,203.51
1989-05-12,,434.83,207.16
1989-05-15,,436.21,208.9
1989-05-16,,435.66,208.25
1989-05-17,,438.52,210.73
1989-05-18,,439.81,211.06
1989-05-19,,442.05,212.61
1989-05-22,,441.78,212.37
1989-05-23,,440.15,210.63
1989-05-24,,441.49,211.99
1989-05-25,,442.89,212.84
1989-05-26,,445.21,214.44
1989-05-30,,444.21,213.59
1989-05-31,,446.17,214.54
1989-06-01,,448.32,215.59
1989-06-02,,451.63,217.79
1989-06-05,,447.84,213.4
1989-06-06,,447.96,214.4
1989-06-07,,452.2,219.88
1989-06-08,,453.99,219.39
1989-06-09,,453.65,218.79
1989-06-12,,453.39,218.6
1989-06-13,,450.73,216.54
1989-06-14,,450.64,216.66
1989-06-15,,447.1,213.09
1989-06-16,,447.21,212.81
1989-06-19,,446.09,212.28
1989-06-20,,444.58,211.04
1989-06-21,,443.86,210.91
1989-06-22,,445.33,212.22
1989-06-23,,448.36,214.26
1989-06-26,,447.29,213.62
1989-06-27,,448.55,213.94
1989-06-28,,444.9,211.07
1989-06-29,,437.91,206.77
1989-06-30,,435.29,204.59
1989-07-03,,436.0,205.47
1989-07-05,,436.94,206.37
1989-07-06,,439.57,207.67
1989-07-07,,442.42,209.58
1989-07-10,,442.69,209.33
1989-07-11,,444.5,209.94
1989-07-12,,446.81,210.87
1989-07-13,,447.89,211.48
1989-07-14,,448.9,212.87
1989-07-17,,449.88,213.74
1989-07-18,,447.86,211.38
1989-07-19,,451.23,213.61
1989-07-20,,449.24,211.09
1989-07-21,,449.29,210.87
1989-07-24,,445.98,208.12
1989-07-25,,446.47,208.01
1989-07-26,,449.12,209.9
1989-07-27,,452.48,212.75
1989-07-28,,452.82,213.15
1989-07-31,,453.84,214.28
1989-08-01,,453.29,214.28
1989-08-02,,454.08,212.84
1989-08-03,,456.93,214.56
1989-08-04,,457.42,215.14
1989-08-07,,461.73,218.76
1989-08-08,,463.3,219.73
1989-08-09,,462.41,217.85
1989-08-10,,463.55,217.42
1989-08-11,,462.48,216.31
1989-08-14,,459.99,214.81
1989-08-15,,460.91,215.87
1989-08-16,,460.79,214.87
1989-08-17,,460.83,216.15
1989-08-18,,461.97,216.72
1989-08-21,,458.33,214.19
1989-08-22,,458.36,215.38
1989-08-23,,461.68,217.49
1989-08-24,,465.88,220.4
1989-08-25,,466.75,220.82
1989-08-28,,467.19,221.46
1989-08-29,,466.57,220.3
1989-08-30,,468.27,221.4
1989-08-31,,469.33,222.0
1989-09-01,,471.34,223.51
1989-09-05,,471.42,223.58
1989-09-06,,469.25,221.67
1989-09-07,,469.68,221.2
1989-09-08,,471.31,222.66
1989-09-11,,470.42,222.96
1989-09-12,,471.86,224.32
1989-09-13,,471.83,224.62
1989-09-14,,468.78,222.41
1989-09-15,,467.57,221.96
1989-09-18,,466.89,221.75
1989-09-19,,467.05,221.94
1989-09-20,,466.72,222.31
1989-09-21,,467.0,225.66
1989-09-22,,468.07,223.89
1989-09-25,,466.71,223.89
1989-09-26,,467.84,223.87
1989-09-27,,467.77,223.81
1989-09-28,,471.14,226.25
1989-09-29,,472.92,226.41
1989-10-02,,475.19,228.11
1989-10-03,,477.28,228.74
1989-10-04,,479.32,230.9
1989-10-05,,480.66,231.74
1989-10-06,,483.64,234.41
1989-10-09,,485.73,236.78
1989-10-10,,484.14,236.09
1989-10-11,,482.16,235.09
1989-10-12,,482.19,234.54
1989-10-13,,467.29,224.66
1989-10-16,,460.98,224.94
1989-10-17,,459.93,224.25
1989-10-18,,463.28,226.53
1989-10-19,,470.8,231.53
1989-10-20,,470.67,231.05
1989-10-23,,467.22,228.76
1989-10-24,,461.7,226.18
1989-10-25,,462.89,226.12
1989-10-26,,458.15,222.06
1989-10-27,,452.76,218.84
1989-10-30,,451.37,219.07
1989-10-31,,455.63,222.62
1989-11-01,,456.64,223.31
1989-11-02,,453.14,219.45
1989-11-03,,452.97,219.06
1989-11-06,,448.02,215.19
1989-11-07,,449.4,217.65
1989-11-08,,454.05,220.37
1989-11-09,,454.07,220.65
1989-11-10,,456.19,222.53
1989-11-13,,455.94,222.75
1989-11-14,,454.03,221.37
1989-11-15,,455.84,222.34
1989-11-16,,455.28,221.7
1989-11-17,,456.72,222.63
1989-11-20,,455.71,223.41
1989-11-21,,454.14,222.76
1989-11-22,,455.14,223.63
1989-11-24,,456.63,224.84
1989-11-27,,456.17,223.65
1989-11-28,,456.66,223.59
1989-11-29,,455.81,223.5
1989-11-30,,456.09,224.44
1989-12-01,,457.1,225.31
1989-12-04,,458.28,226.72
1989-12-05,,458.55,227.31
1989-12-06,,456.67,224.16
1989-12-07,,456.31,224.76
1989-12-08,,456.22,224.03
1989-12-11,,452.42,220.26
1989-12-12,,450.43,217.81
1989-12-13,,451.14,217.91
1989-12-14,,447.48,216.35
1989-12-15,,443.84,214.14
1989-12-18,,436.03,210.85
1989-12-19,,434.35,211.19
1989-12-20,,436.94,213.24
1989-12-21,,441.09,216.23
1989-12-22,,444.57,217.63
1989-12-26,,445.26,217.62
1989-12-27,,448.81,221.57
1989-12-28,,449.98,221.58
1989-12-29,,454.82,223.84
1990-01-02,,459.33,227.72
1990-01-03,,460.9,226.1
1990-01-04,,459.39,224.72
1990-01-05,,458.22,223.14
1990-01-08,,458.71,223.54
1990-01-09,,456.77,221.18
1990-01-10,,450.7,216.56
1990-01-11,,448.86,213.5
1990-01-12,,439.72,208.79
1990-01-15,,436.64,207.62
1990-01-16,,440.16,211.91
1990-01-17,,438.68,210.6
1990-01-18,,437.52,210.57
1990-01-19,,440.88,213.91
1990-01-22,,431.94,208.06
1990-01-23,,430.42,207.48
1990-01-24,,425.66,206.75
1990-01-25,,425.24,205.78
1990-01-26,,421.33,203.25
1990-01-29,,418.11,202.06
1990-01-30,,410.72,197.66
1990-01-31,,415.81,201.94
1990-02-01,,417.76,203.04
1990-02-02,,422.21,205.62
1990-02-05,,424.73,206.49
1990-02-06,,423.99,205.07
1990-02-07,,426.79,206.81
1990-02-08,,427.32,207.25
1990-02-09,,428.84,208.5
1990-02-12,,426.38,206.88
1990-02-13,,425.75,207.2
1990-02-14,,426.56,208.06
1990-02-15,,429.61,209.93
1990-02-16,,429.01,208.35
1990-02-20,,423.83,205.06
1990-02-21,,421.52,204.75
1990-02-22,,422.75,204.19
1990-02-23,,419.52,201.79
1990-02-26,,420.95,204.63
1990-02-27,,422.61,205.78
1990-02-28,,425.83,207.91
1990-03-01,,427.21,209.1
1990-03-02,,431.02,211.54
1990-03-05,,430.15,210.39
1990-03-06,,432.33,210.96
1990-03-07,,432.47,210.16
1990-03-08,,436.5,213.11
1990-03-09,,436.76,213.82
1990-03-12,,436.56,213.53
1990-03-13,,434.58,211.51
1990-03-14,,436.15,212.31
1990-03-15,,438.06,213.48
1990-03-16,,442.16,217.96
1990-03-19,,442.91,219.87
1990-03-20,,440.08,216.93
1990-03-21,,439.3,215.85
1990-03-22,,434.51,212.54
1990-03-23,,437.25,214.49
1990-03-26,,438.84,216.44
1990-03-27,,439.5,217.47
1990-03-28,,436.69,214.23
1990-03-29,,435.42,213.11
1990-03-30,,435.54,213.15
1990-04-02,,433.18,212.67
1990-04-03,,437.65,216.81
1990-04-04,,435.42,215.48
1990-04-05,,433.42,214.06
1990-04-06,,430.9,212.47
1990-04-09,,430.18,212.12
1990-04-10,,431.9,213.22
1990-04-11,,433.53,214.53
1990-04-12,,436.31,216.04
1990-04-16,,436.7,216.93
1990-04-17,,435.42,216.5
1990-04-18,,431.52,213.15
1990-04-19,,429.0,210.87
1990-04-20,,425.79,208.62
1990-04-23,,420.08,205.63
1990-04-24,,419.19,204.76
1990-04-25,,420.56,205.58
1990-04-26,,421.06,205.78
1990-04-27,,417.98,203.67
1990-04-30,,420.07,205.81
1990-05-01,,421.85,207.04
1990-05-02,,423.58,208.5
1990-05-03,,425.44,210.09
1990-05-04,,428.61,212.71
1990-05-07,,431.23,215.03
1990-05-08,,431.84,215.17
1990-05-09,,431.34,215.43
1990-05-10,,433.2,216.81
1990-05-11,,438.1,220.89
1990-05-14,,441.61,223.86
1990-05-15,,442.5,224.49
1990-05-16,,442.93,225.13
1990-05-17,,445.74,226.64
1990-05-18,,448.31,228.51
1990-05-21,,452.89,232.22
1990-05-22,,453.89,232.84
1990-05-23,,456.87,236.06
1990-05-24,,458.29,237.03
1990-05-25,,453.69,232.2
1990-05-29,,457.51,235.84
1990-05-30,,458.77,236.35
1990-05-31,,458.97,236.15
1990-06-01,,462.13,237.88
1990-06-04,,465.61,240.11
1990-06-05,,464.61,237.84
1990-06-06,,464.96,238.06
1990-06-07,,464.09,237.38
1990-06-08,,460.87,234.73
1990-06-11,,462.79,236.95
1990-06-12,,466.56,240.11
1990-06-13,,468.86,242.06
1990-06-14,,467.1,240.51
1990-06-15,,467.55,240.78
1990-06-18,,460.79,236.71
1990-06-19,,460.53,236.78
1990-06-20,,460.8,237.31
1990-06-21,,461.27,238.15
1990-06-22,,459.33,235.74
1990-06-25,,455.64,232.91
1990-06-26,,455.38,232.94
1990-06-27,,456.89,234.95
1990-06-28,,460.38,237.41
1990-06-29,,462.29,238.46
1990-07-02,,462.04,238.42
1990-07-03,,461.76,238.19
1990-07-05,,459.19,237.3
1990-07-06,,460.53,238.47
1990-07-09,,461.68,239.6
1990-07-10,,460.97,238.66
1990-07-11,,463.9,240.78
1990-07-12,,467.17,243.43
1990-07-13,,468.44,244.74
1990-07-16,,469.6,246.18
1990-07-17,,464.48,241.53
1990-07-18,,460.82,238.22
1990-07-19,,458.17,236.4
1990-07-20,,455.27,232.44
1990-07-23,,444.64,227.38
1990-07-24,,442.56,226.49
1990-07-25,,445.45,228.76
1990-07-26,,445.43,227.2
1990-07-27,,442.59,225.63
1990-07-30,,439.38,223.92
1990-07-31,,438.24,223.38
1990-08-01,,435.91,223.12
1990-08-02,,428.89,218.97
1990-08-03,,417.46,212.6
1990-08-06,,400.04,201.46
1990-08-07,,402.08,202.66
1990-08-08,,407.73,205.58
1990-08-09,,412.98,209.13
1990-08-10,,408.03,206.23
1990-08-13,,408.3,207.42
1990-08-14,,410.33,208.29
1990-08-15,,411.45,208.47
1990-08-16,,402.27,202.19
1990-08-17,,393.49,196.84
1990-08-20,,388.59,193.1
1990-08-21,,379.68,188.25
1990-08-22,,374.84,185.01
1990-08-23,,360.22,178.29
1990-08-24,,367.33,184.97
1990-08-27,,381.27,193.97
1990-08-28,,382.86,194.91
1990-08-29,,381.78,192.91
1990-08-30,,378.68,190.72
1990-08-31,,381.21,193.62
1990-09-04,,381.67,194.75
1990-09-05,,382.44,193.81
1990-09-06,,378.78,190.67
1990-09-07,,380.38,191.8
1990-09-10,,381.73,192.65
1990-09-11,,379.49,190.97
1990-09-12,,380.32,192.35
1990-09-13,,376.18,189.72
1990-09-14,,374.42,189.52
1990-09-17,,374.11,189.6
1990-09-18,,372.21,189.43
1990-09-19,,371.68,188.78
1990-09-20,,364.43,183.98
1990-09-21,,362.25,183.2
1990-09-24,,352.16,177.6
1990-09-25,,354.78,180.71
1990-09-26,,350.03,179.46
1990-09-27,,341.19,174.19
1990-09-28,,344.51,177.06
1990-10-01,,354.65,184.74
1990-10-02,,356.39,184.92
1990-10-03,,351.45,180.5
1990-10-04,,349.89,179.5
1990-10-05,,347.36,178.37
1990-10-08,,348.14,179.56
1990-10-09,,339.11,173.63
1990-10-10,,333.25,169.47
1990-10-11,,325.61,165.19
1990-10-12,,327.55,166.72
1990-10-15,,329.54,169.35
1990-10-16,,325.44,165.49
1990-10-17,,326.78,167.27
1990-10-18,,334.03,172.38
1990-10-19,,337.36,174.62
1990-10-22,,341.12,178.56
1990-10-23,,341.09,178.4
1990-10-24,,340.98,178.47
1990-10-25,,339.74,177.34
1990-10-26,,334.36,174.21
1990-10-29,,330.8,171.75
1990-10-30,,329.83,173.0
1990-10-31,,329.84,172.56
1990-11-01,,330.6,172.88
1990-11-02,,336.45,176.87
1990-11-05,,340.76,180.46
1990-11-06,,340.53,180.26
1990-11-07,,336.8,177.08
1990-11-08,,336.37,177.71
1990-11-09,,341.95,182.24
1990-11-12,,351.46,188.67
1990-11-13,,352.87,189.88
1990-11-14,,356.87,192.45
1990-11-15,,354.46,189.55
1990-11-16,,350.85,184.96
1990-11-19,,352.73,187.04
1990-11-20,,348.29,183.31
1990-11-21,,348.77,183.94
1990-11-23,,349.04,184.28
1990-11-26,,348.86,185.12
1990-11-27,,354.05,189.18
1990-11-28,,355.06,189.69
1990-11-29,,355.75,191.11
1990-11-30,,359.06,192.66
1990-12-03,,361.32,194.53
1990-12-04,,364.11,195.6
1990-12-05,,370.87,199.03
1990-12-06,,372.29,199.49
1990-12-07,,371.54,199.34
1990-12-10,,371.47,199.44
1990-12-11,,367.99,196.56
1990-12-12,,370.42,198.03
1990-12-13,,371.5,198.03
1990-12-14,,368.83,196.13
1990-12-17,,365.72,195.06
1990-12-18,,370.17,199.26
1990-12-19,,371.22,200.41
1990-12-20,,372.3,201.51
1990-12-21,,373.6,202.75
1990-12-24,,372.41,201.22
1990-12-26,,372.4,200.57
1990-12-27,,371.05,199.16
1990-12-28,,371.2,199.42
1990-12-31,,373.84,200.53
1991-01-02,,372.19,199.76
1991-01-03,,367.51,196.4
1991-01-04,,367.24,196.82
1991-01-07,,360.24,192.35
1991-01-08,,359.0,192.09
1991-01-09,,357.45,191.69
1991-01-10,,361.92,196.08
1991-01-11,,361.8,196.19
1991-01-14,,355.75,193.77
1991-01-15,,357.3,195.34
1991-01-16,,365.2,202.96
1991-01-17,,375.81,209.26
1991-01-18,,376.99,211.5
1991-01-21,,379.7,214.37
1991-01-22,,379.03,211.97
1991-01-23,,383.91,215.83
1991-01-24,,391.33,219.78
1991-01-25,,394.28,221.01
1991-01-28,,396.8,222.24
1991-01-29,,400.61,224.47
1991-01-30,,408.53,229.28
1991-01-31,,414.2,232.43
1991-02-01,,417.69,234.45
1991-02-04,,424.8,236.87
1991-02-05,,432.2,241.56
1991-02-06,,439.24,247.06
1991-02-07,,435.01,243.43
1991-02-08,,436.8,244.47
1991-02-11,,444.1,249.31
1991-02-12,,443.98,248.2
1991-02-13,,447.97,250.34
1991-02-14,,444.31,245.59
1991-02-15,,448.71,248.34
1991-02-19,,450.32,250.81
1991-02-20,,446.02,247.76
1991-02-21,,446.38,246.85
1991-02-22,,448.95,248.63
1991-02-25,,451.09,250.04
1991-02-26,,447.71,247.81
1991-02-27,,450.82,249.72
1991-02-28,,453.05,250.12
1991-03-01,,456.73,252.39
1991-03-04,,461.13,253.38
1991-03-05,,473.05,262.18
1991-03-06,,473.8,263.15
1991-03-07,,475.74,264.56
1991-03-08,,475.11,262.86
1991-03-11,,467.15,255.18
1991-03-12,,461.4,250.67
1991-03-13,,468.18,257.07
1991-03-14,,467.79,255.79
1991-03-15,,466.29,254.63
1991-03-18,,466.27,255.63
1991-03-19,,462.81,253.85
1991-03-20,,466.09,256.09
1991-03-21,,464.6,252.97
1991-03-22,,464.15,252.27
1991-03-25,,468.49,255.78
1991-03-26,,478.57,264.67
1991-03-27,,482.37,266.56
1991-03-28,,482.3,264.9
1991-04-01,,480.86,264.6
1991-04-02,,491.2,273.85
1991-04-03,,495.05,275.15
1991-04-04,,497.57,277.29
1991-04-05,,495.79,275.44
1991-04-08,,495.65,275.65
1991-04-09,,492.46,272.94
1991-04-10,,490.76,271.06
1991-04-11,,499.31,278.45
1991-04-12,,501.62,279.2
1991-04-15,,500.84,278.29
1991-04-16,,506.75,282.03
1991-04-17,,511.31,283.38
1991-04-18,,506.62,277.78
1991-04-19,,501.19,274.0
1991-04-22,,494.38,271.32
1991-04-23,,496.08,272.14
1991-04-24,,498.45,274.54
1991-04-25,,496.03,271.96
1991-04-26,,494.64,271.3
1991-04-29,,487.74,266.14
1991-04-30,,484.72,263.65
1991-05-01,,487.85,264.22
1991-05-02,,491.13,266.51
1991-05-03,,492.1,267.11
1991-05-06,,491.48,267.33
1991-05-07,,491.51,266.25
1991-05-08,,492.51,267.17
1991-05-09,,497.81,271.24
1991-05-10,,493.42,268.71
1991-05-13,,493.93,268.99
1991-05-14,,488.79,266.09
1991-05-15,,478.08,258.11
1991-05-16,,481.77,260.69
1991-05-17,,481.38,260.46
1991-05-20,,480.1,258.62
1991-05-21,,483.6,261.25
1991-05-22,,487.29,265.69
1991-05-23,,489.6,267.18
1991-05-24,,492.67,269.5
1991-05-28,,497.17,273.38
1991-05-29,,499.05,274.36
1991-05-30,,503.19,277.24
1991-05-31,,506.11,279.0
1991-06-03,,507.1,280.94
1991-06-04,,507.25,281.13
1991-06-05,,505.2,277.37
1991-06-06,,502.94,274.21
1991-06-07,,498.54,270.57
1991-06-10,,495.85,268.38
1991-06-11,,496.62,269.25
1991-06-12,,491.05,265.29
1991-06-13,,491.14,264.79
1991-06-14,,495.07,267.8
1991-06-17,,494.32,267.57
1991-06-18,,491.59,265.48
1991-06-19,,485.36,260.27
1991-06-20,,485.88,260.56
1991-06-21,,485.82,260.28
1991-06-24,,475.23,250.88
1991-06-25,,473.3,251.0
1991-06-26,,473.08,252.45
1991-06-27,,476.24,255.25
1991-06-28,,475.92,254.19
1991-07-01,,481.31,259.12
1991-07-02,,478.78,256.09
1991-07-03,,474.32,252.43
1991-07-05,,474.05,251.97
1991-07-08,,479.51,258.93
1991-07-09,,483.64,260.68
1991-07-10,,487.17,263.32
1991-07-11,,488.37,263.84
1991-07-12,,492.71,267.44
1991-07-15,,496.19,268.9
1991-07-16,,493.6,264.48
1991-07-17,,493.42,263.38
1991-07-18,,496.8,266.24
1991-07-19,,497.55,266.93
1991-07-22,,494.99,264.34
1991-07-23,,489.65,259.32
1991-07-24,,487.42,257.86
1991-07-25,,490.28,261.2
1991-07-26,,492.69,264.22
1991-07-29,,493.35,264.63
1991-07-30,,498.27,269.31
1991-07-31,,502.04,272.15
1991-08-01,,504.15,274.24
1991-08-02,,505.67,275.47
1991-08-05,,502.61,272.16
1991-08-06,,505.2,274.74
1991-08-07,,507.46,276.54
1991-08-08,,509.39,278.76
1991-08-09,,508.31,278.15
1991-08-12,,510.0,280.25
1991-08-13,,514.4,282.47
1991-08-14,,517.68,284.73
1991-08-15,,515.67,281.81
1991-08-16,,512.47,279.51
1991-08-19,,497.64,271.96
1991-08-20,,502.05,274.2
1991-08-21,,517.97,286.06
1991-08-22,,518.3,284.56
1991-08-23,,521.06,286.77
1991-08-26,,521.38,286.7
1991-08-27,,521.75,286.77
1991-08-28,,526.29,289.88
1991-08-29,,526.39,288.59
1991-08-30,,525.68,287.4
1991-09-03,,520.91,284.33
1991-09-04,,517.92,281.81
1991-09-05,,516.93,280.74
1991-09-06,,516.94,279.96
1991-09-09,,518.07,281.34
1991-09-10,,511.28,276.38
1991-09-11,,514.76,279.65
1991-09-12,,521.13,285.55
1991-09-13,,516.71,279.5
1991-09-16,,515.68,278.57
1991-09-17,,515.17,278.09
1991-09-18,,518.55,281.04
1991-09-19,,522.67,283.51
1991-09-20,,527.19,286.63
1991-09-23,,524.69,284.87
1991-09-24,,526.47,287.35
1991-09-25,,527.82,288.99
1991-09-26,,526.94,287.92
1991-09-27,,524.48,285.94
1991-09-30,,526.88,287.54
1991-10-01,,528.51,288.37
1991-10-02,,526.33,285.06
1991-10-03,,520.51,280.41
1991-10-04,,520.4,280.51
1991-10-07,,516.2,278.89
1991-10-08,,517.25,280.02
1991-10-09,,513.81,276.51
1991-10-10,,515.94,279.12
1991-10-11,,519.05,281.5
1991-10-14,,525.66,287.17
1991-10-15,,534.11,293.31
1991-10-16,,540.94,297.65
1991-10-17,,536.27,292.46
1991-10-18,,538.9,293.11
1991-10-21,,536.96,290.86
1991-10-22,,537.14,290.79
1991-10-23,,535.17,289.35
1991-10-24,,528.75,285.65
1991-10-25,,525.13,282.94
1991-10-28,,529.41,286.38
1991-10-29,,534.51,290.08
1991-10-30,,541.32,294.72
1991-10-31,,542.98,292.5
1991-11-01,,540.93,290.0
1991-11-04,,537.5,286.94
1991-11-05,,538.82,289.05
1991-11-06,,539.48,289.43
1991-11-07,,545.28,292.88
1991-11-08,,548.08,295.55
1991-11-11,,550.71,297.85
1991-11-12,,555.68,301.96
1991-11-13,,556.17,302.83
1991-11-14,,554.84,301.05
1991-11-15,,531.28,284.52
1991-11-18,,534.73,288.59
1991-11-19,,523.47,284.39
1991-11-20,,526.12,285.2
1991-11-21,,530.33,288.61
1991-11-22,,526.46,286.32
1991-11-25,,522.88,283.01
1991-11-26,,522.23,284.13
1991-11-27,,522.78,285.23
1991-11-29,,523.9,284.79
1991-12-02,,530.91,293.93
1991-12-03,,533.34,293.94
1991-12-04,,535.28,295.11
1991-12-05,,534.03,294.33
1991-12-06,,536.3,296.14
1991-12-09,,535.35,295.77
1991-12-10,,534.23,296.32
1991-12-11,,531.64,294.84
1991-12-12,,536.02,297.98
1991-12-13,,540.9,301.33
1991-12-16,,543.73,303.02
1991-12-17,,539.7,298.88
1991-12-18,,539.84,299.61
1991-12-19,,534.53,294.53
1991-12-20,,535.76,295.82
1991-12-23,,543.9,303.3
1991-12-24,,549.56,307.08
1991-12-26,,559.3,313.68
1991-12-27,,565.71,316.77
1991-12-30,,579.75,326.74
1991-12-31,,586.34,330.86
1992-01-02,,586.45,333.37
1992-01-03,,592.65,334.82
1992-01-06,,597.9,336.89
1992-01-07,,602.29,339.64
1992-01-08,,610.32,344.29
1992-01-09,,619.8,350.32
1992-01-10,,615.7,347.11
1992-01-13,,617.63,348.26
1992-01-14,,625.75,352.59
1992-01-15,,630.82,355.6
1992-01-16,,627.34,351.93
1992-01-17,,626.85,349.73
1992-01-20,,619.38,341.81
1992-01-21,,604.87,331.92
1992-01-22,,620.68,346.32
1992-01-23,,622.86,346.07
1992-01-24,,624.68,345.45
1992-01-27,,621.0,340.48
1992-01-28,,621.29,340.85
1992-01-29,,616.31,337.29
1992-01-30,,621.37,341.19
1992-01-31,,620.21,338.31
1992-02-03,,623.43,341.38
1992-02-04,,631.0,346.92
1992-02-05,,636.97,350.86
1992-02-06,,637.67,349.07
1992-02-07,,634.95,346.81
1992-02-10,,634.13,345.24
1992-02-11,,633.37,344.4
1992-02-12,,644.92,355.98
1992-02-13,,639.1,349.81
1992-02-14,,636.43,346.69
1992-02-18,,626.41,338.55
1992-02-19,,622.41,338.06
1992-02-20,,632.23,345.33
1992-02-21,,629.75,342.39
1992-02-24,,624.93,338.96
1992-02-25,,621.4,338.33
1992-02-26,,632.4,347.81
1992-02-27,,633.95,347.39
1992-02-28,,633.47,345.88
1992-03-02,,635.47,346.63
1992-03-03,,634.25,345.7
1992-03-04,,630.29,341.61
1992-03-05,,621.97,337.52
1992-03-06,,615.95,333.0
1992-03-09,,615.82,333.31
1992-03-10,,623.46,340.32
1992-03-11,,617.14,335.05
1992-03-12,,615.92,334.83
1992-03-13,,618.62,336.47
1992-03-16,,617.94,338.27
1992-03-17,,623.27,342.92
1992-03-18,,624.94,342.63
1992-03-19,,625.96,342.55
1992-03-20,,624.28,340.87
1992-03-23,,621.83,339.04
1992-03-24,,618.68,339.04
1992-03-25,,619.48,337.65
1992-03-26,,615.4,333.3
1992-03-27,,604.67,324.22
1992-03-30,,602.07,322.35
1992-03-31,,603.77,323.05
1992-04-01,,602.09,323.92
1992-04-02,,593.82,317.67
1992-04-03,,590.01,316.38
1992-04-06,,596.29,324.55
1992-04-07,,581.61,312.95
1992-04-08,,573.68,310.85
1992-04-09,,586.75,319.54
1992-04-10,,584.24,312.99
1992-04-13,,588.15,317.15
1992-04-14,,594.81,320.55
1992-04-15,,600.03,326.07
1992-04-16,,591.81,319.24
1992-04-20,,577.2,307.88
1992-04-21,,575.05,305.63
1992-04-22,,578.23,309.54
1992-04-23,,576.05,307.52
1992-04-24,,572.89,303.81
1992-04-27,,566.94,299.65
1992-04-28,,560.33,294.63
1992-04-29,,569.94,302.98
1992-04-30,,578.68,307.86
1992-05-01,,578.14,307.48
1992-05-04,,583.54,310.71
1992-05-05,,588.07,314.77
1992-05-06,,589.36,315.11
1992-05-07,,587.16,312.73
1992-05-08,,585.76,311.26
1992-05-11,,587.13,311.9
1992-05-12,,583.96,310.04
1992-05-13,,582.38,308.75
1992-05-14,,576.46,304.55
1992-05-15,,574.43,303.01
1992-05-18,,576.53,304.57
1992-05-19,,578.05,306.41
1992-05-20,,580.29,309.55
1992-05-21,,579.1,307.94
1992-05-22,,580.3,308.38
1992-05-26,,575.65,305.89
1992-05-27,,577.35,308.07
1992-05-28,,580.49,311.98
1992-05-29,,585.31,315.3
1992-06-01,,588.37,318.98
1992-06-02,,589.18,317.24
1992-06-03,,589.93,317.34
1992-06-04,,588.26,315.94
1992-06-05,,585.43,313.25
1992-06-08,,582.01,310.23
1992-06-09,,573.8,304.86
1992-06-10,,569.71,302.6
1992-06-11,,567.68,302.57
1992-06-12,,569.52,304.11
1992-06-15,,569.01,303.87
1992-06-16,,564.07,299.2
1992-06-17,,553.24,293.4
1992-06-18,,549.17,291.94
1992-06-19,,554.2,296.87
1992-06-22,,549.72,295.25
1992-06-23,,553.36,297.44
1992-06-24,,551.39,295.29
1992-06-25,,548.2,291.25
1992-06-26,,547.84,290.03
1992-06-29,,558.8,300.8
1992-06-30,,563.6,301.23
1992-07-01,,568.99,306.03
1992-07-02,,563.35,300.88
1992-07-06,,563.17,302.4
1992-07-07,,557.41,296.26
1992-07-08,,557.57,297.56
1992-07-09,,564.75,302.19
1992-07-10,,567.8,302.83
1992-07-13,,570.22,304.98
1992-07-14,,575.21,309.25
1992-07-15,,575.47,309.39
1992-07-16,,576.19,311.28
1992-07-17,,570.52,305.54
1992-07-20,,564.28,300.44
1992-07-21,,568.63,305.1
1992-07-22,,563.88,301.17
1992-07-23,,565.24,302.5
1992-07-24,,565.61,303.43
1992-07-27,,564.73,301.84
1992-07-28,,571.63,306.75
1992-07-29,,577.49,310.11
1992-07-30,,578.8,310.94
1992-07-31,,580.83,310.89
1992-08-03,,582.36,312.75
1992-08-04,,581.32,311.07
1992-08-05,,576.87,306.58
1992-08-06,,574.02,304.56
1992-08-07,,573.74,303.31
1992-08-10,,573.14,304.23
1992-08-11,,571.6,302.51
1992-08-12,,570.85,300.95
1992-08-13,,570.99,301.27
1992-08-14,,573.18,302.23
1992-08-17,,572.47,300.38
1992-08-18,,570.87,300.44
1992-08-19,,567.61,298.31
1992-08-20,,567.86,299.43
1992-08-21,,563.7,295.69
1992-08-24,,555.39,290.71
1992-08-25,,554.22,292.08
1992-08-26,,558.8,296.2
1992-08-27,,563.27,299.46
1992-08-28,,563.56,299.13
1992-08-31,,563.12,299.26
1992-09-01,,565.61,301.97
1992-09-02,,571.25,306.56
1992-09-03,,574.88,308.17
1992-09-04,,573.44,306.39
1992-09-08,,571.17,305.77
1992-09-09,,574.89,309.99
1992-09-10,,581.24,314.81
1992-09-11,,583.01,315.19
1992-09-14,,594.21,324.63
1992-09-15,,587.86,319.88
1992-09-16,,585.89,318.44
1992-09-17,,587.82,319.24
1992-09-18,,589.12,319.91
1992-09-21,,588.58,319.25
1992-09-22,,583.0,314.27
1992-09-23,,582.96,315.81
1992-09-24,,585.93,317.54
1992-09-25,,577.2,310.23
1992-09-28,,575.34,307.87
1992-09-29,,577.63,310.65
1992-09-30,,583.27,313.19
1992-10-01,,578.33,309.04
1992-10-02,,571.63,304.39
1992-10-05,,565.21,303.69
1992-10-06,,570.55,307.96
1992-10-07,,569.2,305.38
1992-10-08,,573.88,308.35
1992-10-09,,570.52,305.63
1992-10-12,,573.84,308.11
1992-10-13,,576.44,310.13
1992-10-14,,576.22,309.58
1992-10-15,,578.64,312.13
1992-10-16,,582.61,316.38
1992-10-19,,590.67,322.79
1992-10-20,,592.7,323.38
1992-10-21,,597.15,326.07
1992-10-22,,597.12,326.1
1992-10-23,,597.3,325.44
1992-10-26,,598.92,327.17
1992-10-27,,596.95,323.93
1992-10-28,,601.39,326.68
1992-10-29,,605.82,331.09
1992-10-30,,605.17,329.15
1992-11-02,,607.57,330.33
1992-11-03,,604.58,325.96
1992-11-04,,605.52,327.76
1992-11-05,,614.08,336.49
1992-11-06,,616.82,338.14
1992-11-09,,622.05,340.58
1992-11-10,,627.76,344.39
1992-11-11,,634.92,347.86
1992-11-12,,634.37,346.8
1992-11-13,,637.16,348.49
1992-11-16,,634.01,344.63
1992-11-17,,627.07,338.23
1992-11-18,,634.86,344.31
1992-11-19,,638.57,346.75
1992-11-20,,642.6,348.81
1992-11-23,,638.84,343.44
1992-11-24,,645.94,349.98
1992-11-25,,648.33,349.66
1992-11-27,,649.49,349.31
1992-11-30,,652.73,350.96
1992-12-01,,653.95,352.67
1992-12-02,,652.91,351.57
1992-12-03,,656.36,354.79
1992-12-04,,661.6,358.4
1992-12-07,,666.53,361.83
1992-12-08,,667.12,360.57
1992-12-09,,663.92,357.81
1992-12-10,,658.93,354.56
1992-12-11,,655.79,350.89
1992-12-14,,654.73,349.4
1992-12-15,,650.75,346.94
1992-12-16,,649.63,348.95
1992-12-17,,658.46,356.85
1992-12-18,,661.29,357.89
1992-12-21,,662.46,359.33
1992-12-22,,660.84,355.64
1992-12-23,,662.96,356.5
1992-12-24,,665.88,357.56
1992-12-28,,666.25,359.06
1992-12-29,,669.01,359.81
1992-12-30,,671.85,359.94
1992-12-31,,676.95,360.19
1993-01-04,,671.8,356.37
1993-01-05,,674.34,360.24
1993-01-06,,681.85,366.97
1993-01-07,,678.21,364.02
1993-01-08,,677.21,365.54
1993-01-11,,682.4,370.81
1993-01-12,,679.45,367.91
1993-01-13,,686.78,375.85
1993-01-14,,695.7,381.34
1993-01-15,,697.15,379.24
1993-01-18,,698.13,378.76
1993-01-19,,696.81,376.02
1993-01-20,,697.44,375.73
1993-01-21,,700.77,379.34
1993-01-22,,701.63,377.82
1993-01-25,,706.95,381.06
1993-01-26,,707.16,379.38
1993-01-27,,697.9,372.61
1993-01-28,,694.67,370.67
1993-01-29,,696.34,370.56
1993-02-01,,701.77,375.48
1993-02-02,,705.12,377.44
1993-02-03,,708.67,376.54
1993-02-04,,708.85,374.25
1993-02-05,,700.98,369.0
1993-02-08,,698.44,365.73
1993-02-09,,692.21,362.95
1993-02-10,,695.02,367.3
1993-02-11,,695.88,366.33
1993-02-12,,690.54,361.19
1993-02-16,,665.39,346.89
1993-02-17,,659.43,345.91
1993-02-18,,662.45,348.28
1993-02-19,,663.61,347.92
1993-02-22,,652.42,340.35
1993-02-23,,651.56,341.24
1993-02-24,,662.46,350.13
1993-02-25,,667.07,351.67
1993-02-26,,670.77,351.14
1993-03-01,,669.51,349.1
1993-03-02,,677.72,356.21
1993-03-03,,683.92,359.96
1993-03-04,,680.73,355.53
1993-03-05,,681.37,355.57
1993-03-08,,687.23,359.44
1993-03-09,,688.96,359.4
1993-03-10,,692.87,361.26
1993-03-11,,694.28,361.74
1993-03-12,,692.78,362.65
1993-03-15,,695.21,364.32
1993-03-16,,695.47,363.61
1993-03-17,,687.4,355.66
1993-03-18,,687.41,355.5
1993-03-19,,682.72,351.56
1993-03-22,,676.62,349.42
1993-03-23,,675.04,348.14
1993-03-24,,674.36,348.51
1993-03-25,,681.01,354.38
1993-03-26,,681.54,352.65
1993-03-29,,680.76,351.41
1993-03-30,,686.25,357.72
1993-03-31,,690.13,359.42
1993-04-01,,686.64,354.34
1993-04-02,,669.85,341.18
1993-04-05,,670.71,344.71
1993-04-06,,664.14,340.56
1993-04-07,,668.88,345.19
1993-04-08,,666.33,341.56
1993-04-12,,673.12,349.01
1993-04-13,,673.83,345.87
1993-04-14,,673.94,346.49
1993-04-15,,670.32,343.9
1993-04-16,,666.78,340.65
1993-04-19,,663.03,337.46
1993-04-20,,661.97,339.06
1993-04-21,,664.04,340.2
1993-04-22,,663.51,338.48
1993-04-23,,658.41,333.66
1993-04-26,,645.87,327.28
1993-04-27,,652.52,334.6
1993-04-28,,658.16,339.66
1993-04-29,,658.45,338.98
1993-04-30,,661.42,339.95
1993-05-03,,666.71,344.97
1993-05-04,,678.16,353.28
1993-05-05,,683.26,355.35
1993-05-06,,680.04,351.72
1993-05-07,,681.44,353.23
1993-05-10,,682.82,354.85
1993-05-11,,683.06,353.01
1993-05-12,,681.69,350.96
1993-05-13,,675.64,347.71
1993-05-14,,676.37,349.8
1993-05-17,,677.96,352.67
1993-05-18,,680.78,356.0
1993-05-19,,690.43,364.68
1993-05-20,,697.43,370.46
1993-05-21,,694.29,366.67
1993-05-24,,694.69,367.09
1993-05-25,,695.04,366.22
1993-05-26,,704.09,374.35
1993-05-27,,704.59,372.73
1993-05-28,,700.53,368.11
1993-06-01,,704.28,372.53
1993-06-02,,705.86,372.69
1993-06-03,,706.22,372.06
1993-06-04,,702.01,368.63
1993-06-07,,694.61,364.36
1993-06-08,,687.74,360.74
1993-06-09,,689.24,360.25
1993-06-10,,688.05,359.55
1993-06-11,,693.19,363.08
1993-06-14,,696.41,367.15
1993-06-15,,697.34,366.98
1993-06-16,,696.25,365.02
1993-06-17,,695.94,364.01
1993-06-18,,689.59,357.96
1993-06-21,,688.74,357.87
1993-06-22,,686.77,356.2
1993-06-23,,684.79,354.94
1993-06-24,,688.72,357.83
1993-06-25,,694.81,362.23
1993-06-28,,702.84,368.45
1993-06-29,,701.07,365.96
1993-06-30,,703.95,366.13
1993-07-01,,703.59,363.73
1993-07-02,,704.49,364.22
1993-07-06,,702.22,360.8
1993-07-07,,698.79,357.87
1993-07-08,,702.71,360.7
1993-07-09,,705.81,362.46
1993-07-12,,707.67,362.87
1993-07-13,,708.47,361.98
1993-07-14,,712.49,363.74
1993-07-15,,708.69,360.47
1993-07-16,,699.73,351.07
1993-07-19,,695.83,349.06
1993-07-20,,701.9,355.76
1993-07-21,,700.08,352.64
1993-07-22,,695.52,348.35
1993-07-23,,700.24,353.21
1993-07-26,,704.54,356.41
1993-07-27,,701.0,352.02
1993-07-28,,705.59,356.81
1993-07-29,,707.24,357.33
1993-07-30,,704.7,352.87
1993-08-02,,707.66,355.25
1993-08-03,,709.01,356.23
1993-08-04,,713.79,360.12
1993-08-05,,715.5,362.41
1993-08-06,,718.08,363.15
1993-08-09,,718.49,362.3
1993-08-10,,717.08,358.65
1993-08-11,,718.77,359.74
1993-08-12,,717.12,359.41
1993-08-13,,718.26,360.46
1993-08-16,,726.89,370.6
1993-08-17,,731.01,374.16
1993-08-18,,734.83,375.82
1993-08-19,,730.48,370.27
1993-08-20,,730.96,370.87
1993-08-23,,730.86,370.49
1993-08-24,,735.14,371.0
1993-08-25,,733.66,367.96
1993-08-26,,731.39,364.67
1993-08-27,,734.07,366.5
1993-08-30,,737.38,369.31
1993-08-31,,742.84,372.65
1993-09-01,,746.15,374.16
1993-09-02,,748.65,374.57
1993-09-03,,749.71,373.71
1993-09-07,,739.35,366.68
1993-09-08,,730.73,364.85
1993-09-09,,737.71,368.3
1993-09-10,,744.31,370.64
1993-09-13,,740.32,367.59
1993-09-14,,732.64,364.2
1993-09-15,,739.55,367.32
1993-09-16,,739.8,365.74
1993-09-17,,740.11,366.19
1993-09-20,,740.21,367.46
1993-09-21,,733.56,365.65
1993-09-22,,745.54,374.0
1993-09-23,,752.26,377.07
1993-09-24,,754.65,378.04
1993-09-27,,759.95,382.51
1993-09-28,,763.66,386.02
1993-09-29,,763.17,386.89
1993-09-30,,762.78,382.72
1993-10-01,,763.23,382.81
1993-10-04,,764.84,384.3
1993-10-05,,762.27,381.28
1993-10-06,,764.77,380.42
1993-10-07,,762.49,378.0
1993-10-08,,764.27,381.32
1993-10-11,,767.65,380.66
1993-10-12,,772.46,382.57
1993-10-13,,778.97,386.3
1993-10-14,,785.41,391.99
1993-10-15,,787.42,392.45
1993-10-18,,782.91,389.85
1993-10-19,,768.71,382.73
1993-10-20,,768.25,383.93
1993-10-21,,771.28,387.36
1993-10-22,,772.68,388.19
1993-10-25,,769.75,387.41
1993-10-26,,765.46,384.6
1993-10-27,,771.88,390.25
1993-10-28,,773.49,389.25
1993-10-29,,779.26,390.99
1993-11-01,,783.77,395.03
1993-11-02,,785.66,395.32
1993-11-03,,772.95,387.93
1993-11-04,,757.26,377.47
1993-11-05,,762.99,383.64
1993-11-08,,766.21,384.85
1993-11-09,,769.84,385.92
1993-11-10,,776.5,392.99
1993-11-11,,778.98,394.66
1993-11-12,,779.32,395.18
1993-11-15,,772.45,391.12
1993-11-16,,771.69,393.38
1993-11-17,,762.36,385.8
1993-11-18,,754.34,381.74
1993-11-19,,751.56,380.57
1993-11-22,,738.13,373.37
1993-11-23,,746.82,381.22
1993-11-24,,753.18,385.04
1993-11-26,,754.87,386.32
1993-11-29,,751.54,383.19
1993-11-30,,754.39,386.76
1993-12-01,,763.81,392.95
1993-12-02,,766.73,396.17
1993-12-03,,772.22,401.78
1993-12-06,,771.09,399.01
1993-12-07,,769.35,396.99
1993-12-08,,767.89,394.81
1993-12-09,,761.49,387.25
1993-12-10,,760.74,386.96
1993-12-13,,759.72,387.78
1993-12-14,,751.47,382.83
1993-12-15,,752.97,384.95
1993-12-16,,755.53,386.18
1993-12-17,,759.23,389.04
1993-12-20,,760.15,389.72
1993-12-21,,755.63,388.51
1993-12-22,,756.07,388.41
1993-12-23,,758.7,390.32
1993-12-27,,761.06,391.84
1993-12-28,,764.56,394.74
1993-12-29,,768.48,395.38
1993-12-30,,771.08,397.73
1993-12-31,,776.8,398.28
1994-01-03,,770.76,395.53
1994-01-04,,774.28,398.19
1994-01-05,,778.05,401.07
1994-01-06,,780.41,404.21
1994-01-07,,782.94,404.78
1994-01-10,,786.69,408.91
1994-01-11,,785.52,407.85
1994-01-12,,786.87,408.47
1994-01-13,,787.81,408.0
1994-01-14,,792.31,411.75
1994-01-17,,792.18,410.79
1994-01-18,,793.02,410.95
1994-01-19,,789.28,406.38
1994-01-20,,793.02,411.53
1994-01-21,,794.28,411.59
1994-01-24,,790.65,409.23
1994-01-25,,786.39,406.48
1994-01-26,,788.8,407.19
1994-01-27,,792.88,409.93
1994-01-28,,796.53,412.52
1994-01-31,,800.47,413.99
1994-02-01,,797.24,410.22
1994-02-02,,799.57,411.78
1994-02-03,,797.79,410.05
1994-02-04,,777.28,397.48
1994-02-07,,779.2,399.62
1994-02-08,,782.7,401.46
1994-02-09,,786.53,403.91
1994-02-10,,783.42,401.31
1994-02-11,,781.39,401.83
1994-02-14,,785.45,405.11
1994-02-15,,790.12,408.28
1994-02-16,,792.62,408.74
1994-02-17,,790.24,407.39
1994-02-18,,788.85,407.94
1994-02-22,,791.15,410.48
1994-02-23,,789.11,408.91
1994-02-24,,779.44,402.79
1994-02-25,,783.78,406.45
1994-02-28,,792.5,412.17
1994-03-01,,788.64,409.69
1994-03-02,,783.47,408.18
1994-03-03,,784.58,408.17
1994-03-04,,790.55,411.99
1994-03-07,,795.05,415.3
1994-03-08,,792.12,411.97
1994-03-09,,793.05,413.08
1994-03-10,,789.09,409.77
1994-03-11,,789.2,409.43
1994-03-14,,792.8,412.93
1994-03-15,,793.52,412.83
1994-03-16,,798.99,415.31
1994-03-17,,803.85,418.45
1994-03-18,,803.93,417.52
1994-03-21,,797.3,412.99
1994-03-22,,796.34,410.67
1994-03-23,,797.51,410.5
1994-03-24,,786.68,403.92
1994-03-25,,783.45,399.86
1994-03-28,,772.5,393.92
1994-03-29,,755.29,383.0
1994-03-30,,744.91,380.25
1994-03-31,,743.46,382.96
1994-04-04,,727.41,375.42
1994-04-05,,750.95,389.31
1994-04-06,,750.72,388.76
1994-04-07,,755.17,390.97
1994-04-08,,748.71,384.9
1994-04-11,,748.11,383.85
1994-04-12,,739.22,375.46
1994-04-13,,727.38,367.25
1994-04-14,,727.31,365.65
1994-04-15,,727.97,366.29
1994-04-18,,720.45,360.46
1994-04-19,,712.85,357.36
1994-04-20,,705.52,355.38
1994-04-21,,718.74,367.02
1994-04-22,,722.56,369.08
1994-04-25,,730.8,374.79
1994-04-26,,734.21,375.46
1994-04-28,,731.69,372.45
1994-04-29,,733.84,373.25
1994-05-02,,740.68,379.82
1994-05-03,,739.37,377.07
1994-05-04,,740.3,377.53
1994-05-05,,740.55,378.23
1994-05-06,,732.86,374.57
1994-05-09,,722.96,368.0
1994-05-10,,725.0,370.02
1994-05-11,,717.0,365.18
1994-05-12,,719.61,366.64
1994-05-13,,716.92,364.82
1994-05-16,,711.91,360.49
1994-05-17,,711.52,360.5
1994-05-18,,721.9,368.59
1994-05-19,,727.31,371.71
1994-05-20,,726.7,370.37
1994-05-23,,724.95,369.89
1994-05-24,,731.47,377.0
1994-05-25,,732.07,378.24
1994-05-26,,731.64,375.8
1994-05-27,,733.14,376.81
1994-05-31,,735.19,378.85
1994-06-01,,735.52,379.23
1994-06-02,,739.5,380.66
1994-06-03,,742.38,382.78
1994-06-06,,743.43,382.8
1994-06-07,,739.3,379.99
1994-06-08,,729.79,371.0
1994-06-09,,728.88,370.3
1994-06-10,,734.25,374.64
1994-06-13,,731.7,371.88
1994-06-14,,735.98,377.38
1994-06-15,,735.84,377.78
1994-06-16,,734.97,377.8
1994-06-17,,729.35,371.94
1994-06-20,,718.85,367.83
1994-06-21,,708.79,360.98
1994-06-22,,712.74,363.23
1994-06-23,,700.85,353.49
1994-06-24,,693.79,351.76
1994-06-27,,702.68,361.16
1994-06-28,,702.05,362.05
1994-06-29,,704.01,362.73
1994-06-30,,705.96,360.3
1994-07-01,,706.85,360.03
1994-07-05,,703.59,356.91
1994-07-06,,701.0,353.62
1994-07-07,,706.53,359.23
1994-07-08,,707.46,359.31
1994-07-11,,706.83,358.79
1994-07-12,,709.59,361.31
1994-07-13,,719.35,369.14
1994-07-14,,721.56,367.52
1994-07-15,,721.36,367.24
1994-07-18,,722.62,368.18
1994-07-19,,719.32,364.72
1994-07-20,,712.77,359.53
1994-07-21,,715.03,362.21
1994-07-22,,716.68,365.06
1994-07-25,,716.88,366.11
1994-07-26,,715.66,364.01
1994-07-27,,712.13,361.81
1994-07-28,,712.43,362.14
1994-07-29,,722.16,370.16
1994-08-01,,724.85,373.58
1994-08-02,,724.8,372.78
1994-08-03,,723.69,370.48
1994-08-04,,720.18,367.55
1994-08-05,,718.67,367.15
1994-08-08,,720.47,368.89
1994-08-09,,722.61,370.66
1994-08-10,,728.2,373.93
1994-08-11,,728.2,374.49
1994-08-12,,731.61,376.96
1994-08-15,,732.89,377.08
1994-08-16,,735.51,380.53
1994-08-17,,742.66,386.9
1994-08-18,,742.17,385.63
1994-08-19,,742.43,384.12
1994-08-22,,742.29,382.81
1994-08-23,,747.98,386.74
1994-08-24,,751.72,388.44
1994-08-25,,754.8,391.49
1994-08-26,,762.94,399.26
1994-08-29,,763.21,398.44
1994-08-30,,766.46,401.74
1994-08-31,,765.62,397.9
1994-09-01,,758.95,391.61
1994-09-02,,759.23,391.41
1994-09-06,,759.48,393.69
1994-09-07,,764.28,397.05
1994-09-08,,769.3,400.75
1994-09-09,,763.73,394.84
1994-09-12,,760.01,391.67
1994-09-13,,765.83,396.69
1994-09-14,,768.61,397.79
1994-09-15,,778.66,407.1
1994-09-16,,777.91,404.47
1994-09-19,,776.72,403.88
1994-09-20,,766.74,396.85
1994-09-21,,760.71,393.71
1994-09-22,,760.44,393.55
1994-09-23,,757.46,390.2
1994-09-26,,755.63,388.9
1994-09-27,,755.37,389.33
1994-09-28,,760.01,391.97
1994-09-29,,759.34,391.22
1994-09-30,,764.29,393.85
1994-10-03,,760.88,392.72
1994-10-04,,747.3,382.71
1994-10-05,,746.28,386.99
1994-10-06,,744.19,382.85
1994-10-07,,749.96,387.36
1994-10-10,,756.81,392.85
1994-10-11,,765.57,400.29
1994-10-12,,767.0,399.85
1994-10-13,,767.89,399.86
1994-10-14,,767.08,398.8
1994-10-17,,765.78,396.85
1994-10-18,,764.81,398.0
1994-10-19,,770.62,403.73
1994-10-20,,768.24,402.99
1994-10-21,,765.38,400.52
1994-10-24,,761.21,398.79
1994-10-25,,758.26,398.48
1994-10-26,,763.24,403.83
1994-10-27,,767.47,405.62
1994-10-28,,776.15,411.84
1994-10-31,,777.49,413.05
1994-11-01,,772.19,410.06
1994-11-02,,771.82,408.91
1994-11-03,,772.1,408.17
1994-11-04,,766.08,401.46
1994-11-07,,762.31,400.19
1994-11-08,,767.54,407.44
1994-11-09,,767.25,408.32
1994-11-10,,764.38,406.12
1994-11-11,,762.12,404.78
1994-11-14,,768.14,412.17
1994-11-15,,769.02,411.78
1994-11-16,,769.64,412.72
1994-11-17,,765.84,410.98
1994-11-18,,764.67,412.43
1994-11-21,,757.74,409.28
1994-11-22,,741.21,397.93
1994-11-23,,736.7,397.17
1994-11-25,,742.52,401.17
1994-11-28,,745.73,403.82
1994-11-29,,751.48,409.1
1994-11-30,,750.32,404.82
1994-12-01,,741.2,398.56
1994-12-02,,745.02,402.04
1994-12-05,,745.71,402.71
1994-12-06,,741.23,399.98
1994-12-07,,734.27,395.75
1994-12-08,,719.12,386.3
1994-12-09,,719.05,388.63
1994-12-12,,719.12,388.88
1994-12-13,,719.49,387.53
1994-12-14,,725.67,391.65
1994-12-15,,730.68,393.7
1994-12-16,,729.07,392.01
1994-12-19,,727.89,390.42
1994-12-20,,728.51,390.61
1994-12-21,,737.12,397.8
1994-12-22,,739.34,399.8
1994-12-23,,742.19,401.15
1994-12-27,,746.19,404.03
1994-12-28,,742.46,400.26
1994-12-29,,749.53,406.31
1994-12-30,,751.96,404.27
1995-01-03,,743.58,398.0
1995-01-04,,745.84,399.65
1995-01-05,,745.66,398.02
1995-01-06,,749.69,401.59
1995-01-09,,752.09,403.53
1995-01-10,,756.52,407.57
1995-01-11,,755.74,407.1
1995-01-12,,756.51,407.32
1995-01-13,,762.16,410.48
1995-01-16,,768.16,413.65
1995-01-17,,772.14,416.89
1995-01-18,,772.38,419.26
1995-01-19,,768.55,417.83
1995-01-20,,762.05,410.13
1995-01-23,,759.51,411.89
1995-01-24,,763.2,413.6
1995-01-25,,760.98,410.87
1995-01-26,,757.56,406.5
1995-01-27,,758.91,407.22
1995-01-30,,751.83,401.71
1995-01-31,,755.2,405.33
1995-02-01,,758.31,407.06
1995-02-02,,763.64,411.15
1995-02-03,,772.06,416.14
1995-02-06,,778.85,420.93
1995-02-07,,778.97,420.57
1995-02-08,,783.77,425.66
1995-02-09,,785.44,426.43
1995-02-10,,790.43,430.77
1995-02-13,,789.42,428.77
1995-02-14,,790.62,429.81
1995-02-15,,795.63,432.49
1995-02-16,,793.31,430.86
1995-02-17,,786.97,425.66
1995-02-21,,784.62,424.82
1995-02-22,,787.93,429.21
1995-02-23,,791.35,431.03
1995-02-24,,791.08,428.42
1995-02-27,,784.5,424.75
1995-02-28,,793.73,432.5
1995-03-01,,791.87,429.8
1995-03-02,,793.68,431.68
1995-03-03,,798.79,436.68
1995-03-06,,797.77,437.24
1995-03-07,,791.33,432.12
1995-03-08,,795.81,437.01
1995-03-09,,796.24,437.02
1995-03-10,,802.22,441.76
1995-03-13,,802.31,440.82
1995-03-14,,808.24,446.27
1995-03-15,,807.38,443.57
1995-03-16,,809.34,444.68
1995-03-17,,808.33,443.94
1995-03-20,,810.49,446.61
1995-03-21,,809.78,447.13
1995-03-22,,809.1,447.13
1995-03-23,,811.39,448.82
1995-03-24,,818.66,455.43
1995-03-27,,822.63,457.12
1995-03-28,,826.14,460.54
1995-03-29,,819.16,451.87
1995-03-30,,816.86,448.42
1995-03-31,,817.21,447.15
1995-04-03,,818.05,448.49
1995-04-04,,813.72,441.86
1995-04-05,,816.32,444.66
1995-04-06,,813.8,439.92
1995-04-07,,814.69,444.01
1995-04-10,,821.26,449.36
1995-04-11,,824.83,453.33
1995-04-12,,828.53,456.98
1995-04-13,,832.64,458.93
1995-04-17,,830.82,457.06
1995-04-18,,825.74,453.43
1995-04-19,,816.55,447.06
1995-04-20,,819.01,449.01
1995-04-21,,823.44,451.34
1995-04-24,,828.91,456.41
1995-04-25,,831.28,459.1
1995-04-26,,836.91,463.03
1995-04-27,,840.95,465.34
1995-04-28,,843.98,469.56
1995-05-01,,841.63,466.05
1995-05-02,,841.79,465.38
1995-05-03,,850.26,474.93
1995-05-04,,846.75,474.1
1995-05-05,,843.53,470.3
1995-05-08,,849.29,476.78
1995-05-09,,848.17,476.0
1995-05-10,,847.62,472.88
1995-05-11,,853.83,479.57
1995-05-12,,858.94,483.19
1995-05-15,,863.06,486.34
1995-05-16,,868.25,491.04
1995-05-17,,871.93,494.69
1995-05-18,,864.06,488.02
1995-05-19,,864.32,489.87
1995-05-22,,871.18,495.09
1995-05-23,,879.64,503.12
1995-05-24,,877.98,500.5
1995-05-25,,877.32,501.66
1995-05-26,,871.87,496.06
1995-05-30,,858.7,482.08
1995-05-31,,864.58,488.1
1995-06-01,,868.82,490.96
1995-06-02,,872.97,492.65
1995-06-05,,882.85,500.81
1995-06-06,,879.4,495.12
1995-06-07,,881.58,497.15
1995-06-08,,886.13,500.86
1995-06-09,,884.38,500.41
1995-06-12,,887.98,501.69
1995-06-13,,894.23,505.32
1995-06-14,,895.72,506.09
1995-06-15,,902.68,511.99
1995-06-16,,908.65,517.57
1995-06-19,,922.09,530.53
1995-06-20,,929.83,539.55
1995-06-21,,929.19,535.52
1995-06-22,,940.09,546.06
1995-06-23,,938.87,544.66
1995-06-26,,926.98,536.49
1995-06-27,,919.56,527.84
1995-06-28,,920.52,530.65
1995-06-29,,926.81,536.21
1995-06-30,,933.45,538.03
1995-07-03,,934.53,538.97
1995-07-05,,941.82,543.39
1995-07-06,,952.93,553.87
1995-07-07,,969.76,567.56
1995-07-10,,976.62,573.56
1995-07-11,,970.22,563.98
1995-07-12,,988.63,579.71
1995-07-13,,994.15,583.25
1995-07-14,,999.33,589.85
1995-07-17,,1005.89,596.91
1995-07-18,,988.53,578.47
1995-07-19,,952.87,557.03
1995-07-20,,960.57,550.33
1995-07-21,,961.77,547.78
1995-07-24,,978.57,562.64
1995-07-25,,993.75,572.71
1995-07-26,,1000.18,576.84
1995-07-27,,1010.66,584.25
1995-07-28,,1005.28,574.18
1995-07-31,,1001.21,568.88
1995-08-01,,991.11,559.21
1995-08-02,,983.75,551.56
1995-08-03,,982.7,553.06
1995-08-04,,991.09,560.58
1995-08-07,,995.22,563.65
1995-08-08,,997.12,565.71
1995-08-09,,1005.1,575.49
1995-08-10,,1000.61,569.75
1995-08-11,,1004.11,575.64
1995-08-14,,1012.44,584.73
1995-08-15,,1012.37,584.05
1995-08-16,,1025.75,596.43
1995-08-17,,1029.24,596.28
1995-08-18,,1031.28,595.52
1995-08-21,,1019.7,578.89
1995-08-22,,1025.29,589.25
1995-08-23,,1028.19,591.32
1995-08-24,,1020.93,583.16
1995-08-25,,1019.97,580.1
1995-08-28,,1008.15,566.05
1995-08-29,,1003.64,566.82
1995-08-30,,1012.61,572.83
1995-08-31,,1020.11,576.77
1995-09-01,,1019.47,573.21
1995-09-05,,1039.3,595.36
1995-09-06,,1044.28,594.12
1995-09-07,,1051.08,599.14
1995-09-08,,1060.03,604.27
1995-09-11,,1066.56,609.75
1995-09-12,,1065.0,605.99
1995-09-13,,1067.4,607.7
1995-09-14,,1066.96,604.12
1995-09-15,,1051.1,589.01
1995-09-18,,1050.18,591.13
1995-09-19,,1060.32,601.02
1995-09-20,,1065.09,603.19
1995-09-21,,1058.51,594.85
1995-09-22,,1053.39,592.64
1995-09-25,,1046.15,587.93
1995-09-26,,1038.05,580.77
1995-09-27,,1026.54,576.22
1995-09-28,,1047.05,595.44
1995-09-29,,1043.54,585.08
1995-10-02,,1027.57,573.87
1995-10-03,,1020.45,573.16
1995-10-04,,1002.27,558.99
1995-10-05,,1014.2,572.75
1995-10-06,,1012.04,567.42
1995-10-09,,984.74,546.93
1995-10-10,,983.47,550.76
1995-10-11,,1001.57,564.33
1995-10-12,,1015.63,573.1
1995-10-13,,1018.38,570.0
1995-10-16,,1018.13,568.46
1995-10-17,,1035.44,589.43
1995-10-18,,1045.13,597.97
1995-10-19,,1046.97,601.26
1995-10-20,,1039.53,591.75
1995-10-23,,1036.92,593.27
1995-10-24,,1039.24,594.23
1995-10-25,,1026.47,584.33
1995-10-26,,1017.57,582.47
1995-10-27,,1025.55,593.53
1995-10-30,,1039.69,607.1
1995-10-31,,1036.06,598.78
1995-11-01,,1040.5,600.91
1995-11-02,,1057.32,614.69
1995-11-03,,1065.66,621.71
1995-11-06,,1062.14,615.72
1995-11-07,,1043.9,596.23
1995-11-08,,1047.94,598.72
1995-11-09,,1065.59,616.95
1995-11-10,,1063.87,613.61
1995-11-13,,1058.46,608.32
1995-11-14,,1040.62,591.68
1995-11-15,,1041.85,593.48
1995-11-16,,1044.48,591.7
1995-11-17,,1045.03,588.81
1995-11-20,,1029.47,571.67
1995-11-21,,1024.99,574.22
1995-11-22,,1021.24,569.04
1995-11-24,,1030.17,578.32
1995-11-27,,1029.32,573.91
1995-11-28,,1050.05,598.0
1995-11-29,,1057.57,599.58
1995-11-30,,1059.2,593.72
1995-12-01,,1055.31,587.02
1995-12-04,,1069.79,598.0
1995-12-05,,1065.89,591.23
1995-12-06,,1061.73,589.98
1995-12-07,,1053.17,587.13
1995-12-08,,1062.41,599.38
1995-12-11,,1061.5,596.11
1995-12-12,,1052.07,585.04
1995-12-13,,1056.54,587.54
1995-12-14,,1038.19,566.29
1995-12-15,,1030.48,563.28
1995-12-18,,1002.56,548.04
1995-12-19,,1026.41,575.01
1995-12-20,,1025.27,565.15
1995-12-21,,1040.64,580.76
1995-12-22,,1046.89,585.18
1995-12-26,,1049.37,585.09
1995-12-27,,1048.13,580.37
1995-12-28,,1042.22,571.96
1995-12-29,,1052.13,576.23
1996-01-02,,1058.65,585.94
1996-01-03,,1046.26,572.29
1996-01-04,,1029.82,563.48
1996-01-05,,1033.47,565.14
1996-01-08,,1032.37,563.15
1996-01-09,,998.81,534.42
1996-01-10,,990.21,535.29
1996-01-11,,1011.1,555.2
1996-01-12,,1008.23,552.71
1996-01-15,,988.57,534.44
1996-01-16,,995.87,546.05
1996-01-17,,998.3,545.51
1996-01-18,,1007.24,554.32
1996-01-19,,1018.45,564.64
1996-01-22,,1029.44,571.25
1996-01-23,,1028.04,567.35
1996-01-24,,1043.46,582.14
1996-01-25,,1035.95,572.26
1996-01-26,,1040.96,577.05
1996-01-29,,1042.51,576.23
1996-01-30,,1051.3,583.99
1996-01-31,,1059.79,591.82
1996-02-01,,1069.46,601.88
1996-02-02,,1072.11,601.42
1996-02-05,,1083.34,615.47
1996-02-06,,1089.08,619.2
1996-02-07,,1084.88,615.07
1996-02-08,,1093.17,623.8
1996-02-09,,1094.6,623.01
1996-02-12,,1095.38,625.29
1996-02-13,,1087.22,618.54
1996-02-14,,1088.03,617.59
1996-02-15,,1090.54,620.23
1996-02-16,,1090.71,619.04
1996-02-20,,1083.24,616.83
1996-02-21,,1096.85,627.28
1996-02-22,,1117.11,643.41
1996-02-23,,1117.79,642.59
1996-02-26,,1113.05,637.92
1996-02-27,,1106.17,631.1
1996-02-28,,1107.55,631.44
1996-02-29,,1100.05,622.83
1996-03-01,,1086.08,604.76
1996-03-04,,1084.88,601.5
1996-03-05,,1096.81,615.88
1996-03-06,,1091.82,607.84
1996-03-07,,1093.12,609.55
1996-03-08,,1063.73,591.71
1996-03-11,,1080.5,605.48
1996-03-12,,1073.05,599.02
1996-03-13,,1088.64,614.75
1996-03-14,,1091.07,610.56
1996-03-15,,1099.59,621.71
1996-03-18,,1114.42,633.26
1996-03-19,,1112.5,629.39
1996-03-20,,1101.82,615.26
1996-03-21,,1099.79,611.51
1996-03-22,,1102.22,612.88
1996-03-25,,1087.09,597.82
1996-03-26,,1088.35,602.08
1996-03-27,,1093.88,608.06
1996-03-28,,1094.83,608.08
1996-03-29,,1101.4,609.69
1996-04-01,,1106.57,612.99
1996-04-02,,1111.29,615.81
1996-04-03,,1115.85,618.57
1996-04-04,,1118.21,618.0
1996-04-08,,1105.66,610.61
1996-04-09,,1109.15,611.06
1996-04-10,,1105.28,609.11
1996-04-11,,1097.14,604.07
1996-04-12,,1100.94,605.05
1996-04-15,,1110.44,611.08
1996-04-16,,1124.92,625.94
1996-04-17,,1120.87,620.71
1996-04-18,,1136.3,633.44
1996-04-19,,1138.7,633.01
1996-04-22,,1153.5,644.29
1996-04-23,,1166.76,654.49
1996-04-24,,1176.83,664.01
1996-04-25,,1184.17,666.68
1996-04-26,,1186.89,666.65
1996-04-29,,1188.2,667.0
1996-04-30,,1190.52,666.73
1996-05-01,,1199.66,673.36
1996-05-02,,1178.33,656.73
1996-05-03,,1184.6,661.07
1996-05-06,,1186.31,662.93
1996-05-07,,1182.67,660.82
1996-05-08,,1183.43,663.53
1996-05-09,,1187.82,662.54
1996-05-10,,1202.76,672.54
1996-05-13,,1221.87,688.52
1996-05-14,,1234.49,695.43
1996-05-15,,1233.56,690.16
1996-05-16,,1239.31,695.25
1996-05-17,,1241.88,690.81
1996-05-20,,1248.11,693.27
1996-05-21,,1244.42,687.86
1996-05-22,,1247.38,688.43
1996-05-23,,1248.65,692.09
1996-05-24,,1247.8,688.91
1996-05-28,,1236.3,685.07
1996-05-29,,1225.63,677.09
1996-05-30,,1233.48,684.04
1996-05-31,,1243.43,692.39
1996-06-03,,1238.73,689.25
1996-06-04,,1243.68,692.59
1996-06-05,,1249.15,699.35
1996-06-06,,1232.52,687.01
1996-06-07,,1229.76,691.46
1996-06-10,,1230.04,688.84
1996-06-11,,1230.76,690.94
1996-06-12,,1235.47,697.16
1996-06-13,,1225.65,691.84
1996-06-14,,1213.18,681.13
1996-06-17,,1207.64,678.44
1996-06-18,,1183.08,666.07
1996-06-19,,1179.27,667.72
1996-06-20,,1167.34,664.45
1996-06-21,,1175.44,672.53
1996-06-24,,1182.9,677.17
1996-06-25,,1172.58,668.04
1996-06-26,,1153.29,659.69
1996-06-27,,1166.01,671.15
1996-06-28,,1185.02,677.3
1996-07-01,,1197.45,687.07
1996-07-02,,1191.15,680.17
1996-07-03,,1181.6,673.84
1996-07-05,,1158.35,657.68
1996-07-08,,1148.82,656.0
1996-07-09,,1153.59,660.76
1996-07-10,,1141.19,657.45
1996-07-11,,1106.36,635.78
1996-07-12,,1103.49,635.06
1996-07-15,,1060.19,606.89
1996-07-16,,1053.47,614.25
1996-07-17,,1086.65,631.3
1996-07-18,,1109.82,643.74
1996-07-19,,1097.68,633.05
1996-07-22,,1081.39,624.03
1996-07-23,,1049.07,598.34
1996-07-24,,1042.37,605.05
1996-07-25,,1062.39,620.39
1996-07-26,,1079.44,633.39
1996-07-29,,1066.47,620.51
1996-07-30,,1071.95,630.32
1996-07-31,,1080.59,636.01
1996-08-01,,1098.85,651.07
1996-08-02,,1124.92,667.84
1996-08-05,,1120.53,661.02
1996-08-06,,1128.87,671.69
1996-08-07,,1141.11,682.37
1996-08-08,,1137.51,677.52
1996-08-09,,1137.27,678.31
1996-08-12,,1138.27,679.39
1996-08-13,,1126.15,669.1
1996-08-14,,1133.51,677.17
1996-08-15,,1134.69,677.09
1996-08-16,,1133.65,672.28
1996-08-19,,1130.91,670.25
1996-08-20,,1124.67,662.87
1996-08-21,,1126.84,667.42
1996-08-22,,1143.96,681.63
1996-08-23,,1143.05,677.57
1996-08-26,,1139.22,672.92
1996-08-27,,1149.02,679.05
1996-08-28,,1153.88,679.67
1996-08-29,,1145.03,671.1
1996-08-30,,1141.5,663.57
1996-09-03,,1142.29,669.29
1996-09-04,,1143.82,669.2
1996-09-05,,1125.66,652.32
1996-09-06,,1139.39,664.22
1996-09-09,,1148.71,671.98
1996-09-10,,1149.43,671.65
1996-09-11,,1153.95,675.12
1996-09-12,,1165.81,685.65
1996-09-13,,1188.67,707.86
1996-09-16,,1193.96,709.22
1996-09-17,,1203.31,722.5
1996-09-18,,1205.71,727.63
1996-09-19,,1212.09,736.76
1996-09-20,,1219.69,743.42
1996-09-23,,1211.47,733.41
1996-09-24,,1215.27,736.59
1996-09-25,,1224.66,745.73
1996-09-26,,1227.98,744.61
1996-09-27,,1230.05,744.73
1996-09-30,,1226.92,737.58
1996-10-01,,1221.51,734.5
1996-10-02,,1236.11,747.55
1996-10-03,,1233.09,743.28
1996-10-04,,1247.56,759.12
1996-10-07,,1250.87,764.96
1996-10-08,,1240.15,753.24
1996-10-09,,1237.98,753.97
1996-10-10,,1236.97,751.44
1996-10-11,,1248.27,765.64
1996-10-14,,1256.36,771.99
1996-10-15,,1258.1,775.08
1996-10-16,,1250.99,767.64
1996-10-17,,1241.96,755.77
1996-10-18,,1242.48,756.83
1996-10-21,,1236.41,746.28
1996-10-22,,1220.0,736.64
1996-10-23,,1227.88,749.7
1996-10-24,,1227.0,748.41
1996-10-25,,1222.6,743.55
1996-10-28,,1215.89,741.64
1996-10-29,,1203.05,731.21
1996-10-30,,1206.23,736.36
1996-10-31,,1221.51,751.99
1996-11-01,,1221.78,755.51
1996-11-04,,1220.48,756.23
1996-11-05,,1229.07,769.89
1996-11-06,,1245.49,786.9
1996-11-07,,1254.14,795.42
1996-11-08,,1257.51,798.66
1996-11-11,,1262.67,804.72
1996-11-12,,1256.53,794.09
1996-11-13,,1260.72,798.7
1996-11-14,,1270.36,809.75
1996-11-15,,1261.8,799.44
1996-11-18,,1254.57,793.29
1996-11-19,,1262.62,805.78
1996-11-20,,1264.94,808.39
1996-11-21,,1258.08,800.47
1996-11-22,,1274.36,818.51
1996-11-25,,1280.37,821.24
1996-11-26,,1281.2,825.51
1996-11-27,,1287.32,832.37
1996-11-29,,1292.61,834.01
1996-12-02,,1299.82,844.63
1996-12-03,,1300.37,837.91
1996-12-04,,1297.02,834.65
1996-12-05,,1300.12,835.8
1996-12-06,,1287.68,827.21
1996-12-09,,1316.27,856.64
1996-12-10,,1312.55,848.96
1996-12-11,,1309.12,856.38
1996-12-12,,1298.33,843.37
1996-12-13,,1284.91,828.45
1996-12-16,,1260.98,804.62
1996-12-17,,1266.32,815.79
1996-12-18,,1285.38,836.54
1996-12-19,,1295.86,843.72
1996-12-20,,1288.56,834.05
1996-12-23,,1279.52,824.79
1996-12-24,,1287.63,835.4
1996-12-26,,1294.57,842.98
1996-12-27,,1291.38,835.19
1996-12-30,,1287.75,826.49
1996-12-31,,1291.03,821.36
1997-01-02,,1280.7,815.6
1997-01-03,,1310.68,848.08
1997-01-06,,1316.4,853.24
1997-01-07,,1327.73,864.55
1997-01-08,,1320.35,853.09
1997-01-09,,1326.2,856.95
1997-01-10,,1332.02,865.58
1997-01-13,,1330.91,864.37
1997-01-14,,1346.36,881.38
1997-01-15,,1333.53,864.02
1997-01-16,,1340.58,873.63
1997-01-17,,1349.05,883.44
1997-01-20,,1364.28,899.75
1997-01-21,,1376.97,913.73
1997-01-22,,1388.06,925.52
1997-01-23,,1378.37,912.74
1997-01-24,,1363.83,898.37
1997-01-27,,1352.81,889.82
1997-01-28,,1354.37,890.79
1997-01-29,,1355.17,892.46
1997-01-30,,1371.02,911.71
1997-01-31,,1379.85,921.55
1997-02-03,,1376.05,918.01
1997-02-04,,1373.75,916.3
1997-02-05,,1348.44,887.39
1997-02-06,,1346.4,885.52
1997-02-07,,1357.71,899.84
1997-02-10,,1335.34,872.06
1997-02-11,,1331.51,871.71
1997-02-12,,1358.96,900.5
1997-02-13,,1370.81,907.71
1997-02-14,,1367.19,899.91
1997-02-18,,1365.79,897.53
1997-02-19,,1365.58,897.65
1997-02-20,,1347.4,880.25
1997-02-21,,1334.32,864.3
1997-02-24,,1345.08,880.26
1997-02-25,,1347.69,882.04
1997-02-26,,1340.55,880.74
1997-02-27,,1312.66,848.49
1997-02-28,,1309.0,850.46
1997-03-03,,1311.18,856.08
1997-03-04,,1317.37,862.04
1997-03-05,,1329.09,872.07
1997-03-06,,1315.43,851.51
1997-03-07,,1311.8,841.03
1997-03-10,,1322.72,854.84
1997-03-11,,1316.76,848.5
1997-03-12,,1304.13,839.32
1997-03-13,,1293.28,840.5
1997-03-14,,1292.97,838.98
1997-03-17,,1279.43,832.24
1997-03-18,,1269.34,827.57
1997-03-19,,1249.29,811.8
1997-03-20,,1259.26,821.73
1997-03-21,,1254.07,812.73
1997-03-24,,1242.64,802.37
1997-03-25,,1248.06,807.19
1997-03-26,,1269.08,834.38
1997-03-27,,1249.51,818.74
1997-03-31,,1221.7,797.06
1997-04-01,,1216.93,796.79
1997-04-02,,1201.0,783.92
1997-04-03,,1213.76,804.67
1997-04-04,,1236.73,822.4
1997-04-07,,1251.35,832.31
1997-04-08,,1257.37,840.36
1997-04-09,,1249.43,828.73
1997-04-10,,1235.77,813.45
1997-04-11,,1206.9,789.97
1997-04-14,,1216.41,806.79
1997-04-15,,1212.88,798.0
1997-04-16,,1210.27,798.65
1997-04-17,,1217.07,808.22
1997-04-18,,1222.57,816.43
1997-04-21,,1203.95,802.5
1997-04-22,,1212.74,818.08
1997-04-23,,1227.14,837.97
1997-04-24,,1228.1,837.75
1997-04-25,,1209.29,818.57
1997-04-28,,1217.03,829.39
1997-04-29,,1242.63,856.26
1997-04-30,,1260.76,874.74
1997-05-01,,1270.5,882.12
1997-05-02,,1305.33,909.49
1997-05-05,,1339.24,932.77
1997-05-06,,1328.3,914.9
1997-05-07,,1322.91,909.29
1997-05-08,,1330.83,919.35
1997-05-09,,1335.05,919.14
1997-05-12,,1344.19,924.64
1997-05-13,,1333.59,910.57
1997-05-14,,1335.55,909.92
1997-05-15,,1353.58,931.79
1997-05-16,,1340.73,915.29
1997-05-19,,1341.24,913.57
1997-05-20,,1363.88,942.11
1997-05-21,,1373.75,950.53
1997-05-22,,1372.6,946.11
1997-05-23,,1389.72,959.08
1997-05-27,,1409.21,984.61
1997-05-28,,1410.18,982.6
1997-05-29,,1403.04,970.54
1997-05-30,,1400.32,958.85
1997-06-02,,1404.79,958.69
1997-06-03,,1384.91,929.81
1997-06-04,,1379.67,921.96
1997-06-05,,1390.05,930.61
1997-06-06,,1404.84,944.98
1997-06-09,,1412.04,954.56
1997-06-10,,1401.69,941.14
1997-06-11,,1407.85,949.0
1997-06-12,,1411.32,949.97
1997-06-13,,1423.03,964.4
1997-06-16,,1431.95,975.87
1997-06-17,,1443.11,989.37
1997-06-18,,1432.43,971.55
1997-06-19,,1447.14,981.95
1997-06-20,,1447.1,981.41
1997-06-23,,1434.32,969.05
1997-06-24,,1452.43,986.42
1997-06-25,,1446.24,979.22
1997-06-26,,1436.38,967.34
1997-06-27,,1438.15,963.01
1997-06-30,,1442.07,957.3
1997-07-01,,1438.25,953.44
1997-07-02,,1455.61,975.93
1997-07-03,,1467.61,986.52
1997-07-07,,1470.74,991.04
1997-07-08,,1485.1,1005.81
1997-07-09,,1486.63,1010.14
1997-07-10,,1490.93,1010.04
1997-07-11,,1502.62,1015.62
1997-07-14,,1523.88,1041.88
1997-07-15,,1542.11,1059.01
1997-07-16,,1580.63,1103.43
1997-07-17,,1568.85,1094.95
1997-07-18,,1547.99,1070.99
1997-07-21,,1536.23,1058.45
1997-07-22,,1563.86,1090.94
1997-07-23,,1567.65,1092.06
1997-07-24,,1569.13,1087.91
1997-07-25,,1569.58,1085.39
1997-07-28,,1563.53,1075.18
1997-07-29,,1572.32,1087.92
1997-07-30,,1588.05,1100.98
1997-07-31,,1593.81,1107.03
1997-08-01,,1594.33,1108.94
1997-08-04,,1605.45,1124.08
1997-08-05,,1621.53,1136.41
1997-08-06,,1630.44,1141.82
1997-08-07,,1624.18,1135.61
1997-08-08,,1598.52,1115.02
1997-08-11,,1586.74,1101.18
1997-08-12,,1576.24,1090.78
1997-08-13,,1583.4,1099.1
1997-08-14,,1586.69,1103.54
1997-08-15,,1562.03,1103.54
1997-08-18,,1569.52,1089.55
1997-08-19,,1600.71,1121.18
1997-08-20,,1628.7,1145.07
1997-08-21,,1607.36,1118.72
1997-08-22,,1598.69,1110.91
1997-08-25,,1601.57,1107.8
1997-08-26,,1591.3,1093.21
1997-08-27,,1595.54,1091.89
1997-08-28,,1581.32,1070.57
1997-08-29,,1587.32,1074.17
1997-09-02,,1618.09,1102.74
1997-09-03,,1618.24,1100.44
1997-09-04,,1624.63,1105.82
1997-09-05,,1635.77,1111.15
1997-09-08,,1645.35,1117.82
1997-09-09,,1656.22,1126.73
1997-09-10,,1639.25,1102.95
1997-09-11,,1639.86,1105.06
1997-09-12,,1649.33,1106.07
1997-09-15,,1634.92,1080.29
1997-09-16,,1668.6,1116.52
1997-09-17,,1666.47,1108.63
1997-09-18,,1670.02,1109.29
1997-09-19,,1680.36,1118.68
1997-09-22,,1689.45,1123.65
1997-09-23,,1697.36,1135.04
1997-09-24,,1687.41,1115.88
1997-09-25,,1678.89,1106.48
1997-09-26,,1682.24,1106.82
1997-09-29,,1694.98,1118.77
1997-09-30,,1685.69,1097.17
1997-10-01,,1690.3,1102.05
1997-10-02,,1702.41,1112.89
1997-10-03,,1715.87,1124.44
1997-10-06,,1721.91,1125.93
1997-10-07,,1737.27,1140.74
1997-10-08,,1741.77,1145.34
1997-10-09,,1745.85,1148.21
1997-10-10,,1739.03,1137.77
1997-10-13,,1742.12,1140.48
1997-10-14,,1732.79,1131.43
1997-10-15,,1723.37,1119.07
1997-10-16,,1699.66,1099.38
1997-10-17,,1666.85,1075.12
1997-10-20,,1685.45,1088.25
1997-10-21,,1712.54,1110.55
1997-10-22,,1708.08,1098.71
1997-10-23,,1671.25,1074.65
1997-10-24,,1650.92,1057.34
1997-10-27,,1535.09,978.85
1997-10-28,,1603.02,1046.91
1997-10-29,,1602.75,1029.76
1997-10-30,,1570.41,1000.7
1997-10-31,,1593.61,1019.62
1997-11-03,,1629.98,1050.72
1997-11-04,,1631.15,1047.62
1997-11-05,,1637.33,1046.92
1997-11-06,,1623.44,1034.17
1997-11-07,,1602.4,1028.32
1997-11-10,,1590.72,1011.54
1997-11-11,,1584.86,1010.96
1997-11-12,,1541.72,980.14
1997-11-13,,1559.25,1002.92
1997-11-14,,1583.51,1027.85
1997-11-17,,1614.11,1049.7
1997-11-18,,1600.44,1036.31
1997-11-19,,1601.22,1039.12
1997-11-20,,1626.56,1062.49
1997-11-21,,1620.75,1056.59
1997-11-24,,1586.99,1030.22
1997-11-25,,1589.04,1038.06
1997-11-26,,1594.5,1044.24
1997-11-28,,1600.55,1050.51
1997-12-01,,1630.72,1079.23
1997-12-02,,1606.37,1052.07
1997-12-03,,1615.13,1061.62
1997-12-04,,1613.42,1052.76
1997-12-05,,1633.9,1070.27
1997-12-08,,1651.54,1082.92
1997-12-09,,1620.55,1050.67
1997-12-10,,1596.61,1033.21
1997-12-11,,1558.54,1001.88
1997-12-12,,1536.58,978.49
1997-12-15,,1536.56,984.38
1997-12-16,,1553.0,997.31
1997-12-17,,1547.37,983.63
1997-12-18,,1523.19,966.77
1997-12-19,,1524.74,969.9
1997-12-22,,1532.06,975.69
1997-12-23,,1509.91,949.57
1997-12-24,,1499.53,938.99
1997-12-26,,1511.38,954.07
1997-12-29,,1537.45,978.53
1997-12-30,,1565.03,998.46
1997-12-31,,1570.35,990.8
1998-01-02,,1581.53,1008.23
1998-01-05,,1594.12,1017.42
1998-01-06,,1580.14,1006.29
1998-01-07,,1561.7,991.19
1998-01-08,,1555.54,994.54
1998-01-09,,1503.22,956.19
1998-01-12,,1507.58,971.17
1998-01-13,,1541.63,995.05
1998-01-14,,1548.76,996.37
1998-01-15,,1547.06,995.58
1998-01-16,,1562.88,1005.87
1998-01-20,,1590.14,1026.88
1998-01-21,,1587.92,1026.52
1998-01-22,,1576.51,1020.63
1998-01-23,,1575.93,1024.47
1998-01-26,,1561.46,1016.4
1998-01-27,,1578.9,1035.76
1998-01-28,,1610.82,1063.22
1998-01-29,,1619.49,1069.0
1998-01-30,,1619.36,1071.13
1998-02-02,,1652.89,1100.99
1998-02-03,,1666.34,1111.26
1998-02-04,,1680.44,1124.44
1998-02-05,,1676.9,1114.86
1998-02-06,,1694.35,1134.32
1998-02-09,,1690.43,1122.72
1998-02-10,,1709.04,1139.79
1998-02-11,,1708.55,1138.81
1998-02-12,,1714.34,1144.8
1998-02-13,,1710.42,1136.69
1998-02-17,,1703.43,1128.63
1998-02-18,,1715.73,1140.74
1998-02-19,,1727.01,1156.75
1998-02-20,,1728.13,1159.73
1998-02-23,,1751.76,1185.53
1998-02-24,,1738.71,1172.4
1998-02-25,,1766.48,1200.39
1998-02-26,,1777.11,1206.97
1998-02-27,,1770.51,1194.13
1998-03-02,,1758.54,1177.59
1998-03-03,,1757.14,1175.72
1998-03-04,,1759.7,1179.87
1998-03-05,,1711.92,1126.83
1998-03-06,,1753.49,1163.11
1998-03-09,,1725.16,1128.37
1998-03-10,,1748.51,1148.61
1998-03-11,,1756.85,1153.87
1998-03-12,,1764.06,1163.27
1998-03-13,,1771.66,1169.29
1998-03-16,,1788.18,1180.17
1998-03-17,,1779.3,1167.89
1998-03-18,,1788.28,1177.01
1998-03-19,,1799.98,1186.16
1998-03-20,,1789.16,1169.43
1998-03-23,,1792.51,1179.18
1998-03-24,,1812.44,1197.81
1998-03-25,,1824.51,1214.82
1998-03-26,,1828.54,1217.94
1998-03-27,,1823.62,1211.64
1998-03-30,,1818.7,1206.64
1998-03-31,,1835.68,1220.66
1998-04-01,,1847.66,1228.41
1998-04-02,,1852.96,1230.18
1998-04-03,,1855.4,1233.66
1998-04-06,,1829.14,1205.37
1998-04-07,,1798.71,1182.13
1998-04-08,,1807.01,1191.06
1998-04-09,,1820.24,1196.9
1998-04-13,,1824.95,1202.97
1998-04-14,,1843.03,1213.12
1998-04-15,,1863.26,1231.36
1998-04-16,,1858.24,1227.53
1998-04-17,,1866.6,1231.25
1998-04-20,,1887.14,1253.11
1998-04-21,,1903.87,1269.7
1998-04-22,,1917.61,1290.9
1998-04-23,,1881.39,1258.58
1998-04-24,,1868.96,1250.14
1998-04-27,,1820.31,1220.05
1998-04-28,,1831.77,1222.5
1998-04-29,,1851.64,1239.56
1998-04-30,,1868.41,1248.12
1998-05-01,,1873.44,1251.53
1998-05-04,,1878.86,1255.82
1998-05-05,,1864.91,1247.27
1998-05-06,,1856.68,1242.25
1998-05-07,,1835.14,1222.68
1998-05-08,,1864.37,1254.03
1998-05-11,,1848.07,1237.67
1998-05-12,,1860.16,1256.41
1998-05-13,,1866.18,1263.08
1998-05-14,,1865.36,1266.1
1998-05-15,,1846.77,1249.49
1998-05-18,,1831.62,1242.5
1998-05-19,,1845.87,1255.59
1998-05-20,,1831.75,1237.75
1998-05-21,,1820.99,1223.7
1998-05-22,,1805.0,1214.13
1998-05-26,,1778.09,1200.12
1998-05-27,,1781.1,1209.46
1998-05-28,,1794.62,1214.83
1998-05-29,,1778.87,1192.07
1998-06-01,,1746.82,1165.55
1998-06-02,,1761.79,1187.15
1998-06-03,,1742.31,1163.98
1998-06-04,,1769.95,1195.19
1998-06-05,,1782.92,1206.7
1998-06-08,,1787.77,1207.02
1998-06-09,,1800.76,1223.48
1998-06-10,,1773.25,1199.3
1998-06-11,,1749.75,1185.11
1998-06-12,,1745.05,1186.99
1998-06-15,,1715.75,1173.57
1998-06-16,,1753.12,1210.9
1998-06-17,,1776.4,1224.08
1998-06-18,,1772.7,1227.33
1998-06-19,,1781.29,1239.71
1998-06-22,,1805.82,1263.93
1998-06-23,,1844.57,1302.39
1998-06-24,,1877.76,1331.16
1998-06-25,,1863.25,1311.4
1998-06-26,,1869.53,1320.94
1998-06-29,,1891.08,1339.71
1998-06-30,,1894.74,1337.34
1998-07-01,,1914.46,1356.14
1998-07-02,,1894.0,1332.53
1998-07-03,,,1332.53
1998-07-06,,1909.47,1342.58
1998-07-07,,1908.11,1346.32
1998-07-08,,1935.39,1377.84
1998-07-09,,1939.82,1383.22
1998-07-10,,1943.04,1391.11
1998-07-13,,1965.53,1420.58
1998-07-14,,1968.41,1418.13
1998-07-15,,1994.54,1449.58
1998-07-16,,2000.56,1452.62
1998-07-17,,2008.76,1463.97
1998-07-20,,2014.25,1465.89
1998-07-21,,1979.14,1431.89
1998-07-22,,1969.75,1430.58
1998-07-23,,1935.22,1405.8
1998-07-24,,1930.99,1408.6
1998-07-27,,1933.26,1426.37
1998-07-28,,1896.53,1393.28
1998-07-29,,1881.49,1380.08
1998-07-30,,1919.58,1422.05
1998-07-31,,1872.39,1377.26
1998-08-03,,1851.1,1368.44
1998-08-04,,1785.64,1317.24
1998-08-05,,1788.2,1329.9
1998-08-06,,1829.51,1365.87
1998-08-07,,1846.77,1364.07
1998-08-10,,1839.21,1362.88
1998-08-11,,1792.7,1330.13
1998-08-12,,1825.53,1354.66
1998-08-13,,1802.54,1338.39
1998-08-14,,1790.19,1330.04
1998-08-17,,1818.04,1367.79
1998-08-18,,1855.12,1401.24
1998-08-19,,1842.69,1398.26
1998-08-20,,1832.45,1398.2
1998-08-21,,1797.61,1374.77
1998-08-24,,1790.82,1370.92
1998-08-25,,1798.17,1388.35
1998-08-26,,1768.13,1374.05
1998-08-27,,1686.41,1312.28
1998-08-28,,1639.68,1265.04
1998-08-31,,1499.25,1140.34
1998-09-01,,1575.09,1215.06
1998-09-02,,1592.85,1221.44
1998-09-03,,1571.86,1208.96
1998-09-04,,1566.52,1205.41
1998-09-08,,1660.86,1286.47
1998-09-09,,1624.55,1261.77
1998-09-10,,1585.33,1235.37
1998-09-11,,1641.64,1290.2
1998-09-14,,1665.69,1308.23
1998-09-15,,1678.11,1324.19
1998-09-16,,1689.91,1331.45
1998-09-17,,1646.25,1291.79
1998-09-18,,1663.77,1300.7
1998-09-21,,1680.43,1327.7
1998-09-22,,1697.8,1336.19
1998-09-23,,1760.27,1394.65
1998-09-24,,1720.34,1356.46
1998-09-25,,1743.59,1390.09
1998-09-28,,1739.22,1383.25
1998-09-29,,1734.05,1384.89
1998-09-30,,1693.84,1345.48
1998-10-01,,1612.33,1273.74
1998-10-02,,1614.98,1276.44
1998-10-05,,1536.69,1207.68
1998-10-06,,1510.89,1184.84
1998-10-07,,1462.61,1151.09
1998-10-08,,1419.12,1128.88
1998-10-09,,1492.49,1197.87
1998-10-12,,1546.08,1243.4
1998-10-13,,1509.45,1206.9
1998-10-14,,1540.97,1235.67
1998-10-15,,1611.01,1299.66
1998-10-16,,1620.95,1293.91
1998-10-19,,1648.73,1310.17
1998-10-20,,1639.19,1283.23
1998-10-21,,1674.75,1332.05
1998-10-22,,1702.64,1355.19
1998-10-23,,1693.86,1340.6
1998-10-26,,1724.98,1368.93
1998-10-27,,1717.63,1353.34
1998-10-28,,1737.35,1379.96
1998-10-29,,1757.19,1396.3
1998-10-30,,1771.39,1400.52
1998-11-02,,1800.91,1418.79
1998-11-03,,1788.43,1401.73
1998-11-04,,1823.57,1434.0
1998-11-05,,1837.1,1442.04
1998-11-06,,1856.56,1458.34
1998-11-09,,1861.05,1467.63
1998-11-10,,1865.62,1477.48
1998-11-11,,1862.11,1480.71
1998-11-12,,1851.06,1466.54
1998-11-13,,1847.99,1465.22
1998-11-16,,1861.68,1475.6
1998-11-17,,1878.52,1498.55
1998-11-18,,1897.44,1514.89
1998-11-19,,1919.68,1537.45
1998-11-20,,1928.21,1544.22
1998-11-23,,1977.42,1589.06
1998-11-24,,1965.88,1580.83
1998-11-25,,1985.21,1598.48
1998-11-27,,2016.44,1628.35
1998-11-30,,1949.54,1557.96
1998-12-01,,2003.75,1632.53
1998-12-02,,1995.21,1619.09
1998-12-03,,1954.33,1573.78
1998-12-04,,2003.16,1630.01
1998-12-07,,2040.64,1676.89
1998-12-08,,2034.75,1668.16
1998-12-09,,2050.42,1685.38
1998-12-10,,2015.96,1652.76
1998-12-11,,2029.31,1675.01
1998-12-14,,1966.92,1614.09
1998-12-15,,2012.6,1663.78
1998-12-16,,2009.36,1656.28
1998-12-17,,2043.88,1689.63
1998-12-18,,2086.14,1735.0
1998-12-21,,2138.03,1787.3
1998-12-22,,2120.98,1767.82
1998-12-23,,2172.54,1818.96
1998-12-24,,2163.03,1806.04
1998-12-28,,2180.3,1823.99
1998-12-29,,2181.77,1823.31
1998-12-30,,2166.95,1810.97
1998-12-31,,2192.69,1836.01
1999-01-04,,2208.05,1854.39
1999-01-05,,2251.27,1903.0
1999-01-06,,2320.86,1963.95
1999-01-07,,2326.09,1966.35
1999-01-08,,2344.41,1973.66
1999-01-11,,2384.59,2000.18
1999-01-12,,2320.75,1939.75
1999-01-13,,2316.81,1948.71
1999-01-14,,2276.82,1906.12
1999-01-15,,2348.2,1981.62
1999-01-19,,2408.17,2033.71
1999-01-20,,2415.49,2033.71
1999-01-21,,2344.72,1961.76
1999-01-22,,2338.88,1964.21
1999-01-25,,2369.31,1997.16
1999-01-26,,2433.41,2062.2
1999-01-27,,2407.14,2030.36
1999-01-28,,2477.34,2104.59
1999-01-29,,2505.89,2127.19
1999-02-01,,2510.09,2130.93
1999-02-02,,2463.42,2078.69
1999-02-03,,2493.41,2119.94
1999-02-04,,2410.07,2027.66
1999-02-05,,2373.62,1988.55
1999-02-08,,2404.92,2034.21
1999-02-09,,2310.79,1935.33
1999-02-10,,2309.5,1944.18
1999-02-11,,2405.55,2044.68
1999-02-12,,2321.89,1958.6
1999-02-16,,2313.87,1954.49
1999-02-17,,2248.91,1891.37
1999-02-18,,2260.55,1906.09
1999-02-19,,2283.6,1931.59
1999-02-22,,2342.01,1996.02
1999-02-23,,2376.35,2028.23
1999-02-24,,2339.38,1989.14
1999-02-25,,2326.82,1974.39
1999-02-26,,2288.03,1925.28
1999-03-01,,2295.18,1937.7
1999-03-02,,2259.03,1888.66
1999-03-03,,2265.2,1899.81
1999-03-04,,2292.89,1933.03
1999-03-05,,2337.11,1969.87
1999-03-08,,2397.62,2034.05
1999-03-09,,2392.94,2028.57
1999-03-10,,2406.0,2038.51
1999-03-11,,2412.25,2043.76
1999-03-12,,2381.53,2008.96
1999-03-15,,2431.44,2060.34
1999-03-16,,2439.27,2073.31
1999-03-17,,2428.97,2064.5
1999-03-18,,2462.96,2102.77
1999-03-19,,2421.27,2053.69
1999-03-22,,2395.94,2027.14
1999-03-23,,2322.84,1961.31
1999-03-24,,2365.28,2013.55
1999-03-25,,2434.8,2083.35
1999-03-26,,2419.17,2067.3
1999-03-29,,2492.84,2144.66
1999-03-30,,2480.29,2125.69
1999-03-31,,2461.4,2106.39
1999-04-01,,2493.37,2146.13
1999-04-05,,2560.06,2219.64
1999-04-06,,2563.17,2218.83
1999-04-07,,2544.43,2192.29
1999-04-08,,2573.39,2224.75
1999-04-09,,2593.05,2232.47
1999-04-12,,2598.81,2219.21
1999-04-13,,2583.5,2175.18
1999-04-14,,2507.28,2103.63
1999-04-15,,2521.77,2135.81
1999-04-16,,2484.04,2086.46
1999-04-19,,2345.61,1967.58
1999-04-20,,2409.64,2030.28
1999-04-21,,2489.08,2105.82
1999-04-22,,2561.61,2183.44
1999-04-23,,2590.69,2210.44
1999-04-26,,2652.05,2260.66
1999-04-27,,2602.41,2207.03
1999-04-28,,2550.37,2150.44
1999-04-29,,2528.44,2119.29
1999-04-30,,2542.85,2136.39
1999-05-03,,2535.58,2137.95
1999-05-04,,2485.12,2097.55
1999-05-05,,2534.45,2155.77
1999-05-06,,2472.28,2078.63
1999-05-07,,2503.62,2117.73
1999-05-10,,2526.39,2134.75
1999-05-11,,2566.68,2175.85
1999-05-12,,2606.54,2217.68
1999-05-13,,2582.0,2179.08
1999-05-14,,2527.86,2125.15
1999-05-17,,2561.84,2175.74
1999-05-18,,2558.36,2159.26
1999-05-19,,2577.4,2186.2
1999-05-20,,2542.23,2139.95
1999-05-21,,2520.14,2114.4
1999-05-24,,2453.66,2060.59
1999-05-25,,2380.9,1999.04
1999-05-26,,2427.18,2053.04
1999-05-27,,2419.15,2050.09
1999-05-28,,2470.52,2089.7
1999-06-01,,2412.03,2025.79
1999-06-02,,2432.41,2074.54
1999-06-03,,2403.32,2030.4
1999-06-04,,2478.34,2109.41
1999-06-07,,2524.21,2152.69
1999-06-08,,2474.56,2086.75
1999-06-09,,2519.35,2135.48
1999-06-10,,2484.62,2097.79
1999-06-11,,2447.88,2062.29
1999-06-14,,2398.31,2028.92
1999-06-15,,2414.67,2058.17
1999-06-16,,2517.83,2167.49
1999-06-17,,2544.15,2190.83
1999-06-18,,2563.44,2205.46
1999-06-21,,2630.28,2268.66
1999-06-22,,2580.26,2209.89
1999-06-23,,2598.12,2239.33
1999-06-24,,2553.99,2184.87
1999-06-25,,2552.65,2185.76
1999-06-28,,2602.44,2243.94
1999-06-29,,2642.11,2280.06
1999-06-30,,2686.12,2296.77
1999-07-01,,2706.18,2322.32
1999-07-02,,2741.02,2347.88
1999-07-06,,2736.78,2330.73
1999-07-07,,2743.04,2340.67
1999-07-08,,2771.86,2374.58
1999-07-09,,2793.07,2393.02
1999-07-12,,2790.44,2384.24
1999-07-13,,2778.23,2373.66
1999-07-14,,2818.13,2417.05
1999-07-15,,2839.37,2429.27
1999-07-16,,2864.48,2459.48
1999-07-19,,2830.29,2424.62
1999-07-20,,2732.18,2329.32
1999-07-21,,2761.77,2363.63
1999-07-22,,2684.44,2281.92
1999-07-23,,2692.4,2302.02
1999-07-26,,2619.19,2233.51
1999-07-27,,2679.33,2308.78
1999-07-28,,2705.84,2333.78
1999-07-29,,2640.01,2263.06
1999-07-30,,2638.49,2270.93
1999-08-02,,2623.63,2264.81
1999-08-03,,2587.99,2239.18
1999-08-04,,2540.0,2204.33
1999-08-05,,2565.83,2232.23
1999-08-06,,2547.97,2212.15
1999-08-09,,2518.98,2187.61
1999-08-10,,2490.11,2163.77
1999-08-11,,2564.98,2241.8
1999-08-12,,2549.49,2214.33
1999-08-13,,2637.81,2307.06
1999-08-16,,2645.28,2313.08
1999-08-17,,2671.22,2337.37
1999-08-18,,2657.73,2317.39
1999-08-19,,2621.43,2278.79
1999-08-20,,2648.33,2315.07
1999-08-23,,2719.57,2385.87
1999-08-24,,2752.37,2404.82
1999-08-25,,2805.6,2460.92
1999-08-26,,2774.62,2417.3
1999-08-27,,2758.9,2402.57
1999-08-30,,2712.69,2366.88
1999-08-31,,2739.35,2396.87
1999-09-01,,2750.8,2404.94
1999-09-02,,2734.24,2392.6
1999-09-03,,2843.11,2506.69
1999-09-07,,2837.26,2491.82
1999-09-08,,2808.74,2454.67
1999-09-09,,2852.02,2505.5
1999-09-10,,2887.06,2534.61
1999-09-13,,2844.77,2483.1
1999-09-14,,2868.29,2522.46
1999-09-15,,2814.17,2463.09
1999-09-16,,2806.72,2466.88
1999-09-17,,2869.62,2536.91
1999-09-20,,2886.15,2545.41
1999-09-21,,2821.1,2473.74
1999-09-22,,2858.16,2513.94
1999-09-23,,2749.83,2403.07
1999-09-24,,2740.41,2399.58
1999-09-27,,2761.75,2426.51
1999-09-28,,2756.25,2428.11
1999-09-29,,2730.27,2398.78
1999-09-30,,2746.16,2407.9
1999-10-01,,2736.85,2404.45
1999-10-04,,2795.97,2467.92
1999-10-05,,2799.67,2471.5
1999-10-06,,2857.21,2532.4
1999-10-07,,2860.7,2532.0
1999-10-08,,2886.57,2555.36
1999-10-11,,2915.95,2578.88
1999-10-12,,2872.43,2526.82
1999-10-13,,2801.27,2454.49
1999-10-14,,2806.84,2470.99
1999-10-15,,2731.83,2403.81
1999-10-18,,2689.15,2362.11
1999-10-19,,2688.18,2362.25
1999-10-20,,2788.13,2466.29
1999-10-21,,2801.95,2477.14
1999-10-22,,2816.52,2485.9
1999-10-25,,2815.95,2484.19
1999-10-26,,2811.47,2466.4
1999-10-27,,2802.52,2457.46
1999-10-28,,2875.22,2539.93
1999-10-29,,2966.43,2637.44
1999-11-01,,2967.65,2616.36
1999-11-02,,2981.63,2626.99
1999-11-03,,3028.51,2672.72
1999-11-04,,3055.95,2703.11
1999-11-05,,3102.29,2755.7
1999-11-08,,3143.97,2786.27
1999-11-09,,3125.04,2763.58
1999-11-10,,3155.96,2797.61
1999-11-11,,3197.29,2849.81
1999-11-12,,3221.15,2888.91
1999-11-15,,3219.54,2875.87
1999-11-16,,3295.52,2940.02
1999-11-17,,3269.39,2911.69
1999-11-18,,3347.11,3003.49
1999-11-19,,3369.25,3028.84
1999-11-22,,3392.56,3049.61
1999-11-23,,3342.87,2999.78
1999-11-24,,3420.5,3108.52
1999-11-26,,3447.81,3116.62
1999-11-29,,3421.37,3063.23
1999-11-30,,3336.16,2966.71
1999-12-01,,3353.71,2997.28
1999-12-02,,3452.78,3108.47
1999-12-03,,3520.63,3172.37
1999-12-06,,3546.01,3191.09
1999-12-07,,3586.92,3205.08
1999-12-08,,3586.08,3164.08
1999-12-09,,3594.17,3167.52
1999-12-10,,3620.24,3203.28
1999-12-13,,3658.17,3242.37
1999-12-14,,3571.66,3167.29
1999-12-15,,3621.95,3239.18
1999-12-16,,3715.06,3332.31
1999-12-17,,3753.06,3359.86
1999-12-20,,3783.87,3390.01
1999-12-21,,3911.15,3528.53
1999-12-22,,3937.3,3562.29
1999-12-23,,3969.44,3590.28
1999-12-27,,3975.38,3598.51
1999-12-28,,3972.11,3579.95
1999-12-29,,4041.46,3689.68
1999-12-30,,4036.87,3683.67
1999-12-31,,4069.31,3707.83
2000-01-03,,4131.15,3790.55
2000-01-04,,3901.69,3546.2
2000-01-05,,3877.54,3507.31
2000-01-06,,3727.13,3340.81
2000-01-07,,3882.62,3529.6
2000-01-10,,4049.67,3717.41
2000-01-11,,3921.19,3544.35
2000-01-12,,3850.02,3478.14
2000-01-13,,3957.21,3612.08
2000-01-14,,4064.27,3704.74
2000-01-18,,4130.81,3757.78
2000-01-19,,4151.29,3790.89
2000-01-20,,4189.51,3841.74
2000-01-21,,4235.4,3849.96
2000-01-24,,4096.08,3660.96
2000-01-25,,4167.41,3759.11
2000-01-26,,4069.91,3621.21
2000-01-27,,4039.56,3593.15
2000-01-28,,3887.07,3446.13
2000-01-31,,3940.35,3570.05
2000-02-01,,4051.98,3701.78
2000-02-02,,4073.96,3724.46
2000-02-03,,4210.98,3851.16
2000-02-04,,4244.14,3874.37
2000-02-07,,4321.77,3933.34
2000-02-08,,4427.5,4062.77
2000-02-09,,4363.24,3968.46
2000-02-10,,4485.63,4090.0
2000-02-11,,4395.45,3968.89
2000-02-14,,4418.55,3986.13
2000-02-15,,4420.77,3997.03
2000-02-16,,4427.65,3997.97
2000-02-17,,4548.92,4125.38
2000-02-18,,4411.74,3965.75
2000-02-22,,4382.12,3969.13
2000-02-23,,4550.33,4170.09
2000-02-24,,4617.65,4253.05
2000-02-25,,4590.5,4178.58
2000-02-28,,4577.85,4162.13
2000-02-29,,4696.69,4266.94
2000-03-01,,4784.08,4309.01
2000-03-02,,4754.51,4234.26
2000-03-03,,4914.79,4442.87
2000-03-06,,4904.85,4457.18
2000-03-07,,4847.84,4390.83
2000-03-08,,4897.26,4445.68
2000-03-09,,5046.86,4586.26
2000-03-10,,5048.62,4587.16
2000-03-13,,4907.24,4426.8
2000-03-14,,4706.63,4226.99
2000-03-15,,4582.62,4130.01
2000-03-16,,4717.39,4353.33
2000-03-17,,4798.13,4440.45
2000-03-20,,4610.0,4261.15
2000-03-21,,4711.68,4449.33
2000-03-22,,4864.75,4596.81
2000-03-23,,4940.61,4660.62
2000-03-24,,4963.03,4691.61
2000-03-27,,4958.56,4704.73
2000-03-28,,4833.89,4583.39
2000-03-29,,4644.67,4413.92
2000-03-30,,4457.89,4250.19
2000-03-31,,4572.83,4397.84
2000-04-03,,4223.68,4077.02
2000-04-04,,4148.89,4034.17
2000-04-05,,4169.22,4030.26
2000-04-06,,4267.56,4086.73
2000-04-07,,4446.45,4291.53
2000-04-10,,4188.2,3998.26
2000-04-11,,4055.9,3909.21
2000-04-12,,3769.63,3633.63
2000-04-13,,3676.78,3553.81
2000-04-14,,3321.29,3207.96
2000-04-17,,3539.16,3529.45
2000-04-18,,3793.57,3715.81
2000-04-19,,3706.41,3583.07
2000-04-20,,3643.88,3505.29
2000-04-24,,3482.48,3353.53
2000-04-25,,3711.23,3621.56
2000-04-26,,3630.09,3505.71
2000-04-27,,3774.03,3692.57
2000-04-28,,3860.66,3773.18
2000-05-01,,3958.08,3829.84
2000-05-02,,3785.45,3627.31
2000-05-03,,3707.31,3562.16
2000-05-04,,3720.24,3570.73
2000-05-05,,3816.82,3688.36
2000-05-08,,3669.38,3521.6
2000-05-09,,3585.01,3445.26
2000-05-10,,3384.73,3244.73
2000-05-11,,3499.58,3381.57
2000-05-12,,3529.06,3406.25
2000-05-15,,3607.65,3512.11
2000-05-16,,3717.57,3646.89
2000-05-17,,3644.96,3550.5
2000-05-18,,3538.71,3426.35
2000-05-19,,3390.4,3260.64
2000-05-22,,3364.21,3264.71
2000-05-23,,3164.55,3023.42
2000-05-24,,3270.61,3180.31
2000-05-25,,3205.35,3099.28
2000-05-26,,3205.11,3101.44
2000-05-30,,3459.48,3414.03
2000-05-31,,3400.91,3324.08
2000-06-01,,3582.5,3518.98
2000-06-02,,3813.38,3755.67
2000-06-05,,3821.76,3730.31
2000-06-06,,3756.37,3646.32
2000-06-07,,3839.26,3736.01
2000-06-08,,3825.56,3707.31
2000-06-09,,3874.84,3760.26
2000-06-12,,3767.91,3638.42
2000-06-13,,3851.06,3765.81
2000-06-14,,3797.41,3677.49
2000-06-15,,3845.74,3752.01
2000-06-16,,3860.56,3787.36
2000-06-19,,3989.83,3933.7
2000-06-20,,4013.36,3933.83
2000-06-21,,4064.01,3970.0
2000-06-22,,3936.84,3804.11
2000-06-23,,3845.34,3685.3
2000-06-26,,3912.12,3771.45
2000-06-27,,3858.96,3699.0
2000-06-28,,3940.34,3771.06
2000-06-29,,3877.23,3665.83
2000-06-30,,3966.11,3763.79
2000-07-03,,3991.93,3804.78
2000-07-05,,3863.1,3649.8
2000-07-06,,3960.57,3793.48
2000-07-07,,4023.2,3841.27
2000-07-10,,3980.29,3772.2
2000-07-11,,3956.42,3744.53
2000-07-12,,4099.59,3901.12
2000-07-13,,4174.86,3956.67
2000-07-14,,4246.18,4041.15
2000-07-17,,4274.67,4061.88
2000-07-18,,4177.17,3960.96
2000-07-19,,4055.63,3843.98
2000-07-20,,4184.56,3995.46
2000-07-21,,4094.45,3908.75
2000-07-24,,3981.57,3790.62
2000-07-25,,4029.57,3865.39
2000-07-26,,3987.72,3818.28
2000-07-27,,3842.23,3681.63
2000-07-28,,3663.0,3477.31
2000-07-31,,3766.99,3609.35
2000-08-01,,3685.52,3521.15
2000-08-02,,3658.46,3490.34
2000-08-03,,3759.88,3623.5
2000-08-04,,3787.36,3618.63
2000-08-07,,3862.99,3710.39
2000-08-08,,3848.55,3686.37
2000-08-09,,3853.5,3693.04
2000-08-10,,3759.99,3595.19
2000-08-11,,3789.47,3644.61
2000-08-14,,3849.69,3719.61
2000-08-15,,3851.66,3722.62
2000-08-16,,3861.2,3721.25
2000-08-17,,3940.87,3830.59
2000-08-18,,3930.34,3807.51
2000-08-21,,3953.15,3827.62
2000-08-22,,3958.21,3827.89
2000-08-23,,4011.01,3896.92
2000-08-24,,4053.28,3949.57
2000-08-25,,4042.68,3931.25
2000-08-28,,4070.59,3954.24
2000-08-29,,4082.17,3951.94
2000-08-30,,4103.81,3968.73
2000-08-31,,4206.35,4077.59
2000-09-01,,4234.33,4099.3
2000-09-05,,4143.18,3987.03
2000-09-06,,4013.34,3837.62
2000-09-07,,4098.35,3953.36
2000-09-08,,3978.41,3813.44
2000-09-11,,3896.35,3706.74
2000-09-12,,3849.51,3666.87
2000-09-13,,3893.89,3741.75
2000-09-14,,3913.86,3737.42
2000-09-15,,3835.23,3676.33
2000-09-18,,3726.52,3585.52
2000-09-19,,3865.64,3756.4
2000-09-20,,3897.44,3790.45
2000-09-21,,3828.87,3718.15
2000-09-22,,3803.76,3701.18
2000-09-25,,3741.22,3622.1
2000-09-26,,3689.1,3582.59
2000-09-27,,3656.3,3571.9
2000-09-28,,3778.32,3725.15
2000-09-29,,3672.82,3570.61
2000-10-02,,3568.9,3457.97
2000-10-03,,3455.83,3353.34
2000-10-04,,3523.1,3453.36
2000-10-05,,3472.1,3424.32
2000-10-06,,3361.01,3311.94
2000-10-09,,3355.56,3318.9
2000-10-10,,3240.54,3188.29
2000-10-11,,3168.49,3100.53
2000-10-12,,3074.68,3004.45
2000-10-13,,3316.77,3277.77
2000-10-16,,3290.28,3249.46
2000-10-17,,3213.96,3172.19
2000-10-18,,3171.56,3139.31
2000-10-19,,3418.6,3402.95
2000-10-20,,3483.14,3456.61
2000-10-23,,3468.69,3422.0
2000-10-24,,3419.79,3353.26
2000-10-25,,3229.57,3107.61
2000-10-26,,3272.18,3167.14
2000-10-27,,3278.36,3175.25
2000-10-30,,3191.4,3081.07
2000-10-31,,3369.63,3282.3
2000-11-01,,3333.39,3225.27
2000-11-02,,3429.02,3308.48
2000-11-03,,3451.58,3321.91
2000-11-06,,3416.21,3290.47
2000-11-07,,3415.79,3279.57
2000-11-08,,3231.7,3059.09
2000-11-09,,3200.35,3057.06
2000-11-10,,3028.99,2890.26
2000-11-13,,2966.72,2836.62
2000-11-14,,3138.27,3039.5
2000-11-15,,3165.49,3076.7
2000-11-16,,3031.88,2925.16
2000-11-17,,3027.19,2934.81
2000-11-20,,2875.64,2792.41
2000-11-21,,2871.45,2786.53
2000-11-22,,2755.34,2668.25
2000-11-24,,2904.38,2830.09
2000-11-27,,2880.49,2769.32
2000-11-28,,2734.98,2621.11
2000-11-29,,2706.93,2602.85
2000-11-30,,2597.93,2506.54
2000-12-01,,2645.29,2549.74
2000-12-04,,2615.75,2554.4
2000-12-05,,2889.8,2852.87
2000-12-06,,2796.5,2743.7
2000-12-07,,2752.66,2719.91
2000-12-08,,2917.43,2895.39
2000-12-11,,3015.1,2972.91
2000-12-12,,2931.77,2863.21
2000-12-13,,2822.77,2748.88
2000-12-14,,2728.51,2639.26
2000-12-15,,2653.27,2549.48
2000-12-18,,2624.52,2543.09
2000-12-19,,2511.71,2399.63
2000-12-20,,2332.78,2210.32
2000-12-21,,2340.12,2224.84
2000-12-22,,2517.02,2436.26
2000-12-26,,2493.52,2404.6
2000-12-27,,2539.35,2460.21
2000-12-28,,2557.76,2464.62
2000-12-29,,2470.52,2341.7
2001-01-01,,,2341.7
2001-01-02,,2291.86,2128.78
2001-01-03,,2616.69,2528.38
2001-01-04,,2566.83,2460.04
2001-01-05,,2407.65,2267.85
2001-01-08,,2395.92,2281.54
2001-01-09,,2441.3,2311.4
2001-01-10,,2524.18,2413.71
2001-01-11,,2640.57,2524.29
2001-01-12,,2626.5,2506.05
2001-01-16,,2618.55,2470.72
2001-01-17,,2682.78,2558.67
2001-01-18,,2768.49,2670.47
2001-01-19,,2770.38,2655.68
2001-01-22,,2757.91,2643.13
2001-01-23,,2840.39,2730.05
2001-01-24,,2859.15,2726.45
2001-01-25,,2754.28,2595.85
2001-01-26,,2781.3,2631.78
2001-01-29,,2838.34,2694.53
2001-01-30,,2838.35,2686.14
2001-01-31,,2772.73,2593.0
2001-02-01,,2782.79,2607.16
2001-02-02,,2660.5,2472.18
2001-02-05,,2643.21,2467.3
2001-02-06,,2664.49,2473.24
2001-02-07,,2607.82,2409.66
2001-02-08,,2562.06,2355.67
2001-02-09,,2470.97,2261.77
2001-02-12,,2489.66,2286.85
2001-02-13,,2427.72,2208.4
2001-02-14,,2491.4,2305.82
2001-02-15,,2552.91,2371.04
2001-02-16,,2425.38,2212.51
2001-02-20,,2318.35,2095.11
2001-02-21,,2268.94,2058.54
2001-02-22,,2244.96,2032.42
2001-02-23,,2262.51,2056.06
2001-02-26,,2308.5,2097.64
2001-02-27,,2207.82,1964.52
2001-02-28,,2151.83,1908.32
2001-03-01,,2183.37,1968.02
2001-03-02,,2117.63,1881.34
2001-03-05,,2142.92,1916.68
2001-03-06,,2204.43,1976.31
2001-03-07,,2223.92,1996.23
2001-03-08,,2168.73,1938.15
2001-03-09,,2052.78,1813.02
2001-03-12,,1923.38,1680.64
2001-03-13,,2014.78,1789.7
2001-03-14,,1972.09,1745.08
2001-03-15,,1940.71,1697.92
2001-03-16,,1890.91,1647.51
2001-03-19,,1951.18,1730.46
2001-03-20,,1857.44,1614.47
2001-03-21,,1830.23,1605.04
2001-03-22,,1897.7,1701.9
2001-03-23,,1928.68,1705.02
2001-03-26,,1918.49,1676.9
2001-03-27,,1972.26,1735.7
2001-03-28,,1854.13,1602.22
2001-03-29,,1820.57,1563.14
2001-03-30,,1840.26,1573.25
2001-04-02,,1782.97,1516.58
2001-04-03,,1673.0,1399.05
2001-04-04,,1638.8,1370.75
2001-04-05,,1785.0,1519.05
2001-04-06,,1720.36,1448.16
2001-04-09,,1745.71,1481.22
2001-04-10,,1852.03,1597.87
2001-04-11,,1898.95,1647.36
2001-04-12,,1961.43,1714.29
2001-04-16,,1909.57,1650.21
2001-04-17,,1923.22,1671.51
2001-04-18,,2079.44,1830.79
2001-04-19,,2182.14,1953.28
2001-04-20,,2163.41,1933.57
2001-04-23,,2059.32,1811.89
2001-04-24,,2016.61,1762.21
2001-04-25,,2059.8,1814.33
2001-04-26,,2034.88,1763.33
2001-04-27,,2075.68,1810.47
2001-04-30,,2116.24,1855.15
2001-05-01,,2168.24,1919.01
2001-05-02,,2220.6,1962.42
2001-05-03,,2146.2,1877.8
2001-05-04,,2191.53,1923.81
2001-05-07,,2173.57,1895.41
2001-05-08,,2198.77,1929.24
2001-05-09,,2156.63,1876.87
2001-05-10,,2128.86,1838.32
2001-05-11,,2107.43,1821.2
2001-05-14,,2081.92,1795.06
2001-05-15,,2085.58,1796.81
2001-05-16,,2166.44,1899.47
2001-05-17,,2193.68,1925.14
2001-05-18,,2198.88,1927.69
2001-05-21,,2305.59,2052.57
2001-05-22,,2313.85,2042.93
2001-05-23,,2243.48,1957.56
2001-05-24,,2282.02,2003.37
2001-05-25,,2251.03,1960.74
2001-05-29,,2175.54,1873.53
2001-05-30,,2084.5,1779.0
2001-05-31,,2110.49,1799.89
2001-06-01,,2149.44,1840.83
2001-06-04,,2155.93,1838.84
2001-06-05,,2233.66,1923.9
2001-06-06,,2217.73,1903.84
2001-06-07,,2264.0,1963.31
2001-06-08,,2215.1,1896.22
2001-06-11,,2170.78,1846.5
2001-06-12,,2169.95,1852.03
2001-06-13,,2121.66,1790.21
2001-06-14,,2044.07,1711.39
2001-06-15,,2028.43,1701.53
2001-06-18,,1988.63,1666.49
2001-06-19,,1992.66,1675.9
2001-06-20,,2031.24,1721.56
2001-06-21,,2058.76,1751.22
2001-06-22,,2034.84,1727.47
2001-06-25,,2050.87,1743.9
2001-06-26,,2064.62,1751.62
2001-06-27,,2074.74,1756.02
2001-06-28,,2125.46,1808.94
2001-06-29,,2160.54,1830.19
2001-07-02,,2148.72,1827.07
2001-07-03,,2140.8,1822.16
2001-07-05,,2080.11,1751.0
2001-07-06,,2004.16,1668.59
2001-07-09,,2026.71,1697.05
2001-07-10,,1962.79,1624.95
2001-07-11,,1972.04,1641.56
2001-07-12,,2075.74,1750.13
2001-07-13,,2084.79,1751.11
2001-07-16,,2029.12,1685.74
2001-07-17,,2067.32,1729.55
2001-07-18,,2016.17,1666.87
2001-07-19,,2046.59,1695.89
2001-07-20,,2029.37,1676.46
2001-07-23,,1988.56,1629.93
2001-07-24,,1959.24,1604.86
2001-07-25,,1984.32,1627.86
2001-07-26,,2022.96,1673.39
2001-07-27,,2029.07,1683.18
2001-07-30,,2017.84,1670.03
2001-07-31,,2027.13,1683.61
2001-08-01,,2068.38,1729.53
2001-08-02,,2087.38,1751.45
2001-08-03,,2066.33,1725.9
2001-08-06,,2034.26,1702.84
2001-08-07,,2027.79,1696.37
2001-08-08,,1966.36,1626.2
2001-08-09,,1963.32,1628.92
2001-08-10,,1956.47,1617.45
2001-08-13,,1982.25,1653.27
2001-08-14,,1964.53,1629.95
2001-08-15,,1918.89,1572.03
2001-08-16,,1930.32,1581.98
2001-08-17,,1867.01,1516.58
2001-08-20,,1881.35,1535.99
2001-08-21,,1831.3,1480.74
2001-08-22,,1860.01,1515.41
2001-08-23,,1842.97,1496.98
2001-08-24,,1916.8,1579.62
2001-08-27,,1912.41,1578.33
2001-08-28,,1864.98,1526.3
2001-08-29,,1843.17,1499.76
2001-08-30,,1791.68,1453.9
2001-08-31,,1805.43,1469.7
2001-09-04,,1770.78,1424.12
2001-09-05,,1759.01,1415.3
2001-09-06,,1705.64,1361.69
2001-09-07,,1687.7,1354.27
2001-09-10,,1695.38,1365.39
2001-09-17,,1579.55,1252.7
2001-09-18,,1555.08,1224.64
2001-09-19,,1527.8,1208.23
2001-09-20,,1470.93,1166.27
2001-09-21,,1423.19,1126.95
2001-09-24,,1499.4,1191.02
2001-09-25,,1501.64,1187.77
2001-09-26,,1464.04,1172.11
2001-09-27,,1460.71,1144.27
2001-09-28,,1498.8,1168.37
2001-10-01,,1480.46,1151.24
2001-10-02,,1492.33,1159.37
2001-10-03,,1580.81,1249.41
2001-10-04,,1597.31,1260.66
2001-10-05,,1605.3,1271.73
2001-10-08,,1605.95,1279.63
2001-10-09,,1570.19,1244.56
2001-10-10,,1626.26,1304.68
2001-10-11,,1701.47,1389.87
2001-10-12,,1703.4,1393.84
2001-10-15,,1696.31,1378.92
2001-10-16,,1722.07,1404.81
2001-10-17,,1646.34,1314.8
2001-10-18,,1652.72,1330.33
2001-10-19,,1671.31,1347.59
2001-10-22,,1708.08,1383.07
2001-10-23,,1704.44,1384.06
2001-10-24,,1731.54,1424.69
2001-10-25,,1775.47,1479.05
2001-10-26,,1768.96,1454.9
2001-10-29,,1699.52,1374.58
2001-10-30,,1667.41,1342.26
2001-10-31,,1690.2,1364.78
2001-11-01,,1746.3,1424.15
2001-11-02,,1745.73,1425.78
2001-11-05,,1793.65,1480.21
2001-11-06,,1835.08,1523.09
2001-11-07,,1837.53,1524.67
2001-11-08,,1827.77,1510.6
2001-11-09,,1828.48,1514.96
2001-11-12,,1840.13,1528.75
2001-11-13,,1892.11,1580.76
2001-11-14,,1903.19,1585.89
2001-11-15,,1900.57,1582.58
2001-11-16,,1898.58,1582.14
2001-11-19,,1934.42,1617.58
2001-11-20,,1880.51,1549.7
2001-11-21,,1875.05,1552.01
2001-11-23,,1903.2,1577.47
2001-11-26,,1941.23,1619.65
2001-11-27,,1935.97,1609.87
2001-11-28,,1887.97,1557.03
2001-11-29,,1933.26,1599.3
2001-11-30,,1930.58,1596.05
2001-12-03,,1904.9,1567.54
2001-12-04,,1963.1,1634.27
2001-12-05,,2046.84,1720.91
2001-12-06,,2054.27,1717.97
2001-12-07,,2021.26,1673.9
2001-12-10,,1992.12,1645.36
2001-12-11,,2001.93,1661.27
2001-12-12,,2011.38,1669.95
2001-12-13,,1946.51,1601.91
2001-12-14,,1953.17,1605.67
2001-12-17,,1987.45,1640.34
2001-12-18,,2004.76,1657.68
2001-12-19,,1982.89,1628.69
2001-12-20,,1918.54,1557.36
2001-12-21,,1945.83,1578.27
2001-12-24,,1944.48,1577.31
2001-12-26,,1960.7,1590.84
2001-12-27,,1976.42,1606.48
2001-12-28,,1987.26,1621.13
2001-12-31,,1950.4,1577.05
2002-01-02,,1979.25,1610.39
2002-01-03,,2044.27,1666.66
2002-01-04,,2059.38,1675.03
2002-01-07,,2037.1,1649.83
2002-01-08,,2055.74,1666.58
2002-01-09,,2044.89,1653.76
2002-01-10,,2047.24,1656.68
2002-01-11,,2022.46,1634.17
2002-01-14,,1990.74,1603.76
2002-01-15,,2000.91,1612.46
2002-01-16,,1944.44,1558.98
2002-01-17,,1985.82,1602.32
2002-01-18,,1930.34,1548.22
2002-01-22,,1882.53,1501.78
2002-01-23,,1922.38,1549.21
2002-01-24,,1942.58,1565.13
2002-01-25,,1937.7,1558.26
2002-01-28,,1943.91,1564.86
2002-01-29,,1892.99,
2002-01-30,,1913.44,1538.94
2002-01-31,,1934.03,1550.17
2002-02-01,,1911.24,1528.15
2002-02-04,,1855.53,1479.17
2002-02-05,,1838.52,1462.86
2002-02-06,,1812.71,1445.96
2002-02-07,,1782.11,1413.86
2002-02-08,,1818.88,1452.17
2002-02-11,,1846.66,1477.64
2002-02-12,,1834.21,1464.76
2002-02-13,,1859.16,1486.75
2002-02-14,,1843.37,1474.71
2002-02-15,,1805.2,1436.7
2002-02-19,,1750.61,1387.27
2002-02-20,,1775.57,1408.26
2002-02-21,,1716.24,1348.25
2002-02-22,,1724.54,1356.16
2002-02-25,,1769.88,1407.99
2002-02-26,,1766.86,1401.19
2002-02-27,,1751.88,1378.48
2002-02-28,,1731.49,1359.22
2002-03-01,,1802.74,1435.41
2002-03-04,,1859.32,1494.7
2002-03-05,,1866.29,1498.95
2002-03-06,,1890.4,1519.95
2002-03-07,,1881.63,1506.81
2002-03-08,,1929.67,1555.11
2002-03-11,,1929.49,1553.8
2002-03-12,,1897.12,1520.54
2002-03-13,,1862.03,1486.27
2002-03-14,,1854.14,1477.19
2002-03-15,,1868.3,1495.41
2002-03-18,,1877.06,1505.89
2002-03-19,,1880.87,1504.67
2002-03-20,,1832.87,1451.02
2002-03-21,,1868.83,1488.97
2002-03-22,,1851.39,1470.1
2002-03-25,,1812.49,1427.6
2002-03-26,,1824.17,1439.55
2002-03-27,,1826.75,1436.51
2002-03-28,,1845.35,1452.81
2002-04-01,,1862.62,1478.5
2002-04-02,,1804.4,1410.41
2002-04-03,,1784.35,1394.21
2002-04-04,,1789.75,1396.97
2002-04-05,,1770.03,1376.72
2002-04-08,,1785.87,1392.96
2002-04-09,,1742.57,1345.32
2002-04-10,,1767.07,1363.29
2002-04-11,,1725.24,1324.65
2002-04-12,,1756.19,1351.85
2002-04-15,,1753.78,1355.09
2002-04-16,,1816.79,1413.93
2002-04-17,,1810.67,1403.71
2002-04-18,,1802.43,1395.9
2002-04-19,,1796.83,1385.01
2002-04-22,,1758.68,1349.83
2002-04-23,,1730.29,1322.81
2002-04-24,,1713.34,1302.32
2002-04-25,,1713.7,1302.32
2002-04-26,,1663.89,1250.89
2002-04-29,,1656.93,1246.75
2002-04-30,,1688.23,1277.07
2002-05-01,,1677.53,1267.43
2002-05-02,,1644.82,1225.37
2002-05-03,,1613.03,1190.74
2002-05-06,,1578.48,1161.16
2002-05-07,,1573.82,1159.25
2002-05-08,,1696.29,1282.41
2002-05-09,,1650.49,1240.41
2002-05-10,,1600.85,1188.78
2002-05-13,,1652.54,1241.54
2002-05-14,,1719.05,1305.55
2002-05-15,,1725.56,1311.05
2002-05-16,,1730.44,1315.85
2002-05-17,,1741.39,1325.8
2002-05-20,,1701.59,1292.21
2002-05-21,,1664.18,1255.91
2002-05-22,,1673.45,1264.51
2002-05-23,,1697.63,1286.77
2002-05-24,,1661.49,1253.03
2002-05-28,,1652.17,1244.82
2002-05-29,,1624.39,1218.68
2002-05-30,,1631.92,1227.9
2002-05-31,,1615.73,1208.36
2002-06-03,,1562.56,1159.15
2002-06-04,,1578.12,1178.8
2002-06-05,,1595.26,1195.6
2002-06-06,,1554.88,1157.62
2002-06-07,,1535.48,1140.24
2002-06-10,,1530.69,1135.62
2002-06-11,,1497.18,1100.97
2002-06-12,,1519.12,1123.34
2002-06-13,,1496.86,1106.54
2002-06-14,,1504.74,1109.6
2002-06-17,,1553.29,1149.91
2002-06-18,,1542.96,1138.31
2002-06-19,,1496.83,1097.54
2002-06-20,,1464.75,1062.45
2002-06-21,,1440.96,1035.63
2002-06-24,,1460.34,1057.68
2002-06-25,,1423.99,1022.74
2002-06-26,,1429.33,1027.22
2002-06-27,,1459.2,1050.64
2002-06-28,,1463.21,1051.41
2002-07-01,,1403.8,998.17
2002-07-02,,1357.82,963.66
2002-07-03,,1380.17,995.68
2002-07-05,,1448.36,1060.89
2002-07-08,,1405.61,1014.33
2002-07-09,,1381.12,990.23
2002-07-10,,1346.01,959.05
2002-07-11,,1374.43,998.03
2002-07-12,,1373.5,1000.82
2002-07-15,,1382.62,1021.02
2002-07-16,,1375.26,1011.3
2002-07-17,,1397.25,1028.74
2002-07-18,,1356.95,994.61
2002-07-19,,1319.15,965.45
2002-07-22,,1282.65,939.1
2002-07-23,,1229.05,896.69
2002-07-24,,1290.23,951.58
2002-07-25,,1240.08,894.45
2002-07-26,,1262.12,910.91
2002-07-29,,1335.25,970.13
2002-07-30,,1344.19,980.36
2002-07-31,,1328.26,962.11
2002-08-01,,1280.0,913.59
2002-08-02,,1247.92,892.51
2002-08-05,,1206.01,857.08
2002-08-06,,1259.55,901.91
2002-08-07,,1280.9,919.08
2002-08-08,,1316.52,947.24
2002-08-09,,1306.12,937.33
2002-08-12,,1306.84,938.98
2002-08-13,,1269.28,907.62
2002-08-14,,1334.3,968.84
2002-08-15,,1345.01,980.98
2002-08-16,,1361.01,996.06
2002-08-19,,1394.54,1025.95
2002-08-20,,1376.59,1008.02
2002-08-21,,1409.25,1035.47
2002-08-22,,1422.95,1049.03
2002-08-23,,1380.62,1010.49
2002-08-26,,1391.74,1016.79
2002-08-27,,1347.78,974.47
2002-08-28,,1314.38,944.83
2002-08-29,,1335.77,961.75
2002-08-30,,1314.85,942.38
2002-09-03,,1263.84,899.64
2002-09-04,,1292.31,920.98
2002-09-05,,1251.0,882.92
2002-09-06,,1295.3,922.22
2002-09-09,,1304.6,932.23
2002-09-10,,1320.09,947.72
2002-09-11,,1315.45,946.4
2002-09-12,,1279.68,915.01
2002-09-13,,1291.4,923.83
2002-09-16,,1275.88,908.48
2002-09-17,,1259.94,897.53
2002-09-18,,1252.13,895.2
2002-09-19,,1216.45,865.93
2002-09-20,,1221.09,871.6
2002-09-23,,1184.93,843.08
2002-09-24,,1182.17,843.77
2002-09-25,,1222.29,880.44
2002-09-26,,1221.61,873.74
2002-09-27,,1199.16,860.35
2002-09-30,,1172.06,832.52
2002-10-01,,1213.72,870.63
2002-10-02,,1187.3,849.56
2002-10-03,,1165.56,833.21
2002-10-04,,1139.9,815.4
2002-10-07,,1119.4,804.64
2002-10-08,,1129.21,811.47
2002-10-09,,1114.11,807.42
2002-10-10,,1163.37,849.57
2002-10-11,,1210.47,890.61
2002-10-14,,1220.53,900.75
2002-10-15,,1282.44,950.42
2002-10-16,,1232.42,910.13
2002-10-17,,1272.29,945.06
2002-10-18,,1287.86,956.13
2002-10-21,,1309.67,979.35
2002-10-22,,1292.8,963.87
2002-10-23,,1320.23,989.32
2002-10-24,,1298.71,964.91
2002-10-25,,1331.13,995.55
2002-10-28,,1315.83,979.46
2002-10-29,,1300.54,960.82
2002-10-30,,1326.73,986.09
2002-10-31,,1329.75,989.54
2002-11-01,,1360.7,1019.06
2002-11-04,,1396.54,1046.99
2002-11-05,,1401.17,1050.39
2002-11-06,,1418.99,1065.86
2002-11-07,,1376.71,1025.79
2002-11-08,,1359.28,1008.44
2002-11-11,,1319.19,972.48
2002-11-12,,1349.56,1001.94
2002-11-13,,1361.34,1011.94
2002-11-14,,1411.52,1057.83
2002-11-15,,1411.14,1061.28
2002-11-18,,1393.69,1045.19
2002-11-19,,1374.51,1025.96
2002-11-20,,1419.35,1070.53
2002-11-21,,1467.55,1118.14
2002-11-22,,1468.74,1116.01
2002-11-25,,1481.9,1127.06
2002-11-26,,1444.43,1087.49
2002-11-27,,1487.94,1125.67
2002-11-29,,1478.78,1116.1
2002-12-02,,1484.78,1120.43
2002-12-03,,1448.96,1088.8
2002-12-04,,1430.35,1069.49
2002-12-05,,1410.75,1053.06
2002-12-06,,1422.44,1065.97
2002-12-09,,1367.14,1014.84
2002-12-10,,1390.76,1033.07
2002-12-11,,1396.59,1036.34
2002-12-12,,1399.55,1039.95
2002-12-13,,1362.42,1005.85
2002-12-16,,1400.33,1042.44
2002-12-17,,1392.05,1040.02
2002-12-18,,1361.51,1013.72
2002-12-19,,1354.1,1006.05
2002-12-20,,1363.05,1013.61
2002-12-23,,1381.69,1032.3
2002-12-24,,1372.47,1023.32
2002-12-26,,1367.89,1016.46
2002-12-27,,1348.31,997.85
2002-12-30,,1339.54,989.89
2002-12-31,,1335.51,984.3
2003-01-02,,1384.85,1027.86
2003-01-03,,1387.08,1031.63
2003-01-06,,1421.32,1061.48
2003-01-07,,1431.57,1071.85
2003-01-08,,1401.07,1042.52
2003-01-09,,1438.46,1076.05
2003-01-10,,1447.72,1087.36
2003-01-13,,1446.04,1083.0
2003-01-14,,1460.99,1094.87
2003-01-15,,1438.8,1073.6
2003-01-16,,1423.75,1061.46
2003-01-17,,1376.19,1017.58
2003-01-21,,1364.25,1008.93
2003-01-22,,1358.23,1027.08
2003-01-23,,1393.67,1039.16
2003-01-24,,1340.22,992.85
2003-01-27,,1320.32,982.02
2003-01-28,,1346.5,1006.51
2003-01-29,,1363.31,1022.98
2003-01-30,,1322.06,985.16
2003-01-31,,1331.04,996.04
2003-02-03,,1335.76,997.56
2003-02-04,,1306.15,960.01
2003-02-05,,1301.49,967.59
2003-02-06,,1291.47,960.81
2003-02-07,,1278.54,951.67
2003-02-10,,1298.57,974.48
2003-02-11,,1285.77,962.44
2003-02-12,,1278.74,956.57
2003-02-13,,1261.79,938.52
2003-02-14,,1310.37,982.12
2003-02-18,,1346.92,1015.34
2003-02-19,,1322.12,994.25
2003-02-20,,1329.09,999.58
2003-02-21,,1352.07,1019.25
2003-02-24,,1321.44,994.23
2003-02-25,,1331.35,1001.72
2003-02-26,,1302.83,973.93
2003-02-27,,1331.79,1000.98
2003-02-28,,1342.73,1013.34
2003-03-03,,1316.85,988.4
2003-03-04,,1307.27,982.06
2003-03-05,,1317.69,995.19
2003-03-06,,1299.81,991.69
2003-03-07,,1310.53,992.11
2003-03-10,,1277.18,962.48
2003-03-11,,1269.48,956.94
2003-03-12,,1279.59,971.39
2003-03-13,,1340.78,1029.84
2003-03-14,,1342.43,1020.17
2003-03-17,,1392.41,1077.14
2003-03-18,,1400.55,1082.2
2003-03-19,,1378.57,1058.81
2003-03-20,,1411.41,1089.21
2003-03-21,,1425.73,1099.61
2003-03-24,,1368.37,1045.65
2003-03-25,,1400.14,1075.43
2003-03-26,,1383.35,1074.98
2003-03-27,,1392.46,1070.67
2003-03-28,,1367.89,1044.38
2003-03-31,,1357.0,1032.91
2003-04-01,,1356.37,1031.51
2003-04-02,,1400.86,1066.9
2003-04-03,,1412.08,1078.76
2003-04-04,,1378.22,1044.37
2003-04-07,,1389.51,1053.22
2003-04-08,,1392.52,1056.03
2003-04-09,,1356.6,1023.48
2003-04-10,,1368.11,1035.61
2003-04-11,,1353.74,1020.56
2003-04-14,,1386.5,1050.51
2003-04-15,,1394.03,1058.54
2003-04-16,,1391.99,1051.52
2003-04-17,,1425.5,1084.81
2003-04-21,,1413.71,1070.86
2003-04-22,,1452.34,1103.81
2003-04-23,,1468.08,1115.67
2003-04-24,,1465.92,1115.36
2003-04-25,,1432.02,1081.34
2003-04-28,,1465.4,1110.5
2003-04-29,,1459.48,1103.79
2003-04-30,,1472.69,1116.85
2003-05-01,,1478.85,1119.67
2003-05-02,,1504.22,1137.45
2003-05-05,,1502.66,1152.96
2003-05-06,,1531.82,1161.0
2003-05-07,,1503.06,1131.37
2003-05-08,,1504.04,1132.28
2003-05-09,,1520.15,1143.97
2003-05-12,,1544.41,1163.75
2003-05-13,,1548.59,1165.53
2003-05-14,,1526.14,1140.77
2003-05-15,,1536.03,1149.04
2003-05-16,,1534.35,1146.29
2003-05-19,,1492.46,1112.27
2003-05-20,,1480.13,1103.2
2003-05-21,,1478.15,1104.11
2003-05-22,,1512.8,1137.68
2003-05-23,,1514.49,1135.49
2003-05-27,,1558.28,1174.16
2003-05-28,,1571.85,1181.93
2003-05-29,,1591.26,1198.43
2003-05-30,,1599.92,1201.25
2003-06-02,,1586.48,1180.32
2003-06-03,,1603.74,1198.95
2003-06-04,,1638.57,1228.52
2003-06-05,,1646.01,1231.79
2003-06-06,,1625.18,1210.33
2003-06-09,,1597.32,1188.04
2003-06-10,,1627.77,1212.99
2003-06-11,,1647.57,1230.5
2003-06-12,,1646.08,1218.02
2003-06-13,,1624.12,1201.12
2003-06-16,,1667.77,1242.5
2003-06-17,,1674.09,1229.73
2003-06-18,,1685.04,1255.39
2003-06-19,,1646.79,1222.87
2003-06-20,,1638.93,1217.19
2003-06-23,,1601.45,1189.78
2003-06-24,,1598.25,1188.2
2003-06-25,,1600.28,1186.53
2003-06-26,,1636.15,1217.21
2003-06-27,,1621.25,1199.6
2003-06-30,,1621.44,1199.83
2003-07-01,,1641.77,1219.23
2003-07-02,,1678.77,1245.78
2003-07-03,,1660.95,1228.4
2003-07-07,,1721.25,1282.31
2003-07-08,,1747.44,1298.93
2003-07-09,,1758.18,1285.42
2003-07-10,,1707.49,1260.76
2003-07-11,,1737.41,1271.76
2003-07-14,,1748.88,1290.48
2003-07-15,,1742.1,1285.56
2003-07-16,,1734.14,1277.46
2003-07-17,,1693.47,1249.59
2003-07-18,,1714.84,1267.69
2003-07-21,,1675.18,1232.16
2003-07-22,,1710.34,1265.4
2003-07-23,,1720.04,1270.44
2003-07-24,,1700.29,1252.12
2003-07-25,,1730.91,1278.31
2003-07-28,,1740.59,1285.86
2003-07-29,,1713.21,1257.13
2003-07-30,,1717.07,1261.68
2003-07-31,,1757.37,1298.81
2003-08-01,,1714.01,1260.09
2003-08-04,,1723.27,1277.07
2003-08-05,,1671.04,1226.82
2003-08-06,,1675.46,1237.14
2003-08-07,,1658.43,1225.29
2003-08-08,,1640.88,1204.29
2003-08-11,,1668.06,1230.26
2003-08-12,,1687.48,1241.62
2003-08-13,,1695.83,1233.8
2003-08-14,,1700.34,1254.0
2003-08-15,,1705.33,1257.46
2003-08-18,,1739.59,1284.88
2003-08-19,,1761.63,1301.31
2003-08-20,,1768.52,1307.45
2003-08-21,,1762.97,1299.02
2003-08-22,,1765.3,1304.51
2003-08-25,,1752.12,1295.82
2003-08-26,,1771.22,1309.83
2003-08-27,,1783.12,1320.02
2003-08-28,,1800.65,1332.47
2003-08-29,,1813.82,1344.74
2003-09-02,,1841.48,1361.09
2003-09-03,,1846.51,1354.72
2003-09-04,,1870.0,1376.06
2003-09-05,,1850.69,1355.02
2003-09-08,,1888.65,1387.45
2003-09-09,,1867.81,1364.94
2003-09-10,,1823.81,1332.28
2003-09-11,,1852.6,1358.02
2003-09-12,,1855.04,1357.63
2003-09-15,,1843.79,1345.94
2003-09-16,,1887.87,1383.48
2003-09-17,,1883.1,1369.76
2003-09-18,,1910.51,1401.64
2003-09-19,,1905.9,1383.24
2003-09-22,,1866.88,1358.6
2003-09-23,,1901.73,1388.67
2003-09-24,,1843.43,1339.61
2003-09-25,,1817.2,1325.69
2003-09-26,,1792.06,1309.2
2003-09-29,,1824.59,1335.56
2003-09-30,,1802.71,1302.26
2003-10-01,,1832.25,1336.13
2003-10-02,,1823.64,1325.93
2003-10-03,,1891.62,1385.79
2003-10-06,,1894.22,1384.11
2003-10-07,,1907.88,1392.65
2003-10-08,,1891.99,1376.4
2003-10-09,,1899.21,1386.63
2003-10-10,,1913.92,1393.97
2003-10-13,,1921.96,1405.05
2003-10-14,,1943.33,1421.0
2003-10-15,,1933.03,1409.77
2003-10-16,,1951.76,1427.61
2003-10-17,,1910.24,1392.08
2003-10-20,,1925.16,1409.31
2003-10-21,,1952.48,1429.2
2003-10-22,,1897.36,1385.15
2003-10-23,,1893.2,1387.01
2003-10-24,,1841.62,1370.67
2003-10-27,,1873.62,1369.38
2003-10-28,,1932.26,1420.02
2003-10-29,,1937.37,1423.69
2003-10-30,,1929.77,1413.57
2003-10-31,,1937.14,1411.76
2003-11-03,,1969.26,1445.72
2003-11-04,,1953.64,1425.26
2003-11-05,,1966.15,1437.85
2003-11-06,,1977.91,1443.06
2003-11-07,,1968.81,1436.13
2003-11-10,,1939.73,1412.14
2003-11-11,,1923.5,1401.45
2003-11-12,,1973.11,1443.52
2003-11-13,,1970.4,1442.27
2003-11-14,,1930.26,1407.4
2003-11-17,,1890.72,1377.9
2003-11-18,,1881.75,1364.7
2003-11-19,,1903.43,1382.94
2003-11-20,,1880.91,1394.38
2003-11-21,,1892.82,1375.94
2003-11-24,,1947.14,1419.31
2003-11-25,,1956.2,1411.36
2003-11-26,,1930.63,1400.0
2003-11-28,,1963.06,1426.76
2003-12-01,,1989.82,1447.08
2003-12-02,,1978.23,1431.32
2003-12-03,,1960.13,1419.77
2003-12-04,,1942.67,1434.28
2003-12-05,,1935.58,1405.55
2003-12-08,,1948.94,1419.11
2003-12-09,,1906.84,1383.0
2003-12-10,,1887.46,1372.87
2003-12-11,,1945.92,1422.49
2003-12-12,,1949.02,1404.4
2003-12-15,,1918.26,1396.82
2003-12-16,,1924.29,1407.38
2003-12-17,,1914.65,1390.83
2003-12-18,,1955.3,1432.64
2003-12-19,,1951.02,1416.21
2003-12-22,,1941.62,1419.82
2003-12-23,,1974.78,1448.19
2003-12-24,,1974.31,1447.57
2003-12-26,,1973.14,1442.29
2003-12-29,,2006.48,1470.37
2003-12-30,,2010.13,1470.38
2003-12-31,,1996.62,1459.06
2004-01-02,,1999.77,1458.51
2004-01-05,,2047.36,1496.58
2004-01-06,,2061.54,1504.47
2004-01-07,,2078.09,1514.45
2004-01-08,,2100.25,1530.65
2004-01-09,,2113.33,1541.84
2004-01-12,,2112.52,1540.1
2004-01-13,,2089.35,1513.21
2004-01-14,,2111.73,1536.84
2004-01-15,,2121.61,1545.65
2004-01-16,,2140.47,1553.64
2004-01-20,,2130.2,1541.34
2004-01-21,,2140.25,1554.89
2004-01-22,,2119.01,1530.42
2004-01-23,,2108.45,1519.74
2004-01-26,,2153.83,1553.66
2004-01-27,,2116.04,1519.2
2004-01-28,,2073.15,1488.61
2004-01-29,,2041.07,1474.13
2004-01-30,,2065.44,1487.78
2004-02-02,,2085.49,1481.57
2004-02-03,,2071.44,1497.07
2004-02-04,,2013.92,1461.01
2004-02-05,,2012.79,1475.41
2004-02-06,,2064.01,1498.95
2004-02-09,,2060.44,1490.7
2004-02-10,,2075.33,1503.83
2004-02-11,,2089.66,1514.49
2004-02-12,,2072.06,1499.43
2004-02-13,,2049.76,1478.54
2004-02-17,,2084.72,1512.17
2004-02-18,,2072.19,1515.44
2004-02-19,,2045.96,1484.8
2004-02-20,,2022.79,1493.45
2004-02-23,,1999.59,1454.36
2004-02-24,,2018.07,1474.04
2004-02-25,,2024.2,1461.26
2004-02-26,,2037.17,1480.88
2004-02-27,,2018.83,1459.91
2004-03-01,,2057.8,1490.18
2004-03-02,,2039.65,1473.22
2004-03-03,,2039.31,1473.28
2004-03-04,,2055.12,1481.36
2004-03-05,,2069.02,1494.29
2004-03-08,,2008.78,1441.0
2004-03-09,,1987.29,1429.36
2004-03-10,,1963.13,1417.18
2004-03-11,,1943.89,1402.2
2004-03-12,,1984.73,1431.4
2004-03-15,,1939.2,1399.87
2004-03-16,,1927.69,1394.11
2004-03-17,,1980.31,1432.23
2004-03-18,,1947.56,1407.09
2004-03-19,,1940.47,1398.58
2004-03-22,,1897.63,1369.36
2004-03-23,,1898.94,1368.67
2004-03-24,,1922.51,1391.87
2004-03-25,,1967.17,1425.86
2004-03-26,,1960.02,1415.39
2004-03-29,,1996.23,1445.82
2004-03-30,,2000.68,1445.3
2004-03-31,,2004.0,1447.95
2004-04-01,,2019.09,1457.59
2004-04-02,,2057.17,1490.3
2004-04-05,,2079.12,1508.37
2004-04-06,,2053.32,1485.7
2004-04-07,,2060.44,1492.19
2004-04-08,,2046.1,1478.44
2004-04-12,,2069.45,1497.5
2004-04-13,,2026.2,1469.88
2004-04-14,,2013.98,1485.28
2004-04-15,,1989.21,1449.4
2004-04-16,,2007.17,1460.39
2004-04-19,,2020.45,1473.53
2004-04-20,,1978.63,1436.89
2004-04-21,,1995.91,1452.92
2004-04-22,,2035.39,1488.74
2004-04-23,,2034.48,1484.36
2004-04-26,,2031.75,1474.79
2004-04-27,,2027.64,1476.42
2004-04-28,,1985.54,1449.23
2004-04-29,,1946.1,1420.66
2004-04-30,,1919.39,1401.36
2004-05-03,,1926.09,1404.06
2004-05-04,,1969.97,1438.49
2004-05-05,,1967.33,1435.46
2004-05-06,,1923.3,1403.36
2004-05-07,,1917.96,1406.19
2004-05-10,,1907.98,1403.59
2004-05-11,,1931.48,1422.51
2004-05-12,,1927.23,1417.03
2004-05-13,,1937.87,1425.69
2004-05-14,,1897.57,1394.37
2004-05-17,,1887.74,1391.77
2004-05-18,,1903.39,1404.27
2004-05-19,,1898.16,1396.34
2004-05-20,,1890.18,1390.41
2004-05-21,,1899.85,1397.7
2004-05-24,,1915.56,1408.44
2004-05-25,,1966.68,1450.06
2004-05-26,,1976.16,1455.0
2004-05-27,,1969.04,1450.67
2004-05-28,,1990.81,1469.23
2004-06-01,,1972.71,1469.27
2004-06-02,,1998.32,1474.1
2004-06-03,,1960.26,1445.21
2004-06-04,,1995.5,1455.04
2004-06-07,,2020.62,1491.45
2004-06-08,,2023.54,1496.0
2004-06-09,,1989.99,1469.04
2004-06-10,,1988.89,1481.27
2004-06-14,,1963.48,1451.78
2004-06-15,,2006.58,1487.83
2004-06-16,,2002.07,1483.6
2004-06-17,,1976.25,1458.68
2004-06-18,,2000.41,1481.36
2004-06-21,,1972.43,1450.79
2004-06-22,,1994.87,1475.12
2004-06-23,,2023.23,1495.05
2004-06-24,,2013.78,1485.88
2004-06-25,,2033.87,1503.91
2004-06-28,,2013.73,1485.25
2004-06-29,,2037.6,1507.05
2004-06-30,,2055.65,1523.48
2004-07-01,,2006.67,1477.62
2004-07-02,,1996.61,1473.73
2004-07-06,,1958.69,1441.78
2004-07-07,,1976.92,1459.07
2004-07-08,,1934.57,1430.81
2004-07-09,,1940.22,1434.0
2004-07-12,,1941.24,1435.3
2004-07-13,,1930.59,1426.11
2004-07-14,,1937.68,1411.52
2004-07-15,,1925.76,1427.72
2004-07-16,,1882.93,1392.17
2004-07-19,,1870.14,1406.15
2004-07-20,,1917.07,1421.07
2004-07-21,,1874.37,1386.57
2004-07-22,,1892.98,1411.43
2004-07-23,,1846.55,1370.7
2004-07-26,,1829.06,1359.2
2004-07-27,,1872.17,1395.95
2004-07-28,,1869.0,1392.48
2004-07-29,,1867.62,1388.06
2004-07-30,,1896.31,1412.0
2004-08-02,,1893.13,1408.31
2004-08-03,,1859.17,1379.02
2004-08-04,,1864.8,1386.28
2004-08-05,,1820.21,1352.27
2004-08-06,,1775.57,1314.97
2004-08-09,,1774.64,1314.57
2004-08-10,,1808.7,1346.71
2004-08-11,,1782.42,1328.83
2004-08-12,,1752.49,1302.74
2004-08-13,,1757.22,1301.93
2004-08-16,,1782.84,1334.78
2004-08-17,,1795.25,1331.85
2004-08-18,,1831.37,1363.74
2004-08-19,,1819.89,1344.98
2004-08-20,,1838.01,1373.01
2004-08-23,,1838.7,1377.67
2004-08-24,,1836.89,1360.82
2004-08-25,,1860.72,1391.22
2004-08-26,,1852.92,1379.69
2004-08-27,,1862.08,1393.23
2004-08-30,,1836.49,1367.73
2004-08-31,,1838.1,1354.1
2004-09-01,,1850.41,1360.58
2004-09-02,,1873.43,1402.07
2004-09-03,,1844.48,1370.01
2004-09-07,,1858.56,1372.53
2004-09-08,,1850.64,1374.79
2004-09-09,,1869.65,1396.55
2004-09-10,,1894.31,1414.55
2004-09-13,,1910.38,1435.95
2004-09-14,,1915.4,1435.91
2004-09-15,,1896.52,1412.54
2004-09-16,,1904.08,1413.22
2004-09-17,,1910.09,1427.59
2004-09-20,,1908.07,1437.3
2004-09-21,,1921.17,1440.81
2004-09-22,,1885.71,1403.16
2004-09-23,,1886.43,1413.68
2004-09-24,,1879.48,1397.5
2004-09-27,,1859.88,1383.24
2004-09-28,,1869.87,1394.43
2004-09-29,,1893.94,1411.82
2004-09-30,,1896.84,1403.89
2004-10-01,,1942.2,1452.94
2004-10-04,,1952.4,1458.08
2004-10-05,,1955.5,1467.23
2004-10-06,,1971.03,1474.36
2004-10-07,,1948.52,1454.89
2004-10-08,,1919.97,1428.11
2004-10-11,,1928.76,1441.1
2004-10-12,,1925.17,1439.07
2004-10-13,,1920.53,1425.41
2004-10-14,,1903.02,1421.59
2004-10-15,,1911.5,1441.82
2004-10-18,,1936.52,1457.31
2004-10-19,,1922.9,1443.4
2004-10-20,,1932.97,1456.19
2004-10-21,,1953.62,1478.46
2004-10-22,,1915.14,1438.13
2004-10-25,,1914.04,1439.48
2004-10-26,,1928.79,1442.14
2004-10-27,,1969.99,1483.13
2004-10-28,,1975.74,1491.86
2004-10-29,,1974.99,1475.56
2004-11-01,,1979.87,1494.88
2004-11-02,,1984.79,1509.56
2004-11-03,,2004.33,1494.85
2004-11-04,,2023.63,1519.21
2004-11-05,,2038.94,1512.74
2004-11-08,,2039.25,1522.12
2004-11-09,,2043.33,1534.37
2004-11-10,,2034.56,1514.32
2004-11-11,,2061.27,1542.39
2004-11-12,,2085.34,1558.41
2004-11-15,,2094.09,1562.04
2004-11-16,,2078.62,1541.84
2004-11-17,,2099.68,1580.26
2004-11-18,,2104.28,1581.79
2004-11-19,,2070.63,1551.77
2004-11-22,,2085.19,1568.86
2004-11-23,,2084.28,1552.85
2004-11-24,,2102.54,1583.07
2004-11-26,,2101.97,1578.26
2004-11-29,,2106.87,1567.27
2004-11-30,,2096.81,1571.11
2004-12-01,,2138.23,1607.16
2004-12-02,,2143.57,1623.6
2004-12-03,,2147.96,1612.72
2004-12-06,,2151.25,1625.61
2004-12-07,,2114.65,1589.05
2004-12-08,,2126.11,1607.49
2004-12-09,,2129.01,1615.6
2004-12-10,,2128.07,1611.23
2004-12-13,,2148.5,1608.4
2004-12-14,,2159.84,1632.17
2004-12-15,,2162.55,1615.45
2004-12-16,,2146.15,1601.62
2004-12-17,,2135.2,1596.48
2004-12-20,,2127.85,1587.21
2004-12-21,,2150.91,1611.34
2004-12-22,,2157.03,1619.56
2004-12-23,,2160.62,1619.18
2004-12-27,,2154.22,1600.25
2004-12-28,,2177.19,1624.19
2004-12-29,,2177.0,1629.9
2004-12-30,,2178.34,1621.58
2004-12-31,,2175.44,1620.31
2005-01-03,,2152.15,1598.79
2005-01-04,,2107.86,1565.02
2005-01-05,,2091.24,1562.64
2005-01-06,,2090.0,1556.84
2005-01-07,,2088.61,1577.76
2005-01-10,,2097.04,1558.54
2005-01-11,,2079.62,1545.28
2005-01-12,,2092.53,1566.69
2005-01-13,,2070.56,1543.48
2005-01-14,,2087.91,1563.79
2005-01-18,,2106.04,1574.39
2005-01-19,,2073.59,1545.63
2005-01-20,,2045.88,1514.56
2005-01-21,,2034.27,1502.48
2005-01-24,,2008.7,1480.66
2005-01-25,,2019.95,1488.6
2005-01-26,,2046.09,1513.44
2005-01-27,,2047.15,1497.36
2005-01-28,,2035.83,1486.76
2005-01-31,,2062.41,1513.06
2005-02-01,,2068.7,1527.91
2005-02-02,,2075.06,1515.45
2005-02-03,,2057.64,1501.96
2005-02-04,,2086.66,1534.97
2005-02-07,,2082.03,1522.72
2005-02-08,,2086.68,1542.41
2005-02-09,,2052.55,1504.6
2005-02-10,,2053.1,1514.22
2005-02-11,,2076.66,1535.54
2005-02-14,,2082.91,1540.01
2005-02-15,,2089.21,1561.17
2005-02-16,,2087.43,1535.37
2005-02-17,,2061.34,1519.22
2005-02-18,,2058.62,1512.73
2005-02-22,,2030.32,1493.58
2005-02-23,,2031.25,1489.99
2005-02-24,,2051.7,1517.88
2005-02-25,,2065.4,1528.0
2005-02-28,,2051.72,1498.17
2005-03-01,,2071.25,1529.37
2005-03-02,,2067.5,1541.14
2005-03-03,,2058.4,1502.32
2005-03-04,,2070.61,1530.59
2005-03-07,,2090.21,1552.53
2005-03-08,,2073.55,1527.5
2005-03-09,,2061.29,1520.45
2005-03-10,,2059.72,1504.54
2005-03-11,,2041.6,1501.99
2005-03-14,,2051.04,1502.6
2005-03-15,,2034.98,1500.88
2005-03-16,,2015.75,1482.62
2005-03-17,,2016.42,1496.8
2005-03-18,,2007.79,1475.26
2005-03-21,,2007.51,1490.57
2005-03-22,,1989.34,1464.99
2005-03-23,,1990.22,1480.13
2005-03-24,,1991.06,1469.94
2005-03-28,,1992.52,1472.71
2005-03-29,,1973.88,1458.26
2005-03-30,,2005.67,1491.74
2005-03-31,,1999.23,1478.66
2005-04-01,,1984.81,1466.49
2005-04-04,,1991.07,1482.06
2005-04-05,,1999.32,1477.55
2005-04-06,,1999.14,1477.97
2005-04-07,,2018.79,1499.71
2005-04-08,,1999.35,1485.43
2005-04-11,,1992.12,1477.13
2005-04-12,,2005.4,1490.1
2005-04-13,,1974.37,1459.97
2005-04-14,,1946.71,1440.35
2005-04-15,,1908.15,1407.82
2005-04-18,,1912.92,1418.76
2005-04-19,,1932.36,1424.03
2005-04-20,,1913.76,1404.86
2005-04-21,,1962.41,1448.37
2005-04-22,,1932.19,1412.63
2005-04-25,,1950.78,1426.73
2005-04-26,,1927.44,1420.43
2005-04-27,,1930.43,1429.11
2005-04-28,,1904.18,1408.84
2005-04-29,,1921.65,1422.42
2005-05-02,,1928.65,1415.6
2005-05-03,,1933.07,1436.6
2005-05-04,,1962.23,1453.2
2005-05-05,,1961.8,1441.94
2005-05-06,,1967.35,1449.7
2005-05-09,,1979.67,1463.38
2005-05-10,,1962.77,1450.36
2005-05-11,,1971.55,1459.55
2005-05-12,,1963.88,1454.79
2005-05-13,,1976.78,1470.63
2005-05-16,,1994.43,1480.68
2005-05-17,,2004.15,1490.14
2005-05-18,,2030.65,1509.26
2005-05-19,,2042.58,1521.43
2005-05-20,,2046.42,1528.6
2005-05-23,,2056.65,1535.22
2005-05-24,,2061.62,1540.47
2005-05-25,,2050.12,1532.71
2005-05-26,,2071.24,1548.8
2005-05-27,,2075.73,1549.8
2005-05-31,,2068.22,1542.63
2005-06-01,,2087.86,1559.5
2005-06-02,,2097.8,1568.96
2005-06-03,,2071.43,1544.48
2005-06-06,,2075.76,1545.27
2005-06-07,,2067.16,1531.12
2005-06-08,,2060.18,1527.68
2005-06-09,,2076.91,1539.46
2005-06-10,,2063.0,1521.2
2005-06-13,,2068.96,1529.13
2005-06-14,,2069.4,1524.42
2005-06-15,,2074.92,1529.49
2005-06-16,,2089.15,1537.42
2005-06-17,,2090.11,1538.13
2005-06-20,,2088.13,1537.31
2005-06-21,,2091.7,1536.48
2005-06-22,,2092.3,1534.36
2005-06-23,,2070.66,1515.95
2005-06-24,,2053.27,1500.18
2005-06-27,,2045.2,1493.75
2005-06-28,,2069.89,1508.61
2005-06-29,,2068.89,1504.11
2005-06-30,,2056.96,1493.52
2005-07-01,,2057.37,1490.53
2005-07-05,,2078.75,1506.35
2005-07-06,,2068.65,1498.5
2005-07-07,,2075.66,1503.78
2005-07-08,,2112.88,1533.27
2005-07-11,,2135.43,1547.66
2005-07-12,,2143.15,1555.59
2005-07-13,,2144.11,1557.62
2005-07-14,,2152.82,1573.44
2005-07-15,,2156.78,1577.82
2005-07-18,,2144.87,1570.9
2005-07-19,,2173.18,1590.49
2005-07-20,,2188.57,1602.75
2005-07-21,,2178.6,1601.89
2005-07-22,,2179.74,1600.76
2005-07-25,,2166.74,1593.57
2005-07-26,,2175.99,1598.93
2005-07-27,,2186.22,1611.95
2005-07-28,,2198.44,1618.64
2005-07-29,,2184.83,1605.14
2005-08-01,,2195.38,1610.11
2005-08-02,,2218.15,1627.1
2005-08-03,,2216.81,1627.19
2005-08-04,,2191.32,1608.74
2005-08-05,,2177.91,1601.59
2005-08-08,,2164.39,1589.97
2005-08-09,,2174.19,1601.14
2005-08-10,,2157.81,1585.71
2005-08-11,,2174.55,1600.65
2005-08-12,,2156.9,1591.75
2005-08-15,,2167.4,1600.71
2005-08-16,,2137.6,1574.1
2005-08-17,,2145.15,1582.29
2005-08-18,,2136.8,1575.76
2005-08-19,,2135.56,1573.72
2005-08-22,,2141.41,1575.59
2005-08-23,,2137.25,1571.3
2005-08-24,,2128.91,1561.71
2005-08-25,,2134.37,1565.88
2005-08-26,,2120.77,1558.84
2005-08-29,,2137.65,1571.52
2005-08-30,,2129.76,1565.73
2005-08-31,,2152.9,1581.71
2005-09-01,,2147.9,1577.25
2005-09-02,,2141.7,1573.12
2005-09-06,,2166.86,1597.27
2005-09-07,,2172.3,1599.86
2005-09-08,,2166.3,1597.68
2005-09-09,,2175.51,1607.83
2005-09-12,,2182.83,1612.2
2005-09-13,,2171.75,1607.38
2005-09-14,,2149.33,1589.63
2005-09-15,,2146.15,1588.55
2005-09-16,,2160.35,1599.44
2005-09-19,,2145.26,1586.5
2005-09-20,,2131.33,1578.2
2005-09-21,,2106.64,1561.84
2005-09-22,,2110.78,1567.36
2005-09-23,,2116.84,1571.75
2005-09-26,,2121.46,1572.86
2005-09-27,,2116.42,1568.84
2005-09-28,,2115.4,1568.81
2005-09-29,,2141.22,1589.93
2005-09-30,,2151.69,1601.66
2005-10-03,,2155.43,1605.59
2005-10-04,,2139.36,1595.54
2005-10-05,,2103.2,1571.52
2005-10-06,,2084.8,1552.94
2005-10-07,,2090.35,1555.92
2005-10-10,,2078.92,1546.99
2005-10-11,,2061.9,1539.31
2005-10-12,,2037.47,1521.19
2005-10-13,,2047.22,1533.8
2005-10-14,,2064.83,1544.29
2005-10-17,,2070.3,1549.88
2005-10-18,,2056.0,1538.43
2005-10-19,,2091.24,1569.61
2005-10-20,,2068.11,1555.59
2005-10-21,,2082.21,1565.12
2005-10-24,,2115.83,1590.65
2005-10-25,,2109.45,1585.82
2005-10-26,,2100.5,1575.14
2005-10-27,,2063.81,1543.38
2005-10-28,,2089.88,1557.11
2005-10-31,,2120.3,1579.18
2005-11-01,,2114.5,1576.52
2005-11-02,,2144.31,1597.29
2005-11-03,,2160.22,1619.67
2005-11-04,,2169.43,1628.3
2005-11-07,,2178.24,1629.27
2005-11-08,,2172.07,1628.4
2005-11-09,,2175.81,1630.21
2005-11-10,,2196.68,1650.93
2005-11-11,,2202.47,1653.36
2005-11-14,,2200.95,1651.9
2005-11-15,,2186.74,1644.31
2005-11-16,,2187.93,1651.45
2005-11-17,,2220.46,1676.39
2005-11-18,,2227.07,1679.85
2005-11-21,,2241.67,1686.23
2005-11-22,,2253.56,1694.14
2005-11-23,,2259.98,1696.77
2005-11-25,,2263.01,1701.05
2005-11-28,,2239.37,1684.39
2005-11-29,,2232.71,1676.84
2005-11-30,,2232.82,1672.56
2005-12-01,,2267.17,1704.28
2005-12-02,,2273.37,1709.1
2005-12-05,,2257.64,1694.77
2005-12-06,,2260.76,1701.35
2005-12-07,,2252.01,1697.04
2005-12-08,,2246.46,1685.59
2005-12-09,,2256.73,1692.62
2005-12-12,,2260.95,1698.35
2005-12-13,,2265.0,1705.77
2005-12-14,,2262.59,1698.98
2005-12-15,,2260.63,1701.7
2005-12-16,,2252.48,1688.68
2005-12-19,,2222.74,1664.36
2005-12-20,,2222.42,1665.07
2005-12-21,,2231.66,1670.61
2005-12-22,,2246.49,1683.35
2005-12-23,,2249.42,1682.92
2005-12-27,,2226.89,1668.37
2005-12-28,,2228.94,1667.1
2005-12-29,,2218.16,1655.36
2005-12-30,,2205.32,1645.2
2006-01-03,,2243.74,1679.93
2006-01-04,,2263.46,1695.83
2006-01-05,,2276.87,1705.29
2006-01-06,,2305.62,1734.99
2006-01-09,,2318.69,1741.9
2006-01-10,,2320.32,1744.02
2006-01-11,,2331.36,1758.24
2006-01-12,,2316.69,1747.35
2006-01-13,,2317.04,1746.78
2006-01-17,,2302.69,1736.39
2006-01-18,,2279.64,1716.62
2006-01-19,,2301.81,1729.92
2006-01-20,,2247.7,1676.38
2006-01-23,,2248.47,1676.3
2006-01-24,,2265.25,1686.22
2006-01-25,,2260.65,1677.0
2006-01-26,,2283.0,1690.49
2006-01-27,,2304.23,1711.11
2006-01-30,,2306.78,1713.45
2006-01-31,,2305.82,1710.75
2006-02-01,,2310.56,1713.02
2006-02-02,,2281.57,1685.77
2006-02-03,,2262.58,1664.53
2006-02-06,,2258.8,1657.54
2006-02-07,,2244.96,1651.84
2006-02-08,,2266.98,1670.47
2006-02-09,,2255.87,1654.08
2006-02-10,,2261.88,1663.75
2006-02-13,,2239.81,1645.83
2006-02-14,,2262.17,1661.95
2006-02-15,,2276.43,1673.15
2006-02-16,,2294.63,1688.61
2006-02-17,,2282.36,1675.21
2006-02-21,,2262.96,1655.68
2006-02-22,,2283.17,1677.52
2006-02-23,,2279.32,1672.29
2006-02-24,,2287.04,1676.5
2006-02-27,,2307.18,1695.66
2006-02-28,,2281.39,1670.57
2006-03-01,,2314.64,1694.58
2006-03-02,,2311.11,1693.78
2006-03-03,,2302.6,1684.32
2006-03-06,,2286.03,1669.94
2006-03-07,,2268.38,1661.02
2006-03-08,,2267.46,1660.35
2006-03-09,,2249.72,1645.09
2006-03-10,,2262.04,1648.23
2006-03-13,,2267.03,1653.79
2006-03-14,,2295.9,1681.15
2006-03-15,,2311.84,1694.46
2006-03-16,,2299.56,1679.05
2006-03-17,,2306.48,1685.66
2006-03-20,,2314.11,1688.98
2006-03-21,,2294.23,1672.47
2006-03-22,,2303.35,1676.32
2006-03-23,,2300.15,1670.73
2006-03-24,,2312.82,1679.81
2006-03-27,,2315.58,1680.63
2006-03-28,,2304.46,1673.03
2006-03-29,,2337.78,1703.84
2006-03-30,,2340.82,1708.68
2006-03-31,,2339.79,1703.66
2006-04-03,,2336.74,1706.77
2006-04-04,,2345.36,1716.55
2006-04-05,,2359.75,1732.74
2006-04-06,,2361.17,1739.2
2006-04-07,,2339.02,1723.03
2006-04-10,,2333.27,1718.86
2006-04-11,,2310.35,1704.4
2006-04-12,,2314.68,1704.75
2006-04-13,,2326.11,1712.07
2006-04-17,,2311.16,1694.32
2006-04-18,,2356.14,1726.64
2006-04-19,,2370.88,1734.04
2006-04-20,,2362.55,1728.9
2006-04-21,,2342.86,1709.02
2006-04-24,,2333.38,1706.44
2006-04-25,,2330.3,1701.47
2006-04-26,,2333.63,1702.2
2006-04-27,,2344.95,1717.14
2006-04-28,,2322.57,1700.71
2006-05-01,,2304.79,1686.61
2006-05-02,,2309.84,1689.93
2006-05-03,,2303.97,1686.3
2006-05-04,,2323.9,1701.03
2006-05-05,,2342.57,1713.84
2006-05-08,,2344.99,1715.23
2006-05-09,,2338.25,1711.17
2006-05-10,,2320.74,1694.82
2006-05-11,,2272.7,1657.48
2006-05-12,,2243.78,1635.81
2006-05-15,,2238.52,1634.78
2006-05-16,,2229.13,1623.69
2006-05-17,,2195.8,1598.91
2006-05-18,,2180.32,1587.11
2006-05-19,,2193.88,1600.86
2006-05-22,,2172.86,1584.57
2006-05-23,,2158.76,1569.01
2006-05-24,,2169.17,1580.18
2006-05-25,,2198.24,1599.68
2006-05-26,,2210.37,1606.37
2006-05-30,,2164.74,1571.29
2006-05-31,,2178.88,1579.58
2006-06-01,,2219.86,1616.57
2006-06-02,,2219.41,1612.9
2006-06-05,,2169.62,1577.5
2006-06-06,,2162.78,1575.39
2006-06-07,,2151.8,1565.22
2006-06-08,,2145.32,1561.55
2006-06-09,,2135.06,1550.97
2006-06-12,,2091.32,1520.31
2006-06-13,,2072.47,1516.85
2006-06-14,,2086.0,1530.26
2006-06-15,,2144.15,1573.08
2006-06-16,,2129.95,1562.84
2006-06-19,,2110.42,1548.94
2006-06-20,,2107.06,1548.32
2006-06-21,,2141.2,1573.56
2006-06-22,,2122.98,1554.49
2006-06-23,,2121.47,1551.05
2006-06-26,,2133.67,1556.17
2006-06-27,,2100.25,1527.0
2006-06-28,,2111.84,1538.25
2006-06-29,,2174.38,1585.56
2006-06-30,,2172.09,1575.23
2006-07-03,,2190.43,1586.25
2006-07-05,,2153.34,1553.95
2006-07-06,,2155.09,1551.55
2006-07-07,,2130.06,1533.71
2006-07-10,,2116.93,1520.9
2006-07-11,,2128.86,1533.06
2006-07-12,,2090.24,1501.46
2006-07-13,,2054.11,1478.16
2006-07-14,,2037.35,1462.17
2006-07-17,,2037.72,1468.5
2006-07-18,,2043.22,1472.34
2006-07-19,,2080.71,1490.6
2006-07-20,,2039.42,1466.89
2006-07-21,,2020.39,1451.88
2006-07-24,,2061.84,1482.34
2006-07-25,,2073.9,1489.52
2006-07-26,,2070.46,1487.88
2006-07-27,,2054.47,1478.53
2006-07-28,,2094.14,1510.3
2006-07-31,,2091.47,1509.43
2006-08-01,,2061.99,1484.94
2006-08-02,,2078.81,1500.48
2006-08-03,,2092.34,1510.6
2006-08-04,,2085.05,1503.84
2006-08-07,,2072.5,1494.13
2006-08-08,,2060.85,1484.8
2006-08-09,,2060.28,1485.64
2006-08-10,,2071.74,1496.28
2006-08-11,,2057.71,1486.74
2006-08-14,,2069.04,1494.33
2006-08-15,,2115.01,1534.43
2006-08-16,,2149.54,1570.06
2006-08-17,,2157.61,1573.59
2006-08-18,,2163.95,1576.46
2006-08-21,,2147.75,1561.12
2006-08-22,,2150.02,1563.43
2006-08-23,,2134.66,1550.41
2006-08-24,,2137.11,1555.19
2006-08-25,,2140.29,1557.7
2006-08-28,,2160.7,1570.29
2006-08-29,,2172.3,1573.65
2006-08-30,,2185.73,1581.95
2006-08-31,,2183.75,1579.73
2006-09-01,,2193.16,1589.47
2006-09-05,,2205.7,1603.69
2006-09-06,,2167.84,1572.2
2006-09-07,,2155.29,1564.84
2006-09-08,,2165.79,1574.71
2006-09-11,,2173.25,1583.78
2006-09-12,,2215.82,1615.75
2006-09-13,,2227.67,1623.99
2006-09-14,,2228.73,1625.98
2006-09-15,,2235.59,1632.44
2006-09-18,,2235.75,1632.17
2006-09-19,,2222.37,1621.07
2006-09-20,,2252.89,1645.35
2006-09-21,,2237.75,1634.87
2006-09-22,,2218.93,1622.37
2006-09-25,,2249.07,1650.37
2006-09-26,,2261.34,1659.2
2006-09-27,,2263.39,1655.67
2006-09-28,,2270.02,1661.59
2006-09-29,,2258.43,1654.13
2006-10-02,,2237.6,1632.81
2006-10-03,,2243.65,1640.29
2006-10-04,,2290.95,1681.14
2006-10-05,,2306.34,1689.43
2006-10-06,,2299.99,1684.88
2006-10-09,,2311.77,1691.08
2006-10-10,,2315.43,1693.29
2006-10-11,,2308.27,1691.28
2006-10-12,,2346.18,1718.54
2006-10-13,,2357.29,1727.21
2006-10-16,,2363.84,1727.61
2006-10-17,,2344.95,1709.61
2006-10-18,,2337.15,1700.75
2006-10-19,,2340.94,1706.37
2006-10-20,,2342.3,1709.58
2006-10-23,,2355.56,1725.93
2006-10-24,,2344.84,1713.88
2006-10-25,,2356.59,1726.76
2006-10-26,,2379.1,1744.07
2006-10-27,,2350.62,1717.61
2006-10-30,,2363.77,1727.8
2006-10-31,,2366.71,1732.54
2006-11-01,,2334.35,1707.65
2006-11-02,,2334.02,1710.17
2006-11-03,,2330.79,1703.98
2006-11-06,,2365.95,1732.26
2006-11-07,,2375.88,1741.53
2006-11-08,,2384.94,1749.75
2006-11-09,,2376.01,1740.14
2006-11-10,,2389.72,1751.11
2006-11-13,,2406.38,1768.0
2006-11-14,,2430.66,1787.23
2006-11-15,,2442.75,1793.82
2006-11-16,,2449.06,1801.97
2006-11-17,,2445.86,1800.67
2006-11-20,,2452.72,1803.81
2006-11-21,,2454.84,1808.88
2006-11-22,,2465.98,1819.76
2006-11-24,,2460.26,1815.53
2006-11-27,,2405.92,1775.17
2006-11-28,,2412.61,1780.34
2006-11-29,,2432.23,1792.77
2006-11-30,,2431.77,1791.25
2006-12-01,,2413.21,1775.12
2006-12-04,,2448.39,1799.93
2006-12-05,,2452.38,1804.85
2006-12-06,,2445.86,1799.13
2006-12-07,,2427.69,1777.46
2006-12-08,,2437.36,1786.21
2006-12-11,,2442.86,1791.74
2006-12-12,,2431.6,1781.97
2006-12-13,,2432.41,1783.44
2006-12-14,,2453.85,1803.41
2006-12-15,,2457.2,1808.56
2006-12-18,,2435.57,1790.99
2006-12-19,,2429.55,1785.12
2006-12-20,,2427.61,1777.92
2006-12-21,,2415.85,1766.28
2006-12-22,,2401.18,1748.61
2006-12-26,,2413.51,1753.55
2006-12-27,,2431.22,1763.41
2006-12-28,,2425.57,1758.94
2006-12-29,,2415.29,1756.9
2007-01-03,,2423.16,1759.37
2007-01-04,,2453.43,1792.91
2007-01-05,,2434.25,1785.3
2007-01-08,,2438.2,1787.14
2007-01-09,,2443.83,1795.63
2007-01-10,,2459.33,1816.15
2007-01-11,,2484.85,1834.86
2007-01-12,,2502.82,1844.81
2007-01-16,,2497.78,1842.44
2007-01-17,,2479.42,1827.68
2007-01-18,,2443.21,1793.68
2007-01-19,,2451.31,1796.81
2007-01-22,,2431.07,1779.02
2007-01-23,,2431.41,1773.4
2007-01-24,,2466.28,1802.63
2007-01-25,,2434.24,1777.75
2007-01-26,,2435.49,1772.97
2007-01-29,,2441.09,1775.08
2007-01-30,,2448.64,1777.76
2007-01-31,,2463.93,1792.28
2007-02-01,,2468.38,1791.45
2007-02-02,,2475.88,1798.13
2007-02-05,,2470.6,1795.39
2007-02-06,,2471.49,1793.06
2007-02-07,,2490.5,1810.95
2007-02-08,,2488.67,1810.54
2007-02-09,,2459.82,1785.53
2007-02-12,,2450.38,1778.42
2007-02-13,,2459.88,1783.82
2007-02-14,,2488.38,1814.98
2007-02-15,,2497.1,1823.41
2007-02-16,,2496.31,1821.49
2007-02-20,,2513.04,1833.71
2007-02-21,,2518.42,1839.13
2007-02-22,,2524.94,1846.34
2007-02-23,,2515.1,1839.77
2007-02-26,,2504.52,1830.59
2007-02-27,,2407.86,1756.27
2007-02-28,,2416.15,1761.65
2007-03-01,,2404.21,1753.45
2007-03-02,,2368.0,1726.03
2007-03-05,,2340.68,1712.94
2007-03-06,,2385.14,1743.1
2007-03-07,,2374.64,1736.1
2007-03-08,,2387.73,1746.43
2007-03-09,,2387.55,1744.74
2007-03-12,,2402.29,1756.42
2007-03-13,,2350.57,1722.48
2007-03-14,,2371.74,1743.15
2007-03-15,,2378.7,1744.87
2007-03-16,,2372.66,1742.23
2007-03-19,,2394.41,1758.23
2007-03-20,,2408.21,1767.25
2007-03-21,,2455.92,1806.35
2007-03-22,,2451.74,1799.75
2007-03-23,,2448.93,1794.04
2007-03-26,,2455.63,1802.95
2007-03-27,,2437.43,1789.93
2007-03-28,,2417.1,1770.54
2007-03-29,,2417.88,1771.72
2007-03-30,,2421.64,1772.36
2007-04-02,,2422.26,1773.33
2007-04-03,,2450.33,1796.31
2007-04-04,,2458.69,1801.74
2007-04-05,,2471.34,1812.94
2007-04-09,,2469.18,1808.19
2007-04-10,,2477.61,1816.93
2007-04-11,,2459.31,1798.09
2007-04-12,,2480.32,1813.49
2007-04-13,,2491.94,1816.85
2007-04-16,,2518.33,1833.96
2007-04-17,,2516.95,1834.91
2007-04-18,,2510.5,1832.39
2007-04-19,,2505.35,1832.47
2007-04-20,,2526.39,1845.89
2007-04-23,,2523.67,1850.18
2007-04-24,,2524.54,1858.87
2007-04-25,,2547.89,1881.33
2007-04-26,,2554.46,1889.57
2007-04-27,,2557.21,1891.06
2007-04-30,,2525.09,1867.75
2007-05-01,,2531.53,1873.43
2007-05-02,,2557.84,1889.73
2007-05-03,,2565.46,1895.64
2007-05-04,,2572.15,1895.7
2007-05-07,,2570.95,1895.96
2007-05-08,,2571.75,1899.83
2007-05-09,,2576.34,1905.65
2007-05-10,,2533.74,1875.2
2007-05-11,,2562.22,1898.79
2007-05-14,,2546.44,1888.08
2007-05-15,,2525.29,1871.79
2007-05-16,,2547.42,1891.57
2007-05-17,,2539.38,1884.68
2007-05-18,,2558.45,1896.93
2007-05-21,,2578.79,1911.16
2007-05-22,,2588.02,1916.45
2007-05-23,,2577.05,1904.41
2007-05-24,,2537.92,1874.6
2007-05-25,,2557.19,1889.25
2007-05-29,,2572.06,1899.79
2007-05-30,,2592.59,1918.08
2007-05-31,,2604.52,1928.19
2007-06-01,,2613.92,1928.26
2007-06-04,,2618.29,1933.73
2007-06-05,,2611.23,1932.35
2007-06-06,,2587.18,1914.85
2007-06-07,,2541.38,1882.17
2007-06-08,,2573.54,1906.26
2007-06-11,,2572.15,1901.96
2007-06-12,,2549.77,1890.67
2007-06-13,,2582.31,1913.87
2007-06-14,,2599.41,1924.54
2007-06-15,,2626.71,1942.41
2007-06-18,,2626.6,1944.37
2007-06-19,,2626.76,1941.75
2007-06-20,,2599.96,1922.12
2007-06-21,,2616.96,1941.32
2007-06-22,,2588.96,1921.94
2007-06-25,,2577.08,1912.9
2007-06-26,,2574.16,1908.64
2007-06-27,,2605.35,1933.06
2007-06-28,,2608.37,1931.67
2007-06-29,,2603.23,1934.1
2007-07-02,,2632.3,1954.12
2007-07-03,,2644.95,1965.2
2007-07-05,,2656.65,1981.06
2007-07-06,,2666.51,1988.31
2007-07-09,,2670.02,1989.2
2007-07-10,,2639.16,1971.89
2007-07-11,,2651.79,1984.08
2007-07-12,,2701.73,2021.03
2007-07-13,,2707.0,2032.16
2007-07-16,,2697.33,2028.02
2007-07-17,,2712.29,2041.78
2007-07-18,,2699.49,2037.98
2007-07-19,,2720.04,2052.99
2007-07-20,,2687.6,2035.88
2007-07-23,,2690.58,2036.33
2007-07-24,,2639.86,2000.55
2007-07-25,,2648.17,2011.14
2007-07-26,,2599.34,1986.6
2007-07-27,,2562.24,1956.19
2007-07-30,,2583.28,1973.93
2007-07-31,,2546.27,1932.06
2007-08-01,,2553.87,1945.08
2007-08-02,,2575.98,1966.6
2007-08-03,,2511.25,1918.56
2007-08-06,,2547.33,1954.37
2007-08-07,,2561.6,1961.64
2007-08-08,,2612.98,1987.34
2007-08-09,,2556.49,1936.76
2007-08-10,,2544.89,1925.14
2007-08-13,,2542.24,1934.41
2007-08-14,,2499.12,1901.32
2007-08-15,,2458.83,1864.92
2007-08-16,,2451.07,1846.09
2007-08-17,,2505.03,1888.78
2007-08-20,,2508.59,1893.05
2007-08-21,,2521.3,1910.99
2007-08-22,,2552.8,1936.77
2007-08-23,,2541.7,1931.88
2007-08-24,,2576.69,1961.38
2007-08-27,,2561.25,1947.49
2007-08-28,,2500.64,1899.24
2007-08-29,,2563.16,1954.85
2007-08-30,,2565.3,1963.75
2007-08-31,,2596.36,1988.73
2007-09-04,,2630.24,2020.51
2007-09-05,,2605.95,1994.38
2007-09-06,,2614.32,1998.67
2007-09-07,,2565.7,1958.35
2007-09-10,,2559.11,1960.2
2007-09-11,,2597.47,1988.98
2007-09-12,,2592.07,1988.96
2007-09-13,,2601.06,1998.63
2007-09-14,,2602.18,2000.82
2007-09-17,,2581.66,1983.08
2007-09-18,,2651.66,2035.37
2007-09-19,,2666.48,2041.36
2007-09-20,,2654.29,2032.61
2007-09-21,,2671.22,2049.48
2007-09-24,,2667.95,2057.25
2007-09-25,,2683.45,2076.83
2007-09-26,,2699.03,2088.38
2007-09-27,,2709.59,2096.39
2007-09-28,,2701.5,2091.11
2007-10-01,,2740.99,2116.97
2007-10-02,,2747.11,2115.89
2007-10-03,,2729.43,2103.01
2007-10-04,,2733.57,2105.56
2007-10-05,,2780.32,2149.67
2007-10-08,,2787.37,2163.26
2007-10-09,,2803.91,2171.21
2007-10-10,,2811.61,2176.98
2007-10-11,,2772.2,2140.92
2007-10-12,,2805.68,2177.99
2007-10-15,,2780.05,2158.92
2007-10-16,,2763.91,2151.14
2007-10-17,,2792.67,2179.14
2007-10-18,,2799.31,2187.52
2007-10-19,,2725.16,2131.08
2007-10-22,,2753.93,2157.45
2007-10-23,,2799.26,2205.18
2007-10-24,,2774.76,2188.59
2007-10-25,,2750.86,2161.52
2007-10-26,,2804.19,2194.59
2007-10-29,,2817.44,2203.42
2007-10-30,,2816.71,2207.61
2007-10-31,,2859.12,2238.98
2007-11-01,,2794.83,2197.07
2007-11-02,,2810.38,2213.86
2007-11-05,,2795.18,2200.48
2007-11-06,,2825.18,2223.97
2007-11-07,,2748.76,2169.43
2007-11-08,,2696.0,2106.16
2007-11-09,,2627.94,2034.3
2007-11-12,,2584.13,1982.16
2007-11-13,,2673.65,2066.08
2007-11-14,,2644.32,2038.05
2007-11-15,,2618.51,2024.03
2007-11-16,,2637.24,2048.62
2007-11-19,,2593.38,2021.14
2007-11-20,,2596.81,2029.94
2007-11-21,,2562.15,2006.38
2007-11-23,,2596.6,2028.9
2007-11-26,,2540.99,1989.36
2007-11-27,,2580.8,2033.76
2007-11-28,,2662.91,2095.39
2007-11-29,,2668.13,2102.42
2007-11-30,,2660.96,2089.1
2007-12-03,,2637.13,2067.45
2007-12-04,,2619.83,2059.06
2007-12-05,,2666.36,2099.31
2007-12-06,,2709.03,2127.65
2007-12-07,,2706.16,2130.0
2007-12-10,,2718.95,2134.88
2007-12-11,,2652.35,2083.72
2007-12-12,,2671.14,2101.36
2007-12-13,,2668.49,2094.68
2007-12-14,,2635.74,2072.11
2007-12-17,,2574.46,2020.8
2007-12-18,,2596.03,2029.49
2007-12-19,,2601.01,2031.0
2007-12-20,,2640.86,2069.68
2007-12-21,,2691.99,2111.77
2007-12-24,,2713.5,2128.62
2007-12-26,,2724.41,2136.94
2007-12-27,,2676.79,2106.09
2007-12-28,,2674.46,2107.05
2007-12-31,,2652.28,2084.93
2008-01-02,,2609.63,2049.71
2008-01-03,,2602.68,2051.76
2008-01-04,,2504.65,1963.52
2008-01-07,,2499.46,1957.44
2008-01-08,,2440.51,1910.33
2008-01-09,,2474.55,1949.2
2008-01-10,,2488.52,1953.64
2008-01-11,,2439.94,1912.81
2008-01-14,,2478.3,1949.15
2008-01-15,,2417.59,1894.09
2008-01-16,,2394.59,1872.29
2008-01-17,,2346.9,1842.1
2008-01-18,,2340.02,1844.09
2008-01-22,,2292.27,1795.61
2008-01-23,,2316.41,1789.53
2008-01-24,,2360.92,1826.92
2008-01-25,,2326.2,1789.17
2008-01-28,,2349.91,1805.08
2008-01-29,,2358.06,1807.67
2008-01-30,,2349.0,1808.51
2008-01-31,,2389.86,1841.42
2008-02-01,,2413.36,1855.27
2008-02-04,,2382.85,1828.8
2008-02-05,,2309.57,1773.49
2008-02-06,,2278.75,1740.95
2008-02-07,,2293.03,1753.3
2008-02-08,,2304.85,1773.74
2008-02-11,,2320.06,1793.09
2008-02-12,,2320.04,1780.54
2008-02-13,,2373.93,1823.0
2008-02-14,,2332.54,1787.59
2008-02-15,,2321.8,1780.38
2008-02-19,,2306.2,1764.81
2008-02-20,,2327.1,1787.45
2008-02-21,,2299.78,1766.3
2008-02-22,,2303.35,1773.44
2008-02-25,,2327.48,1785.46
2008-02-26,,2344.99,1791.31
2008-02-27,,2353.78,1799.94
2008-02-28,,2331.57,1794.46
2008-02-29,,2271.48,1745.27
2008-03-03,,2258.6,1733.27
2008-03-04,,2260.28,1743.7
2008-03-05,,2272.81,1753.57
2008-03-06,,2220.5,1712.5
2008-03-07,,2212.49,1707.5
2008-03-10,,2169.34,1673.03
2008-03-11,,2255.76,1740.95
2008-03-12,,2243.87,1735.18
2008-03-13,,2263.61,1750.4
2008-03-14,,2212.49,1713.83
2008-03-17,,2177.01,1687.19
2008-03-18,,2268.26,1761.05
2008-03-19,,2209.96,1715.59
2008-03-20,,2258.11,1751.99
2008-03-24,,2326.75,1814.4
2008-03-25,,2341.05,1824.54
2008-03-26,,2324.36,1817.28
2008-03-27,,2280.83,1777.89
2008-03-28,,2261.18,1767.57
2008-03-31,,2279.1,1781.93
2008-04-01,,2362.75,1855.48
2008-04-02,,2361.4,1848.8
2008-04-03,,2363.3,1855.19
2008-04-04,,2370.98,1865.87
2008-04-07,,2364.83,1860.83
2008-04-08,,2348.76,1846.14
2008-04-09,,2322.12,1826.19
2008-04-10,,2351.7,1852.97
2008-04-11,,2290.24,1798.72
2008-04-14,,2275.82,1790.93
2008-04-15,,2286.04,1794.73
2008-04-16,,2350.11,1846.89
2008-04-17,,2341.83,1840.88
2008-04-18,,2402.97,1900.28
2008-04-21,,2408.04,1913.12
2008-04-22,,2376.94,1881.65
2008-04-23,,2405.21,1906.66
2008-04-24,,2428.92,1924.58
2008-04-25,,2422.93,1918.58
2008-04-28,,2424.4,1923.26
2008-04-29,,2426.1,1933.6
2008-04-30,,2412.8,1917.7
2008-05-01,,2480.71,1980.44
2008-05-02,,2476.99,1981.87
2008-05-05,,2464.12,1975.82
2008-05-06,,2483.31,1990.61
2008-05-07,,2438.49,1951.42
2008-05-08,,2451.24,1966.86
2008-05-09,,2445.52,1960.29
2008-05-12,,2488.49,1997.02
2008-05-13,,2495.12,2000.61
2008-05-14,,2496.7,1997.3
2008-05-15,,2533.73,2031.34
2008-05-16,,2528.85,2031.27
2008-05-19,,2516.09,2016.6
2008-05-20,,2492.26,2000.67
2008-05-21,,2448.27,1956.8
2008-05-22,,2464.58,1964.92
2008-05-23,,2444.67,1958.96
2008-05-27,,2481.24,1995.44
2008-05-28,,2486.7,2000.07
2008-05-29,,2508.32,2019.02
2008-05-30,,2522.66,2032.57
2008-06-02,,2491.53,2006.84
2008-06-03,,2480.48,1996.79
2008-06-04,,2503.14,2021.45
2008-06-05,,2549.94,2055.11
2008-06-06,,2474.56,1990.39
2008-06-09,,2459.46,1979.71
2008-06-10,,2448.94,1972.54
2008-06-11,,2394.01,1924.33
2008-06-12,,2404.35,1924.26
2008-06-13,,2454.5,1966.01
2008-06-16,,2474.78,1984.76
2008-06-17,,2457.73,1972.82
2008-06-18,,2429.71,1951.1
2008-06-19,,2462.06,1982.69
2008-06-20,,2406.09,1928.39
2008-06-23,,2385.74,1913.31
2008-06-24,,2368.28,1903.74
2008-06-25,,2401.26,1933.86
2008-06-26,,2321.37,1855.39
2008-06-27,,2315.63,1855.72
2008-06-30,,2292.98,1837.09
2008-07-01,,2304.97,1862.71
2008-07-02,,2251.46,1816.15
2008-07-03,,2245.38,1816.35
2008-07-07,,2243.32,1826.93
2008-07-08,,2294.44,1871.28
2008-07-09,,2234.89,1819.18
2008-07-10,,2257.85,1839.57
2008-07-11,,2239.08,1810.88
2008-07-14,,2212.87,1798.03
2008-07-15,,2215.71,1798.35
2008-07-16,,2284.85,1843.87
2008-07-17,,2312.3,1853.47
2008-07-18,,2282.78,1823.23
2008-07-21,,2279.53,1819.76
2008-07-22,,2303.96,1821.62
2008-07-23,,2325.88,1845.56
2008-07-24,,2280.11,1816.98
2008-07-25,,2310.53,1846.55
2008-07-28,,2264.22,1802.99
2008-07-29,,2319.62,1845.55
2008-07-30,,2329.72,1852.8
2008-07-31,,2325.55,1849.15
2008-08-01,,2310.96,1826.56
2008-08-04,,2285.56,1804.84
2008-08-05,,2349.83,1869.76
2008-08-06,,2378.37,1895.21
2008-08-07,,2355.73,1880.09
2008-08-08,,2414.1,1926.23
2008-08-11,,2439.95,1941.23
2008-08-12,,2430.61,1941.07
2008-08-13,,2428.62,1942.02
2008-08-14,,2453.67,1964.38
2008-08-15,,2452.52,1957.56
2008-08-18,,2416.98,1932.7
2008-08-19,,2384.36,1908.68
2008-08-20,,2389.08,1913.02
2008-08-21,,2380.38,1906.74
2008-08-22,,2414.71,1931.47
2008-08-25,,2365.59,1889.72
2008-08-26,,2361.97,1886.32
2008-08-27,,2382.46,1900.3
2008-08-28,,2411.64,1915.12
2008-08-29,,2367.52,1872.54
2008-09-02,,2349.24,1850.14
2008-09-03,,2333.73,1833.09
2008-09-04,,2259.04,1774.78
2008-09-05,,2255.88,1768.23
2008-09-08,,2269.76,1762.95
2008-09-09,,2209.81,1721.55
2008-09-10,,2228.7,1738.07
2008-09-11,,2258.22,1773.65
2008-09-12,,2261.27,1767.13
2008-09-15,,2179.91,1705.46
2008-09-16,,2207.9,1724.08
2008-09-17,,2098.85,1632.45
2008-09-18,,2199.1,1697.42
2008-09-19,,2273.9,1745.06
2008-09-22,,2178.98,1665.94
2008-09-23,,2153.33,1648.4
2008-09-24,,2155.68,1661.33
2008-09-25,,2186.57,1687.55
2008-09-26,,2183.34,1672.04
2008-09-29,,1983.73,1496.15
2008-09-30,,2091.88,1594.63
2008-10-01,,2069.4,1563.8
2008-10-02,,1976.72,1491.11
2008-10-03,,1947.39,1470.84
2008-10-06,,1862.96,1411.28
2008-10-07,,1754.88,1329.98
2008-10-08,,1740.33,1330.61
2008-10-09,,1645.12,1275.1
2008-10-10,,1649.51,1269.8
2008-10-13,,1844.25,1429.54
2008-10-14,,1779.01,1364.59
2008-10-15,,1628.33,1244.23
2008-10-16,,1717.71,1312.97
2008-10-17,,1711.29,1311.72
2008-10-20,,1770.03,1352.76
2008-10-21,,1696.68,1283.43
2008-10-22,,1615.75,1237.09
2008-10-23,,1603.91,1239.16
2008-10-24,,1552.03,1202.27
2008-10-27,,1505.9,1169.78
2008-10-28,,1649.47,1297.57
2008-10-29,,1657.21,1302.12
2008-10-30,,1698.52,1333.94
2008-10-31,,1720.95,1334.78
2008-11-03,,1726.33,1334.75
2008-11-04,,1780.12,1378.4
2008-11-05,,1681.64,1299.98
2008-11-06,,1608.7,1241.97
2008-11-07,,1647.4,1271.62
2008-11-10,,1616.74,1251.0
2008-11-11,,1580.9,1225.59
2008-11-12,,1499.21,1165.38
2008-11-13,,1596.7,1240.93
2008-11-14,,1516.85,1179.63
2008-11-17,,1482.05,1151.96
2008-11-18,,1483.27,1155.75
2008-11-19,,1386.42,1087.6
2008-11-20,,1316.12,1036.51
2008-11-21,,1384.35,1085.57
2008-11-24,,1472.02,1154.34
2008-11-25,,1464.73,1142.58
2008-11-26,,1532.1,1193.09
2008-11-28,,1535.57,1185.75
2008-12-01,,1398.07,1091.16
2008-12-02,,1449.8,1130.0
2008-12-03,,1492.38,1166.2
2008-12-04,,1445.56,1127.75
2008-12-05,,1509.31,1177.87
2008-12-08,,1571.74,1225.06
2008-12-09,,1547.34,1212.45
2008-12-10,,1565.48,1222.38
2008-12-11,,1507.88,1180.46
2008-12-12,,1540.72,1206.65
2008-12-15,,1508.34,1181.87
2008-12-16,,1589.89,1243.49
2008-12-17,,1579.31,1225.86
2008-12-18,,1552.37,1204.69
2008-12-19,,1564.32,1217.19
2008-12-22,,1532.35,1189.15
2008-12-23,,1521.54,1183.19
2008-12-24,,1524.9,1184.3
2008-12-26,,1530.24,1185.44
2008-12-29,,1510.32,1173.15
2008-12-30,,1550.7,1201.34
2008-12-31,,1577.03,1211.65
2009-01-02,,1632.21,1263.7
2009-01-05,,1628.03,1262.52
2009-01-06,,1652.38,1274.49
2009-01-07,,1599.06,1238.6
2009-01-08,,1617.01,1252.52
2009-01-09,,1571.59,1223.01
2009-01-12,,1538.79,1201.13
2009-01-13,,1546.46,1202.65
2009-01-14,,1489.64,1163.42
2009-01-15,,1511.84,1183.52
2009-01-16,,1529.33,1198.14
2009-01-20,,1440.86,1136.61
2009-01-21,,1507.07,1185.76
2009-01-22,,1465.49,1168.08
2009-01-23,,1477.29,1175.89
2009-01-26,,1489.46,1184.56
2009-01-27,,1504.9,1194.41
2009-01-28,,1558.34,1235.91
2009-01-29,,1507.84,1203.85
2009-01-30,,1476.42,1180.25
2009-02-02,,1494.43,1195.75
2009-02-03,,1516.3,1215.66
2009-02-04,,1515.05,1215.43
2009-02-05,,1546.24,1245.11
2009-02-06,,1591.71,1277.49
2009-02-09,,1591.56,1281.65
2009-02-10,,1524.73,1229.29
2009-02-11,,1530.5,1227.05
2009-02-12,,1541.71,1242.81
2009-02-13,,1534.36,1236.85
2009-02-17,,1470.66,1187.04
2009-02-18,,1467.97,1188.77
2009-02-19,,1442.82,1167.89
2009-02-20,,1441.23,1172.71
2009-02-23,,1387.72,1128.97
2009-02-24,,1441.83,1171.45
2009-02-25,,1425.43,1160.83
2009-02-26,,1391.47,1127.1
2009-02-27,,1377.84,1116.99
2009-03-02,,1322.85,1076.67
2009-03-03,,1321.01,1080.67
2009-03-04,,1353.74,1110.3
2009-03-05,,1299.59,1074.52
2009-03-06,,1293.85,1064.7
2009-03-09,,1268.64,1043.87
2009-03-10,,1358.28,1112.44
2009-03-11,,1371.64,1125.95
2009-03-12,,1426.1,1164.71
2009-03-13,,1431.5,1168.52
2009-03-16,,1404.02,1145.45
2009-03-17,,1462.11,1192.17
2009-03-18,,1491.22,1206.96
2009-03-19,,1483.48,1204.21
2009-03-20,,1457.27,1187.18
2009-03-23,,1555.77,1259.81
2009-03-24,,1516.52,1234.34
2009-03-25,,1528.95,1236.66
2009-03-26,,1587.0,1281.3
2009-03-27,,1545.2,1251.47
2009-03-30,,1501.8,1220.81
2009-03-31,,1528.59,1237.01
2009-04-01,,1551.6,1252.51
2009-04-02,,1602.63,1294.3
2009-04-03,,1621.87,1316.16
2009-04-06,,1606.71,1313.1
2009-04-07,,1561.61,1275.42
2009-04-08,,1590.66,1300.75
2009-04-09,,1652.54,1340.28
2009-04-13,,1653.31,1336.67
2009-04-14,,1625.72,1322.31
2009-04-15,,1626.8,1316.51
2009-04-16,,1670.44,1352.98
2009-04-17,,1673.07,1353.92
2009-04-20,,1608.21,1309.37
2009-04-21,,1643.85,1329.06
2009-04-22,,1646.12,1335.72
2009-04-23,,1652.21,1344.41
2009-04-24,,1694.29,1373.28
2009-04-27,,1679.41,1369.94
2009-04-28,,1673.81,1361.92
2009-04-29,,1711.94,1382.38
2009-04-30,,1717.3,1394.33
2009-05-01,,1719.2,1396.62
2009-05-04,,1763.56,1427.96
2009-05-05,,1754.12,1423.81
2009-05-06,,1759.1,1423.85
2009-05-07,,1716.24,1389.83
2009-05-08,,1739.0,1394.16
2009-05-11,,1731.24,1395.79
2009-05-12,,1715.92,1377.4
2009-05-13,,1664.19,1339.83
2009-05-14,,1689.21,1359.67
2009-05-15,,1680.14,1355.11
2009-05-18,,1732.36,1392.73
2009-05-19,,1734.54,1398.05
2009-05-20,,1727.84,1393.72
2009-05-21,,1695.25,1367.39
2009-05-22,,1692.01,1363.17
2009-05-26,,1750.43,1412.61
2009-05-27,,1731.08,1401.88
2009-05-28,,1751.79,1420.31
2009-05-29,,1774.33,1435.57
2009-06-01,,1828.68,1477.12
2009-06-02,,1836.8,1480.31
2009-06-03,,1825.92,1475.44
2009-06-04,,1850.02,1492.74
2009-06-05,,1849.42,1493.21
2009-06-08,,1842.4,1488.49
2009-06-09,,1860.13,1501.55
2009-06-10,,1853.08,1495.27
2009-06-11,,1862.37,1497.01
2009-06-12,,1858.8,1489.97
2009-06-15,,1816.38,1456.96
2009-06-16,,1796.18,1443.25
2009-06-17,,1808.06,1455.89
2009-06-18,,1807.72,1453.8
2009-06-19,,1827.47,1471.23
2009-06-22,,1766.19,1426.61
2009-06-23,,1764.92,1424.46
2009-06-24,,1792.34,1447.06
2009-06-25,,1829.54,1475.82
2009-06-26,,1838.22,1480.2
2009-06-29,,1844.06,1483.83
2009-06-30,,1835.04,1477.25
2009-07-01,,1845.72,1481.34
2009-07-02,,1796.52,1446.28
2009-07-06,,1787.4,1441.01
2009-07-07,,1746.17,1404.78
2009-07-08,,1747.17,1411.53
2009-07-09,,1752.55,1414.98
2009-07-10,,1756.03,1419.84
2009-07-13,,1793.21,1447.7
2009-07-14,,1799.73,1452.84
2009-07-15,,1862.9,1500.98
2009-07-16,,1885.03,1518.87
2009-07-17,,1886.61,1527.26
2009-07-20,,1909.29,1544.0
2009-07-21,,1916.2,1553.01
2009-07-22,,1926.38,1565.0
2009-07-23,,1973.6,1601.52
2009-07-24,,1965.96,1599.06
2009-07-27,,1967.89,1599.31
2009-07-28,,1975.51,1605.47
2009-07-29,,1967.76,1599.61
2009-07-30,,1984.3,1609.87
2009-07-31,,1978.5,1603.36
2009-08-03,,2008.61,1628.12
2009-08-04,,2011.31,1628.49
2009-08-05,,1993.05,1614.44
2009-08-06,,1973.16,1600.29
2009-08-07,,2000.25,1619.49
2009-08-10,,1992.24,1610.43
2009-08-11,,1969.73,1594.69
2009-08-12,,1998.72,1619.59
2009-08-13,,2009.35,1628.65
2009-08-14,,1985.52,1611.58
2009-08-17,,1930.84,1564.89
2009-08-18,,1955.92,1586.5
2009-08-19,,1969.24,1596.61
2009-08-20,,1989.22,1614.22
2009-08-21,,2020.9,1637.78
2009-08-24,,2017.98,1634.78
2009-08-25,,2024.23,1639.9
2009-08-26,,2024.43,1637.0
2009-08-27,,2027.73,1640.97
2009-08-28,,2028.77,1643.24
2009-08-31,,2009.06,1625.19
2009-09-01,,1968.89,1595.84
2009-09-02,,1967.07,1594.28
2009-09-03,,1983.2,1605.98
2009-09-04,,2018.78,1638.07
2009-09-08,,2037.77,1654.81
2009-09-09,,2060.39,1669.23
2009-09-10,,2084.02,1686.16
2009-09-11,,2080.9,1685.46
2009-09-14,,2091.78,1693.76
2009-09-15,,2102.64,1699.53
2009-09-16,,2133.15,1723.73
2009-09-17,,2126.75,1721.09
2009-09-18,,2132.86,1725.24
2009-09-21,,2138.04,1731.58
2009-09-22,,2146.3,1734.09
2009-09-23,,2131.42,1724.27
2009-09-24,,2107.61,1709.76
2009-09-25,,2090.92,1694.15
2009-09-28,,2130.74,1724.59
2009-09-29,,2124.04,1717.67
2009-09-30,,2122.42,1718.99
2009-10-01,,2057.48,1666.41
2009-10-02,,2048.11,1662.49
2009-10-05,,2068.15,1675.64
2009-10-06,,2103.57,1705.25
2009-10-07,,2110.33,1710.45
2009-10-08,,2123.93,1717.79
2009-10-09,,2139.28,1727.76
2009-10-12,,2139.14,1729.63
2009-10-13,,2139.89,1730.27
2009-10-14,,2172.23,1754.26
2009-10-15,,2173.29,1753.36
2009-10-16,,2156.8,1739.32
2009-10-19,,2176.32,1756.68
2009-10-20,,2163.47,1756.19
2009-10-21,,2150.73,1753.56
2009-10-22,,2165.29,1763.15
2009-10-23,,2154.47,1753.63
2009-10-26,,2141.85,1746.75
2009-10-27,,2116.09,1722.46
2009-10-28,,2059.61,1682.06
2009-10-29,,2097.55,1711.27
2009-10-30,,2045.11,1667.13
2009-11-02,,2049.2,1672.91
2009-11-03,,2057.32,1679.2
2009-11-04,,2055.52,1680.67
2009-11-05,,2105.32,1721.09
2009-11-06,,2112.44,1730.76
2009-11-09,,2154.06,1768.4
2009-11-10,,2151.08,1773.17
2009-11-11,,2166.9,1782.95
2009-11-12,,2149.02,1773.14
2009-11-13,,2167.88,1788.61
2009-11-16,,2197.85,1807.56
2009-11-17,,2203.78,1812.21
2009-11-18,,2193.14,1801.74
2009-11-19,,2156.82,1773.19
2009-11-20,,2146.04,1764.39
2009-11-23,,2176.01,1792.94
2009-11-24,,2169.18,1786.25
2009-11-25,,2176.05,1793.67
2009-11-27,,2138.44,1765.46
2009-11-30,,2144.6,1767.43
2009-12-01,,2175.81,1787.71
2009-12-02,,2185.03,1790.82
2009-12-03,,2173.14,1782.91
2009-12-04,,2194.35,1791.91
2009-12-07,,2189.61,1783.65
2009-12-08,,2172.99,1772.73
2009-12-09,,2183.73,1789.7
2009-12-10,,2190.86,1799.37
2009-12-11,,2190.31,1792.06
2009-12-14,,2212.1,1809.09
2009-12-15,,2201.05,1798.21
2009-12-16,,2206.91,1800.82
2009-12-17,,2180.05,1778.27
2009-12-18,,2211.69,1807.36
2009-12-21,,2237.66,1828.79
2009-12-22,,2252.67,1839.51
2009-12-23,,2269.64,1851.99
2009-12-24,,2285.69,1869.84
2009-12-28,,2291.08,1878.18
2009-12-29,,2288.4,1872.02
2009-12-30,,2291.28,1878.65
2009-12-31,,2269.15,1860.31
2010-01-04,,2308.42,1886.7
2010-01-05,,2308.71,1888.43
2010-01-06,,2301.09,1878.42
2010-01-07,,2300.05,1876.72
2010-01-08,,2317.17,1892.59
2010-01-11,,2312.41,1886.24
2010-01-12,,2282.31,1861.79
2010-01-13,,2307.9,1886.13
2010-01-14,,2316.74,1886.52
2010-01-15,,2287.99,1864.52
2010-01-19,,2320.4,1895.48
2010-01-20,,2291.25,1867.95
2010-01-21,,2265.7,1850.57
2010-01-22,,2205.29,1794.82
2010-01-25,,2210.8,1802.39
2010-01-26,,2203.73,1803.86
2010-01-27,,2221.41,1818.9
2010-01-28,,2179.0,1771.1
2010-01-29,,2147.35,1741.04
2010-02-01,,2171.2,1760.72
2010-02-02,,2190.06,1776.92
2010-02-03,,2190.91,1784.7
2010-02-04,,2125.43,1732.99
2010-02-05,,2141.12,1746.12
2010-02-08,,2126.05,1734.88
2010-02-09,,2150.87,1753.84
2010-02-10,,2147.87,1749.76
2010-02-11,,2177.41,1775.74
2010-02-12,,2183.53,1779.11
2010-02-16,,2214.19,1802.06
2010-02-17,,2226.29,1810.86
2010-02-18,,2241.71,1823.39
2010-02-19,,2243.87,1823.32
2010-02-22,,2242.03,1817.63
2010-02-23,,2213.44,1793.82
2010-02-24,,2235.9,1812.51
2010-02-25,,2234.22,1812.91
2010-02-26,,2238.26,1818.68
2010-03-01,,2273.57,1846.4
2010-03-02,,2280.79,1851.21
2010-03-03,,2280.68,1851.57
2010-03-04,,2292.31,1859.72
2010-03-05,,2326.35,1888.56
2010-03-08,,2332.21,1890.89
2010-03-09,,2340.68,1901.38
2010-03-10,,2358.95,1917.35
2010-03-11,,2368.46,1923.81
2010-03-12,,2367.66,1924.43
2010-03-15,,2362.21,1920.09
2010-03-16,,2378.01,1932.24
2010-03-17,,2389.09,1936.22
2010-03-18,,2391.28,1943.94
2010-03-19,,2374.41,1932.43
2010-03-22,,2395.4,1949.59
2010-03-23,,2415.24,1963.2
2010-03-24,,2398.76,1951.84
2010-03-25,,2397.41,1949.15
2010-03-26,,2395.13,1952.63
2010-03-29,,2404.36,1961.22
2010-03-30,,2410.69,1967.96
2010-03-31,,2397.96,1958.34
2010-04-01,,2402.58,1959.56
2010-04-05,,2429.53,1977.83
2010-04-06,,2436.81,1981.95
2010-04-07,,2431.16,1977.3
2010-04-08,,2436.81,1980.73
2010-04-09,,2454.05,1994.43
2010-04-12,,2457.87,1995.65
2010-04-13,,2465.99,2003.81
2010-04-14,,2504.86,2028.82
2010-04-15,,2515.69,2038.64
2010-04-16,,2481.26,2012.84
2010-04-19,,2480.11,2013.53
2010-04-20,,2500.31,2023.6
2010-04-21,,2504.61,2034.53
2010-04-22,,2519.07,2045.16
2010-04-23,,2530.15,2055.33
2010-04-26,,2522.95,2049.09
2010-04-27,,2471.47,2006.25
2010-04-28,,2471.73,2007.59
2010-04-29,,2511.92,2042.89
2010-04-30,,2461.19,2000.63
2010-05-03,,2498.74,2031.6
2010-05-04,,2424.25,1968.97
2010-05-05,,2402.29,1958.26
2010-05-06,,2319.64,1893.75
2010-05-07,,2265.64,1849.44
2010-05-10,,2374.67,1942.61
2010-05-11,,2375.31,1940.48
2010-05-12,,2425.02,1975.58
2010-05-13,,2394.36,1945.52
2010-05-14,,2346.85,1907.1
2010-05-17,,2354.23,1915.45
2010-05-18,,2317.26,1887.06
2010-05-19,,2298.37,1873.42
2010-05-20,,2204.01,1800.12
2010-05-21,,2229.04,1822.77
2010-05-24,,2213.55,1815.28
2010-05-25,,2210.95,1815.68
2010-05-26,,2195.88,1796.47
2010-05-27,,2277.68,1862.71
2010-05-28,,2257.04,1852.39
2010-06-01,,2222.33,1835.04
2010-06-02,,2281.07,1879.59
2010-06-03,,2303.03,1895.66
2010-06-04,,2219.17,1832.04
2010-06-07,,2173.9,1798.16
2010-06-08,,2170.57,1795.7
2010-06-09,,2158.85,1778.92
2010-06-10,,2218.71,1830.09
2010-06-11,,2243.6,1847.15
2010-06-14,,2243.96,1845.48
2010-06-15,,2305.88,1897.48
2010-06-16,,2305.93,1905.31
2010-06-17,,2307.16,1910.65
2010-06-18,,2309.8,1913.48
2010-06-21,,2289.09,1895.84
2010-06-22,,2261.8,1880.54
2010-06-23,,2254.23,1874.42
2010-06-24,,2217.42,1844.59
2010-06-25,,2223.48,1838.52
2010-06-28,,2220.65,1836.0
2010-06-29,,2135.18,1764.06
2010-06-30,,2109.24,1739.14
2010-07-01,,2101.36,1734.41
2010-07-02,,2091.79,1728.34
2010-07-06,,2093.88,1734.68
2010-07-07,,2159.47,1789.72
2010-07-08,,2175.4,1798.31
2010-07-09,,2196.45,1814.79
2010-07-12,,2198.36,1821.03
2010-07-13,,2242.03,1845.03
2010-07-14,,2249.84,1853.41
2010-07-15,,2249.08,1856.24
2010-07-16,,2179.05,1803.48
2010-07-19,,2198.23,1819.28
2010-07-20,,2222.49,1840.67
2010-07-21,,2187.33,1817.3
2010-07-22,,2245.89,1863.1
2010-07-23,,2269.47,1875.38
2010-07-26,,2296.43,1890.4
2010-07-27,,2288.25,1888.81
2010-07-28,,2264.56,1872.62
2010-07-29,,2251.69,1860.3
2010-07-30,,2254.7,1864.0
2010-08-02,,2295.36,1898.99
2010-08-03,,2283.52,1891.81
2010-08-04,,2303.57,1909.2
2010-08-05,,2293.06,1904.95
2010-08-06,,2288.47,1902.88
2010-08-09,,2305.69,1915.17
2010-08-10,,2277.17,1899.24
2010-08-11,,2208.63,1845.38
2010-08-12,,2190.27,1832.17
2010-08-13,,2173.48,1818.8
2010-08-16,,2181.87,1821.51
2010-08-17,,2209.44,1845.37
2010-08-18,,2215.7,1850.8
2010-08-19,,2178.95,1823.0
2010-08-20,,2179.76,1825.75
2010-08-23,,2159.63,1808.31
2010-08-24,,2123.76,1775.27
2010-08-25,,2141.54,1790.88
2010-08-26,,2118.69,1769.02
2010-08-27,,2153.63,1791.64
2010-08-30,,2119.97,1772.07
2010-08-31,,2114.03,1767.43
2010-09-01,,2176.84,1820.05
2010-09-02,,2200.01,1840.58
2010-09-03,,2233.75,1870.31
2010-09-07,,2208.89,1856.5
2010-09-08,,2228.87,1880.0
2010-09-09,,2236.2,1886.14
2010-09-10,,2242.48,1892.34
2010-09-13,,2285.71,1921.67
2010-09-14,,2289.77,1928.59
2010-09-15,,2301.32,1939.6
2010-09-16,,2303.25,1948.11
2010-09-17,,2315.61,1955.83
2010-09-20,,2355.83,1989.43
2010-09-21,,2349.35,1989.11
2010-09-22,,2334.55,1982.76
2010-09-23,,2327.08,1982.15
2010-09-24,,2381.22,2023.84
2010-09-27,,2369.77,2010.99
2010-09-28,,2379.59,2012.43
2010-09-29,,2376.56,2009.08
2010-09-30,,2368.62,1998.04
2010-10-01,,2370.75,1996.6
2010-10-04,,2344.52,1975.33
2010-10-05,,2399.83,2024.63
2010-10-06,,2380.66,2006.52
2010-10-07,,2383.67,2011.63
2010-10-08,,2401.91,2027.03
2010-10-11,,2402.33,2026.98
2010-10-12,,2417.92,2041.55
2010-10-13,,2441.23,2057.25
2010-10-14,,2435.38,2054.51
2010-10-15,,2468.77,2097.73
2010-10-18,,2480.66,2104.15
2010-10-19,,2436.95,2069.73
2010-10-20,,2457.39,2085.75
2010-10-21,,2459.67,2090.1
2010-10-22,,2479.39,2104.21
2010-10-25,,2490.85,2113.55
2010-10-26,,2497.29,2119.05
2010-10-27,,2503.26,2125.88
2010-10-28,,2507.37,2129.73
2010-10-29,,2507.41,2124.45
2010-11-01,,2504.84,2128.42
2010-11-02,,2533.52,2151.72
2010-11-03,,2540.27,2158.36
2010-11-04,,2577.34,2187.8
2010-11-05,,2578.98,2186.71
2010-11-08,,2580.05,2188.94
2010-11-09,,2562.98,2176.88
2010-11-10,,2578.78,2187.74
2010-11-11,,2555.52,2173.11
2010-11-12,,2518.21,2137.95
2010-11-15,,2513.82,2131.48
2010-11-16,,2469.84,2093.63
2010-11-17,,2476.01,2100.0
2010-11-18,,2514.4,2134.77
2010-11-19,,2518.12,2135.27
2010-11-22,,2532.02,2150.86
2010-11-23,,2494.95,2116.61
2010-11-24,,2543.12,2160.52
2010-11-26,,2534.56,2153.91
2010-11-29,,2525.22,2144.56
2010-11-30,,2498.23,2117.33
2010-12-01,,2549.43,2162.83
2010-12-02,,2579.35,2185.3
2010-12-03,,2591.46,2191.17
2010-12-06,,2594.92,2189.81
2010-12-07,,2598.49,2189.35
2010-12-08,,2609.16,2200.6
2010-12-09,,2616.67,2201.57
2010-12-10,,2637.54,2215.34
2010-12-13,,2624.91,2207.45
2010-12-14,,2627.72,2212.59
2010-12-15,,2617.22,2202.45
2010-12-16,,2637.31,2218.02
2010-12-17,,2642.97,2218.29
2010-12-20,,2649.56,2223.04
2010-12-21,,2667.61,2234.57
2010-12-22,,2671.48,2235.91
2010-12-23,,2665.6,2230.27
2010-12-27,,2667.27,2229.86
2010-12-28,,2662.88,2227.42
2010-12-29,,2666.93,2231.64
2010-12-30,,2662.98,2225.72
2010-12-31,,2652.87,2217.86
2011-01-03,,2691.52,2254.23
2011-01-04,,2681.25,2251.46
2011-01-05,,2702.2,2270.4
2011-01-06,,2709.89,2277.51
2011-01-07,,2703.17,2276.7
2011-01-10,,2707.8,2284.38
2011-01-11,,2716.83,2288.73
2011-01-12,,2737.33,2304.88
2011-01-13,,2735.29,2305.53
2011-01-14,,2755.3,2323.43
2011-01-18,,2765.85,2328.79
2011-01-19,,2725.36,2303.32
2011-01-20,,2704.29,2286.08
2011-01-21,,2689.54,2268.32
2011-01-24,,2717.55,2300.39
2011-01-25,,2719.25,2304.03
2011-01-26,,2739.5,2314.19
2011-01-27,,2755.28,2330.07
2011-01-28,,2686.89,2270.51
2011-01-31,,2700.08,2281.91
2011-02-01,,2751.19,2324.95
2011-02-02,,2749.56,2321.09
2011-02-03,,2753.88,2323.07
2011-02-04,,2769.3,2338.2
2011-02-07,,2783.99,2349.2
2011-02-08,,2797.05,2363.61
2011-02-09,,2789.07,2360.95
2011-02-10,,2790.45,2364.35
2011-02-11,,2809.44,2379.15
2011-02-14,,2817.18,2385.6
2011-02-15,,2804.35,2381.92
2011-02-16,,2825.56,2397.94
2011-02-17,,2831.58,2397.57
2011-02-18,,2833.95,2392.47
2011-02-22,,2756.42,2322.86
2011-02-23,,2722.99,2300.94
2011-02-24,,2737.9,2313.31
2011-02-25,,2781.05,2346.29
2011-02-28,,2782.27,2350.99
2011-03-01,,2737.41,2315.26
2011-03-02,,2748.07,2326.77
2011-03-03,,2798.74,2371.76
2011-03-04,,2784.67,2359.96
2011-03-07,,2745.63,2328.07
2011-03-08,,2765.77,2337.55
2011-03-09,,2751.72,2322.69
2011-03-10,,2701.02,2284.29
2011-03-11,,2715.61,2299.26
2011-03-14,,2700.97,2290.72
2011-03-15,,2667.33,2259.62
2011-03-16,,2616.82,2202.97
2011-03-17,,2636.05,2225.24
2011-03-18,,2643.67,2221.07
2011-03-21,,2692.09,2262.7
2011-03-22,,2683.87,2257.96
2011-03-23,,2698.3,2270.5
2011-03-24,,2736.42,2312.09
2011-03-25,,2743.06,2316.36
2011-03-28,,2730.68,2303.1
2011-03-29,,2756.89,2325.54
2011-03-30,,2776.79,2336.52
2011-03-31,,2781.07,2338.99
2011-04-01,,2789.6,2342.92
2011-04-04,,2789.19,2334.54
2011-04-05,,2791.19,2327.87
2011-04-06,,2799.82,2332.34
2011-04-07,,2796.14,2332.88
2011-04-08,,2780.41,2321.18
2011-04-11,,2771.51,2314.5
2011-04-12,,2744.79,2298.3
2011-04-13,,2761.52,2316.63
2011-04-14,,2760.22,2311.25
2011-04-15,,2764.65,2307.58
2011-04-18,,2735.38,2292.34
2011-04-19,,2744.97,2306.77
2011-04-20,,2802.51,2357.76
2011-04-21,,2820.16,2377.3
2011-04-25,,2825.88,2383.72
2011-04-26,,2847.54,2396.03
2011-04-27,,2869.88,2413.59
2011-04-28,,2872.53,2409.9
2011-04-29,,2873.54,2404.08
2011-05-02,,2864.08,2404.24
2011-05-03,,2841.62,2392.8
2011-05-04,,2828.23,2387.51
2011-05-05,,2814.72,2375.21
2011-05-06,,2827.56,2383.18
2011-05-09,,2843.25,2390.97
2011-05-10,,2871.89,2411.35
2011-05-11,,2845.06,2393.08
2011-05-12,,2863.04,2407.89
2011-05-13,,2828.47,2379.24
2011-05-16,,2782.31,2337.85
2011-05-17,,2783.21,2343.51
2011-05-18,,2815.0,2362.95
2011-05-19,,2823.31,2369.67
2011-05-20,,2803.32,2351.43
2011-05-23,,2758.9,2316.78
2011-05-24,,2746.16,2303.55
2011-05-25,,2761.38,2310.95
2011-05-26,,2782.92,2325.93
2011-05-27,,2796.86,2336.09
2011-05-31,,2835.3,2372.54
2011-06-01,,2769.19,2322.48
2011-06-02,,2773.31,2326.7
2011-06-03,,2732.78,2292.31
2011-06-06,,2702.56,2274.48
2011-06-07,,2701.56,2268.96
2011-06-08,,2675.38,2252.89
2011-06-09,,2684.87,2256.65
2011-06-10,,2643.73,2221.09
2011-06-13,,2639.69,2222.28
2011-06-14,,2678.72,2250.34
2011-06-15,,2631.46,2209.01
2011-06-16,,2623.7,2199.93
2011-06-17,,2616.48,2192.96
2011-06-20,,2629.66,2204.36
2011-06-21,,2687.26,2251.82
2011-06-22,,2669.19,2235.75
2011-06-23,,2686.75,2255.05
2011-06-24,,2652.89,2217.06
2011-06-27,,2688.28,2252.24
2011-06-28,,2729.31,2285.75
2011-06-29,,2740.49,2294.43
2011-06-30,,2773.52,2325.07
2011-07-01,,2816.03,2361.39
2011-07-05,,2825.77,2371.21
2011-07-06,,2834.02,2378.58
2011-07-07,,2872.66,2412.89
2011-07-08,,2859.81,2405.89
2011-07-11,,2802.62,2362.0
2011-07-12,,2781.91,2343.79
2011-07-13,,2796.92,2352.43
2011-07-14,,2762.67,2325.06
2011-07-15,,2789.8,2356.67
2011-07-18,,2765.11,2344.01
2011-07-19,,2826.52,2398.17
2011-07-20,,2814.23,2387.8
2011-07-21,,2834.43,2404.24
2011-07-22,,2858.83,2429.5
2011-07-25,,2842.8,2424.15
2011-07-26,,2839.96,2429.45
2011-07-27,,2764.79,2367.16
2011-07-28,,2766.25,2371.77
2011-07-29,,2756.38,2362.81
2011-08-01,,2744.61,2354.05
2011-08-02,,2669.24,2292.85
2011-08-03,,2693.07,2312.78
2011-08-04,,2556.39,2207.2
2011-08-05,,2532.41,2194.38
2011-08-08,,2357.69,2060.29
2011-08-09,,2482.52,2160.79
2011-08-10,,2381.05,2073.09
2011-08-11,,2492.68,2167.07
2011-08-12,,2507.98,2182.05
2011-08-15,,2555.2,2214.12
2011-08-16,,2523.45,2194.27
2011-08-17,,2511.48,2181.62
2011-08-18,,2380.43,2073.03
2011-08-19,,2341.84,2038.22
2011-08-22,,2345.38,2044.73
2011-08-23,,2446.06,2129.27
2011-08-24,,2467.69,2145.04
2011-08-25,,2419.63,2108.21
2011-08-26,,2479.85,2161.97
2011-08-29,,2562.11,2223.96
2011-08-30,,2576.11,2237.69
2011-08-31,,2579.46,2241.01
2011-09-01,,2546.04,2219.05
2011-09-02,,2480.33,2167.83
2011-09-06,,2473.83,2167.6
2011-09-07,,2548.94,2223.75
2011-09-08,,2529.14,2214.29
2011-09-09,,2467.99,2163.66
2011-09-12,,2495.09,2191.84
2011-09-13,,2532.15,2220.58
2011-09-14,,2572.55,2252.75
2011-09-15,,2607.07,2286.56
2011-09-16,,2622.31,2306.09
2011-09-19,,2612.83,2308.76
2011-09-20,,2590.24,2295.89
2011-09-21,,2538.19,2258.3
2011-09-22,,2455.67,2184.59
2011-09-23,,2483.23,2206.86
2011-09-26,,2516.69,2234.28
2011-09-27,,2546.83,2253.55
2011-09-28,,2491.58,2220.84
2011-09-29,,2480.76,2197.68
2011-09-30,,2415.4,2139.18
2011-10-03,,2335.83,2085.04
2011-10-04,,2404.82,2129.21
2011-10-05,,2460.51,2182.77
2011-10-06,,2506.82,2217.99
2011-10-07,,2479.35,2202.76
2011-10-10,,2566.05,2278.65
2011-10-11,,2583.03,2294.92
2011-10-12,,2604.73,2307.18
2011-10-13,,2620.24,2326.88
2011-10-14,,2667.85,2371.94
2011-10-17,,2614.92,2334.38
2011-10-18,,2657.43,2364.87
2011-10-19,,2604.04,2316.81
2011-10-20,,2598.62,2306.29
2011-10-21,,2637.46,2335.93
2011-10-24,,2699.44,2384.42
2011-10-25,,2638.42,2335.87
2011-10-26,,2650.67,2334.79
2011-10-27,,2738.63,2399.83
2011-10-28,,2737.15,2401.29
2011-10-31,,2684.41,2360.08
2011-11-01,,2606.96,2298.37
2011-11-02,,2639.98,2318.32
2011-11-03,,2697.97,2367.71
2011-11-04,,2686.15,2356.32
2011-11-07,,2695.25,2371.04
2011-11-08,,2727.49,2400.01
2011-11-09,,2621.65,2314.1
2011-11-10,,2625.15,2312.07
2011-11-11,,2678.75,2355.78
2011-11-14,,2657.22,2341.32
2011-11-15,,2686.2,2366.24
2011-11-16,,2639.61,2324.37
2011-11-17,,2587.99,2272.09
2011-11-18,,2572.5,2253.95
2011-11-21,,2523.14,2211.14
2011-11-22,,2521.28,2216.33
2011-11-23,,2460.08,2166.54
2011-11-25,,2441.51,2150.88
2011-11-28,,2527.34,2224.22
2011-11-29,,2515.51,2211.39
2011-11-30,,2620.34,2295.2
2011-12-01,,2626.2,2309.2
2011-12-02,,2626.93,2302.04
2011-12-05,,2655.76,2326.95
2011-12-06,,2649.56,2321.49
2011-12-07,,2649.21,2320.54
2011-12-08,,2596.38,2282.59
2011-12-09,,2646.85,2318.68
2011-12-12,,2612.26,2292.24
2011-12-13,,2579.27,2268.37
2011-12-14,,2539.31,2233.03
2011-12-15,,2541.01,2226.71
2011-12-16,,2555.33,2238.18
2011-12-19,,2523.14,2215.27
2011-12-20,,2603.73,2281.94
2011-12-21,,2577.97,2249.03
2011-12-22,,2599.45,2266.77
2011-12-23,,2618.64,2287.57
2011-12-27,,2625.2,2293.12
2011-12-28,,2589.98,2267.08
2011-12-29,,2613.74,2285.07
2011-12-30,,2605.15,2277.83
2012-01-03,,2648.72,2321.96
2012-01-04,,2648.36,2329.71
2012-01-05,,2669.86,2348.98
2012-01-06,,2674.22,2356.17
2012-01-09,,2676.56,2350.65
2012-01-10,,2702.5,2367.38
2012-01-11,,2710.76,2372.25
2012-01-12,,2724.7,2381.99
2012-01-13,,2710.67,2371.98
2012-01-17,,2728.08,2393.24
2012-01-18,,2769.71,2425.96
2012-01-19,,2788.33,2441.7
2012-01-20,,2786.7,2437.02
2012-01-23,,2784.17,2437.22
2012-01-24,,2786.64,2433.96
2012-01-25,,2818.31,2465.66
2012-01-26,,2805.28,2454.63
2012-01-27,,2816.55,2461.77
2012-01-30,,2811.94,2465.32
2012-01-31,,2813.84,2467.95
2012-02-01,,2848.27,2488.18
2012-02-02,,2859.68,2495.83
2012-02-03,,2905.66,2529.17
2012-02-06,,2901.99,2528.3
2012-02-07,,2904.08,2532.06
2012-02-08,,2915.86,2545.72
2012-02-09,,2927.23,2563.93
2012-02-10,,2903.88,2547.32
2012-02-13,,2931.39,2569.49
2012-02-14,,2931.83,2575.24
2012-02-15,,2915.83,2556.01
2012-02-16,,2959.85,2592.29
2012-02-17,,2951.78,2584.24
2012-02-21,,2948.57,2590.24
2012-02-22,,2933.17,2579.78
2012-02-23,,2956.98,2594.93
2012-02-24,,2963.75,2604.21
2012-02-27,,2966.16,2606.76
2012-02-28,,2986.76,2633.46
2012-02-29,,2966.89,2623.1
2012-03-01,,2988.97,2643.54
2012-03-02,,2976.19,2641.58
2012-03-05,,2950.48,2614.92
2012-03-06,,2910.32,2588.95
2012-03-07,,2935.69,2607.85
2012-03-08,,2970.42,2637.18
2012-03-09,,2988.34,2646.85
2012-03-12,,2983.66,2646.85
2012-03-13,,3039.88,2697.43
2012-03-14,,3040.73,2708.41
2012-03-15,,3056.37,2714.79
2012-03-16,,3055.26,2712.78
2012-03-19,,3078.32,2733.26
2012-03-20,,3074.15,2737.63
2012-03-21,,3075.32,2736.88
2012-03-22,,3063.32,2731.5
2012-03-23,,3067.92,2728.55
2012-03-26,,3122.57,2778.02
2012-03-27,,3120.35,2782.12
2012-03-28,,3104.96,2770.97
2012-03-29,,3095.36,2762.05
2012-03-30,,3091.57,2755.27
2012-04-02,,3119.7,2784.42
2012-04-03,,3113.57,2782.78
2012-04-04,,3068.09,2745.0
2012-04-05,,3080.5,2762.5
2012-04-09,,3047.08,2739.98
2012-04-10,,2991.22,2695.12
2012-04-11,,3016.46,2708.13
2012-04-12,,3055.55,2740.26
2012-04-13,,3011.33,2698.99
2012-04-16,,2988.4,2670.1
2012-04-17,,3042.82,2723.58
2012-04-18,,3031.45,2716.14
2012-04-19,,3007.56,2686.82
2012-04-20,,3000.45,2676.04
2012-04-23,,2970.45,2653.5
2012-04-24,,2961.6,2638.73
2012-04-25,,3029.63,2709.62
2012-04-26,,3050.61,2725.23
2012-04-27,,3069.2,2741.34
2012-04-30,,3046.36,2723.68
2012-05-01,,3050.44,2726.92
2012-05-02,,3059.85,2734.77
2012-05-03,,3024.3,2704.59
2012-05-04,,2956.34,2637.92
2012-05-07,,2957.76,2639.28
2012-05-08,,2946.27,2629.87
2012-05-09,,2934.71,2621.35
2012-05-10,,2933.64,2616.24
2012-05-11,,2933.82,2615.98
2012-05-14,,2902.58,2590.28
2012-05-15,,2893.76,2580.75
2012-05-16,,2874.04,2561.56
2012-05-17,,2813.69,2509.05
2012-05-18,,2778.79,2478.53
2012-05-21,,2847.21,2545.43
2012-05-22,,2839.08,2539.2
2012-05-23,,2850.12,2547.08
2012-05-24,,2839.38,2531.35
2012-05-25,,2837.53,2527.05
2012-05-29,,2870.99,2558.97
2012-05-30,,2837.36,2537.4
2012-05-31,,2827.34,2524.87
2012-06-01,,2747.48,2458.83
2012-06-04,,2760.01,2478.13
2012-06-05,,2778.11,2487.5
2012-06-06,,2844.72,2546.32
2012-06-07,,2831.02,2535.41
2012-06-08,,2858.42,2559.21
2012-06-11,,2809.73,2517.18
2012-06-12,,2843.07,2546.2
2012-06-13,,2818.61,2527.44
2012-06-14,,2836.33,2539.97
2012-06-15,,2872.8,2571.23
2012-06-18,,2895.33,2592.52
2012-06-19,,2929.76,2620.83
2012-06-20,,2930.45,2623.33
2012-06-21,,2859.09,2556.96
2012-06-22,,2892.42,2585.53
2012-06-25,,2836.17,2533.54
2012-06-26,,2854.06,2549.84
2012-06-27,,2875.32,2565.53
2012-06-28,,2849.49,2536.65
2012-06-29,,2935.06,2615.72
2012-07-02,,2951.24,2625.03
2012-07-03,,2976.09,2645.84
2012-07-05,,2976.12,2647.47
2012-07-06,,2937.33,2612.29
2012-07-09,,2931.77,2610.31
2012-07-10,,2902.34,2585.52
2012-07-11,,2887.99,2570.99
2012-07-12,,2866.19,2545.3
2012-07-13,,2908.47,2584.97
2012-07-16,,2896.95,2577.06
2012-07-17,,2910.04,2591.65
2012-07-18,,2942.61,2625.88
2012-07-19,,2965.9,2655.81
2012-07-20,,2925.3,2618.05
2012-07-23,,2890.16,2589.93
2012-07-24,,2863.0,2567.46
2012-07-25,,2854.25,2549.21
2012-07-26,,2893.25,2584.85
2012-07-27,,2958.09,2647.03
2012-07-30,,2945.84,2642.12
2012-07-31,,2939.52,2642.53
2012-08-01,,2920.21,2635.13
2012-08-02,,2909.77,2625.52
2012-08-03,,2967.9,2676.0
2012-08-06,,2989.91,2694.09
2012-08-07,,3015.86,2717.16
2012-08-08,,3011.25,2714.02
2012-08-09,,3018.64,2719.61
2012-08-10,,3020.86,2722.96
2012-08-13,,3022.52,2728.68
2012-08-14,,3016.98,2727.79
2012-08-15,,3030.93,2735.47
2012-08-16,,3062.39,2768.09
2012-08-17,,3076.59,2780.3
2012-08-20,,3076.21,2784.33
2012-08-21,,3067.26,2772.2
2012-08-22,,3073.67,2783.42
2012-08-23,,3053.4,2762.02
2012-08-24,,3069.79,2778.05
2012-08-27,,3073.19,2782.55
2012-08-28,,3077.14,2782.69
2012-08-29,,3081.19,2784.0
2012-08-30,,3048.71,2753.74
2012-08-31,,3066.96,2772.24
2012-09-04,,3075.06,2772.03
2012-09-05,,3069.27,2766.95
2012-09-06,,3135.81,2829.71
2012-09-07,,3136.42,2825.11
2012-09-10,,3104.02,2788.35
2012-09-11,,3104.53,2784.89
2012-09-12,,3114.31,2791.68
2012-09-13,,3155.83,2831.35
2012-09-14,,3183.95,2855.23
2012-09-17,,3178.67,2856.44
2012-09-18,,3177.8,2857.38
2012-09-19,,3182.62,2864.03
2012-09-20,,3175.96,2861.7
2012-09-21,,3179.96,2861.64
2012-09-24,,3160.78,2843.98
2012-09-25,,3117.73,2804.53
2012-09-26,,3093.7,2781.63
2012-09-27,,3136.6,2821.6
2012-09-28,,3116.23,2799.19
2012-10-01,,3113.53,2794.28
2012-10-02,,3120.04,2799.29
2012-10-03,,3135.23,2818.84
2012-10-04,,3149.46,2828.6
2012-10-05,,3136.19,2811.94
2012-10-08,,3112.35,2786.92
2012-10-09,,3065.02,2741.92
2012-10-10,,3051.78,2728.54
2012-10-11,,3049.41,2719.21
2012-10-12,,3044.11,2720.14
2012-10-15,,3064.18,2739.87
2012-10-16,,3101.17,2778.38
2012-10-17,,3104.12,2775.62
2012-10-18,,3072.87,2744.17
2012-10-19,,3005.62,2678.32
2012-10-22,,3016.96,2694.56
2012-10-23,,2990.46,2666.02
2012-10-24,,2981.7,2655.55
2012-10-25,,2986.12,2657.66
2012-10-26,,2987.95,2665.83
2012-10-31,,2977.23,2647.92
2012-11-01,,3020.06,2687.52
2012-11-02,,2982.13,2656.28
2012-11-05,,2999.66,2672.91
2012-11-06,,3011.93,2681.05
2012-11-07,,2937.29,2612.69
2012-11-08,,2895.58,2572.57
2012-11-09,,2904.87,2584.1
2012-11-12,,2904.26,2582.77
2012-11-13,,2883.89,2561.86
2012-11-14,,2846.81,2531.87
2012-11-15,,2836.94,2524.36
2012-11-16,,2853.13,2534.16
2012-11-19,,2916.07,2595.83
2012-11-20,,2916.68,2594.66
2012-11-21,,2926.55,2600.48
2012-11-23,,2966.85,2639.59
2012-11-26,,2976.78,2651.67
2012-11-27,,2967.79,2641.42
2012-11-28,,2991.78,2665.27
2012-11-29,,3012.03,2680.03
2012-11-30,,3010.24,2677.88
2012-12-03,,3002.2,2671.84
2012-12-04,,2996.69,2667.89
2012-12-05,,2973.7,2637.89
2012-12-06,,2989.27,2656.3
2012-12-07,,2978.04,2640.54
2012-12-10,,2986.96,2647.57
2012-12-11,,3022.3,2682.07
2012-12-12,,3013.81,2674.57
2012-12-13,,2992.16,2654.01
2012-12-14,,2971.33,2628.09
2012-12-17,,3010.6,2664.26
2012-12-18,,3054.53,2705.39
2012-12-19,,3044.36,2690.99
2012-12-20,,3050.39,2693.55
2012-12-21,,3021.01,2664.67
2012-12-24,,3012.6,2658.05
2012-12-26,,2990.16,2637.18
2012-12-27,,2985.91,2632.94
2012-12-28,,2960.31,2606.36
2012-12-31,,3019.51,2660.93
2013-01-02,,3112.26,2746.47
2013-01-03,,3100.57,2732.26
2013-01-04,,3101.66,2724.49
2013-01-07,,3098.81,2724.22
2013-01-08,,3091.81,2718.72
2013-01-09,,3105.81,2727.65
2013-01-10,,3121.76,2744.18
2013-01-11,,3125.63,2748.26
2013-01-14,,3117.5,2735.7
2013-01-15,,3110.78,2722.98
2013-01-16,,3117.54,2734.73
2013-01-17,,3136.0,2747.15
2013-01-18,,3134.71,2743.24
2013-01-22,,3143.18,2746.19
2013-01-23,,3153.67,2762.17
2013-01-24,,3130.38,2723.53
2013-01-25,,3149.71,2736.73
2013-01-28,,3154.3,2742.43
2013-01-29,,3153.66,2743.58
2013-01-30,,3142.31,2738.71
2013-01-31,,3142.13,2731.53
2013-02-01,,3179.1,2763.96
2013-02-04,,3131.17,2715.68
2013-02-05,,3171.58,2754.99
2013-02-06,,3168.48,2746.35
2013-02-07,,3165.13,2746.5
2013-02-08,,3193.87,2775.56
2013-02-11,,3192.0,2774.64
2013-02-12,,3186.49,2762.62
2013-02-13,,3196.88,2773.77
2013-02-14,,3198.66,2771.43
2013-02-15,,3192.03,2764.67
2013-02-19,,3213.59,2782.86
2013-02-20,,3164.41,2739.99
2013-02-21,,3131.49,2711.51
2013-02-22,,3161.82,2737.28
2013-02-25,,3116.25,2700.97
2013-02-26,,3129.65,2713.02
2013-02-27,,3162.26,2741.26
2013-02-28,,3160.19,2738.58
2013-03-01,,3169.74,2747.75
2013-03-04,,3182.03,2759.53
2013-03-05,,3224.13,2799.25
2013-03-06,,3222.37,2792.56
2013-03-07,,3232.09,2799.49
2013-03-08,,3244.37,2804.11
2013-03-11,,3252.87,2811.86
2013-03-12,,3242.32,2800.81
2013-03-13,,3245.12,2798.68
2013-03-14,,3258.93,2807.3
2013-03-15,,3249.07,2799.41
2013-03-18,,3237.59,2792.3
2013-03-19,,3229.1,2787.27
2013-03-20,,3254.19,2805.91
2013-03-21,,3222.6,2774.85
2013-03-22,,3245.0,2800.81
2013-03-25,,3235.3,2789.45
2013-03-26,,3252.48,2806.5
2013-03-27,,3256.52,2809.98
2013-03-28,,3267.52,2818.69
2013-04-01,,3239.17,2797.07
2013-04-02,,3254.86,2820.62
2013-04-03,,3218.6,2795.04
2013-04-04,,3224.98,2794.92
2013-04-05,,3203.86,2771.75
2013-04-08,,3222.25,2786.13
2013-04-09,,3237.86,2804.67
2013-04-10,,3297.25,2859.21
2013-04-11,,3300.16,2859.07
2013-04-12,,3294.95,2856.48
2013-04-15,,3216.49,2797.47
2013-04-16,,3264.63,2838.41
2013-04-17,,3204.67,2781.98
2013-04-18,,3166.36,2741.95
2013-04-19,,3206.06,2780.46
2013-04-22,,3233.55,2810.07
2013-04-23,,3269.33,2835.37
2013-04-24,,3269.65,2834.12
2013-04-25,,3289.99,2848.66
2013-04-26,,3279.26,2840.55
2013-04-29,,3307.02,2866.95
2013-04-30,,3328.79,2887.44
2013-05-01,,3299.13,2873.35
2013-05-02,,3340.62,2911.14
2013-05-03,,3378.63,2944.59
2013-05-06,,3392.97,2955.36
2013-05-07,,3396.63,2952.88
2013-05-08,,3413.27,2968.24
2013-05-09,,3409.17,2961.12
2013-05-10,,3436.58,2981.02
2013-05-13,,3438.79,2982.09
2013-05-14,,3462.61,2996.05
2013-05-15,,3471.62,3002.62
2013-05-16,,3465.24,2999.34
2013-05-17,,3498.97,3028.96
2013-05-20,,3496.43,3020.97
2013-05-21,,3502.12,3026.45
2013-05-22,,3463.3,2999.13
2013-05-23,,3459.42,2991.45
2013-05-24,,3459.14,2991.02
2013-05-28,,3488.89,3011.94
2013-05-29,,3467.52,2994.82
2013-05-30,,3491.3,3011.83
2013-05-31,,3455.91,2981.76
2013-06-03,,3465.37,2990.79
2013-06-04,,3445.26,2973.69
2013-06-05,,3401.48,2937.14
2013-06-06,,3424.05,2950.3
2013-06-07,,3469.22,2990.87
2013-06-10,,3473.77,2990.49
2013-06-11,,3436.95,2959.84
2013-06-12,,3400.43,2926.14
2013-06-13,,3445.37,2962.9
2013-06-14,,3423.56,2943.86
2013-06-17,,3452.13,2971.26
2013-06-18,,3482.18,2996.09
2013-06-19,,3443.2,2959.5
2013-06-20,,3364.63,2890.33
2013-06-21,,3357.25,2877.94
2013-06-24,,3320.76,2848.2
2013-06-25,,3347.89,2866.5
2013-06-26,,3376.22,2893.85
2013-06-27,,3401.86,2906.84
2013-06-28,,3403.25,2909.6
2013-07-01,,3434.49,2927.35
2013-07-02,,3433.4,2929.63
2013-07-03,,3443.67,2941.41
2013-07-05,,3479.38,2963.22
2013-07-08,,3484.83,2966.13
2013-07-09,,3504.26,2984.32
2013-07-10,,3520.76,3000.66
2013-07-11,,3578.3,3059.46
2013-07-12,,3600.08,3079.07
2013-07-15,,3607.49,3079.85
2013-07-16,,3598.5,3077.47
2013-07-17,,3610.0,3085.28
2013-07-18,,3611.28,3077.82
2013-07-19,,3587.61,3044.93
2013-07-22,,3600.39,3055.23
2013-07-23,,3579.27,3031.4
2013-07-24,,3579.6,3041.16
2013-07-25,,3605.19,3061.67
2013-07-26,,3613.16,3076.23
2013-07-29,,3599.14,3068.95
2013-07-30,,3616.47,3085.33
2013-07-31,,3626.37,3090.19
2013-08-01,,3675.74,3126.3
2013-08-02,,3689.59,3143.52
2013-08-05,,3692.95,3143.19
2013-08-06,,3665.77,3122.2
2013-08-07,,3654.01,3118.69
2013-08-08,,3669.12,3130.12
2013-08-09,,3660.11,3118.57
2013-08-12,,3669.95,3125.92
2013-08-13,,3684.44,3141.06
2013-08-14,,3669.27,3129.45
2013-08-15,,3606.12,3076.23
2013-08-16,,3602.78,3073.91
2013-08-19,,3589.09,3069.76
2013-08-20,,3613.59,3082.17
2013-08-21,,3599.79,3071.47
2013-08-22,,3638.71,3101.82
2013-08-23,,3657.79,3124.27
2013-08-26,,3657.57,3122.67
2013-08-27,,3578.52,3059.58
2013-08-28,,3593.35,3072.17
2013-08-29,,3620.3,3093.36
2013-08-30,,3589.87,3073.81
2013-09-03,,3612.61,3091.76
2013-09-04,,3649.04,3124.54
2013-09-05,,3658.78,3129.94
2013-09-06,,3660.01,3133.38
2013-09-09,,3706.18,3169.93
2013-09-10,,3729.02,3185.07
2013-09-11,,3725.01,3179.86
2013-09-12,,3715.97,3175.57
2013-09-13,,3722.18,3178.27
2013-09-16,,3717.85,3168.69
2013-09-17,,3745.7,3190.83
2013-09-18,,3783.64,3231.31
2013-09-19,,3789.38,3237.61
2013-09-20,,3774.73,3224.73
2013-09-23,,3765.29,3219.34
2013-09-24,,3768.25,3218.66
2013-09-25,,3761.1,3208.55
2013-09-26,,3787.43,3234.04
2013-09-27,,3781.59,3230.3
2013-09-30,,3771.48,3218.2
2013-10-01,,3817.98,3253.05
2013-10-02,,3815.02,3253.25
2013-10-03,,3774.34,3213.83
2013-10-04,,3807.75,3242.57
2013-10-07,,3770.38,3215.69
2013-10-08,,3694.83,3153.87
2013-10-09,,3677.78,3142.54
2013-10-10,,3760.75,3210.84
2013-10-11,,3791.87,3233.83
2013-10-14,,3815.27,3256.02
2013-10-15,,3794.01,3244.66
2013-10-16,,3839.43,3281.67
2013-10-17,,3863.15,3301.28
2013-10-18,,3914.28,3353.88
2013-10-21,,3920.05,3361.18
2013-10-22,,3929.57,3366.93
2013-10-23,,3907.07,3346.05
2013-10-24,,3928.96,3362.37
2013-10-25,,3943.36,3383.83
2013-10-28,,3940.13,3382.68
2013-10-29,,3952.34,3391.75
2013-10-30,,3930.62,3385.38
2013-10-31,,3919.71,3377.73
2013-11-01,,3922.04,3379.76
2013-11-04,,3936.59,3384.75
2013-11-05,,3939.86,3388.82
2013-11-06,,3931.95,3385.38
2013-11-07,,3857.33,3321.41
2013-11-08,,3919.23,3366.84
2013-11-11,,3919.79,3362.98
2013-11-12,,3919.92,3365.23
2013-11-13,,3965.58,3405.56
2013-11-14,,3972.74,3415.14
2013-11-15,,3985.97,3422.58
2013-11-18,,3949.07,3388.87
2013-11-19,,3931.55,3378.13
2013-11-20,,3921.27,3367.17
2013-11-21,,3969.15,3402.73
2013-11-22,,3991.65,3422.02
2013-11-25,,3994.57,3427.49
2013-11-26,,4017.75,3445.76
2013-11-27,,4044.75,3470.48
2013-11-29,,4059.89,3487.82
2013-12-02,,4045.26,3481.15
2013-12-03,,4037.2,3479.34
2013-12-04,,4038.0,3483.01
2013-12-05,,4033.16,3477.73
2013-12-06,,4062.52,3504.26
2013-12-09,,4068.75,3516.17
2013-12-10,,4060.49,3514.2
2013-12-11,,4003.81,3468.99
2013-12-12,,3998.4,3460.29
2013-12-13,,4000.98,3456.4
2013-12-16,,4029.52,3475.79
2013-12-17,,4023.68,3469.32
2013-12-18,,4070.06,3509.63
2013-12-19,,4058.13,3498.63
2013-12-20,,4104.74,3531.19
2013-12-23,,4148.9,3569.4
2013-12-24,,4155.42,3572.8
2013-12-26,,4167.18,3584.58
2013-12-27,,4156.59,3574.02
2013-12-30,,4154.2,3570.08
2013-12-31,,4176.59,3592.0
2014-01-02,,4143.07,3563.57
2014-01-03,,4131.91,3538.73
2014-01-06,,4113.68,3526.96
2014-01-07,,4153.18,3557.85
2014-01-08,,4165.61,3567.54
2014-01-09,,4156.19,3552.58
2014-01-10,,4174.66,3565.08
2014-01-13,,4113.3,3512.8
2014-01-14,,4183.02,3580.65
2014-01-15,,4214.88,3609.84
2014-01-16,,4218.69,3611.29
2014-01-17,,4197.58,3591.25
2014-01-21,,4225.76,3617.7
2014-01-22,,4243.0,3627.72
2014-01-23,,4218.87,3613.76
2014-01-24,,4128.17,3541.48
2014-01-27,,4083.61,3509.02
2014-01-28,,4097.96,3505.72
2014-01-29,,4051.43,3467.82
2014-01-30,,4123.13,3532.41
2014-01-31,,4103.88,3521.92
2014-02-03,,3996.96,3440.5
2014-02-04,,4031.52,3470.2
2014-02-05,,4011.55,3454.89
2014-02-06,,4057.12,3497.6
2014-02-07,,4125.86,3561.91
2014-02-10,,4148.17,3582.11
2014-02-11,,4191.04,3621.72
2014-02-12,,4201.29,3627.36
2014-02-13,,4240.67,3659.56
2014-02-14,,4244.03,3663.88
2014-02-18,,4272.78,3679.43
2014-02-19,,4237.95,3652.84
2014-02-20,,4267.55,3671.93
2014-02-21,,4263.41,3662.6
2014-02-24,,4292.97,3685.81
2014-02-25,,4287.59,3679.14
2014-02-26,,4292.06,3676.6
2014-02-27,,4318.93,3699.8
2014-02-28,,4308.12,3696.1
2014-03-03,,4277.3,3668.37
2014-03-04,,4351.97,3719.93
2014-03-05,,4357.97,3727.19
2014-03-06,,4352.13,3720.93
2014-03-07,,4336.22,3703.4
2014-03-10,,4334.45,3706.34
2014-03-11,,4307.19,3691.5
2014-03-12,,4323.33,3707.06
2014-03-13,,4260.42,3651.49
2014-03-14,,4245.4,3627.87
2014-03-17,,4279.95,3662.51
2014-03-18,,4333.31,3706.62
2014-03-19,,4307.6,3682.73
2014-03-20,,4319.29,3693.97
2014-03-21,,4276.79,3653.07
2014-03-24,,4226.39,3617.39
2014-03-25,,4234.27,3629.73
2014-03-26,,4173.58,3582.89
2014-03-27,,4151.23,3563.13
2014-03-28,,4155.76,3571.48
2014-03-31,,4198.99,3595.74
2014-04-01,,4268.04,3658.4
2014-04-02,,4276.46,3665.99
2014-04-03,,4237.74,3637.58
2014-04-04,,4127.73,3539.38
2014-04-07,,4079.75,3507.75
2014-04-08,,4112.99,3538.23
2014-04-09,,4183.9,3600.44
2014-04-10,,4054.11,3487.76
2014-04-11,,3999.73,3446.85
2014-04-14,,4022.69,3474.63
2014-04-15,,4034.16,3487.85
2014-04-16,,4086.23,3533.09
2014-04-17,,4095.52,3534.53
2014-04-21,,4121.55,3559.95
2014-04-22,,4161.46,3588.8
2014-04-23,,4126.97,3557.04
2014-04-24,,4148.34,3591.03
2014-04-25,,4075.56,3533.1
2014-04-28,,4074.4,3545.02
2014-04-29,,4103.54,3573.99
2014-04-30,,4114.56,3582.02
2014-05-01,,4127.45,3594.36
2014-05-02,,4123.9,3587.64
2014-05-05,,4138.06,3605.09
2014-05-06,,4080.76,3556.51
2014-05-07,,4067.67,3546.47
2014-05-08,,4051.5,3540.42
2014-05-09,,4071.87,3555.7
2014-05-12,,4143.86,3612.73
2014-05-13,,4130.17,3611.13
2014-05-14,,4100.63,3593.25
2014-05-15,,4069.29,3565.17
2014-05-16,,4090.59,3587.2
2014-05-19,,4125.82,3615.62
2014-05-20,,4096.89,3600.31
2014-05-21,,4131.54,3635.61
2014-05-22,,4154.34,3650.86
2014-05-23,,4185.81,3677.33
2014-05-27,,4237.07,3723.06
2014-05-28,,4225.07,3712.26
2014-05-29,,4247.95,3735.72
2014-05-30,,4242.62,3736.82
2014-06-02,,4237.2,3732.96
2014-06-03,,4234.08,3730.07
2014-06-04,,4251.64,3743.59
2014-06-05,,4296.23,3776.95
2014-06-06,,4321.4,3794.57
2014-06-09,,4336.24,3795.74
2014-06-10,,4338.0,3800.86
2014-06-11,,4331.93,3797.85
2014-06-12,,4297.63,3763.8
2014-06-13,,4310.65,3775.56
2014-06-16,,4321.11,3779.93
2014-06-17,,4337.23,3781.32
2014-06-18,,4362.84,3804.61
2014-06-19,,4359.33,3800.8
2014-06-20,,4368.04,3802.64
2014-06-23,,4368.68,3805.31
2014-06-24,,4350.36,3799.53
2014-06-25,,4379.76,3827.33
2014-06-26,,4379.05,3826.91
2014-06-27,,4397.93,3844.44
2014-06-30,,4408.18,3849.48
2014-07-01,,4458.65,3894.33
2014-07-02,,4457.73,3899.27
2014-07-03,,4485.93,3923.01
2014-07-07,,4451.53,3910.71
2014-07-08,,4391.46,3864.07
2014-07-09,,4419.03,3892.91
2014-07-10,,4396.2,3880.04
2014-07-11,,4415.49,3904.58
2014-07-14,,4440.42,3929.46
2014-07-15,,4416.39,3914.45
2014-07-16,,4425.97,3932.33
2014-07-17,,4363.45,3878.01
2014-07-18,,4432.15,3939.89
2014-07-21,,4424.7,3934.14
2014-07-22,,4456.02,3961.62
2014-07-23,,4473.7,3986.19
2014-07-24,,4472.11,3983.19
2014-07-25,,4449.56,3965.16
2014-07-28,,4444.91,3967.24
2014-07-29,,4442.7,3959.03
2014-07-30,,4462.9,3976.07
2014-07-31,,4369.77,3892.5
2014-08-01,,4352.64,3879.67
2014-08-04,,4383.89,3908.77
2014-08-05,,4352.84,3874.94
2014-08-06,,4355.05,3874.27
2014-08-07,,4334.97,3857.94
2014-08-08,,4370.9,3888.09
2014-08-11,,4401.33,3910.46
2014-08-12,,4389.25,3905.22
2014-08-13,,4434.13,3949.2
2014-08-14,,4453.0,3969.11
2014-08-15,,4464.93,3987.51
2014-08-18,,4508.31,4020.5
2014-08-19,,4527.51,4040.13
2014-08-20,,4526.48,4040.7
2014-08-21,,4532.1,4047.03
2014-08-22,,4538.55,4052.75
2014-08-25,,4557.35,4067.48
2014-08-26,,4570.64,4071.67
2014-08-27,,4569.62,4073.18
2014-08-28,,4557.69,4066.27
2014-08-29,,4580.27,4082.56
2014-09-02,,4598.19,4095.81
2014-09-03,,4572.57,4070.96
2014-09-04,,4562.29,4066.13
2014-09-05,,4582.9,4089.92
2014-09-08,,4592.29,4095.46
2014-09-09,,4552.29,4061.88
2014-09-10,,4586.52,4094.97
2014-09-11,,4591.81,4092.65
2014-09-12,,4567.6,4069.23
2014-09-15,,4518.9,4029.89
2014-09-16,,4552.76,4067.27
2014-09-17,,4562.19,4073.57
2014-09-18,,4593.43,4103.08
2014-09-19,,4579.79,4100.09
2014-09-22,,4527.69,4061.23
2014-09-23,,4508.69,4051.57
2014-09-24,,4555.22,4094.31
2014-09-25,,4466.75,4007.82
2014-09-26,,4512.19,4053.72
2014-09-29,,4505.85,4047.18
2014-09-30,,4493.39,4049.44
2014-10-01,,4422.09,3984.74
2014-10-02,,4430.19,3985.87
2014-10-03,,4475.62,4027.31
2014-10-06,,4454.8,4016.27
2014-10-07,,4385.2,3958.59
2014-10-08,,4468.59,4041.12
2014-10-09,,4378.34,3969.32
2014-10-10,,4276.24,3870.85
2014-10-13,,4213.66,3808.0
2014-10-14,,4227.17,3810.45
2014-10-15,,4215.32,3785.97
2014-10-16,,4217.39,3765.28
2014-10-17,,4258.44,3815.47
2014-10-20,,4316.07,3870.08
2014-10-21,,4419.48,3971.39
2014-10-22,,4382.85,3949.59
2014-10-23,,4452.79,4012.27
2014-10-24,,4483.72,4042.02
2014-10-27,,4485.93,4046.02
2014-10-28,,4564.29,4106.63
2014-10-29,,4549.23,4090.55
2014-10-30,,4566.14,4100.64
2014-10-31,,4630.74,4158.21
2014-11-03,,4638.91,4169.28
2014-11-04,,4623.64,4156.23
2014-11-05,,4620.72,4153.27
2014-11-06,,4638.47,4164.08
2014-11-07,,4632.53,4160.5
2014-11-10,,4651.62,4175.95
2014-11-11,,4660.56,4187.16
2014-11-12,,4675.13,4195.4
2014-11-13,,4680.14,4213.49
2014-11-14,,4688.54,4224.99
2014-11-17,,4671.0,4213.79
2014-11-18,,4702.44,4242.19
2014-11-19,,4675.71,4222.66
2014-11-20,,4701.87,4242.09
2014-11-21,,4712.97,4251.32
2014-11-24,,4754.89,4284.32
2014-11-25,,4758.25,4288.23
2014-11-26,,4787.32,4317.99
2014-11-28,,4791.63,4337.78
2014-12-01,,4727.35,4287.81
2014-12-02,,4755.81,4305.96
2014-12-03,,4774.47,4312.93
2014-12-04,,4769.44,4311.93
2014-12-05,,4780.76,4311.57
2014-12-08,,4740.69,4278.34
2014-12-09,,4766.47,4294.67
2014-12-10,,4684.03,4224.87
2014-12-11,,4708.16,4246.48
2014-12-12,,4653.6,4199.28
2014-12-15,,4605.16,4157.41
2014-12-16,,4547.83,4089.6
2014-12-17,,4644.31,4165.1
2014-12-18,,4748.4,4267.77
2014-12-19,,4765.38,4281.78
2014-12-22,,4781.42,4293.67
2014-12-23,,4765.42,4279.3
2014-12-24,,4773.47,4283.1
2014-12-26,,4806.86,4314.09
2014-12-29,,4806.91,4312.64
2014-12-30,,4777.44,4282.35
2014-12-31,,4736.05,4236.28
2015-01-02,,4726.81,4230.24
2015-01-05,,4652.57,4160.96
2015-01-06,,4592.74,4110.83
2015-01-07,,4650.47,4160.0
2015-01-08,,4736.19,4240.55
2015-01-09,,4704.07,4213.28
2015-01-12,,4664.71,4169.97
2015-01-13,,4661.5,4166.2
2015-01-14,,4639.32,4145.84
2015-01-15,,4570.82,4089.65
2015-01-16,,4634.38,4142.14
2015-01-20,,4654.85,4171.21
2015-01-21,,4667.42,4192.09
2015-01-22,,4750.4,4270.36
2015-01-23,,4757.88,4278.14
2015-01-26,,4771.76,4275.72
2015-01-27,,4681.5,4165.5
2015-01-28,,4637.99,4140.38
2015-01-29,,4683.41,4181.35
2015-01-30,,4635.24,4148.43
2015-02-02,,4676.69,4188.59
2015-02-03,,4727.74,4229.15
2015-02-04,,4716.7,4221.2
2015-02-05,,4765.1,4256.18
2015-02-06,,4744.4,4228.68
2015-02-09,,4726.01,4216.09
2015-02-10,,4787.64,4281.15
2015-02-11,,4801.18,4297.28
2015-02-12,,4857.61,4347.97
2015-02-13,,4893.84,4384.03
2015-02-17,,4899.27,4385.34
2015-02-18,,4906.36,4390.91
2015-02-19,,4924.7,4411.86
2015-02-20,,4955.97,4443.05
2015-02-23,,4960.97,4449.49
2015-02-24,,4968.12,4451.03
2015-02-25,,4967.14,4440.59
2015-02-26,,4987.89,4462.27
2015-02-27,,4963.53,4440.67
2015-03-02,,5008.1,4483.05
2015-03-03,,4979.9,4458.78
2015-03-04,,4967.14,4445.36
2015-03-05,,4982.81,4452.06
2015-03-06,,4927.37,4399.23
2015-03-09,,4942.44,4412.99
2015-03-10,,4859.79,4329.08
2015-03-11,,4849.94,4305.38
2015-03-12,,4893.29,4336.23
2015-03-13,,4871.76,4314.9
2015-03-16,,4929.51,4370.47
2015-03-17,,4937.43,4375.63
2015-03-18,,4982.83,4422.5
2015-03-19,,4992.38,4426.82
2015-03-20,,5026.42,4458.54
2015-03-23,,5010.97,4445.54
2015-03-24,,4994.73,4430.99
2015-03-25,,4876.52,4329.29
2015-03-26,,4863.36,4315.26
2015-03-27,,4891.22,4332.86
2015-03-30,,4947.44,4382.82
2015-03-31,,4900.88,4333.69
2015-04-01,,4880.23,4311.26
2015-04-02,,4886.94,4316.01
2015-04-06,,4917.32,4350.98
2015-04-07,,4910.23,4344.08
2015-04-08,,4950.82,4375.96
2015-04-09,,4974.56,4403.95
2015-04-10,,4995.98,4422.02
2015-04-13,,4988.25,4409.21
2015-04-14,,4977.29,4397.64
2015-04-15,,5011.02,4424.53
2015-04-16,,5007.79,4418.83
2015-04-17,,4931.81,4351.8
2015-04-20,,4994.6,4417.4
2015-04-21,,5014.1,4435.98
2015-04-22,,5035.17,4460.81
2015-04-23,,5056.06,4477.07
2015-04-24,,5092.08,4536.78
2015-04-27,,5060.25,4525.04
2015-04-28,,5055.42,4515.27
2015-04-29,,5023.64,4488.15
2015-04-30,,4941.42,4414.25
2015-05-01,,5005.39,4479.06
2015-05-04,,5016.93,4482.61
2015-05-05,,4939.33,4409.39
2015-05-06,,4919.64,4379.75
2015-05-07,,4945.54,4401.55
2015-05-08,,5003.55,4458.65
2015-05-11,,4993.57,4438.64
2015-05-12,,4976.19,4420.65
2015-05-13,,4981.69,4426.56
2015-05-14,,5050.8,4495.04
2015-05-15,,5048.29,4494.29
2015-05-18,,5078.44,4512.95
2015-05-19,,5070.03,4503.72
2015-05-20,,5071.74,4505.3
2015-05-21,,5090.79,4529.47
2015-05-22,,5089.36,4527.16
2015-05-26,,5032.75,4472.96
2015-05-27,,5106.59,4546.06
2015-05-28,,5097.98,4535.66
2015-05-29,,5070.03,4508.25
2015-06-01,,5082.93,4521.85
2015-06-02,,5076.52,4508.89
2015-06-03,,5099.23,4519.86
2015-06-04,,5059.12,4487.03
2015-06-05,,5068.46,4477.19
2015-06-08,,5021.63,4431.51
2015-06-09,,5013.87,4427.61
2015-06-10,,5076.69,4485.46
2015-06-11,,5082.51,4488.47
2015-06-12,,5051.1,4453.79
2015-06-15,,5029.97,4432.92
2015-06-16,,5055.55,4455.9
2015-06-17,,5064.88,4468.98
2015-06-18,,5132.95,4531.85
2015-06-19,,5117.0,4513.42
2015-06-22,,5153.97,4544.04
2015-06-23,,5160.09,4548.74
2015-06-24,,5122.41,4524.6
2015-06-25,,5112.19,4514.01
2015-06-26,,5080.51,4484.28
2015-06-29,,4958.47,4379.86
2015-06-30,,4986.87,4396.76
2015-07-01,,5013.12,4429.23
2015-07-02,,5009.21,4433.39
2015-07-06,,4991.94,4418.66
2015-07-07,,4997.46,4429.06
2015-07-08,,4909.76,4351.58
2015-07-09,,4922.4,4352.03
2015-07-10,,4997.7,4420.15
2015-07-13,,5071.51,4494.47
2015-07-14,,5104.89,4523.47
2015-07-15,,5098.94,4528.36
2015-07-16,,5163.18,4594.9
2015-07-17,,5210.14,4661.6
2015-07-20,,5218.86,4679.68
2015-07-21,,5208.12,4674.41
2015-07-22,,5171.77,4623.24
2015-07-23,,5146.41,4602.83
2015-07-24,,5088.63,4557.37
2015-07-27,,5039.78,4519.09
2015-07-28,,5089.21,4560.23
2015-07-29,,5111.73,4581.6
2015-07-30,,5128.78,4598.59
2015-07-31,,5128.28,4588.91
2015-08-03,,5115.38,4580.46
2015-08-04,,5105.55,4567.47
2015-08-05,,5139.94,4602.24
2015-08-06,,5056.44,4528.51
2015-08-07,,5043.54,4520.08
2015-08-10,,5101.8,4573.11
2015-08-11,,5036.79,4513.99
2015-08-12,,5044.39,4528.19
2015-08-13,,5033.56,4519.32
2015-08-14,,5048.24,4530.74
2015-08-17,,5091.7,4566.37
2015-08-18,,5059.35,4542.07
2015-08-19,,5019.05,4510.9
2015-08-20,,4877.49,4385.13
2015-08-21,,4706.04,4197.27
2015-08-24,,4526.25,4038.6
2015-08-25,,4506.49,4016.32
2015-08-26,,4697.54,4219.6
2015-08-27,,4812.71,4324.82
2015-08-28,,4828.32,4329.12
2015-08-31,,4776.51,4274.58
2015-09-01,,4636.1,4142.63
2015-09-02,,4749.98,4256.23
2015-09-03,,4733.5,4234.65
2015-09-04,,4683.92,4184.72
2015-09-08,,4811.93,4303.53
2015-09-09,,4756.53,4253.45
2015-09-10,,4796.25,4296.3
2015-09-11,,4822.34,4323.23
2015-09-14,,4805.76,4308.76
2015-09-15,,4860.52,4360.28
2015-09-16,,4889.24,4383.67
2015-09-17,,4893.95,4384.96
2015-09-18,,4827.23,4323.86
2015-09-21,,4828.95,4336.13
2015-09-22,,4756.72,4274.1
2015-09-23,,4752.74,4273.53
2015-09-24,,4734.48,4261.1
2015-09-25,,4686.5,4224.74
2015-09-28,,4543.97,4103.47
2015-09-29,,4517.32,4083.37
2015-09-30,,4620.16,4181.06
2015-10-01,,4627.08,4192.96
2015-10-02,,4707.78,4267.45
2015-10-05,,4781.26,4331.43
2015-10-06,,4748.36,4306.7
2015-10-07,,4791.15,4333.46
2015-10-08,,4810.79,4350.15
2015-10-09,,4830.47,4370.01
2015-10-12,,4838.64,4382.56
2015-10-13,,4796.61,4352.94
2015-10-14,,4782.85,4346.92
2015-10-15,,4870.1,4418.22
2015-10-16,,4886.69,4438.62
2015-10-19,,4905.47,4462.07
2015-10-20,,4880.97,4438.18
2015-10-21,,4840.12,4413.52
2015-10-22,,4920.05,4503.22
2015-10-23,,5031.86,4624.09
2015-10-26,,5034.7,4630.85
2015-10-27,,5030.15,4639.23
2015-10-28,,5095.69,4678.58
2015-10-29,,5074.27,4670.76
2015-10-30,,5053.75,4648.83
2015-11-02,,5127.15,4703.91
2015-11-03,,5145.13,4719.05
2015-11-04,,5142.48,4717.55
2015-11-05,,5127.74,4702.9
2015-11-06,,5147.12,4707.23
2015-11-09,,5095.3,4655.52
2015-11-10,,5083.24,4641.73
2015-11-11,,5067.02,4636.94
2015-11-12,,5005.08,4588.93
2015-11-13,,4927.88,4502.14
2015-11-16,,4984.62,4565.47
2015-11-17,,4986.01,4565.82
2015-11-18,,5075.2,4653.44
2015-11-19,,5073.64,4655.35
2015-11-20,,5104.92,4686.36
2015-11-23,,5102.48,4674.79
2015-11-24,,5102.81,4669.41
2015-11-25,,5116.14,4672.88
2015-11-27,,5127.52,4680.47
2015-11-30,,5108.67,4664.51
2015-12-01,,5156.31,4716.16
2015-12-02,,5123.22,4686.22
2015-12-03,,5037.53,4606.75
2015-12-04,,5142.27,4716.12
2015-12-07,,5101.81,4693.62
2015-12-08,,5098.24,4694.77
2015-12-09,,5022.87,4622.14
2015-12-10,,5045.17,4643.05
2015-12-11,,4933.47,4537.56
2015-12-14,,4952.23,4570.16
2015-12-15,,4995.36,4597.33
2015-12-16,,5071.13,4664.56
2015-12-17,,5002.55,4598.14
2015-12-18,,4923.08,4514.83
2015-12-21,,4968.92,4560.55
2015-12-22,,5001.11,4589.26
2015-12-23,,5045.93,4624.59
2015-12-24,,5048.49,4622.77
2015-12-28,,5040.99,4621.35
2015-12-29,,5107.94,4691.08
2015-12-30,,5065.85,4652.01
2015-12-31,,5007.41,4593.27
2016-01-04,,4903.09,4497.86
2016-01-05,,4891.43,4484.18
2016-01-06,,4835.76,4443.99
2016-01-07,,4689.43,4305.72
2016-01-08,,4643.63,4270.78
2016-01-11,,4637.99,4283.55
2016-01-12,,4685.92,4333.72
2016-01-13,,4526.06,4183.12
2016-01-14,,4615.0,4272.97
2016-01-15,,4488.42,4141.08
2016-01-19,,4476.95,4147.07
2016-01-20,,4471.69,4136.28
2016-01-21,,4472.06,4142.6
2016-01-22,,4591.18,4259.77
2016-01-25,,4518.49,4196.53
2016-01-26,,4567.67,4233.85
2016-01-27,,4468.17,4128.86
2016-01-28,,4506.68,4186.06
2016-01-29,,4613.95,4279.17
2016-02-01,,4620.37,4286.56
2016-02-02,,4516.95,4193.1
2016-02-03,,4504.24,4171.97
2016-02-04,,4509.56,4167.77
2016-02-05,,4363.14,4024.47
2016-02-08,,4283.75,3960.67
2016-02-09,,4268.76,3947.8
2016-02-10,,4283.59,3966.28
2016-02-11,,4266.84,3962.22
2016-02-12,,4337.51,4019.19
2016-02-16,,4435.96,4104.33
2016-02-17,,4534.06,4199.1
2016-02-18,,4487.54,4151.49
2016-02-19,,4504.43,4164.09
2016-02-22,,4570.61,4231.27
2016-02-23,,4503.58,4162.54
2016-02-24,,4542.61,4200.66
2016-02-25,,4582.2,4241.06
2016-02-26,,4590.47,4235.62
2016-02-29,,4557.95,4201.12
2016-03-01,,4689.6,4333.61
2016-03-02,,4703.42,4334.39
2016-03-03,,4707.42,4325.86
2016-03-04,,4717.02,4329.0
2016-03-07,,4708.25,4303.33
2016-03-08,,4648.82,4265.51
2016-03-09,,4674.38,4293.23
2016-03-10,,4662.16,4286.97
2016-03-11,,4748.47,4361.83
2016-03-14,,4750.28,4367.33
2016-03-15,,4728.67,4367.08
2016-03-16,,4763.97,4404.2
2016-03-17,,4774.99,4400.26
2016-03-18,,4795.65,4410.83
2016-03-21,,4808.87,4426.98
2016-03-22,,4821.66,4437.62
2016-03-23,,4768.86,4402.56
2016-03-24,,4773.5,4405.53
2016-03-28,,4766.79,4398.07
2016-03-29,,4846.62,4467.72
2016-03-30,,4869.29,4490.88
2016-03-31,,4869.85,4483.66
2016-04-01,,4914.54,4532.08
2016-04-04,,4891.8,4511.7
2016-04-05,,4843.93,4470.75
2016-04-06,,4920.72,4543.78
2016-04-07,,4848.37,4475.29
2016-04-08,,4850.69,4474.93
2016-04-11,,4833.4,4458.71
2016-04-12,,4872.09,4496.04
2016-04-13,,4947.42,4554.72
2016-04-14,,4945.89,4554.62
2016-04-15,,4938.22,4543.16
2016-04-18,,4960.02,4565.42
2016-04-19,,4940.33,4537.09
2016-04-20,,4948.15,4540.44
2016-04-21,,4945.93,4540.8
2016-04-22,,4906.2,4474.19
2016-04-25,,4895.79,4474.13
2016-04-26,,4888.28,4452.97
2016-04-27,,4863.14,4416.63
2016-04-28,,4805.29,4363.99
2016-04-29,,4775.36,4341.3
2016-05-02,,4817.59,4381.3
2016-05-03,,4763.22,4341.39
2016-05-04,,4725.64,4312.01
2016-05-05,,4717.09,4309.48
2016-05-06,,4736.16,4330.17
2016-05-09,,4750.21,4341.23
2016-05-10,,4809.88,4402.04
2016-05-11,,4760.69,4361.03
2016-05-12,,4737.33,4342.81
2016-05-13,,4717.68,4326.53
2016-05-16,,4775.46,4380.48
2016-05-17,,4715.73,4322.56
2016-05-18,,4739.12,4338.23
2016-05-19,,4712.53,4315.58
2016-05-20,,4769.56,4362.9
2016-05-23,,4765.78,4355.1
2016-05-24,,4861.06,4444.3
2016-05-25,,4894.89,4476.43
2016-05-26,,4901.77,4487.96
2016-05-27,,4933.5,4512.54
2016-05-31,,4948.05,4523.89
2016-06-01,,4952.25,4520.07
2016-06-02,,4971.36,4531.35
2016-06-03,,4942.52,4509.79
2016-06-06,,4968.71,4523.63
2016-06-07,,4961.75,4513.09
2016-06-08,,4974.64,4520.63
2016-06-09,,4958.62,4512.69
2016-06-10,,4894.55,4461.05
2016-06-13,,4848.44,4422.76
2016-06-14,,4843.55,4424.91
2016-06-15,,4834.93,4409.51
2016-06-16,,4844.91,4424.23
2016-06-17,,4800.34,4374.38
2016-06-20,,4837.21,4400.16
2016-06-21,,4843.76,4413.4
2016-06-22,,4833.32,4404.73
2016-06-23,,4910.04,4467.48
2016-06-24,,4707.98,4285.7
2016-06-27,,4594.44,4201.05
2016-06-28,,4691.87,4290.47
2016-06-29,,4779.25,4364.74
2016-06-30,,4842.67,4417.7
2016-07-01,,4862.57,4437.44
2016-07-05,,4822.9,4410.75
2016-07-06,,4859.16,4444.7
2016-07-07,,4876.81,4459.58
2016-07-08,,4956.76,4528.36
2016-07-11,,4988.64,4554.71
2016-07-12,,5022.82,4577.61
2016-07-13,,5005.73,4565.77
2016-07-14,,5034.06,4596.49
2016-07-15,,5029.59,4589.83
2016-07-18,,5055.78,4619.68
2016-07-19,,5036.37,4603.28
2016-07-20,,5089.93,4657.2
2016-07-21,,5073.9,4647.02
2016-07-22,,5100.16,4666.07
2016-07-25,,5097.63,4665.93
2016-07-26,,5110.05,4672.11
2016-07-27,,5139.81,4702.88
2016-07-28,,5154.98,4721.41
2016-07-29,,5162.13,4730.23
2016-08-01,,5184.2,4756.04
2016-08-02,,5137.73,4719.21
2016-08-03,,5159.74,4734.33
2016-08-04,,5166.25,4743.81
2016-08-05,,5221.12,4791.21
2016-08-08,,5213.14,4784.74
2016-08-09,,5225.48,4795.75
2016-08-10,,5204.58,4783.39
2016-08-11,,5228.4,4803.31
2016-08-12,,5232.89,4807.08
2016-08-15,,5262.02,4827.12
2016-08-16,,5227.11,4797.19
2016-08-17,,5228.66,4805.45
2016-08-18,,5240.15,4808.68
2016-08-19,,5238.38,4806.14
2016-08-22,,5244.6,4808.56
2016-08-23,,5260.08,4818.48
2016-08-24,,5217.69,4783.49
2016-08-25,,5212.2,4775.43
2016-08-26,,5218.92,4783.69
2016-08-29,,5232.33,4791.09
2016-08-30,,5222.99,4775.99
2016-08-31,,5213.22,4771.05
2016-09-01,,5227.21,4783.94
2016-09-02,,5249.9,4798.74
2016-09-06,2186.48,5275.91,4829.51
2016-09-07,2186.16,5283.93,4831.86
2016-09-08,2181.3,5259.48,4804.0
2016-09-09,2127.81,5125.91,4681.53
2016-09-12,2159.04,5211.89,4764.65
2016-09-13,2127.02,5155.25,4722.84
2016-09-14,2125.77,5173.77,4746.06
2016-09-15,2147.26,5249.69,4819.9
2016-09-16,2139.16,5244.57,4818.05
2016-09-19,2139.12,5235.03,4796.07
2016-09-20,2139.76,5241.35,4805.22
2016-09-21,2163.12,5295.18,4853.75
2016-09-22,2177.18,5339.52,4891.36
2016-09-23,2164.69,5305.75,4858.91
2016-09-26,2146.1,5257.49,4817.17
2016-09-27,2159.93,5305.71,4866.71
2016-09-28,2171.37,5318.55,4875.27
2016-09-29,2151.13,5269.15,4838.3
2016-09-30,2168.27,5312.0,4875.7
2016-10-03,2161.2,5300.87,4866.63
2016-10-04,2150.49,5289.66,4859.47
2016-10-05,2159.73,5316.02,4877.75
2016-10-06,2160.77,5306.85,4873.92
2016-10-07,2153.74,5292.4,4864.52
2016-10-10,2163.66,5328.67,4893.77
2016-10-11,2136.73,5246.79,4821.91
2016-10-12,2139.18,5239.02,4819.63
2016-10-13,2132.55,5213.33,4803.1
2016-10-14,2132.98,5214.16,4808.49
2016-10-17,2126.5,5199.82,4796.17
2016-10-18,2139.6,5243.84,4839.72
2016-10-19,2144.29,5246.41,4836.61
2016-10-20,2141.34,5241.83,4832.71
2016-10-21,2141.16,5257.4,4851.86
2016-10-24,2151.33,5309.83,4909.97
2016-10-25,2143.16,5283.4,4891.45
2016-10-26,2139.43,5250.27,4860.59
2016-10-27,2133.04,5215.97,4836.45
2016-10-28,2126.41,5190.1,4805.59
2016-10-31,2126.15,5189.13,4801.27
2016-11-01,2111.72,5153.58,4766.94
2016-11-02,2097.94,5105.57,4726.91
2016-11-03,2088.66,5058.41,4679.1
2016-11-04,2085.18,5046.37,4660.46
2016-11-07,2131.52,5166.17,4773.73
2016-11-08,2139.56,5193.49,4804.92
2016-11-09,2163.26,5251.07,4825.18
2016-11-10,2167.48,5208.8,4747.03
2016-11-11,2164.45,5237.11,4751.95
2016-11-14,2164.2,5218.4,4702.04
2016-11-15,2180.39,5275.62,4764.47
2016-11-16,2176.94,5294.58,4792.27
2016-11-17,2187.12,5333.97,4826.59
2016-11-18,2181.9,5321.51,4808.04
2016-11-21,2198.18,5368.86,4859.0
2016-11-22,2202.94,5386.35,4873.84
2016-11-23,2204.72,5380.68,4853.86
2016-11-25,2213.35,5398.92,4870.02
2016-11-28,2201.72,5368.81,4857.02
2016-11-29,2204.66,5379.92,4873.21
2016-11-30,2198.81,5323.68,4810.81
2016-12-01,2191.08,5251.11,4734.1
2016-12-02,2191.95,5255.65,4739.37
2016-12-05,2204.71,5308.89,4778.14
2016-12-06,2212.23,5333.0,4788.67
2016-12-07,2241.35,5393.76,4851.94
2016-12-08,2246.19,5417.36,4859.19
2016-12-09,2259.53,5444.5,4895.9
2016-12-12,2256.96,5412.54,4874.3
2016-12-13,2271.72,5463.83,4935.84
2016-12-14,2253.28,5436.67,4921.22
2016-12-15,2262.03,5456.85,4933.41
2016-12-16,2258.07,5437.16,4914.86
2016-12-19,2262.53,5457.44,4934.85
2016-12-20,2270.76,5483.94,4953.8
2016-12-21,2265.18,5471.43,4948.9
2016-12-22,2260.96,5447.42,4934.39
2016-12-23,2263.79,5462.69,4940.02
2016-12-27,2268.88,5487.44,4965.81
2016-12-28,2249.92,5438.56,4926.29
2016-12-29,2249.26,5432.09,4918.28
2016-12-30,2238.83,5383.12,4863.62
2017-01-03,2257.83,5429.08,4911.33
2017-01-04,2270.75,5477.0,4937.2
2017-01-05,2269.0,5487.94,4964.95
2017-01-06,2276.98,5521.06,5007.08
2017-01-09,2268.9,5531.82,5024.9
2017-01-10,2268.9,5551.82,5035.17
2017-01-11,2275.32,5563.65,5050.21
2017-01-12,2270.44,5547.49,5041.43
2017-01-13,2274.64,5574.12,5059.51
2017-01-17,2267.89,5538.73,5044.65
2017-01-18,2271.89,5555.65,5055.85
2017-01-19,2263.69,5540.08,5051.17
2017-01-20,2271.31,5555.33,5063.2
2017-01-23,2265.2,5552.94,5065.7
2017-01-24,2280.07,5600.96,5101.06
2017-01-25,2298.37,5656.34,5151.47
2017-01-26,2296.68,5655.18,5156.92
2017-01-27,2294.69,5660.78,5168.06
2017-01-30,2280.9,5613.71,5129.33
2017-01-31,2278.87,5614.79,5116.77
2017-02-01,2279.55,5642.65,5152.69
2017-02-02,2280.85,5636.2,5147.7
2017-02-03,2297.42,5666.77,5161.6
2017-02-06,2292.56,5663.55,5167.96
2017-02-07,2293.08,5674.22,5185.88
2017-02-08,2294.67,5682.45,5196.58
2017-02-09,2307.87,5715.18,5212.16
2017-02-10,2316.1,5734.13,5226.69
2017-02-13,2328.25,5763.96,5256.82
2017-02-14,2337.58,5782.57,5271.07
2017-02-15,2349.25,5819.44,5302.39
2017-02-16,2347.22,5814.9,5300.64
2017-02-17,2351.16,5838.58,5324.72
2017-02-21,2365.38,5865.95,5350.73
2017-02-22,2362.82,5860.63,5352.13
2017-02-23,2363.81,5835.51,5332.37
2017-02-24,2367.34,5845.31,5343.31
2017-02-27,2369.75,5861.9,5347.55
2017-02-28,2363.64,5825.44,5330.31
2017-03-01,2395.96,5904.03,5390.99
2017-03-02,2381.92,5861.22,5363.26
2017-03-03,2383.12,5870.75,5373.48
2017-03-06,2375.31,5849.17,5360.31
2017-03-07,2368.39,5833.93,5351.28
2017-03-08,2362.98,5837.55,5359.8
2017-03-09,2364.87,5838.81,5363.98
2017-03-10,2372.6,5861.73,5385.9
2017-03-13,2373.47,5875.78,5394.57
2017-03-14,2365.45,5856.82,5382.17
2017-03-15,2385.26,5900.05,5416.25
2017-03-16,2381.38,5900.76,5412.08
2017-03-17,2378.25,5901.0,5408.76
2017-03-20,2373.47,5901.53,5413.31
2017-03-21,2344.02,5793.83,5332.53
2017-03-22,2348.45,5821.64,5367.55
2017-03-23,2345.96,5817.69,5355.14
2017-03-24,2343.98,5828.74,5364.0
2017-03-27,2341.59,5840.37,5374.27
2017-03-28,2358.57,5875.14,5407.21
2017-03-29,2361.13,5897.55,5430.27
2017-03-30,2368.06,5914.34,5439.74
2017-03-31,2362.72,5911.74,5436.23
2017-04-03,2358.84,5894.68,5432.2
2017-04-04,2360.16,5898.61,5440.41
2017-04-05,2352.95,5864.48,5418.52
2017-04-06,2357.49,5878.95,5420.88
2017-04-07,2355.54,5877.81,5418.37
2017-04-10,2357.16,5880.93,5421.68
2017-04-11,2353.78,5866.77,5398.4
2017-04-12,2344.93,5836.16,5377.03
2017-04-13,2328.95,5805.15,5353.59
2017-04-17,2349.01,5856.79,5399.2
2017-04-18,2342.19,5849.47,5391.66
2017-04-19,2338.17,5863.03,5399.64
2017-04-20,2355.84,5916.78,5443.53
2017-04-21,2348.69,5910.52,5442.05
2017-04-24,2374.15,5983.82,5508.03
2017-04-25,2388.61,6025.49,5548.19
2017-04-26,2387.45,6025.23,5541.09
2017-04-27,2388.77,6048.94,5571.28
2017-04-28,2384.2,6047.61,5583.53
2017-05-01,2388.33,6091.6,5629.63
2017-05-02,2391.17,6095.37,5644.07
2017-05-03,2388.13,6072.55,5625.16
2017-05-04,2389.52,6075.34,5626.32
2017-05-05,2399.29,6100.76,5646.09
2017-05-08,2399.38,6102.66,5659.07
2017-05-09,2396.92,6120.59,5678.31
2017-05-10,2399.63,6129.14,5681.68
2017-05-11,2394.44,6115.96,5674.22
2017-05-12,2390.9,6121.23,5686.81
2017-05-15,2402.32,6149.67,5704.48
2017-05-16,2400.67,6169.87,5724.44
2017-05-17,2357.03,6011.24,5580.55
2017-05-18,2365.72,6055.13,5626.31
2017-05-19,2381.73,6083.7,5651.56
2017-05-22,2394.02,6133.62,5699.4
2017-05-23,2398.42,6138.71,5703.35
2017-05-24,2404.39,6163.02,5730.3
2017-05-25,2415.07,6205.26,5778.37
2017-05-26,2415.82,6210.19,5788.36
2017-05-30,2412.91,6203.19,5794.63
2017-05-31,2411.8,6198.52,5788.8
2017-06-01,2430.06,6246.83,5816.51
2017-06-02,2439.07,6305.8,5881.46
2017-06-05,2436.1,6295.68,5878.12
2017-06-06,2429.33,6275.06,5856.77
2017-06-07,2433.14,6297.38,5877.59
2017-06-08,2433.79,6321.76,5885.3
2017-06-09,2431.77,6207.92,5741.94
2017-06-12,2429.39,6175.46,5708.18
2017-06-13,2440.35,6220.37,5751.82
2017-06-14,2437.92,6194.89,5727.07
2017-06-15,2432.46,6165.5,5700.89
2017-06-16,2433.15,6151.76,5681.48
2017-06-19,2453.46,6239.01,5772.22
2017-06-20,2437.03,6188.03,5726.31
2017-06-21,2435.61,6233.95,5782.39
2017-06-22,2434.5,6236.69,5779.87
2017-06-23,2438.3,6265.25,5803.11
2017-06-26,2439.07,6247.15,5777.59
2017-06-27,2419.38,6146.62,5671.6
2017-06-28,2440.69,6234.41,5753.03
2017-06-29,2419.7,6144.35,5653.02
2017-06-30,2423.41,6140.42,5646.92
2017-07-03,2429.01,6110.06,5596.96
2017-07-05,2432.54,6150.86,5648.82
2017-07-06,2409.75,6089.46,5597.9
2017-07-07,2425.18,6153.08,5656.47
2017-07-10,2427.43,6176.39,5694.15
2017-07-11,2425.53,6193.3,5709.8
2017-07-12,2443.25,6261.17,5778.95
2017-07-13,2447.83,6274.44,5793.36
2017-07-14,2459.27,6312.47,5838.08
2017-07-17,2459.14,6314.43,5839.74
2017-07-18,2460.61,6344.31,5880.1
2017-07-19,2473.83,6385.04,5916.16
2017-07-20,2473.45,6390.0,5921.22
2017-07-21,2472.54,6387.75,5921.52
2017-07-24,2469.91,6410.81,5941.37
2017-07-25,2477.13,6412.17,5930.65
2017-07-26,2477.83,6422.75,5950.73
2017-07-27,2475.42,6382.19,5917.03
2017-07-28,2472.1,6374.68,5908.92
2017-07-31,2470.3,6348.12,5880.33
2017-08-01,2476.35,6362.94,5895.17
2017-08-02,2477.57,6362.65,5914.23
2017-08-03,2472.16,6340.34,5891.2
2017-08-04,2476.83,6351.56,5899.91
2017-08-07,2480.91,6383.77,5934.73
2017-08-08,2474.92,6370.46,5926.35
2017-08-09,2474.02,6352.33,5919.39
2017-08-10,2438.21,6216.87,5788.19
2017-08-11,2441.32,6256.56,5831.53
2017-08-14,2465.84,6340.23,5908.17
2017-08-15,2464.61,6333.01,5907.73
2017-08-16,2468.11,6345.11,5917.42
2017-08-17,2430.01,6221.91,5796.32
2017-08-18,2425.55,6216.53,5790.91
2017-08-21,2428.37,6213.13,5786.54
2017-08-22,2452.51,6297.48,5873.33
2017-08-23,2444.04,6278.41,5851.78
2017-08-24,2438.97,6271.33,5834.44
2017-08-25,2443.05,6265.64,5822.53
2017-08-28,2444.24,6283.02,5838.08
2017-08-29,2446.3,6301.89,5862.14
2017-08-30,2457.59,6368.31,5932.9
2017-08-31,2471.65,6428.66,5988.6
2017-09-01,2476.55,6435.33,5987.9
2017-09-05,2457.85,6375.57,5932.73
2017-09-06,2465.54,6393.31,5951.13
2017-09-07,2465.1,6397.87,5964.31
2017-09-08,2461.43,6360.19,5913.37
2017-09-11,2488.11,6432.26,5980.53
2017-09-12,2496.48,6454.28,5995.64
2017-09-13,2498.37,6460.19,6004.38
2017-09-14,2495.62,6429.08,5968.82
2017-09-15,2500.23,6448.47,5988.0
2017-09-18,2503.87,6454.64,5981.12
2017-09-19,2506.65,6461.32,5991.08
2017-09-20,2508.24,6456.04,5973.6
2017-09-21,2500.6,6422.69,5934.91
2017-09-22,2502.22,6426.92,5932.32
2017-09-25,2496.66,6370.59,5867.35
2017-09-26,2496.84,6380.16,5881.34
2017-09-27,2507.04,6453.26,5937.79
2017-09-28,2510.06,6453.45,5933.07
2017-09-29,2519.36,6495.96,5979.3
2017-10-02,2529.12,6516.72,5981.92
2017-10-03,2534.58,6531.71,5995.06
2017-10-04,2537.74,6534.63,5998.84
2017-10-05,2552.07,6585.36,6057.14
2017-10-06,2549.33,6590.18,6064.57
2017-10-09,2544.73,6579.73,6058.53
2017-10-10,2550.64,6587.25,6063.52
2017-10-11,2555.24,6603.55,6081.25
2017-10-12,2550.93,6591.51,6069.99
2017-10-13,2553.17,6605.8,6092.45
2017-10-16,2557.64,6624.0,6114.53
2017-10-17,2559.36,6623.66,6122.61
2017-10-18,2561.26,6624.22,6114.35
2017-10-19,2562.1,6605.07,6092.62
2017-10-20,2575.21,6629.05,6108.82
2017-10-23,2564.98,6586.83,6067.83
2017-10-24,2569.13,6598.43,6080.22
2017-10-25,2557.15,6563.89,6055.04
2017-10-26,2560.4,6556.77,6037.87
2017-10-27,2581.07,6701.26,6213.47
2017-10-30,2572.83,6698.96,6227.59
2017-10-31,2575.26,6727.67,6248.56
2017-11-01,2579.36,6716.53,6248.65
2017-11-02,2579.85,6714.94,6236.39
2017-11-03,2587.84,6764.44,6295.58
2017-11-06,2591.13,6786.44,6313.61
2017-11-07,2590.64,6767.78,6320.78
2017-11-08,2594.38,6789.12,6345.81
2017-11-09,2584.62,6750.05,6312.21
2017-11-10,2582.3,6750.94,6309.07
2017-11-13,2584.84,6757.6,6316.18
2017-11-14,2578.87,6737.87,6293.64
2017-11-15,2564.62,6706.21,6258.36
2017-11-16,2585.64,6793.29,6339.14
2017-11-17,2578.85,6782.79,6314.51
2017-11-20,2582.14,6790.71,6308.61
2017-11-21,2599.03,6862.48,6378.63
2017-11-22,2597.08,6867.36,6386.12
2017-11-24,2602.42,6889.16,6409.29
2017-11-27,2601.42,6878.52,6405.97
2017-11-28,2627.04,6912.36,6422.56
2017-11-29,2626.07,6824.34,6311.37
2017-11-30,2647.58,6873.97,6365.56
2017-12-01,2642.22,6847.59,6337.87
2017-12-04,2639.44,6775.37,6263.7
2017-12-05,2629.57,6762.21,6265.11
2017-12-06,2629.27,6776.38,6293.05
2017-12-07,2636.98,6812.84,6316.28
2017-12-08,2651.5,6840.08,6344.57
2017-12-11,2659.99,6875.08,6393.89
2017-12-12,2664.11,6862.32,6383.65
2017-12-13,2662.85,6875.8,6394.67
2017-12-14,2652.01,6856.53,6389.91
2017-12-15,2675.81,6936.58,6466.32
2017-12-18,2690.16,6994.76,6513.27
2017-12-19,2681.47,6963.85,6480.67
2017-12-20,2679.25,6960.96,6472.48
2017-12-21,2684.57,6965.36,6472.69
2017-12-22,2683.34,6959.96,6465.17
2017-12-26,2680.5,6936.25,6433.16
2017-12-27,2682.62,6939.34,6435.15
2017-12-28,2687.54,6950.16,6441.42
2017-12-29,2673.61,6903.39,6396.42
2018-01-02,2695.81,7006.9,6511.34
2018-01-03,2713.06,7065.53,6575.8
2018-01-04,2723.99,7077.91,6584.58
2018-01-05,2743.15,7136.56,6653.29
2018-01-08,2747.71,7157.39,6676.63
2018-01-09,2751.29,7163.58,6677.94
2018-01-10,2748.23,7153.57,6662.66
2018-01-11,2767.56,7211.78,6708.49
2018-01-12,2786.24,7261.06,6758.54
2018-01-16,2776.42,7223.69,6737.14
2018-01-17,2802.56,7298.28,6810.28
2018-01-18,2798.03,7296.05,6811.38
2018-01-19,2810.3,7336.38,6834.33
2018-01-22,2832.97,7408.03,6906.28
2018-01-23,2839.13,7460.29,6963.46
2018-01-24,2837.54,7415.06,6919.35
2018-01-25,2839.25,7411.16,6916.3
2018-01-26,2872.87,7505.77,7022.97
2018-01-29,2853.53,7466.51,6988.32
2018-01-30,2822.43,7402.48,6930.73
2018-01-31,2823.81,7411.48,6949.99
2018-02-01,2821.98,7385.86,6901.5
2018-02-02,2762.13,7240.95,6760.29
2018-02-05,2648.94,6967.53,6495.92
2018-02-06,2695.14,7115.88,6665.98
2018-02-07,2681.66,7051.98,6582.02
2018-02-08,2581.0,6777.16,6306.1
2018-02-09,2619.55,6874.49,6412.68
2018-02-12,2656.0,6981.96,6523.85
2018-02-13,2662.94,7013.51,6553.86
2018-02-14,2698.63,7143.62,6675.03
2018-02-15,2731.2,7256.43,6794.92
2018-02-16,2732.22,7239.47,6770.66
2018-02-20,2716.26,7234.31,6779.69
2018-02-21,2701.33,7218.23,6759.26
2018-02-22,2703.96,7210.09,6761.85
2018-02-23,2747.3,7337.39,6896.6
2018-02-26,2779.6,7421.46,6989.1
2018-02-27,2744.28,7330.35,6900.35
2018-02-28,2713.83,7273.01,6854.42
2018-03-01,2677.67,7180.56,6750.54
2018-03-02,2691.25,7257.87,6811.04
2018-03-05,2720.94,7330.7,6881.28
2018-03-06,2728.12,7372.01,6913.02
2018-03-07,2726.8,7396.65,6929.39
2018-03-08,2738.97,7427.95,6966.43
2018-03-09,2786.57,7560.81,7101.18
2018-03-12,2783.02,7588.32,7131.12
2018-03-13,2765.31,7511.01,7046.51
2018-03-14,2749.48,7496.81,7040.98
2018-03-15,2747.33,7481.74,7030.97
2018-03-16,2752.01,7481.99,7019.95
2018-03-19,2712.92,7344.24,6864.88
2018-03-20,2716.94,7364.3,6885.92
2018-03-21,2711.93,7345.29,6853.45
2018-03-22,2643.69,7166.68,6682.26
2018-03-23,2588.26,6992.67,6508.09
2018-03-26,2658.55,7220.54,6753.83
2018-03-27,2612.62,7008.81,6529.84
2018-03-28,2605.0,6949.23,6460.81
2018-03-29,2640.87,7063.44,6581.13
2018-04-02,2581.88,6870.12,6390.84
2018-04-03,2614.45,6941.28,6458.83
2018-04-04,2644.69,7042.11,6560.06
2018-04-05,2662.84,7076.55,6594.84
2018-04-06,2604.47,6915.11,6433.21
2018-04-09,2613.16,6950.34,6472.34
2018-04-10,2656.87,7094.3,6615.87
2018-04-11,2642.19,7069.03,6583.44
2018-04-12,2663.99,7140.25,6656.26
2018-04-13,2656.3,7106.65,6628.34
2018-04-16,2677.84,7156.28,6675.18
2018-04-17,2706.39,7281.1,6816.37
2018-04-18,2708.64,7295.24,6833.21
2018-04-19,2693.13,7238.06,6774.89
2018-04-20,2670.14,7146.13,6667.75
2018-04-23,2670.29,7128.6,6648.8
2018-04-24,2634.56,7007.35,6509.05
2018-04-25,2639.4,7003.74,6513.94
2018-04-26,2666.94,7118.68,6649.65
2018-04-27,2669.91,7119.8,6656.35
2018-04-30,2648.05,7066.27,6605.57
2018-05-01,2654.8,7130.7,6681.96
2018-05-02,2635.67,7100.9,6644.48
2018-05-03,2629.73,7088.15,6643.48
2018-05-04,2663.42,7209.62,6769.12
2018-05-07,2672.63,7265.21,6821.87
2018-05-08,2671.92,7266.9,6815.48
2018-05-09,2697.79,7339.91,6893.21
2018-05-10,2723.07,7404.97,6963.55
2018-05-11,2727.72,7402.88,6952.56
2018-05-14,2730.13,7411.32,6964.37
2018-05-15,2711.45,7351.63,6888.54
2018-05-16,2722.46,7398.3,6929.97
2018-05-17,2720.13,7382.47,6901.63
2018-05-18,2712.97,7354.34,6866.25
2018-05-21,2733.01,7394.04,6905.53
2018-05-22,2724.44,7378.46,6893.62
2018-05-23,2733.29,7425.96,6953.63
2018-05-24,2727.76,7424.43,6949.7
2018-05-25,2721.33,7433.85,6960.92
2018-05-29,2689.86,7396.59,6926.54
2018-05-30,2724.01,7462.45,6976.37
2018-05-31,2705.27,7442.12,6967.73
2018-06-01,2734.62,7554.33,7083.93
2018-06-04,2746.87,7606.46,7143.57
2018-06-05,2748.8,7637.86,7166.75
2018-06-06,2772.35,7689.24,7210.08
2018-06-07,2770.37,7635.07,7152.83
2018-06-08,2779.03,7645.51,7152.62
2018-06-11,2782.0,7659.93,7168.48
2018-06-12,2786.85,7703.79,7209.18
2018-06-13,2775.63,7695.7,7205.26
2018-06-14,2782.49,7761.04,7279.59
2018-06-15,2779.66,7746.38,7255.76
2018-06-18,2773.75,7747.03,7251.41
2018-06-19,2762.59,7725.59,7228.04
2018-06-20,2767.32,7781.51,7280.7
2018-06-21,2749.76,7712.95,7217.49
2018-06-22,2754.88,7692.82,7197.51
2018-06-25,2717.07,7532.01,7038.17
2018-06-26,2723.06,7561.63,7068.2
2018-06-27,2699.63,7445.08,6969.67
2018-06-28,2716.31,7503.68,7031.6
2018-06-29,2718.37,7510.3,7040.8
2018-07-02,2726.71,7567.69,7097.82
2018-07-03,2713.22,7502.67,7014.55
2018-07-05,2736.61,7586.43,7101.05
2018-07-06,2759.82,7688.39,7207.33
2018-07-09,2784.17,7756.2,7276.0
2018-07-10,2793.84,7759.2,7282.6
2018-07-11,2774.02,7716.61,7243.98
2018-07-12,2798.29,7823.92,7366.25
2018-07-13,2801.31,7825.98,7375.82
2018-07-16,2798.43,7805.72,7357.9
2018-07-17,2809.55,7855.12,7403.89
2018-07-18,2815.62,7854.44,7390.13
2018-07-19,2804.49,7825.3,7352.36
2018-07-20,2801.83,7820.2,7350.23
2018-07-23,2806.98,7841.87,7371.78
2018-07-24,2820.4,7840.77,7406.25
2018-07-25,2846.07,7932.24,7508.59
2018-07-26,2837.44,7852.18,7400.75
2018-07-27,2818.82,7737.42,7296.78
2018-07-30,2802.6,7630.0,7193.1
2018-07-31,2816.29,7671.79,7231.98
2018-08-01,2813.36,7707.29,7272.89
2018-08-02,2827.22,7802.69,7372.15
2018-08-03,2840.35,7812.01,7395.49
2018-08-06,2850.4,7859.68,7438.99
2018-08-07,2858.45,7883.66,7462.65
2018-08-08,2857.7,7888.33,7469.54
2018-08-09,2853.58,7891.78,7466.96
2018-08-10,2833.28,7839.11,7408.3
2018-08-13,2821.93,7819.71,7401.17
2018-08-14,2839.96,7870.89,7447.17
2018-08-15,2818.37,7774.12,7354.66
2018-08-16,2840.69,7806.52,7374.29
2018-08-17,2850.13,7816.33,7377.54
2018-08-20,2857.05,7821.01,7371.42
2018-08-21,2862.96,7859.17,7397.23
2018-08-22,2861.82,7889.1,7424.6
2018-08-23,2856.98,7878.46,7413.84
2018-08-24,2874.69,7945.98,7485.4
2018-08-27,2896.74,8017.9,7559.13
2018-08-28,2897.52,8030.04,7570.25
2018-08-29,2914.04,8109.69,7660.18
2018-08-30,2901.13,8088.36,7642.67
2018-08-31,2901.52,8109.54,7654.55
2018-09-04,2896.72,8091.25,7622.32
2018-09-05,2888.6,7995.17,7523.26
2018-09-06,2878.05,7922.73,7453.17
2018-09-07,2871.68,7902.54,7430.26
2018-09-10,2877.13,7924.16,7447.68
2018-09-11,2887.89,7972.47,7507.87
2018-09-12,2888.92,7954.23,7488.06
2018-09-13,2904.18,8013.71,7561.69
2018-09-14,2904.98,8010.04,7545.5
2018-09-17,2888.8,7895.79,7434.73
2018-09-18,2904.31,7956.11,7494.4
2018-09-19,2907.95,7950.04,7490.32
2018-09-20,2930.75,8028.23,7569.03
2018-09-21,2929.67,7986.96,7531.07
2018-09-24,2919.37,7993.25,7548.75
2018-09-25,2915.56,8007.47,7563.19
2018-09-26,2905.97,7990.37,7563.09
2018-09-27,2914.0,8041.97,7629.57
2018-09-28,2913.98,8046.35,7627.65
2018-10-01,2924.59,8037.3,7645.45
2018-10-02,2923.43,7999.55,7628.28
2018-10-03,2925.51,8025.09,7637.43
2018-10-04,2901.61,7879.51,7490.0
2018-10-05,2885.57,7788.45,7399.01
2018-10-08,2884.43,7735.95,7352.82
2018-10-09,2880.34,7738.02,7371.62
2018-10-10,2785.68,7422.05,7044.5
2018-10-11,2728.37,7329.06,6964.03
2018-10-12,2767.13,7496.89,7157.21
2018-10-15,2750.79,7430.74,7068.67
2018-10-16,2809.92,7645.49,7276.43
2018-10-17,2809.21,7642.7,7278.63
2018-10-18,2768.78,7485.14,7116.09
2018-10-19,2767.78,7449.03,7107.23
2018-10-22,2755.88,7468.63,7141.21
2018-10-23,2740.69,7437.54,7118.67
2018-10-24,2656.1,7108.4,6789.15
2018-10-25,2705.57,7318.34,7016.39
2018-10-26,2658.69,7167.21,6852.4
2018-10-29,2641.25,7050.29,6713.9
2018-10-30,2682.63,7161.65,6810.12
2018-10-31,2711.74,7305.9,6967.1
2018-11-01,2740.37,7434.06,7069.17
2018-11-02,2723.06,7356.99,6965.29
2018-11-05,2738.31,7328.85,6937.09
2018-11-06,2755.45,7375.96,6988.85
2018-11-07,2813.89,7570.75,7203.13
2018-11-08,2806.83,7530.88,7158.59
2018-11-09,2781.01,7406.9,7039.15
2018-11-12,2726.22,7200.87,6829.1
2018-11-13,2722.18,7200.87,6830.91
2018-11-14,2701.58,7136.39,6769.87
2018-11-15,2730.2,7259.03,6890.45
2018-11-16,2736.27,7247.87,6867.02
2018-11-19,2690.73,7028.48,6642.92
2018-11-20,2641.89,6908.82,6526.96
2018-11-21,2649.93,6972.25,6575.66
2018-11-23,2632.56,6938.98,6527.35
2018-11-26,2673.45,7081.85,6678.34
2018-11-27,2682.17,7082.7,6701.04
2018-11-28,2743.79,7291.59,6913.33
2018-11-29,2737.76,7273.08,6892.4
2018-11-30,2760.17,7330.54,6949.01
2018-12-03,2790.37,7441.51,7062.13
2018-12-04,2700.06,7158.43,6795.21
2018-12-06,2695.95,7188.26,6838.85
2018-12-07,2633.08,6969.25,6613.27
2018-12-10,2637.72,7020.52,6682.74
2018-12-11,2636.78,7031.83,6704.24
2018-12-12,2651.07,7098.31,6763.96
2018-12-13,2650.54,7070.33,6767.97
2018-12-14,2599.95,6910.66,6594.96
2018-12-17,2545.94,6753.73,6448.39
2018-12-18,2546.16,6783.91,6491.52
2018-12-19,2506.96,6636.83,6342.97
2018-12-20,2467.42,6528.41,6243.19
2018-12-21,2416.62,6332.99,6046.56
2018-12-24,2351.1,6192.92,5899.35
2018-12-26,2467.7,6554.36,6262.77
2018-12-27,2488.83,6579.49,6288.3
2018-12-28,2485.74,6584.52,6285.27
2018-12-31,2506.85,6635.28,6329.96
2019-01-02,2510.03,6665.94,6360.87
2019-01-03,2447.89,6463.5,6147.13
2019-01-04,2531.94,6738.86,6422.67
2019-01-07,2549.69,6823.47,6488.25
2019-01-08,2574.41,6897.0,6551.85
2019-01-09,2584.96,6957.08,6600.69
2019-01-10,2596.64,6986.07,6620.94
2019-01-11,2596.26,6971.48,6601.4
2019-01-14,2582.61,6905.92,6541.04
2019-01-15,2610.3,7023.83,6669.64
2019-01-16,2616.1,7034.69,6668.56
2019-01-17,2635.96,7084.46,6718.45
2019-01-18,2670.71,7157.23,6784.61
2019-01-22,2632.9,7020.36,6646.81
2019-01-23,2638.7,7025.77,6658.76
2019-01-24,2642.33,7073.46,6702.55
2019-01-25,2664.76,7164.86,6787.37
2019-01-28,2643.85,7085.68,6697.09
2019-01-29,2640.0,7028.29,6632.79
2019-01-30,2681.05,7183.08,6807.91
2019-01-31,2704.1,7281.74,6906.84
2019-02-01,2706.53,7263.87,6875.52
2019-02-04,2724.87,7347.54,6959.96
2019-02-05,2737.7,7402.08,7023.52
2019-02-06,2731.61,7375.28,6997.62
2019-02-07,2706.05,7288.35,6904.98
2019-02-08,2707.88,7298.2,6913.13
2019-02-11,2709.8,7307.9,6909.18
2019-02-12,2744.73,7414.62,7014.67
2019-02-13,2753.03,7420.38,7015.88
2019-02-14,2745.73,7426.95,7022.42
2019-02-15,2775.6,7472.41,7055.18
2019-02-19,2779.76,7486.77,7066.61
2019-02-20,2784.7,7489.07,7062.34
2019-02-21,2774.88,7459.71,7035.16
2019-02-22,2792.67,7527.54,7090.63
2019-02-25,2796.11,7554.46,7115.43
2019-02-26,2793.9,7549.3,7123.22
2019-02-27,2792.38,7554.51,7117.0
2019-02-28,2784.49,7532.53,7097.53
2019-03-01,2803.69,7595.35,7151.57
2019-03-04,2792.81,7577.57,7150.83
2019-03-05,2789.65,7576.36,7156.79
2019-03-06,2771.45,7505.92,7112.47
2019-03-07,2748.93,7421.46,7026.88
2019-03-08,2743.07,7408.14,7015.69
2019-03-11,2783.3,7558.06,7164.02
2019-03-12,2791.52,7591.03,7201.28
2019-03-13,2810.92,7643.41,7256.98
2019-03-14,2808.48,7630.91,7243.01
2019-03-15,2822.48,7688.53,7306.99
2019-03-18,2832.94,7714.48,7326.28
2019-03-19,2832.57,7723.95,7349.28
2019-03-20,2824.23,7728.97,7380.75
2019-03-21,2854.88,7838.96,7493.27
2019-03-22,2800.71,7642.67,7326.06
2019-03-25,2798.36,7637.54,7316.96
2019-03-26,2818.46,7691.52,7351.15
2019-03-27,2805.37,7643.38,7308.19
2019-03-28,2815.44,7669.17,7320.47
2019-03-29,2834.4,7729.32,7378.77
2019-04-01,2867.19,7828.91,7478.42
2019-04-02,2867.24,7848.69,7499.64
2019-04-03,2873.4,7895.55,7544.97
2019-04-04,2879.39,7891.78,7540.57
2019-04-05,2892.74,7938.69,7578.84
2019-04-08,2895.77,7953.88,7599.74
2019-04-09,2878.2,7909.28,7568.49
2019-04-10,2888.21,7964.24,7611.49
2019-04-11,2888.32,7947.36,7594.89
2019-04-12,2907.41,7984.16,7628.15
2019-04-15,2905.58,7976.01,7629.12
2019-04-16,2907.06,8000.23,7654.73
2019-04-17,2900.45,7996.08,7680.72
2019-04-18,2905.03,7998.06,7689.72
2019-04-19,,7998.06,7689.72
2019-04-22,2907.97,8015.27,7713.49
2019-04-23,2933.68,8120.82,7810.71
2019-04-24,2927.25,8102.01,7784.41
2019-04-25,2926.17,8106.29,7816.92
2019-04-26,2939.88,8133.96,7826.68
2019-04-29,2943.03,8149.39,7839.04
2019-04-30,2945.83,8095.39,7781.46
2019-05-01,2923.73,8049.64,7751.85
2019-05-02,2917.52,8036.77,7724.06
2019-05-03,2945.64,8164.0,7845.73
2019-05-06,2932.47,8123.29,7794.09
2019-05-07,2884.05,7963.76,7640.15
2019-05-08,2879.42,7943.32,7617.55
2019-05-09,2870.72,7910.59,7582.75
2019-05-10,2881.4,7916.94,7586.53
2019-05-13,2811.87,7647.02,7324.13
2019-05-14,2834.41,7734.49,7401.88
2019-05-15,2850.96,7822.15,7503.25
2019-05-16,2876.32,7898.05,7580.14
2019-05-17,2859.53,7816.28,7503.68
2019-05-20,2840.23,7702.38,7376.7
2019-05-21,2864.36,7785.72,7451.02
2019-05-22,2856.27,7750.84,7420.66
2019-05-23,2822.24,7628.28,7307.93
2019-05-24,2826.06,7637.01,7300.96
2019-05-28,2802.39,7607.35,7278.38
2019-05-29,2783.02,7547.31,7216.86
2019-05-30,2788.86,7567.72,7245.4
2019-05-31,2752.06,7453.15,7127.96
2019-06-03,2744.45,7333.02,6978.02
2019-06-04,2803.27,7527.12,7166.75
2019-06-05,2826.15,7575.48,7220.9
2019-06-06,2843.49,7615.55,7275.93
2019-06-07,2873.34,7742.1,7417.29
2019-06-10,2886.73,7823.17,7501.93
2019-06-11,2885.72,7822.57,7513.85
2019-06-12,2879.84,7792.72,7472.29
2019-06-13,2891.64,7837.13,7510.68
2019-06-14,2886.98,7796.66,7479.11
2019-06-17,2889.67,7845.02,7526.52
2019-06-18,2917.75,7953.88,7635.4
2019-06-19,2926.46,7987.32,7667.74
2019-06-20,2954.18,8051.34,7738.05
2019-06-21,2950.46,8031.71,7728.78
2019-06-24,2945.35,8005.7,7723.02
2019-06-25,2917.38,7884.72,7591.54
2019-06-26,2913.78,7909.97,7627.05
2019-06-27,2924.92,7967.76,7657.05
2019-06-28,2941.76,8006.24,7671.07
2019-07-01,2964.33,8091.16,7768.14
2019-07-02,2973.01,8109.09,7799.82
2019-07-03,2995.82,8170.23,7857.69
2019-07-05,2990.41,8161.79,7841.3
2019-07-08,2975.95,8098.38,7785.79
2019-07-09,2979.63,8141.73,7826.86
2019-07-10,2993.07,8202.53,7903.4
2019-07-11,2999.91,8196.04,7896.78
2019-07-12,3013.77,8244.14,7943.24
2019-07-15,3014.3,8258.19,7966.93
2019-07-16,3004.04,8222.8,7927.08
2019-07-17,2984.42,8185.21,7888.76
2019-07-18,2995.11,8207.24,7904.13
2019-07-19,2976.61,8146.49,7834.9
2019-07-22,2985.03,8204.14,7905.12
2019-07-23,3005.47,8251.4,7954.56
2019-07-24,3019.56,8321.5,8010.6
2019-07-25,3003.67,8238.54,7929.87
2019-07-26,3025.86,8330.21,8016.95
2019-07-29,3020.97,8293.33,7989.08
2019-07-30,3013.18,8273.61,7952.47
2019-07-31,2980.38,8175.42,7848.78
2019-08-01,2953.56,8111.12,7801.15
2019-08-02,2932.05,8004.07,7692.8
2019-08-05,2844.74,7726.04,7415.69
2019-08-06,2881.77,7833.27,7521.32
2019-08-07,2883.98,7862.83,7551.9
2019-08-08,2938.09,8039.16,7724.83
2019-08-09,2918.65,7959.14,7646.27
2019-08-12,2883.75,7863.41,7561.68
2019-08-13,2926.32,8016.36,7728.15
2019-08-14,2840.6,7773.94,7490.13
2019-08-15,2847.6,7766.62,7484.89
2019-08-16,2888.68,7895.99,7604.11
2019-08-19,2923.65,8002.81,7719.32
2019-08-20,2900.51,7948.56,7664.47
2019-08-21,2924.43,8020.21,7733.22
2019-08-22,2922.95,7991.39,7707.43
2019-08-23,2847.11,7751.77,7464.99
2019-08-26,2878.38,7853.74,7575.02
2019-08-27,2869.16,7826.95,7566.03
2019-08-28,2887.94,7856.88,7587.9
2019-08-29,2924.58,7973.39,7702.31
2019-08-30,2926.46,7962.88,7691.0
2019-09-03,2906.27,7874.16,7609.51
2019-09-04,2937.78,7976.88,7719.25
2019-09-05,2976.0,8116.83,7862.54
2019-09-06,2978.71,8103.07,7852.54
2019-09-09,2978.43,8087.44,7832.4
2019-09-10,2979.39,8084.16,7814.74
2019-09-11,3000.93,8169.68,7887.58
2019-09-12,3009.57,8194.47,7917.34
2019-09-13,3007.39,8176.71,7892.95
2019-09-16,2997.96,8153.54,7852.41
2019-09-17,3005.7,8186.02,7888.79
2019-09-18,3006.73,8177.39,7888.56
2019-09-19,3006.79,8182.88,7901.79
2019-09-20,2992.07,8117.67,7823.55
2019-09-23,2991.78,8112.46,7818.61
2019-09-24,2966.6,7993.63,7710.04
2019-09-25,2984.87,8077.38,7803.54
2019-09-26,2977.62,8030.66,7771.99
2019-09-27,2961.79,7939.63,7681.58
2019-09-30,2976.74,7999.33,7749.45
2019-10-01,2940.25,7908.67,7684.14
2019-10-02,2887.61,7785.23,7550.79
2019-10-03,2910.63,7872.25,7638.39
2019-10-04,2952.01,7982.46,7754.1
2019-10-07,2938.79,7956.28,7725.13
2019-10-08,2893.06,7823.76,7604.27
2019-10-09,2919.4,7903.73,7690.53
2019-10-10,2938.13,7950.77,7740.36
2019-10-11,2970.27,8057.04,7843.87
2019-10-14,2966.15,8048.65,7842.33
2019-10-15,2995.68,8148.71,7942.85
2019-10-16,2989.69,8124.18,7920.21
2019-10-17,2997.95,8156.85,7942.14
2019-10-18,2986.2,8089.54,7868.49
2019-10-21,3006.72,8162.99,7940.33
2019-10-22,2995.99,8104.3,7874.62
2019-10-23,3004.52,8119.79,7889.47
2019-10-24,3010.29,8185.8,7966.72
2019-10-25,3022.55,8243.12,8029.22
2019-10-28,3039.42,8325.99,8110.67
2019-10-29,3036.89,8276.85,8047.51
2019-10-30,3046.77,8303.98,8083.11
2019-10-31,3037.56,8292.36,8083.83
2019-11-01,3066.91,8386.4,8161.17
2019-11-04,3078.27,8433.2,8210.66
2019-11-05,3074.62,8434.68,8210.18
2019-11-06,3076.78,8410.63,8196.03
2019-11-07,3085.18,8434.52,8219.65
2019-11-08,3093.08,8475.31,8255.89
2019-11-11,3087.01,8464.28,8241.91
2019-11-12,3091.84,8486.09,8263.79
2019-11-13,3094.04,8482.1,8259.81
2019-11-14,3096.63,8479.02,8257.83
2019-11-15,3120.46,8540.83,8315.52
2019-11-18,3122.03,8549.94,8328.48
2019-11-19,3120.18,8570.66,8338.74
2019-11-20,3108.46,8526.73,8283.75
2019-11-21,3103.54,8506.21,8265.62
2019-11-22,3110.29,8519.88,8272.05
2019-11-25,3133.64,8632.49,8371.93
2019-11-26,3140.52,8647.93,8385.75
2019-11-27,3153.63,8705.18,8444.71
2019-11-29,3140.98,8665.47,8403.68
2019-12-02,3113.87,8567.99,8309.26
2019-12-03,3093.2,8520.64,8254.74
2019-12-04,3112.76,8566.67,8296.53
2019-12-05,3117.43,8570.7,8308.4
2019-12-06,3145.91,8656.53,8397.37
2019-12-09,3135.96,8621.83,8362.74
2019-12-10,3132.52,8616.18,8354.29
2019-12-11,3141.63,8654.05,8402.61
2019-12-12,3168.57,8717.32,8466.89
2019-12-13,3168.8,8734.88,8487.71
2019-12-16,3191.45,8814.23,8570.33
2019-12-17,3192.52,8823.36,8575.7
2019-12-18,3191.14,8827.73,8580.62
2019-12-19,3205.37,8887.22,8641.29
2019-12-20,3221.22,8924.96,8678.49
2019-12-23,3224.01,8945.65,8696.01
2019-12-24,3223.38,8952.88,8699.51
2019-12-26,3239.91,9022.39,8778.31
2019-12-27,3240.02,9006.62,8770.98
2019-12-30,3221.29,8945.99,8709.73
2019-12-31,3230.78,8972.6,8733.07
2020-01-02,3257.85,9092.19,8872.22
2020-01-03,3234.85,9020.77,8793.9
2020-01-06,3246.28,9071.46,8848.52
2020-01-07,3237.18,9068.58,8846.45
2020-01-08,3253.05,9129.24,8912.37
2020-01-09,3274.7,9203.43,8989.63
2020-01-10,3265.35,9178.86,8966.64
2020-01-13,3288.13,9273.93,9070.65
2020-01-14,3283.15,9251.33,9033.42
2020-01-15,3289.29,9258.7,9035.67
2020-01-16,3316.81,9357.13,9125.0
2020-01-17,3329.62,9388.94,9173.73
2020-01-21,3320.79,9370.81,9166.63
2020-01-22,3321.75,9383.77,9188.57
2020-01-23,3325.54,9402.48,9216.98
2020-01-24,3295.47,9314.91,9141.47
2020-01-27,3243.63,9139.31,8952.18
2020-01-28,3276.24,9269.68,9090.93
2020-01-29,3273.4,9275.16,9101.61
2020-01-30,3283.66,9298.93,9136.09
2020-01-31,3225.52,9150.94,8991.51
2020-02-03,3248.92,9273.4,9126.23
2020-02-04,3297.59,9467.97,9334.06
2020-02-05,3334.69,9508.68,9367.48
2020-02-06,3345.78,9572.15,9445.92
2020-02-07,3327.71,9520.51,9401.1
2020-02-10,3352.09,9628.39,9516.84
2020-02-11,3357.75,9638.94,9517.86
2020-02-12,3379.45,9725.96,9613.2
2020-02-13,3373.94,9711.97,9595.7
2020-02-14,3380.16,9731.18,9623.58
2020-02-18,3370.29,9732.74,9629.8
2020-02-19,3386.15,9817.18,9718.73
2020-02-20,3373.23,9750.96,9627.83
2020-02-21,3337.75,9576.59,9446.69
2020-02-24,3225.89,9221.28,9079.63
2020-02-25,3128.21,8965.61,8834.87
2020-02-26,3116.39,8980.77,8873.76
2020-02-27,2978.76,8566.48,8436.67
2020-02-28,2954.22,8567.37,8461.83
2020-03-02,3090.23,8952.16,8877.98
2020-03-03,3003.37,8684.09,8594.49
2020-03-04,3130.12,9018.09,8949.28
2020-03-05,3023.94,8738.6,8671.66
2020-03-06,2972.37,8575.62,8530.34
2020-03-09,2746.56,7950.68,7948.03
2020-03-10,2882.23,8344.25,8372.27
2020-03-11,2741.38,7952.05,8006.12
2020-03-12,2480.64,7201.8,7263.65
2020-03-13,2711.02,7874.88,7995.26
2020-03-16,2386.13,6904.59,7020.38
2020-03-17,2529.19,7334.78,7473.95
2020-03-18,2398.1,6989.84,7175.18
2020-03-19,2409.39,7150.58,7288.52
2020-03-20,2304.92,6879.52,6994.29
2020-03-23,2237.4,6860.67,7006.92
2020-03-24,2447.33,7417.86,7553.82
2020-03-25,2475.56,7384.3,7469.62
2020-03-26,2630.07,7797.54,7897.13
2020-03-27,2541.47,7502.38,7588.37
2020-03-30,2626.65,7774.15,7889.01
2020-03-31,2584.59,7700.1,7813.5
2020-04-01,2470.5,7360.58,7486.29
2020-04-02,2526.9,7487.31,7635.66
2020-04-03,2488.65,7373.08,7528.11
2020-04-06,2663.68,7913.24,8081.66
2020-04-07,2659.41,7887.26,8049.31
2020-04-08,2749.98,8090.9,8229.54
2020-04-09,2789.82,8153.58,8238.53
2020-04-13,2761.63,8192.42,8332.74
2020-04-14,2846.06,8515.74,8692.16
2020-04-15,2783.36,8393.18,8591.96
2020-04-16,2799.55,8532.36,8757.83
2020-04-17,2874.56,8650.14,8832.41
2020-04-20,2823.16,8560.73,8726.51
2020-04-21,2736.56,8263.23,8403.0
2020-04-22,2799.31,8495.38,8664.63
2020-04-23,2797.8,8494.75,8641.5
2020-04-24,2836.74,8634.52,8786.6
2020-04-27,2878.48,8730.16,8837.66
2020-04-28,2863.39,8607.73,8677.6
2020-04-29,2939.51,8914.71,8982.76
2020-04-30,2912.43,8889.55,9000.51
2020-05-01,2830.71,8604.95,8718.18
2020-05-04,2842.74,8710.71,8834.11
2020-05-05,2868.44,8809.12,8930.62
2020-05-06,2848.42,8854.39,8984.86
2020-05-07,2881.19,8979.66,9101.88
2020-05-08,2929.8,9121.32,9220.35
2020-05-11,2930.32,9192.34,9298.92
2020-05-12,2870.12,9002.55,9112.45
2020-05-13,2820.0,8863.17,9000.08
2020-05-14,2852.5,8943.72,9094.43
2020-05-15,2863.7,9014.56,9152.64
2020-05-18,2953.91,9234.83,9331.93
2020-05-19,2922.94,9185.1,9298.54
2020-05-20,2971.61,9375.78,9485.02
2020-05-21,2948.51,9284.88,9377.99
2020-05-22,2955.45,9324.59,9413.99
2020-05-26,2991.77,9340.22,9389.98
2020-05-27,3036.13,9412.36,9442.05
2020-05-28,3029.73,9368.99,9416.71
2020-05-29,3044.31,9489.87,9555.52
2020-06-01,3055.73,9552.05,9598.89
2020-06-02,3080.82,9608.37,9657.31
2020-06-03,3122.87,9682.91,9704.69
2020-06-04,3112.35,9615.81,9629.66
2020-06-05,3193.93,9814.08,9824.39
2020-06-08,3232.39,9924.74,9901.52
2020-06-09,3207.18,9953.75,9967.17
2020-06-10,3190.14,10020.35,10094.26
2020-06-11,3002.1,9492.73,9588.48
2020-06-12,3041.31,9588.81,9663.77
2020-06-15,3066.59,9726.02,9776.89
2020-06-16,3124.74,9895.87,9949.37
2020-06-17,3113.49,9910.53,9982.48
2020-06-18,3115.34,9943.05,10012.05
2020-06-19,3097.74,9946.12,10008.64
2020-06-22,3117.86,10056.47,10130.33
2020-06-23,3131.29,10131.37,10209.82
2020-06-24,3050.33,9909.17,10002.7
2020-06-25,3083.76,10017.0,10101.83
2020-06-26,3009.05,9757.22,9849.36
2020-06-29,3053.24,9874.15,9961.16
2020-06-30,3100.29,10058.77,10156.85
2020-07-01,3115.86,10154.63,10279.25
2020-07-02,3130.01,10207.63,10341.89
2020-07-06,3179.72,10433.65,10604.06
2020-07-07,3145.32,10343.89,10524.01
2020-07-08,3169.94,10492.5,10666.7
2020-07-09,3152.05,10547.75,10754.59
2020-07-10,3185.04,10617.44,10836.33
2020-07-13,3155.22,10390.84,10602.21
2020-07-14,3197.52,10488.58,10689.52
2020-07-15,3226.56,10550.49,10701.68
2020-07-16,3215.57,10473.83,10626.46
2020-07-17,3224.73,10503.19,10645.22
2020-07-20,3251.84,10767.09,10952.08
2020-07-21,3257.3,10680.36,10833.07
2020-07-22,3276.02,10706.13,10870.75
2020-07-23,3235.66,10461.42,10580.59
2020-07-24,3215.63,10363.18,10483.13
2020-07-27,3239.41,10536.27,10674.38
2020-07-28,3218.44,10402.09,10532.5
2020-07-29,3258.44,10542.94,10662.98
2020-07-30,3246.22,10587.81,10715.51
2020-07-31,3271.12,10745.27,10905.88
2020-08-03,3294.61,10902.8,11055.08
2020-08-04,3306.51,10941.17,11096.54
2020-08-05,3327.77,10998.4,11125.44
2020-08-06,3349.16,11108.07,11267.08
2020-08-07,3351.28,11010.98,11139.39
2020-08-10,3360.47,10968.36,11085.17
2020-08-11,3333.69,10782.82,10876.08
2020-08-12,3380.35,11012.24,11157.72
2020-08-13,3373.43,11042.5,11178.37
2020-08-14,3372.85,11019.3,11164.45
2020-08-17,3381.99,11129.73,11288.57
2020-08-18,3389.78,11210.84,11399.03
2020-08-19,3374.85,11146.46,11318.64
2020-08-20,3385.51,11264.95,11477.05
2020-08-21,3397.16,11311.8,11555.16
2020-08-24,3431.28,11379.72,11626.17
2020-08-25,3443.62,11466.47,11721.81
2020-08-26,3478.73,11665.06,11971.94
2020-08-27,3484.55,11625.34,11926.16
2020-08-28,3508.01,11695.63,11995.85
2020-08-31,3500.31,11775.46,12110.7
2020-09-01,3526.65,11939.67,12292.86
2020-09-02,3580.84,12056.44,12420.54
2020-09-03,3455.06,11458.1,11771.37
2020-09-04,3426.96,11313.13,11622.13
2020-09-08,3331.84,10847.69,11068.26
2020-09-09,3398.96,11141.56,11395.85
2020-09-10,3339.19,10919.59,11154.12
2020-09-11,3340.97,10853.55,11087.4
2020-09-14,3383.54,11056.65,11277.76
2020-09-15,3401.2,11190.32,11438.87
2020-09-16,3385.49,11050.47,11247.6
2020-09-17,3357.01,10910.28,11080.95
2020-09-18,3319.47,10793.28,10936.98
2020-09-21,3281.06,10778.94,10980.22
2020-09-22,3315.57,10963.77,11186.37
2020-09-23,3236.92,10633.15,10833.33
2020-09-24,3246.59,10672.43,10896.47
2020-09-25,3298.46,10913.73,11151.13
2020-09-28,3351.6,11117.7,11364.45
2020-09-29,3335.47,11085.42,11322.95
2020-09-30,3363.0,11167.68,11418.06
2020-10-01,3380.8,11326.61,11583.2
2020-10-02,3348.44,11075.11,11255.69
2020-10-05,3408.63,11332.58,11509.06
2020-10-06,3360.95,11154.7,11291.27
2020-10-07,3419.45,11364.7,11503.19
2020-10-08,3446.83,11421.08,11550.94
2020-10-09,3477.13,11580.05,11725.85
2020-10-12,3534.22,11876.36,12088.11
2020-10-13,3511.93,11864.0,12083.17
2020-10-14,3488.67,11768.83,11985.36
2020-10-15,3483.34,11713.97,11898.57
2020-10-16,3483.81,11671.66,11852.17
2020-10-19,3426.92,11478.98,11634.35
2020-10-20,3443.12,11516.49,11677.84
2020-10-21,3435.56,11484.69,11665.37
2020-10-22,3453.49,11506.01,11662.91
2020-10-23,3465.39,11548.28,11692.57
2020-10-26,3400.97,11358.94,11504.52
2020-10-27,3390.68,11431.35,11598.95
2020-10-28,3271.03,11004.87,11142.76
2020-10-29,3310.11,11185.59,11350.74
2020-10-30,3269.96,10911.59,11052.95
2020-11-02,3310.24,10957.61,11084.76
2020-11-03,3369.16,11160.57,11279.91
2020-11-04,3443.44,11590.78,11777.02
2020-11-05,3510.45,11890.93,12078.07
2020-11-06,3509.44,11895.23,12091.35
2020-11-09,3550.5,11713.78,11830.39
2020-11-10,3545.53,11553.86,11624.29
2020-11-11,3572.66,11786.43,11892.93
2020-11-12,3537.01,11709.59,11827.14
2020-11-13,3585.15,11829.29,11937.84
2020-11-16,3626.91,11924.13,12013.38
2020-11-17,3609.53,11899.34,11977.49
2020-11-18,3567.79,11801.6,11894.71
2020-11-19,3581.87,11904.71,11985.43
2020-11-20,3557.54,11854.97,11906.44
2020-11-23,3577.59,11881.17,11905.94
2020-11-24,3635.41,12037.33,12079.81
2020-11-25,3629.65,12094.4,12152.22
2020-11-27,3638.35,12205.85,12258.21
2020-11-30,3621.63,12198.74,12268.32
2020-12-01,3662.45,12355.11,12455.33
2020-12-02,3669.01,12349.37,12456.41
2020-12-03,3666.72,12377.18,12467.13
2020-12-04,3699.12,12464.23,12528.48
2020-12-07,3691.96,12519.95,12596.47
2020-12-08,3702.25,12582.77,12635.72
2020-12-09,3672.82,12338.95,12364.64
2020-12-10,3668.1,12405.81,12401.74
2020-12-11,3663.46,12377.87,12375.41
2020-12-14,3647.49,12440.04,12462.21
2020-12-15,3694.62,12595.06,12595.92
2020-12-16,3701.17,12658.19,12668.16
2020-12-17,3722.48,12764.75,12752.06
2020-12-18,3709.41,12755.64,12738.18
2020-12-21,3694.92,12742.52,12690.26
2020-12-22,3687.26,12807.92,12717.56
2020-12-23,3690.01,12771.11,12653.14
2020-12-24,3703.06,12804.73,12711.01
2020-12-28,3735.36,12899.42,12838.86
2020-12-29,3727.04,12850.22,12843.49
2020-12-30,3732.04,12870.0,12845.36
2020-12-31,3756.07,12888.28,12888.28
2021-01-04,3700.65,12698.45,12694.66
2021-01-05,3726.86,12818.96,12802.38
2021-01-06,3748.14,12740.79,12623.35
2021-01-07,3803.79,13067.48,12939.57
2021-01-08,3824.68,13201.98,13105.2
2021-01-11,3799.61,13036.43,12902.49
2021-01-12,3801.19,13072.43,12892.09
2021-01-13,3809.84,13128.95,12973.63
2021-01-14,3795.54,13112.64,12898.69
2021-01-15,3768.25,12998.5,12803.93
2021-01-19,3798.91,13197.18,12996.54
2021-01-20,3851.85,13457.25,13296.45
2021-01-21,3853.07,13530.91,13404.99
2021-01-22,3841.47,13543.06,13366.4
2021-01-25,3855.36,13635.99,13483.29
2021-01-26,3849.62,13626.06,13490.19
2021-01-27,3750.77,13270.6,13112.65
2021-01-28,3787.38,13337.16,13201.53
2021-01-29,3714.24,13070.69,12925.38
2021-02-01,3773.86,13403.39,13248.9
2021-02-02,3826.31,13612.78,13456.12
2021-02-03,3830.17,13610.54,13402.37
2021-02-04,3871.74,13777.74,13560.89
2021-02-05,3886.83,13856.3,13603.96
2021-02-08,3915.59,13987.64,13695.02
2021-02-09,3911.23,14007.7,13687.08
2021-02-10,3909.88,13972.53,13655.27
2021-02-11,3916.38,14025.77,13734.35
2021-02-12,3934.83,14095.47,13807.7
2021-02-16,3932.59,14047.5,13773.77
2021-02-17,3931.33,13965.5,13699.71
2021-02-18,3913.97,13865.36,13637.51
2021-02-19,3906.71,13874.47,13580.78
2021-02-22,3876.5,13533.05,13223.74
2021-02-23,3881.37,13465.2,13194.71
2021-02-24,3925.43,13597.97,13302.19
2021-02-25,3829.34,13119.43,12828.31
2021-02-26,3811.15,13192.35,12909.44
2021-03-01,3901.82,13588.83,13282.95
2021-03-02,3870.29,13358.79,13059.95
2021-03-03,3819.72,12997.75,12683.33
2021-03-04,3768.47,12723.47,12464.0
2021-03-05,3841.94,12920.15,12668.51
2021-03-08,3821.35,12609.16,12299.08
2021-03-09,3875.44,13073.82,12794.49
2021-03-10,3898.81,13068.83,12752.07
2021-03-11,3939.34,13398.67,13052.9
2021-03-12,3943.34,13319.86,12937.29
2021-03-15,3968.94,13459.71,13082.54
2021-03-16,3962.71,13471.57,13152.28
2021-03-17,3974.12,13525.2,13202.38
2021-03-18,3915.46,13116.17,12789.14
2021-03-19,3913.1,13215.24,12866.99
2021-03-22,3940.59,13377.54,13086.51
2021-03-23,3910.52,13227.7,13017.79
2021-03-24,3889.14,12961.89,12798.88
2021-03-25,3909.52,12977.68,12780.51
2021-03-26,3974.54,13138.72,12979.12
2021-03-29,3971.09,13059.65,12965.74
2021-03-30,3958.55,13045.39,12896.53
2021-03-31,3972.89,13246.87,13091.44
2021-04-01,4019.87,13480.11,13329.51
2021-04-05,4077.91,13705.59,13598.16
2021-04-06,4073.94,13698.38,13578.46
2021-04-07,4079.95,13688.84,13616.7
2021-04-08,4097.17,13829.31,13758.51
2021-04-09,4128.8,13900.19,13845.05
2021-04-12,4127.99,13850.0,13819.35
2021-04-13,4141.59,13996.1,13986.49
2021-04-14,4124.66,13857.84,13803.91
2021-04-15,4170.42,14038.76,14026.19
2021-04-16,4185.47,14052.34,14041.91
2021-04-19,4163.26,13914.77,13907.67
2021-04-20,4134.94,13786.27,13809.3
2021-04-21,4173.42,13950.22,13935.15
2021-04-22,4134.98,13818.41,13762.36
2021-04-23,4180.17,14016.81,13941.44
2021-04-26,4187.62,14138.78,14026.16
2021-04-27,4186.72,14090.22,13960.28
2021-04-28,4183.18,14051.03,13901.62
2021-04-29,4211.47,14082.55,13970.2
2021-04-30,4181.17,13962.68,13860.76
2021-05-03,4192.66,13895.12,13799.72
2021-05-04,4164.66,13633.5,13544.67
2021-05-05,4167.59,13582.42,13503.37
2021-05-06,4201.62,13632.84,13613.73
2021-05-07,4232.6,13752.24,13719.63
2021-05-10,4188.43,13401.86,13359.08
2021-05-11,4152.1,13389.43,13351.27
2021-05-12,4063.04,13031.68,13001.63
2021-05-13,4112.5,13124.99,13109.15
2021-05-14,4173.85,13429.98,13393.12
2021-05-17,4163.29,13379.05,13312.91
2021-05-18,4127.83,13303.64,13217.68
2021-05-19,4115.68,13299.74,13237.91
2021-05-20,4159.12,13535.74,13494.09
2021-05-21,4155.86,13470.99,13411.74
2021-05-24,4197.05,13661.17,13641.75
2021-05-25,4188.13,13657.17,13657.73
2021-05-26,4195.99,13738.0,13702.74
2021-05-27,4200.88,13736.28,13657.85
2021-05-28,4204.11,13748.74,13686.51
2021-06-01,4202.04,13736.48,13654.59
2021-06-02,4208.12,13756.33,13675.79
2021-06-03,4192.85,13614.51,13529.68
2021-06-04,4229.89,13814.49,13770.77
2021-06-07,4226.52,13881.72,13802.89
2021-06-08,4227.26,13924.91,13810.86
2021-06-09,4219.55,13911.75,13814.94
2021-06-10,4239.18,14020.33,13960.35
2021-06-11,4247.44,14069.42,13998.3
2021-06-14,4255.15,14174.14,14128.2
2021-06-15,4246.59,14072.86,14030.41
2021-06-16,4223.7,14039.68,13983.01
2021-06-17,4221.86,14161.35,14163.81
2021-06-18,4166.45,14030.38,14049.58
2021-06-21,4224.79,14141.48,14137.23
2021-06-22,4246.44,14253.27,14270.42
2021-06-23,4241.84,14271.73,14274.24
2021-06-24,4266.49,14369.71,14365.96
2021-06-25,4280.7,14360.39,14345.18
2021-06-28,4290.61,14500.51,14524.98
2021-06-29,4291.8,14528.33,14572.75
2021-06-30,4297.5,14503.95,14554.8
2021-07-01,4319.94,14522.38,14560.05
2021-07-02,4352.34,14639.33,14727.63
2021-07-06,4343.54,14663.64,14786.36
2021-07-07,4358.13,14665.06,14810.54
2021-07-08,4320.82,14559.78,14722.14
2021-07-09,4369.55,14701.92,14826.09
2021-07-12,4384.63,14733.24,14877.89
2021-07-13,4369.21,14677.65,14874.54
2021-07-14,4374.3,14644.95,14900.44
2021-07-15,4360.03,14543.13,14794.69
2021-07-16,4327.16,14427.24,14681.38
2021-07-19,4258.49,14274.98,14549.09
2021-07-20,4323.06,14498.88,14728.21
2021-07-21,4358.69,14631.95,14842.63
2021-07-22,4367.48,14684.6,14940.17
2021-07-23,4411.79,14836.99,15111.79
2021-07-26,4422.3,14840.71,15125.95
2021-07-27,4401.46,14660.58,14956.97
2021-07-28,4400.64,14762.58,15018.1
2021-07-29,4419.15,14778.26,15048.36
2021-07-30,4395.26,14672.68,14959.9
2021-08-02,4387.16,14681.07,14963.62
2021-08-03,4423.15,14761.29,15061.42
2021-08-04,4402.66,14780.53,15083.39
2021-08-05,4429.1,14895.12,15181.64
2021-08-06,4436.52,14835.76,15109.36
2021-08-09,4432.35,14860.18,15133.11
2021-08-10,4436.75,14788.09,15053.58
2021-08-11,4447.7,14765.14,15027.76
2021-08-12,4460.83,14816.26,15088.98
2021-08-13,4468.0,14822.9,15136.68
2021-08-16,4479.71,14793.76,15140.77
2021-08-17,4448.08,14656.18,15002.83
2021-08-18,4400.27,14525.91,14857.92
2021-08-19,4405.8,14541.79,14933.94
2021-08-20,4441.67,14714.66,15092.57
2021-08-23,4479.53,14942.65,15312.82
2021-08-24,4486.23,15019.8,15357.68
2021-08-25,4496.19,15041.86,15368.92
2021-08-26,4470.0,14945.81,15278.52
2021-08-27,4509.37,15129.5,15432.95
2021-08-30,4528.79,15265.89,15605.09
2021-08-31,4522.68,15259.24,15582.51
2021-09-01,4524.09,15309.38,15611.57
2021-09-02,4536.95,15331.18,15604.25
2021-09-03,4535.43,15363.52,15652.86
2021-09-07,4520.03,15374.33,15675.76
2021-09-08,4514.07,15286.64,15620.85
2021-09-09,4493.28,15248.25,15561.05
2021-09-10,4458.58,15115.49,15440.75
2021-09-13,4468.73,15105.58,15434.5
2021-09-14,4443.05,15037.76,15382.9
2021-09-15,4480.7,15161.53,15503.53
2021-09-16,4473.75,15181.92,15515.91
2021-09-17,4432.99,15043.97,15333.47
2021-09-20,4357.73,14713.9,15012.19
2021-09-21,4354.19,14746.4,15027.77
2021-09-22,4395.64,14896.85,15176.51
2021-09-23,4448.98,15052.24,15316.58
2021-09-24,4455.48,15047.7,15329.68
2021-09-27,4443.11,14969.97,15204.82
2021-09-28,4352.63,14546.68,14770.3
2021-09-29,4359.46,14512.44,14752.89
2021-09-30,4307.54,14448.58,14689.62
2021-10-01,4357.04,14566.7,14791.87
2021-10-04,4300.46,14255.48,14472.12
2021-10-05,4345.72,14433.83,14674.15
2021-10-06,4363.55,14501.91,14766.75
2021-10-07,4399.76,14654.02,14897.13
2021-10-08,4391.34,14579.54,14820.75
2021-10-11,4361.19,14486.2,14713.73
2021-10-12,4350.65,14465.92,14662.11
2021-10-13,4363.8,14571.64,14774.6
2021-10-14,4438.26,14823.43,15052.42
2021-10-15,4471.37,14897.34,15146.92
2021-10-18,4486.46,15021.81,15300.89
2021-10-19,4519.63,15129.09,15410.72
2021-10-20,4536.19,15121.68,15388.71
2021-10-21,4549.78,15215.7,15489.59
2021-10-22,4544.9,15090.2,15355.07
2021-10-25,4566.48,15226.71,15514.19
2021-10-26,4574.79,15235.71,15559.49
2021-10-27,4551.68,15235.84,15598.39
2021-10-28,4596.42,15448.12,15778.16
2021-10-29,4605.38,15498.39,15850.47
2021-11-01,4613.67,15595.92,15905.28
2021-11-02,4630.65,15649.6,15972.49
2021-11-03,4660.57,15811.58,16144.5
2021-11-04,4680.06,15940.31,16346.24
2021-11-05,4697.53,15971.59,16359.38
2021-11-08,4701.7,15982.36,16336.03
2021-11-09,4685.25,15886.54,16219.94
2021-11-10,4646.71,15622.71,15985.57
2021-11-11,4649.27,15704.28,16032.47
2021-11-12,4682.85,15860.96,16199.89
2021-11-15,4682.8,15853.85,16189.12
2021-11-16,4700.9,15973.86,16309.77
2021-11-17,4688.67,15921.57,16308.07
2021-11-18,4704.54,15993.71,16482.97
2021-11-19,4697.96,16057.44,16573.34
2021-11-22,4682.94,15854.76,16380.98
2021-11-23,4690.7,15775.14,16306.72
2021-11-24,4701.46,15845.23,16367.81
2021-11-26,4594.62,15491.66,16025.58
2021-11-29,4655.27,15782.83,16399.24
2021-11-30,4567.0,15537.69,16135.92
2021-12-01,4513.04,15254.05,15877.72
2021-12-02,4577.1,15381.32,15990.76
2021-12-03,4538.43,15085.47,15712.04
2021-12-06,4591.67,15225.15,15846.16
2021-12-07,4686.75,15686.92,16325.66
2021-12-08,4701.21,15786.99,16394.34
2021-12-09,4667.45,15517.37,16149.57
2021-12-10,4712.02,15630.6,16331.98
2021-12-13,4668.97,15413.28,16082.55
2021-12-14,4634.09,15237.64,15914.9
2021-12-15,4709.85,15565.58,16289.59
2021-12-16,4668.67,15180.43,15863.94
2021-12-17,4620.64,15169.68,15801.46
2021-12-20,4568.02,14980.94,15627.64
2021-12-21,4649.23,15341.09,15986.28
2021-12-22,4696.56,15521.89,16180.14
2021-12-23,4725.79,15653.37,16308.21
2021-12-27,4791.19,15871.26,16567.5
2021-12-28,4786.35,15781.72,16488.66
2021-12-29,4793.06,15766.22,16491.01
2021-12-30,4778.73,15741.56,16429.1
2021-12-31,4766.18,15644.97,16320.08
2022-01-03,4796.56,15832.8,16501.77
2022-01-04,4793.54,15622.72,16279.73
2022-01-05,4700.58,15100.17,15771.78
2022-01-06,4696.05,15080.86,15765.36
2022-01-07,4677.03,14935.9,15592.19
2022-01-10,4670.29,14942.83,15614.43
2022-01-11,4713.07,15153.45,15844.12
2022-01-12,4726.35,15188.39,15905.1
2022-01-13,4659.03,14806.81,15495.62
2022-01-14,4662.85,14893.75,15611.59
2022-01-18,4577.11,14506.9,15210.76
2022-01-19,4532.76,14340.26,15047.84
2022-01-20,4482.73,14154.02,14846.46
2022-01-21,4397.94,13768.92,14438.4
2022-01-24,4410.13,13855.13,14509.58
2022-01-25,4356.45,13539.29,14149.12
2022-01-26,4349.93,13542.12,14172.76
2022-01-27,4326.51,13352.78,14003.11
2022-01-28,4431.85,13770.57,14454.61
2022-01-31,4515.55,14239.88,14930.05
2022-02-01,4546.54,14346.0,15019.68
2022-02-02,4589.38,14417.55,15139.74
2022-02-03,4477.44,13878.82,14501.11
2022-02-04,4500.53,14098.01,14694.35
2022-02-07,4483.87,14015.67,14571.25
2022-02-08,4521.54,14194.45,14747.03
2022-02-09,4587.18,14490.37,15056.96
2022-02-10,4504.08,14185.64,14705.64
2022-02-11,4418.64,13791.15,14253.84
2022-02-14,4401.67,13790.92,14268.59
2022-02-15,4471.07,14139.76,14620.82
2022-02-16,4475.01,14124.09,14603.64
2022-02-17,4380.26,13716.72,14171.74
2022-02-18,4348.87,13548.07,14009.54
2022-02-22,4304.76,13381.52,13870.53
2022-02-23,4225.5,13037.49,13509.43
2022-02-24,4288.7,13473.59,13974.67
2022-02-25,4384.65,13694.62,14189.16
2022-02-28,4373.94,13751.4,14237.81
2022-03-01,4306.26,13532.46,14005.99
2022-03-02,4386.54,13752.02,14243.69
2022-03-03,4363.49,13537.94,14035.21
2022-03-04,4328.87,13313.44,13837.83
2022-03-07,4201.09,12830.96,13319.38
2022-03-08,4170.7,12795.55,13267.6
2022-03-09,4277.88,13255.55,13742.2
2022-03-10,4259.52,13129.96,13591.0
2022-03-11,4204.31,12843.81,13301.83
2022-03-14,4173.11,12581.22,13046.64
2022-03-15,4262.45,12948.62,13458.56
2022-03-16,4357.86,13436.55,13956.79
2022-03-17,4411.67,13614.78,14118.6
2022-03-18,4463.12,13893.84,14420.08
2022-03-21,4461.18,13838.46,14376.09
2022-03-22,4511.61,14108.82,14654.33
2022-03-23,4456.24,13922.6,14447.55
2022-03-24,4520.16,14191.84,14765.69
2022-03-25,4543.06,14169.3,14754.31
2022-03-28,4575.52,14354.9,14987.4
2022-03-29,4631.6,14619.64,15239.32
2022-03-30,4602.45,14442.27,15071.55
2022-03-31,4530.41,14220.52,14838.49
2022-04-01,4545.86,14261.5,14861.21
2022-04-04,4582.64,14532.55,15159.58
2022-04-05,4525.12,14204.17,14820.64
2022-04-06,4481.15,13888.82,14498.88
2022-04-07,4500.21,13897.3,14531.81
2022-04-08,4488.28,13711.0,14327.26
2022-04-11,4412.53,13411.96,13990.21
2022-04-12,4397.45,13371.57,13940.24
2022-04-13,4446.59,13643.59,14217.29
2022-04-14,4392.59,13351.08,13893.21
2022-04-18,4391.69,13332.36,13910.76
2022-04-19,4462.21,13619.66,14210.26
2022-04-20,4459.45,13453.07,13998.53
2022-04-21,4393.66,13174.65,13720.45
2022-04-22,4271.78,12839.29,13356.87
2022-04-25,4296.12,13004.85,13533.22
2022-04-26,4175.2,12490.74,13009.71
2022-04-27,4183.96,12488.93,13003.36
2022-04-28,4287.5,12871.53,13456.06
2022-04-29,4131.93,12334.64,12854.8
2022-05-02,4155.38,12536.02,13075.85
2022-05-03,4175.48,12563.76,13089.9
2022-05-04,4300.17,12964.86,13535.71
2022-05-05,4146.87,12317.69,12850.55
2022-05-06,4123.34,12144.66,12693.53
2022-05-09,3991.24,11623.25,12187.72
2022-05-10,4001.05,11737.67,12345.86
2022-05-11,3935.18,11364.24,11967.56
2022-05-12,3930.08,11370.96,11945.5
2022-05-13,4023.89,11805.0,12387.4
2022-05-16,4008.01,11662.79,12243.58
2022-05-17,4088.85,11984.52,12564.1
2022-05-18,3923.68,11418.15,11928.31
2022-05-19,3900.79,11388.5,11875.63
2022-05-20,3901.36,11354.62,11835.62
2022-05-23,3973.75,11535.27,12034.28
2022-05-24,3941.48,11264.45,11769.84
2022-05-25,3978.73,11434.74,11943.93
2022-05-26,4057.84,11740.65,12276.79
2022-05-27,4158.24,12131.13,12681.42
2022-05-31,4132.15,12081.39,12642.1
2022-06-01,4101.23,11994.46,12548.36
2022-06-02,4176.82,12316.9,12892.89
2022-06-03,4108.54,12012.73,12548.03
2022-06-06,4121.43,12061.37,12599.63
2022-06-07,4160.68,12175.23,12711.68
2022-06-08,4115.77,12086.27,12615.13
2022-06-09,4017.82,11754.23,12269.78
2022-06-10,3900.86,11340.02,11832.82
2022-06-13,3749.63,10809.23,11288.32
2022-06-14,3735.48,10828.35,11311.69
2022-06-15,3789.99,11099.15,11593.77
2022-06-16,3666.77,10646.1,11127.57
2022-06-17,3674.84,10798.35,11265.99
2022-06-21,3764.79,11069.3,11546.76
2022-06-22,3759.89,11053.08,11527.71
2022-06-23,3795.73,11232.19,11697.68
2022-06-24,3911.74,11607.62,12105.85
2022-06-27,3900.11,11524.55,12008.24
2022-06-28,3821.55,11181.54,11637.77
2022-06-29,3818.83,11177.89,11658.26
2022-06-30,3785.38,11028.74,11503.72
2022-07-01,3825.33,11127.85,11585.68
2022-07-05,3831.39,11322.24,11779.9
2022-07-06,3845.08,11361.85,11852.59
2022-07-07,3902.62,11621.35,12109.05
2022-07-08,3899.38,11635.31,12125.69
2022-07-11,3854.43,11372.6,11860.28
2022-07-12,3818.8,11264.73,11744.99
2022-07-13,3801.78,11247.58,11728.53
2022-07-14,3790.38,11251.19,11768.4
2022-07-15,3863.16,11452.42,11983.62
2022-07-18,3830.85,11360.05,11877.5
2022-07-19,3936.69,11713.15,12249.42
2022-07-20,3959.9,11897.65,12439.68
2022-07-21,3998.95,12059.61,12619.41
2022-07-22,3961.63,11834.11,12396.47
2022-07-25,3966.84,11782.67,12328.41
2022-07-26,3921.05,11562.57,12086.9
2022-07-27,4023.61,12032.42,12601.47
2022-07-28,4072.43,12162.59,12717.87
2022-07-29,4130.29,12390.69,12947.97
2022-08-01,4118.63,12368.98,12940.78
2022-08-02,4091.19,12348.76,12901.6
2022-08-03,4155.17,12668.16,13253.26
2022-08-04,4151.94,12720.58,13311.04
2022-08-05,4145.19,12657.55,13207.69
2022-08-08,4140.06,12644.46,13159.16
2022-08-09,4122.47,12493.93,13008.17
2022-08-10,4210.24,12854.8,13378.32
2022-08-11,4207.27,12779.91,13291.99
2022-08-12,4280.15,13047.19,13565.87
2022-08-15,4297.14,13128.05,13667.18
2022-08-16,4305.2,13102.55,13635.21
2022-08-17,4274.04,12938.12,13470.86
2022-08-18,4283.74,12965.34,13505.99
2022-08-19,4228.48,12705.22,13242.9
2022-08-22,4137.99,12381.57,12890.54
2022-08-23,4128.73,12381.3,12881.79
2022-08-24,4140.77,12431.53,12917.86
2022-08-25,4199.12,12639.27,13143.58
2022-08-26,4057.66,12141.71,12605.17
2022-08-29,4030.61,12017.67,12484.32
2022-08-30,3986.16,11883.14,12342.7
2022-08-31,3955.0,11816.2,12272.03
2022-09-01,3966.85,11785.13,12274.62
2022-09-02,3924.26,11630.86,12098.44
2022-09-06,3908.19,11544.91,12011.31
2022-09-07,3979.87,11791.9,12259.39
2022-09-08,4006.18,11862.13,12321.19
2022-09-09,4067.36,12112.31,12588.29
2022-09-12,4110.41,12266.41,12739.72
2022-09-13,3932.69,11633.57,12033.62
2022-09-14,3946.01,11719.68,12134.4
2022-09-15,3901.35,11552.36,11927.49
2022-09-16,3873.33,11448.4,11861.38
2022-09-19,3899.89,11535.02,11953.27
2022-09-20,3855.93,11425.05,11851.54
2022-09-21,3789.93,11220.19,11637.79
2022-09-22,3757.99,11066.81,11501.65
2022-09-23,3693.23,10867.93,11311.24
2022-09-26,3655.04,10802.92,11254.11
2022-09-27,3647.29,10829.5,11271.75
2022-09-28,3719.04,11051.64,11493.83
2022-09-29,3640.47,10737.51,11164.78
2022-09-30,3585.62,10575.62,10971.22
2022-10-03,3678.43,10815.43,11229.73
2022-10-04,3790.93,11176.41,11582.54
2022-10-05,3783.28,11148.64,11573.18
2022-10-06,3744.52,11073.31,11485.5
2022-10-07,3639.66,10652.4,11039.47
2022-10-10,3612.39,10542.1,10926.97
2022-10-11,3588.84,10426.19,10791.35
2022-10-12,3577.03,10417.1,10785.62
2022-10-13,3669.91,10649.15,11033.58
2022-10-14,3583.07,10321.39,10692.06
2022-10-17,3677.95,10675.8,11062.53
2022-10-18,3719.98,10772.4,11147.74
2022-10-19,3695.16,10680.51,11103.38
2022-10-20,3665.78,10614.84,11046.71
2022-10-21,3752.75,10859.72,11310.33
2022-10-24,3797.34,10952.61,11430.26
2022-10-25,3859.11,11199.12,11669.99
2022-10-26,3830.6,10970.99,11405.9
2022-10-27,3807.3,10792.67,11191.63
2022-10-28,3901.06,11102.45,11546.21
2022-10-31,3871.98,10988.15,11405.57
2022-11-01,3856.1,10890.85,11288.95
2022-11-02,3759.69,10524.8,10906.34
2022-11-03,3719.89,10342.94,10690.6
2022-11-04,3770.55,10475.25,10857.03
2022-11-07,3806.8,10564.52,10977.0
2022-11-08,3828.11,10616.2,11059.5
2022-11-09,3748.57,10353.17,10797.55
2022-11-10,3956.37,11114.15,11605.96
2022-11-11,3992.93,11323.33,11817.01
2022-11-14,3957.25,11196.22,11700.94
2022-11-15,3991.73,11358.41,11871.15
2022-11-16,3958.79,11183.66,11699.09
2022-11-17,3946.56,11144.96,11676.86
2022-11-18,3965.34,11146.06,11677.02
2022-11-21,3949.94,11024.51,11553.45
2022-11-22,4003.58,11174.41,11724.84
2022-11-23,4027.26,11285.32,11838.72
2022-11-25,4026.12,11226.36,11756.03
2022-11-28,3963.94,11049.5,11587.75
2022-11-29,3957.63,10983.78,11503.45
2022-11-30,4080.11,11468.0,12030.06
2022-12-01,4076.57,11482.45,12041.89
2022-12-02,4071.7,11461.5,11994.26
2022-12-05,3998.84,11239.94,11786.8
2022-12-06,3941.26,11014.89,11549.69
2022-12-07,3933.92,10958.55,11497.39
2022-12-08,3963.51,11082.0,11637.5
2022-12-09,3934.38,11004.62,11563.33
2022-12-12,3990.56,11143.74,11706.44
2022-12-13,4019.65,11256.81,11834.21
2022-12-14,3995.32,11170.89,11740.92
2022-12-15,3895.75,10810.53,11345.22
2022-12-16,3852.36,10705.41,11243.72
2022-12-19,3817.66,10546.03,11084.59
2022-12-20,3821.62,10547.11,11072.42
2022-12-21,3878.44,10709.37,11235.88
2022-12-22,3822.39,10476.12,10956.14
2022-12-23,3844.82,10497.86,10985.45
2022-12-27,3829.25,10353.23,10822.51
2022-12-28,3783.22,10213.29,10679.34
2022-12-29,3849.28,10478.09,10951.05
2022-12-30,3839.5,10466.48,10939.76
2023-01-03,3824.14,10386.98,10862.64
2023-01-04,3852.97,10458.76,10914.8
2023-01-05,3808.1,10305.24,10741.22
2023-01-06,3895.08,10569.29,11040.35
2023-01-09,3892.09,10635.65,11108.45
2023-01-10,3919.25,10742.63,11205.78
2023-01-11,3969.61,10931.67,11402.52
2023-01-12,3983.17,11001.1,11459.61
2023-01-13,3999.09,11079.16,11541.48
2023-01-17,3990.97,11095.11,11557.19
2023-01-18,3928.86,10957.01,11410.29
2023-01-19,3898.85,10852.27,11295.67
2023-01-20,3972.61,11140.43,11619.03
2023-01-23,4019.81,11364.41,11872.54
2023-01-24,4016.95,11334.27,11846.64
2023-01-25,4016.22,11313.36,11814.69
2023-01-26,4060.43,11512.41,12051.48
2023-01-27,4070.56,11621.71,12166.6
2023-01-30,4017.77,11393.81,11912.39
2023-01-31,4076.6,11584.55,12101.93
2023-02-01,4119.21,11816.32,12363.1
2023-02-02,4179.76,12200.82,12803.14
2023-02-03,4136.48,12006.95,12573.36
2023-02-06,4111.08,11887.45,12464.51
2023-02-07,4164.0,12113.79,12728.27
2023-02-08,4117.86,11910.52,12495.38
2023-02-09,4081.5,11789.58,12381.17
2023-02-10,4090.46,11718.12,12304.92
2023-02-13,4137.29,11891.79,12502.31
2023-02-14,4136.13,11960.15,12590.89
2023-02-15,4147.6,12070.59,12687.89
2023-02-16,4090.41,11855.83,12442.48
2023-02-17,4079.09,11787.27,12358.18
2023-02-21,3997.34,11492.3,12060.3
2023-02-22,3991.05,11507.07,12066.27
2023-02-23,4012.32,11590.4,12180.14
2023-02-24,3970.04,11394.94,11969.65
2023-02-27,3982.24,11466.98,12057.79
2023-02-28,3970.15,11455.54,12042.12
2023-03-01,3951.39,11379.48,11938.57
2023-03-02,3981.35,11462.98,12044.87
2023-03-03,4045.64,11689.01,12290.81
2023-03-06,4048.42,11675.74,12302.48
2023-03-07,3986.37,11530.33,12152.17
2023-03-08,3992.01,11576.0,12215.33
2023-03-09,3918.32,11338.35,11995.88
2023-03-10,3861.59,11138.89,11830.28
2023-03-13,3855.76,11188.84,11923.17
2023-03-14,3919.29,11428.15,12199.79
2023-03-15,3891.93,11434.05,12251.32
2023-03-16,3960.28,11717.28,12581.39
2023-03-17,3916.64,11630.51,12519.88
2023-03-20,3951.57,11675.54,12562.61
2023-03-21,4002.87,11860.11,12741.44
2023-03-22,3936.97,11669.96,12567.15
2023-03-23,3948.72,11787.4,12729.23
2023-03-24,3970.99,11823.96,12767.05
2023-03-27,3977.53,11768.84,12673.07
2023-03-28,3971.27,11716.08,12610.57
2023-03-29,4027.81,11926.24,12846.03
2023-03-30,4050.83,12013.47,12963.14
2023-03-31,4109.31,12221.91,13181.35
2023-04-03,4124.51,12189.45,13148.35
2023-04-04,4100.6,12126.33,13100.07
2023-04-05,4090.38,11996.86,12967.2
2023-04-06,4105.02,12087.96,13062.6
2023-04-10,4109.11,12084.36,13051.23
2023-04-11,4108.94,12031.88,12964.15
2023-04-12,4091.95,11929.34,12848.35
2023-04-13,4146.22,12166.27,13109.39
2023-04-14,4137.64,12123.47,13079.52
2023-04-17,4151.32,12157.72,13087.71
2023-04-18,4154.87,12153.41,13091.79
2023-04-19,4154.52,12157.23,13088.71
2023-04-20,4129.79,12059.56,12985.98
2023-04-21,4133.52,12072.46,13000.77
2023-04-24,4137.04,12037.2,12969.76
2023-04-25,4071.63,11799.16,12725.11
2023-04-26,4055.99,11854.35,12806.48
2023-04-27,4135.35,12142.24,13160.03
2023-04-28,4169.48,12226.58,13245.99
2023-05-01,4167.87,12212.6,13231.47
2023-05-02,4119.58,12080.51,13113.66
2023-05-03,4090.75,12025.33,13030.21
2023-05-04,4061.22,11966.4,12982.48
2023-05-05,4136.25,12235.41,13259.13
2023-05-08,4138.12,12256.92,13291.64
2023-05-09,4119.17,12179.55,13201.11
2023-05-10,4137.64,12306.44,13347.83
2023-05-11,4130.62,12328.51,13389.78
2023-05-12,4124.08,12284.74,13340.18
2023-05-15,4136.28,12365.21,13413.51
2023-05-16,4109.9,12343.05,13426.01
2023-05-17,4158.77,12500.57,13589.26
2023-05-18,4198.05,12688.84,13834.62
2023-05-19,4191.98,12657.9,13803.49
2023-05-22,4192.63,12720.78,13849.74
2023-05-23,4145.58,12560.25,13672.54
2023-05-24,4115.24,12484.16,13604.48
2023-05-25,4151.28,12698.09,13938.53
2023-05-26,4205.45,12975.69,14298.41
2023-05-30,4205.52,13017.43,14354.99
2023-05-31,4179.83,12935.29,14254.09
2023-06-01,4221.02,13100.98,14441.51
2023-06-02,4282.37,13240.77,14546.64
2023-06-05,4273.79,13229.43,14556.5
2023-06-06,4283.85,13276.42,14558.09
2023-06-07,4267.52,13104.89,14303.29
2023-06-08,4293.93,13238.52,14484.54
2023-06-09,4298.86,13259.14,14528.36
2023-06-12,4338.93,13461.92,14784.3
2023-06-13,4369.01,13573.32,14900.85
2023-06-14,4372.59,13626.48,15005.69
2023-06-15,4425.84,13782.82,15185.48
2023-06-16,4409.59,13689.57,15083.92
2023-06-20,4388.71,13667.29,15070.15
2023-06-21,4365.69,13502.2,14867.45
2023-06-22,4381.89,13630.61,15042.32
2023-06-23,4348.33,13492.52,14891.48
2023-06-26,4328.82,13335.78,14689.02
2023-06-27,4378.41,13555.67,14945.91
2023-06-28,4376.86,13591.75,14964.57
2023-06-29,4396.44,13591.33,14939.95
2023-06-30,4450.38,13787.92,15179.21
2023-07-03,4455.59,13816.77,15208.69
2023-07-05,4446.82,13791.65,15203.78
2023-07-06,4411.59,13679.04,15089.45
2023-07-07,4398.95,13660.72,15036.85
2023-07-10,4409.53,13685.48,15045.64
2023-07-11,4439.26,13760.7,15119.06
2023-07-12,4472.16,13918.96,15307.23
2023-07-13,4510.04,14138.57,15571.98
2023-07-14,4505.42,14113.7,15565.6
2023-07-17,4522.79,14244.95,15713.28
2023-07-18,4554.98,14353.64,15841.35
2023-07-19,4565.72,14358.02,15826.35
2023-07-20,4534.87,14063.31,15466.09
2023-07-21,4536.34,14032.81,15425.67
2023-07-24,4554.64,14058.87,15448.02
2023-07-25,4567.46,14144.56,15561.42
2023-07-26,4566.75,14127.28,15499.26
2023-07-27,4537.41,14050.11,15464.93
2023-07-28,4582.23,14316.66,15750.93
2023-07-31,4588.96,14346.02,15757.0
2023-08-01,4576.73,14283.91,15718.01
2023-08-02,4513.39,13973.45,15370.74
2023-08-03,4501.89,13959.72,15353.54
2023-08-04,4478.03,13892.07,15274.92
2023-08-07,4518.44,13977.12,15407.85
2023-08-08,4499.38,13867.19,15273.05
2023-08-09,4467.71,13705.08,15101.71
2023-08-10,4468.83,13721.03,15128.84
2023-08-11,4464.05,13644.85,15028.07
2023-08-14,4489.72,13788.33,15205.59
2023-08-15,4437.86,13631.05,15037.65
2023-08-16,4404.33,13474.63,14876.47
2023-08-17,4370.36,13316.93,14715.81
2023-08-18,4369.71,13290.78,14694.84
2023-08-21,4399.77,13497.59,14936.69
2023-08-22,4387.55,13505.87,14908.96
2023-08-23,4436.01,13721.03,15148.06
2023-08-24,4376.31,13463.97,14816.44
2023-08-25,4405.71,13590.65,14941.83
2023-08-28,4433.31,13705.13,15052.46
2023-08-29,4497.63,13943.76,15376.55
2023-08-30,4514.87,14019.31,15462.43
2023-08-31,4507.66,14034.97,15501.07
2023-09-01,4515.77,14031.81,15490.86
2023-09-05,4496.83,14020.95,15508.24
2023-09-06,4465.48,13872.47,15371.44
2023-09-07,4451.14,13748.83,15258.52
2023-09-08,4457.49,13761.53,15280.23
2023-09-11,4487.46,13917.91,15461.87
2023-09-12,4461.9,13773.63,15289.74
2023-09-13,4467.44,13813.59,15348.53
2023-09-14,4505.1,13926.05,15473.89
2023-09-15,4450.32,13708.33,15202.4
2023-09-18,4453.53,13710.24,15225.37
2023-09-19,4443.95,13678.19,15191.23
2023-09-20,4402.2,13469.13,14969.92
2023-09-21,4330.0,13223.98,14694.24
2023-09-22,4320.06,13211.81,14701.1
2023-09-25,4337.44,13271.32,14768.9
2023-09-26,4273.53,13063.61,14545.83
2023-09-27,4274.51,13092.85,14580.16
2023-09-28,4299.7,13201.28,14702.77
2023-09-29,4288.05,13219.32,14715.24
2023-10-02,4288.39,13307.77,14837.57
2023-10-03,4229.45,13059.47,14565.62
2023-10-04,4263.75,13236.01,14776.25
2023-10-05,4258.19,13219.83,14723.22
2023-10-06,4308.5,13431.34,14973.24
2023-10-09,4335.66,13484.24,15047.15
2023-10-10,4358.24,13562.84,15131.52
2023-10-11,4376.95,13659.68,15241.12
2023-10-12,4349.61,13574.22,15184.1
2023-10-13,4327.78,13407.23,14995.12
2023-10-16,4373.63,13567.98,15172.73
2023-10-17,4373.2,13533.75,15122.01
2023-10-18,4314.6,13314.3,14909.26
2023-10-19,4278.0,13186.18,14783.13
2023-10-20,4224.16,12983.81,14560.88
2023-10-23,4217.04,13018.33,14604.85
2023-10-24,4247.68,13139.87,14745.85
2023-10-25,4186.77,12821.22,14381.64
2023-10-26,4137.23,12595.61,14109.57
2023-10-27,4117.37,12643.01,14180.42
2023-10-30,4166.82,12789.48,14335.51
2023-10-31,4193.8,12851.24,14409.78
2023-11-01,4237.86,13061.47,14664.91
2023-11-02,4317.78,13294.19,14919.55
2023-11-03,4358.34,13478.28,15099.49
2023-11-06,4365.98,13518.78,15154.93
2023-11-07,4378.38,13639.86,15296.02
2023-11-08,4382.78,13650.41,15313.24
2023-11-09,4347.35,13521.45,15187.9
2023-11-10,4415.24,13798.11,15529.12
2023-11-13,4411.55,13767.74,15482.79
2023-11-14,4495.7,14094.38,15812.47
2023-11-15,4502.88,14103.84,15817.18
2023-11-16,4508.24,14113.67,15833.17
2023-11-17,4514.02,14125.48,15837.99
2023-11-20,4547.38,14284.53,16027.06
2023-11-21,4538.19,14199.98,15933.62
2023-11-22,4556.62,14265.86,16001.39
2023-11-24,4559.34,14250.85,15982.01
2023-11-27,4550.43,14241.02,15961.98
2023-11-28,4554.89,14281.76,16010.43
2023-11-29,4550.58,14258.49,15987.6
2023-11-30,4567.8,14226.22,15947.87
2023-12-01,4594.63,14305.03,15997.58
2023-12-04,4569.78,14185.49,15839.67
2023-12-05,4567.18,14229.91,15877.71
2023-12-06,4549.34,14146.71,15788.05
2023-12-07,4585.59,14339.99,16022.49
2023-12-08,4604.37,14403.97,16084.69
2023-12-11,4622.44,14432.49,16221.73
2023-12-12,4643.7,14533.4,16354.25
2023-12-13,4707.09,14733.96,16562.37
2023-12-14,4719.55,14761.56,16537.83
2023-12-15,4719.19,14813.92,16623.45
2023-12-18,4740.56,14905.19,16729.8
2023-12-19,4768.37,15003.22,16811.85
2023-12-20,4698.35,14777.94,16554.16
2023-12-21,4746.75,14963.87,16757.41
2023-12-22,4754.63,14992.97,16777.4
2023-12-26,4774.75,15074.57,16878.46
2023-12-27,4781.58,15099.18,16906.8
2023-12-28,4783.35,15095.14,16898.47
2023-12-29,4769.83,15011.35,16825.93
2024-01-02,4742.83,14765.94,16543.94
2024-01-03,4704.81,14592.21,16368.49
2024-01-04,4688.68,14510.3,16282.01
2024-01-05,4697.24,14524.07,16305.98
2024-01-08,4763.54,14843.77,16649.87
2024-01-09,4756.5,14857.71,16678.7
2024-01-10,4783.45,14969.65,16793.05
2024-01-11,4780.24,14970.19,16820.9
2024-01-12,4783.83,14972.76,16832.92
2024-01-16,4765.98,14944.35,16830.71
2024-01-17,4739.21,14855.62,16736.28
2024-01-18,4780.94,15055.65,16982.29
2024-01-19,4839.81,15310.97,17314.0
2024-01-22,4850.43,15360.29,17330.38
2024-01-23,4864.6,15425.94,17404.21
2024-01-24,4868.55,15481.92,17499.3
2024-01-25,4894.16,15510.5,17516.99
2024-01-26,4890.97,15455.36,17421.01
2024-01-29,4927.93,15628.04,17596.27
2024-01-30,4924.97,15509.9,17476.71
2024-01-31,4845.65,15164.01,17137.24
2024-02-01,4906.19,15361.64,17344.71
2024-02-02,4958.61,15628.95,17642.73
2024-02-05,4942.81,15597.68,17613.04
2024-02-06,4954.23,15609.0,17572.73
2024-02-07,4995.06,15756.64,17755.07
2024-02-08,4997.91,15793.71,17783.17
2024-02-09,5026.61,15990.66,17962.41
2024-02-12,5021.84,15942.55,17882.66
2024-02-13,4953.17,15655.6,17600.42
2024-02-14,5000.62,15859.15,17807.63
2024-02-15,5029.73,15906.17,17845.72
2024-02-16,5005.57,15775.65,17685.98
2024-02-20,4975.51,15630.78,17546.1
2024-02-21,4981.8,15580.87,17478.91
2024-02-22,5087.03,16041.62,18004.7
2024-02-23,5088.8,15996.82,17937.61
2024-02-26,5069.53,15976.25,17933.33
2024-02-27,5078.18,16035.3,17971.05
2024-02-28,5069.76,15947.74,17874.5
2024-02-29,5096.27,16091.92,18043.85
2024-03-01,5137.08,16274.94,18302.91
2024-03-04,5130.95,16207.51,18226.48
2024-03-05,5078.65,15939.59,17897.87
2024-03-06,5104.76,16031.54,18017.57
2024-03-07,5157.36,16273.38,18297.99
2024-03-08,5123.69,16085.11,18018.45
2024-03-11,5117.94,16019.27,17951.69
2024-03-12,5175.27,16265.64,18219.11
2024-03-13,5165.31,16177.77,18068.47
2024-03-14,5150.48,16128.53,18014.81
2024-03-15,5117.09,15973.17,17808.25
2024-03-18,5149.42,16103.45,17985.01
2024-03-19,5178.51,16166.79,18032.2
2024-03-20,5224.62,16369.41,18240.11
2024-03-21,5241.53,16401.84,18320.38
2024-03-22,5234.18,16428.82,18339.44
2024-03-25,5218.19,16384.47,18277.06
2024-03-26,5203.58,16315.7,18210.54
2024-03-27,5248.49,16399.52,18280.84
2024-03-28,5254.35,16379.46,18254.69
2024-04-01,5243.77,16396.83,18293.2
2024-04-02,5205.81,16240.45,18121.78
2024-04-03,5211.49,16277.46,18160.19
2024-04-04,5147.21,16049.08,17878.78
2024-04-05,5204.34,16248.52,18108.46
2024-04-08,5202.39,16253.96,18100.19
2024-04-09,5209.91,16306.64,18169.9
2024-04-10,5160.64,16170.36,18011.65
2024-04-11,5199.06,16442.2,18307.98
2024-04-12,5123.41,16175.09,18003.49
2024-04-15,5061.82,15885.02,17706.83
2024-04-16,5051.41,15865.25,17713.66
2024-04-17,5022.21,15683.37,17493.62
2024-04-18,5011.12,15601.5,17394.31
2024-04-19,4967.23,15282.01,17037.65
2024-04-22,5010.6,15451.31,17210.89
2024-04-23,5070.55,15696.64,17471.47
2024-04-24,5071.63,15712.75,17526.8
2024-04-25,5048.42,15611.76,17430.5
2024-04-26,5099.96,15927.9,17718.3
2024-04-29,5116.17,15983.08,17782.72
2024-04-30,5035.69,15657.82,17440.69
2024-05-01,5018.39,15605.48,17318.55
2024-05-02,5064.2,15840.96,17541.54
2024-05-03,5127.79,16156.33,17890.8
2024-05-06,5180.74,16349.25,18093.57
2024-05-07,5187.7,16332.56,18091.45
2024-05-08,5187.67,16302.76,18085.01
2024-05-09,5214.08,16346.26,18113.46
2024-05-10,5222.68,16340.87,18161.18
2024-05-13,5221.42,16388.24,18198.61
2024-05-14,5246.68,16511.18,18322.77
2024-05-15,5308.15,16742.39,18596.65
2024-05-16,5297.1,16698.32,18557.96
2024-05-17,5303.27,16685.97,18546.23
2024-05-20,5308.13,16794.87,18674.19
2024-05-21,5321.41,16832.62,18713.8
2024-05-22,5307.01,16801.54,18705.2
2024-05-23,5267.84,16736.03,18623.39
2024-05-24,5304.72,16920.79,18808.35
2024-05-28,5306.04,17019.88,18869.44
2024-05-29,5266.95,16920.58,18736.75
2024-05-30,5235.48,16737.08,18538.66
2024-05-31,5277.51,16735.02,18536.65
2024-06-03,5283.4,16828.67,18600.97
2024-06-04,5291.34,16857.05,18654.84
2024-06-05,5354.03,17187.9,19035.05
2024-06-06,5352.96,17173.12,19021.19
2024-06-07,5346.99,17133.13,19000.95
2024-06-10,5360.79,17192.53,19074.67
2024-06-11,5375.32,17343.55,19210.18
2024-06-12,5421.03,17608.44,19465.18
2024-06-13,5433.74,17667.56,19576.92
2024-06-14,5431.6,17688.88,19659.8
2024-06-17,5473.23,17857.02,19902.75
2024-06-18,5487.03,17862.23,19908.86
2024-06-20,5473.17,17721.59,19752.3
2024-06-21,5464.62,17689.36,19700.43
2024-06-24,5447.87,17496.82,19474.62
2024-06-25,5469.3,17717.65,19701.13
2024-06-26,5477.9,17805.16,19751.05
2024-06-27,5482.87,17858.68,19789.03
2024-06-28,5460.48,17732.6,19682.87
2024-07-01,5475.09,17879.3,19812.22
2024-07-02,5509.01,18028.76,20011.89
2024-07-03,5537.02,18188.3,20186.63
2024-07-05,5567.19,18352.76,20391.97
2024-07-08,5572.85,18403.74,20439.54
2024-07-09,5576.98,18429.29,20453.02
2024-07-10,5633.91,18647.45,20675.38
2024-07-11,5584.54,18283.41,20211.36
2024-07-12,5615.35,18398.45,20331.49
2024-07-15,5631.22,18472.57,20386.88
2024-07-16,5667.2,18509.34,20398.62
2024-07-17,5588.27,17996.92,19799.14
2024-07-18,5544.59,17871.22,19705.09
2024-07-19,5505.0,17726.94,19522.62
2024-07-22,5564.41,18007.57,19822.87
2024-07-23,5555.74,17997.35,19754.34
2024-07-24,5427.13,17342.41,19032.39
2024-07-25,5399.22,17181.72,18830.58
2024-07-26,5459.1,17357.88,19023.66
2024-07-29,5463.54,17370.2,19059.49
2024-07-30,5436.44,17147.42,18796.27
2024-07-31,5522.3,17599.4,19362.43
2024-08-01,5446.68,17194.15,18890.39
2024-08-02,5346.56,16776.16,18440.84
2024-08-05,5186.33,16200.08,17895.16
2024-08-06,5240.03,16366.85,18077.92
2024-08-07,5199.5,16195.81,17867.37
2024-08-08,5319.31,16660.02,18413.82
2024-08-09,5344.16,16745.3,18513.1
2024-08-12,5344.39,16780.61,18542.03
2024-08-13,5434.43,17187.61,19006.43
2024-08-14,5455.21,17192.6,19022.68
2024-08-15,5543.22,17594.5,19490.15
2024-08-16,5554.25,17631.72,19508.52
2024-08-19,5608.25,17876.77,19766.49
2024-08-20,5597.12,17816.94,19719.82
2024-08-21,5620.85,17918.99,19824.84
2024-08-22,5570.64,17619.35,19491.84
2024-08-23,5634.61,17877.79,19720.87
2024-08-26,5616.84,17725.76,19516.44
2024-08-27,5625.8,17754.82,19581.52
2024-08-28,5592.18,17556.03,19350.78
2024-08-29,5591.96,17516.43,19325.45
2024-08-30,5648.4,17713.62,19574.64
2024-09-03,5528.93,17136.3,18958.73
2024-09-04,5520.07,17084.3,18921.4
2024-09-05,5503.41,17127.66,18930.33
2024-09-06,5408.42,16690.83,18421.31
2024-09-09,5471.05,16884.6,18660.78
2024-09-10,5495.52,17025.88,18829.14
2024-09-11,5554.13,17395.53,19237.3
2024-09-12,5595.76,17569.68,19423.07
2024-09-13,5626.02,17683.98,19514.58
2024-09-16,5633.09,17592.13,19423.06
2024-09-17,5634.58,17628.06,19432.4
2024-09-18,5618.26,17573.3,19344.49
2024-09-19,5713.64,18013.98,19839.83
2024-09-20,5702.55,17948.32,19791.49
2024-09-23,5718.57,17974.27,19852.2
2024-09-24,5732.93,18074.52,19944.84
2024-09-25,5722.26,18082.21,19972.61
2024-09-26,5745.37,18190.29,20115.54
2024-09-27,5738.17,18119.59,20008.62
2024-09-30,5762.48,18189.17,20060.69
2024-10-01,5708.75,17910.36,19773.3
2024-10-02,5709.54,17925.12,19802.58
2024-10-03,5699.94,17918.48,19793.34
2024-10-04,5751.07,18137.85,20035.02
2024-10-07,5695.94,17923.9,19800.74
2024-10-08,5751.13,18182.92,20107.78
2024-10-09,5792.04,18291.62,20268.86
2024-10-10,5780.05,18282.05,20241.76
2024-10-11,5815.03,18342.94,20271.97
2024-10-14,5859.85,18502.69,20439.05
2024-10-15,5815.26,18315.59,20159.83
2024-10-16,5842.47,18367.08,20174.05
2024-10-17,5841.47,18373.61,20190.42
2024-10-18,5864.67,18489.55,20324.04
2024-10-21,5853.98,18540.0,20361.47
2024-10-22,5851.2,18573.13,20383.65
2024-10-23,5797.42,18276.65,20066.96
2024-10-24,5809.86,18415.49,20232.87
2024-10-25,5808.12,18518.61,20352.02
2024-10-28,5823.52,18567.19,20351.07
2024-10-29,5832.92,18712.75,20550.65
2024-10-30,5813.67,18607.93,20387.7
2024-10-31,5705.45,18095.15,19890.42
2024-11-01,5728.8,18239.92,20033.14
2024-11-04,5712.69,18179.98,19963.6
2024-11-05,5782.76,18439.17,20227.46
2024-11-06,5929.04,18983.47,20781.33
2024-11-07,5973.1,19269.46,21101.57
2024-11-08,5995.54,19286.78,21117.18
2024-11-11,6001.35,19298.76,21106.59
2024-11-12,5983.99,19281.4,21070.79
2024-11-13,5985.38,19230.73,21036.16
2024-11-14,5949.17,19107.65,20896.67
2024-11-15,5870.62,18680.12,20394.13
2024-11-18,5893.62,18791.81,20539.19
2024-11-19,5916.98,18987.47,20684.59
2024-11-20,5917.11,18966.14,20667.1
2024-11-21,5948.71,18972.42,20740.78
2024-11-22,5969.34,19003.65,20776.23
2024-11-25,5987.37,19054.84,20804.89
2024-11-26,6021.63,19175.58,20922.9
2024-11-27,5998.74,19060.48,20744.49
2024-11-29,6032.38,19218.17,20930.37
2024-12-02,6047.15,19403.95,21164.6
2024-12-03,6049.88,19480.91,21229.32
2024-12-04,6086.49,19735.12,21492.36
2024-12-05,6075.11,19700.72,21425.22
2024-12-06,6090.27,19859.77,21622.25
2024-12-09,6052.85,19736.69,21440.82
2024-12-10,6034.91,19687.24,21368.18
2024-12-11,6084.19,20034.89,21763.98
2024-12-12,6051.25,19902.84,21615.27
2024-12-13,6051.09,19926.72,21780.25
2024-12-16,6074.08,20173.89,22096.66
2024-12-17,6050.61,20109.06,22001.08
2024-12-18,5872.16,19392.69,21209.31
2024-12-19,5867.08,19372.77,21110.51
2024-12-20,5930.85,19572.6,21289.15
2024-12-23,5974.07,19764.89,21503.17
2024-12-24,6040.04,20031.13,21797.65
2024-12-26,6037.59,20020.36,21768.31
2024-12-27,5970.84,19722.03,21473.01
2024-12-30,5906.94,19486.78,21197.09
2024-12-31,5881.63,19310.79,21012.17
2025-01-02,5868.55,19280.79,20975.62
2025-01-03,5942.47,19621.68,21326.16
2025-01-06,5975.38,19864.98,21559.5
2025-01-07,5909.03,19489.68,21173.04
2025-01-08,5918.25,19478.88,21180.96
2025-01-10,5827.04,19161.63,20847.58
2025-01-13,5836.22,19088.1,20784.72
2025-01-14,5842.91,19044.39,20757.41
2025-01-15,5949.91,19511.23,21237.85
2025-01-16,5937.34,19338.29,21091.25
2025-01-17,5996.66,19630.2,21441.15
2025-01-21,6049.24,19756.78,21566.51
2025-01-22,6086.37,20009.34,21853.0
2025-01-23,6118.71,20053.68,21900.93
2025-01-24,6101.24,19954.3,21774.01
2025-01-27,6012.28,19341.83,21127.28
2025-01-28,6067.7,19733.59,21463.04
2025-01-29,6039.31,19632.32,21411.46
2025-01-30,6071.17,19681.75,21508.12
2025-01-31,6040.53,19627.44,21478.05
2025-02-03,5994.57,19391.96,21297.58
2025-02-04,6037.88,19654.02,21566.92
2025-02-05,6061.48,19692.33,21658.16
2025-02-06,6083.57,19791.99,21774.07
2025-02-07,6025.99,19523.4,21491.31
2025-02-10,6066.44,19714.27,21756.73
2025-02-11,6068.5,19643.86,21693.52
2025-02-12,6051.97,19649.95,21719.26
2025-02-13,6115.07,19945.64,22030.71
2025-02-14,6114.63,20026.77,22114.69
2025-02-18,6129.58,20041.26,22164.61
2025-02-19,6144.15,20056.25,22175.6
2025-02-20,6117.52,19962.36,22068.06
2025-02-21,6013.13,19524.01,21614.08
2025-02-24,5983.25,19286.92,21352.08
2025-02-25,5955.25,19026.39,21087.25
2025-02-26,5956.06,19075.26,21132.92
2025-02-27,5861.57,18544.42,20550.95
2025-02-28,5954.5,18847.28,20884.41
2025-03-03,5849.72,18350.19,20425.58
2025-03-04,5778.15,18285.16,20352.53
2025-03-05,5842.63,18552.73,20628.46
2025-03-06,5738.52,18069.26,20052.63
2025-03-07,5770.2,18196.22,20201.37
2025-03-10,5614.56,17468.32,19430.95
2025-03-11,5572.07,17436.1,19376.96
2025-03-12,5599.3,17648.45,19596.02
2025-03-13,5521.52,17303.01,19225.48
2025-03-14,5638.94,17754.09,19704.64
2025-03-17,5675.12,17808.66,19812.24
2025-03-18,5614.66,17504.12,19483.36
2025-03-19,5675.29,17750.79,19736.66
2025-03-20,5662.89,17691.63,19677.61
2025-03-21,5667.56,17784.05,19753.97
2025-03-24,5767.57,18188.59,20180.44
2025-03-25,5776.65,18271.86,20287.83
2025-03-26,5712.2,17899.01,19916.99
2025-03-27,5693.31,17804.03,19798.62
2025-03-28,5580.94,17322.99,19281.4
2025-03-31,5611.85,17299.29,19278.45
2025-04-01,5633.07,17449.89,19436.42
2025-04-02,5670.97,17601.05,19581.78
2025-04-03,5396.52,16550.61,18521.48
2025-04-04,5074.08,15587.79,17397.7
2025-04-07,5062.25,15603.26,17430.68
2025-04-08,4982.77,15267.91,17090.4
2025-04-09,5456.9,17124.97,19145.06
2025-04-10,5268.05,16387.31,18343.57
2025-04-11,5363.36,16724.46,18690.05
2025-04-14,5405.97,16831.48,18796.02
2025-04-15,5396.63,16823.17,18830.23
2025-04-16,5275.7,16307.16,18257.64
2025-04-17,5282.7,16286.45,18258.09
2025-04-21,5158.2,15870.9,17808.3
2025-04-22,5287.76,16300.42,18276.41
2025-04-23,5375.86,16708.05,18693.26
2025-04-24,5484.77,17166.04,19214.4
2025-04-25,5525.21,17382.94,19432.56
2025-04-28,5528.75,17366.13,19427.29
2025-04-29,5560.83,17461.32,19544.95
2025-04-30,5569.06,17446.34,19571.02
2025-05-01,5604.14,17710.74,19786.71
2025-05-02,5686.67,17977.73,20102.61
2025-05-05,5650.38,17844.24,19967.94
2025-05-06,5606.91,17689.66,19791.34
2025-05-07,5631.28,17738.16,19867.97
2025-05-08,5663.94,17928.14,20063.57
2025-05-09,5659.91,17928.92,20061.45
2025-05-12,5844.19,18708.34,20868.15
2025-05-13,5886.55,19010.08,21197.7
2025-05-14,5892.58,19146.81,21319.21
2025-05-15,5916.93,19112.32,21335.82
2025-05-16,5958.38,19211.1,21427.94
2025-05-19,5963.6,19215.46,21447.05
2025-05-20,5940.46,19142.71,21367.37
2025-05-21,5844.61,18872.64,21080.36
2025-05-22,5842.01,18925.73,21112.47
2025-05-23,5802.82,18737.21,20915.65
2025-05-27,5921.54,19199.16,21414.99
2025-05-28,5888.55,19100.94,21318.17
2025-05-29,5912.17,19175.87,21363.95
2025-05-30,5911.69,19113.77,21340.99
2025-06-02,5935.94,19242.61,21491.75
2025-06-03,5970.37,19398.96,21662.58
2025-06-04,5970.81,19460.49,21721.92
2025-06-05,5939.3,19298.45,21547.43
2025-06-06,6000.36,19529.95,21761.79
2025-06-09,6005.88,19591.24,21797.87
2025-06-10,6038.81,19714.99,21941.92
2025-06-11,6022.24,19615.88,21860.8
2025-06-12,6045.26,19662.48,21913.32
2025-06-13,5976.97,19406.83,21631.04
2025-06-16,6033.11,19701.21,21937.57
2025-06-17,5982.72,19521.09,21719.08
2025-06-18,5980.87,19546.27,21719.69
2025-06-20,5967.84,19447.41,21626.39
2025-06-23,6025.17,19630.97,21856.33
2025-06-24,6092.18,19912.53,22190.52
2025-06-25,6092.16,19973.55,22237.74
2025-06-26,6141.02,20167.91,22447.29
2025-06-27,6173.07,20273.46,22534.2
2025-06-30,6204.95,20369.73,22679.01
2025-07-01,6198.01,20202.89,22478.14
2025-07-02,6227.42,20393.13,22641.89
2025-07-03,6279.35,20601.1,22866.97
2025-07-07,6229.98,20412.52,22685.57
2025-07-08,6225.52,20418.46,22702.25
2025-07-09,6263.26,20611.34,22864.91
2025-07-10,6280.46,20630.66,22829.26
2025-07-11,6259.75,20585.53,22780.6
2025-07-14,6268.56,20640.33,22855.63
2025-07-15,6243.76,20677.8,22884.59
2025-07-16,6263.7,20730.49,22907.97
2025-07-17,6297.36,20885.65,23081.05
2025-07-18,6296.79,20895.66,23065.47
2025-07-21,6305.6,20974.17,23180.06
2025-07-22,6309.62,20892.68,23063.58
2025-07-23,6358.91,21020.02,23162.41
2025-07-24,6363.35,21057.96,23219.86
2025-07-25,6388.64,21108.32,23272.25
2025-07-28,6389.77,21178.58,23356.27
2025-07-29,6370.86,21098.29,23308.3
2025-07-30,6362.9,21129.67,23345.41
2025-07-31,6339.39,21122.45,23218.12
2025-08-01,6238.01,20650.13,22763.31
2025-08-04,6329.94,21053.58,23188.61
2025-08-05,6299.19,20916.55,23018.56
2025-08-06,6345.06,21169.42,23315.04
2025-08-07,6340.0,21242.7,23389.53
2025-08-08,6389.45,21450.02,23611.27
2025-08-11,6373.45,21385.4,23526.63
2025-08-12,6445.76,21681.9,23839.2
2025-08-13,6466.58,21713.14,23849.04
2025-08-14,6468.54,21710.67,23832.44
2025-08-15,6449.8,21622.98,23712.07
2025-08-18,6449.15,21629.77,23713.76
2025-08-19,6411.37,21314.95,23384.77
2025-08-20,6395.78,21172.86,23249.57
2025-08-21,6370.17,21100.31,23142.58
2025-08-22,6466.91,21496.53,23498.12
2025-08-25,6439.32,21449.29,23425.6
2025-08-26,6465.94,21544.27,23525.29
2025-08-27,6481.4,21590.14,23565.85
2025-08-28,6501.86,21705.16,23703.45
2025-08-29,6460.26,21455.55,23415.42
2025-09-02,6415.54,21279.63,23231.11
2025-09-03,6448.26,21497.73,23414.84
2025-09-04,6502.08,21707.69,23633.01
2025-09-05,6481.5,21700.39,23652.44
2025-09-08,6495.15,21798.7,23762.3
2025-09-09,6512.61,21879.49,23839.8
2025-09-10,6532.04,21886.06,23849.27
2025-09-11,6587.47,22043.07,23992.56
2025-09-12,6584.29,22141.1,24092.19
2025-09-15,6615.28,22348.75,24293.78
2025-09-16,6606.76,22333.96,24274.25
2025-09-17,6600.35,22261.33,24223.69
2025-09-18,6631.96,22470.73,24454.89
2025-09-19,6664.36,22631.48,24626.25
2025-09-22,6693.75,22788.98,24761.07
2025-09-23,6656.92,22573.47,24580.17
2025-09-24,6637.97,22497.86,24503.57
2025-09-25,6604.72,22384.7,24397.31
2025-09-26,6643.7,22484.07,24503.85
2025-09-29,6661.21,22591.15,24611.35
2025-09-30,6688.46,22660.01,24679.99
2025-10-01,6711.2,22755.16,24800.86
2025-10-02,6715.35,22844.05,24892.76
2025-10-03,6715.79,22780.51,24785.52
2025-10-06,6740.28,22941.67,24978.56
2025-10-07,6714.59,22788.36,24840.23
2025-10-08,6753.72,23043.38,25136.62
2025-10-09,6735.11,23024.63,25098.18
2025-10-10,6552.51,22204.43,24221.75
2025-10-13,6654.72,22694.61,24750.25
2025-10-14,6644.31,22521.7,24579.32
2025-10-15,6671.06,22670.08,24745.36
2025-10-16,6629.07,22562.54,24657.24
2025-10-17,6664.01,22679.97,24817.95
2025-10-20,6735.13,22990.54,25141.02
2025-10-21,6735.35,22953.67,25127.13
2025-10-22,6699.4,22740.4,24879.0
2025-10-23,6738.44,22941.8,25097.42
2025-10-24,6791.69,23204.87,25358.16
2025-10-27,6875.16,23637.46,25821.55
2025-10-28,6890.89,23827.49,26012.16
2025-10-29,6890.59,23958.47,26119.85
2025-10-30,6822.34,23581.14,25734.81
2025-10-31,6840.2,23724.96,25858.13
2025-11-03,6851.97,23834.72,25972.94
2025-11-04,6771.55,23348.64,25435.7
2025-11-05,6796.29,23499.8,25620.03
2025-11-06,6720.32,23053.99,25130.04
2025-11-07,6728.8,23004.54,25059.81
2025-11-10,6832.43,23527.17,25611.74
2025-11-11,6846.61,23468.3,25533.49
2025-11-12,6850.92,23406.46,25517.33
2025-11-13,6737.49,22870.36,24993.46
2025-11-14,6734.11,22900.59,25008.24
2025-11-17,6672.41,22708.07,24799.92
2025-11-18,6617.32,22432.85,24503.1
2025-11-19,6642.16,22564.23,24640.52
2025-11-20,6538.76,22078.05,24054.38
2025-11-21,6602.99,22273.08,24239.57
2025-11-24,6705.12,22872.01,24873.85
2025-11-25,6765.88,23025.59,25018.36
2025-11-26,6812.61,23214.69,25236.94
2025-11-28,6849.09,23365.69,25434.89
2025-12-01,6812.63,23275.92,25342.85
2025-12-02,6829.37,23413.67,25555.86
2025-12-03,6849.72,23454.09,25606.54
2025-12-04,6857.12,23505.14,25581.7
2025-12-05,6870.4,23578.13,25692.05
2025-12-08,6846.51,23545.9,25627.95
2025-12-09,6840.51,23576.49,25668.69
2025-12-10,6886.68,23654.16,25776.44
2025-12-11,6901.0,23593.86,25686.68
2025-12-12,6827.41,23195.17,25196.73
2025-12-15,6816.51,23057.41,25067.26
2025-12-16,6800.26,23111.46,25132.94
2025-12-17,6721.43,22693.32,24647.61
2025-12-18,6774.76,23006.36,25019.37
2025-12-19,6834.5,23307.62,25346.18
2025-12-22,6878.49,23428.83,25461.7
2025-12-23,6909.79,23561.84,25587.83
2025-12-24,6932.05,23613.31,25656.15
2025-12-26,6929.94,23593.1,25644.39
2025-12-29,6905.74,23474.35,25525.56
2025-12-30,6896.24,23419.08,25462.56
2025-12-31,6845.5,23241.99,25249.85
2026-01-02,6858.47,23235.63,25206.17
2026-01-05,6902.05,23395.82,25401.32
2026-01-06,6944.82,23547.17,25639.71
2026-01-07,6920.93,23584.27,25653.9
2026-01-08,6921.46,23480.02,25507.1
2026-01-09,6966.28,23671.35,25766.26
2026-01-12,6977.27,23733.9,25787.66
2026-01-13,6963.74,23709.87,25741.95
2026-01-14,6926.6,23471.75,25465.94
2026-01-15,6944.47,23530.02,25547.08
2026-01-16,6940.01,23515.39,25529.26
2026-01-20,6796.86,22954.32,24987.57
2026-01-21,6875.62,23224.82,25326.58
2026-01-22,6913.35,23436.02,25518.35
2026-01-23,6915.61,23501.24,25605.47
2026-01-26,6950.23,23601.36,25713.21
2026-01-27,6978.6,23817.1,25939.74
2026-01-28,6978.03,23857.45,26022.79
2026-01-29,6969.01,23685.12,25884.3
2026-01-30,6939.03,23461.82,25552.39
2026-02-02,6976.44,23592.11,25738.61
2026-02-03,6917.81,23255.19,25338.62
2026-02-04,6882.72,22904.58,24891.24
2026-02-05,6798.4,22540.59,24548.69
2026-02-06,6932.3,23031.21,25075.77
2026-02-09,6964.82,23238.67,25268.14
2026-02-10,6941.81,23102.47,25127.64
2026-02-11,6941.47,23066.47,25201.26
2026-02-12,6832.76,22597.15,24687.61
2026-02-13,6836.17,22546.67,24732.73
2026-02-17,6843.22,22578.38,24701.6
2026-02-18,6881.31,22753.63,24898.87
2026-02-19,6861.89,22682.73,24797.34
2026-02-20,6909.51,22886.07,25012.62
2026-02-23,6837.75,22627.27,24708.94
2026-02-24,6890.07,22863.68,24977.04
2026-02-25,6946.13,23152.08,25329.04
2026-02-26,6908.86,22878.38,25034.37
2026-02-27,6878.88,22668.21,24960.04
2026-03-02,6881.62,22748.86,24992.6
2026-03-03,6816.63,22516.69,24720.08
2026-03-04,6869.5,22807.48,25093.68
2026-03-05,6830.71,22748.99,25020.41
2026-03-06,6740.02,22387.68,24643.01
2026-03-09,6795.99,22695.95,24967.25
2026-03-10,6781.48,22697.1,24956.47
2026-03-11,6775.8,22716.13,24965.01
2026-03-12,6672.62,22311.98,24533.58
2026-03-13,6632.19,22105.36,24380.73
2026-03-16,6699.38,22374.18,24655.34
2026-03-17,6716.09,22479.53,24780.42
2026-03-18,6624.7,22152.42,24425.09
2026-03-19,6606.49,22090.69,24355.28
2026-03-20,6506.48,21647.61,23898.15
2026-03-23,6581.0,21946.76,24188.59
2026-03-24,6556.37,21761.89,24002.45
2026-03-25,6591.9,21929.83,24162.98
2026-03-26,6477.16,21408.08,23586.99
2026-03-27,6368.85,20948.36,23132.77
2026-03-30,6343.72,20794.64,22953.38
2026-03-31,6528.52,21590.63,23740.19
2026-04-01,6575.32,21840.95,24019.99
2026-04-02,6582.69,21879.18,24045.53
2026-04-06,6611.83,21996.34,24192.17
2026-04-07,6616.85,22017.85,24202.37
2026-04-08,6782.81,22635.0,24903.17
2026-04-09,6824.66,22822.42,25082.09
2026-04-10,6816.89,22902.89,25116.34
2026-04-13,6886.24,23183.74,25383.72
2026-04-14,6967.38,23639.08,25842.0
2026-04-15,7022.95,24016.02,26204.58
2026-04-16,7041.28,24102.7,26333.0
2026-04-17,7126.06,24468.48,26672.43
2026-04-20,7109.14,24404.39,26590.34
2026-04-21,7064.01,24259.96,26479.47
2026-04-22,7137.9,24657.57,26937.27
2026-04-23,7108.4,24438.5,26782.62
2026-04-24,7165.08,24836.6,27303.67
2026-04-27,7173.91,24887.1,27305.68
2026-04-28,7138.8,24663.8,27029.01
2026-04-29,7135.95,24673.24,27186.99
2026-04-30,7209.01,24892.31,27452.12
2026-05-01,7230.12,25114.44,27710.36
2026-05-04,7200.75,25067.8,27651.82
2026-05-05,7259.22,25326.13,28015.06
2026-05-06,7365.12,25838.94,28599.17
2026-05-07,7337.11,25806.2,28563.95
2026-05-08,7398.93,26247.08,29234.99
2026-05-11,7412.84,26274.13,29320.66
2026-05-12,7400.96,26088.2,29064.8
2026-05-13,7444.25,26402.34,29366.94
2026-05-14,7501.24,26635.22,29580.3
2026-05-15,7408.5,26225.14,29125.2
2026-05-18,7403.05,26090.73,28994.37
2026-05-19,7353.61,25870.71,28818.84
2026-05-20,7432.97,26270.36,29297.7
2026-05-21,7445.72,26293.1,29357.27
2026-05-22,7473.47,26343.97,29481.64
2026-05-26,7519.12,26656.18,30001.32
2026-05-27,7520.36,26674.73,29973.57
2026-05-28,7563.63,26917.47,30223.89
2026-05-29,7580.06,26972.62,30333.18
2026-06-01,7599.96,27086.81,30513.86
2026-06-02,7609.78,27093.9,30660.6
2026-06-03,7553.68,26853.98,30571.24
2026-06-04,7584.31,26830.96,30407.81
2026-06-05,7383.74,25709.43,28957.6
2026-06-08,7405.73,25929.66,29414.26
2026-06-09,7386.65,25678.82,29084.5
2026-06-10,7266.99,25169.5,28508.03
2026-06-11,7394.3,25809.66,29446.18
2026-06-12,7431.46,25888.84,29635.95
2026-06-15,7554.29,26683.94,30543.92
2026-06-16,7511.35,26376.34,29968.13
2026-06-17,7420.1,26021.66,29670.95
2026-06-18,7500.58,26517.93,30406.19
2026-06-22,7472.79,26166.6,30347.08
2026-06-23,7365.46,25587.04,29347.27
2026-06-24,7358.22,25476.64,29220.06
2026-06-25,7357.49,25358.6,29440.32
2026-06-26,7354.02,25297.62,29118.24
2026-06-29,7440.43,25820.14,29774.75
2026-06-30,7499.36,26213.72,30276.35
2026-07-01,7483.23,26040.03,29809.13
2026-07-02,7483.24,25832.67,29329.21
2026-07-06,7537.43,26121.16,29697.87
2026-07-07,7503.85,25818.69,29173.02
2026-07-08,7482.71,25870.65,29252.56
2026-07-09,7543.64,26206.89,29727.1
2026-07-10,7575.39,26281.61,29825.11
2026-07-13,7515.34,25873.18,29264.1
2026-07-14,7543.59,26107.01,29586.29
2026-07-15,7572.4,26269.23,29502.6
2026-07-16,7533.77,25881.95,29025.77
2026-07-17,7457.69,25520.24,28592.66
2026-07-20,7443.28,25508.07,28604.23
2026-07-21,7509.2,25837.21,29155.18
2026-07-22,7498.96,25690.9,28998.1
2026-07-23,7408.3,25137.69,28454.81
2026-07-24,7411.98,24975.82,28128.34
2026-07-27,7413.18,24932.08,28039.21
2026-07-28,7428.78,24876.91,27763.13
2026-07-29,7316.15,24442.94,27192.31
2026-07-30,7437.63,25122.18,28106.35
2026-07-31,7489.72,25373.85,28274.2
2026-08-03,7600.5,25913.9,28776.8
2026-08-04,7736.52,26584.99,29733.16
2026-08-05,7723.55,26363.44,29487.79
2026-08-06,7709.96,26348.35,29373.33
2026-08-07,7757.64,26690.62,29722.3
2026-08-10,7753.11,26605.36,29621.8
2026-08-11,7728.2,26445.45,29525.48
2026-08-12,7748.5,26588.49,29742.6
2026-08-13,7798.99,26803.03,30084.5
2026-08-14,7785.76,26729.16,30046.14
2026-08-17,7745.06,26644.91,29995.38
2026-08-18,7691.76,26289.71,29490.96
2026-08-19,7707.98,26331.09,29426.02
2026-08-20,7641.16,26067.17,29213.16
2026-08-21,7674.37,26180.45,29308.86
2026-08-24,7652.86,25980.19,29023.18
2026-08-25,7677.28,26151.3,29209.23
2026-08-26,7675.7,26130.2,29224.52
2026-08-27,7730.99,26541.35,29641.56
2026-08-28,7711.76,26402.42,29433.43
2026-08-31,7686.14,26370.89,29456.97
2026-09-01,7631.47,26099.77,29077.22
2026-09-02,7666.6,26217.83,29143.33
2026-09-03,7747.71,26584.06,29482.32
2026-09-04,7718.6,26506.99,29544.16
