date,dfii5,dfii10,dfii30,dgs5,dgs10,dgs30,t5yie,t10yie,t5yifr,implied_real5,implied_real10
1962-01-02,,,,3.88,4.06,,,,,,
1962-01-03,,,,3.87,4.03,,,,,,
1962-01-04,,,,3.86,3.99,,,,,,
1962-01-05,,,,3.89,4.02,,,,,,
1962-01-08,,,,3.91,4.03,,,,,,
1962-01-09,,,,3.93,4.05,,,,,,
1962-01-10,,,,3.94,4.07,,,,,,
1962-01-11,,,,3.94,4.08,,,,,,
1962-01-12,,,,3.95,4.08,,,,,,
1962-01-15,,,,3.96,4.1,,,,,,
1962-01-16,,,,3.98,4.13,,,,,,
1962-01-17,,,,3.97,4.12,,,,,,
1962-01-18,,,,3.96,4.11,,,,,,
1962-01-19,,,,3.95,4.11,,,,,,
1962-01-22,,,,3.93,4.09,,,,,,
1962-01-23,,,,3.94,4.11,,,,,,
1962-01-24,,,,3.93,4.1,,,,,,
1962-01-25,,,,3.94,4.11,,,,,,
1962-01-26,,,,3.97,4.11,,,,,,
1962-01-29,,,,3.98,4.12,,,,,,
1962-01-30,,,,3.98,4.11,,,,,,
1962-01-31,,,,3.99,4.1,,,,,,
1962-02-01,,,,4.0,4.09,,,,,,
1962-02-02,,,,3.97,4.08,,,,,,
1962-02-05,,,,3.96,4.07,,,,,,
1962-02-06,,,,3.96,4.06,,,,,,
1962-02-07,,,,3.95,4.07,,,,,,
1962-02-08,,,,3.93,4.07,,,,,,
1962-02-09,,,,3.91,4.05,,,,,,
1962-02-13,,,,3.91,4.03,,,,,,
1962-02-14,,,,3.9,4.03,,,,,,
1962-02-15,,,,3.9,4.02,,,,,,
1962-02-16,,,,3.88,4.02,,,,,,
1962-02-19,,,,3.86,4.01,,,,,,
1962-02-20,,,,3.88,4.05,,,,,,
1962-02-21,,,,3.86,4.03,,,,,,
1962-02-23,,,,3.83,4.02,,,,,,
1962-02-26,,,,3.8,4.0,,,,,,
1962-02-27,,,,3.8,4.01,,,,,,
1962-02-28,,,,3.77,4.0,,,,,,
1962-03-01,,,,3.71,3.98,,,,,,
1962-03-02,,,,3.72,3.98,,,,,,
1962-03-05,,,,3.74,4.0,,,,,,
1962-03-06,,,,3.74,4.01,,,,,,
1962-03-07,,,,3.74,4.0,,,,,,
1962-03-08,,,,3.72,3.98,,,,,,
1962-03-09,,,,3.71,3.96,,,,,,
1962-03-12,,,,3.73,3.94,,,,,,
1962-03-13,,,,3.7,3.92,,,,,,
1962-03-14,,,,3.72,3.93,,,,,,
1962-03-15,,,,3.73,3.96,,,,,,
1962-03-16,,,,3.72,3.96,,,,,,
1962-03-19,,,,3.71,3.93,,,,,,
1962-03-20,,,,3.67,3.91,,,,,,
1962-03-21,,,,3.61,3.86,,,,,,
1962-03-22,,,,3.58,3.83,,,,,,
1962-03-23,,,,3.62,3.87,,,,,,
1962-03-26,,,,3.65,3.89,,,,,,
1962-03-27,,,,3.65,3.9,,,,,,
1962-03-28,,,,3.64,3.9,,,,,,
1962-03-29,,,,3.64,3.9,,,,,,
1962-03-30,,,,3.61,3.86,,,,,,
1962-04-02,,,,3.58,3.86,,,,,,
1962-04-03,,,,3.55,3.83,,,,,,
1962-04-04,,,,3.51,3.78,,,,,,
1962-04-05,,,,3.56,3.84,,,,,,
1962-04-06,,,,3.55,3.81,,,,,,
1962-04-09,,,,3.57,3.83,,,,,,
1962-04-10,,,,3.57,3.83,,,,,,
1962-04-11,,,,3.61,3.87,,,,,,
1962-04-12,,,,3.61,3.86,,,,,,
1962-04-13,,,,3.6,3.85,,,,,,
1962-04-16,,,,3.6,3.83,,,,,,
1962-04-17,,,,3.6,3.82,,,,,,
1962-04-18,,,,3.6,3.81,,,,,,
1962-04-19,,,,3.6,3.82,,,,,,
1962-04-23,,,,3.63,3.86,,,,,,
1962-04-24,,,,3.65,3.87,,,,,,
1962-04-25,,,,3.66,3.88,,,,,,
1962-04-26,,,,3.66,3.89,,,,,,
1962-04-27,,,,3.64,3.86,,,,,,
1962-04-30,,,,3.64,3.86,,,,,,
1962-05-01,,,,3.63,3.85,,,,,,
1962-05-02,,,,3.64,3.86,,,,,,
1962-05-03,,,,3.64,3.86,,,,,,
1962-05-04,,,,3.64,3.87,,,,,,
1962-05-07,,,,3.64,3.86,,,,,,
1962-05-08,,,,3.62,3.85,,,,,,
1962-05-09,,,,3.6,3.82,,,,,,
1962-05-10,,,,3.61,3.83,,,,,,
1962-05-11,,,,3.61,3.82,,,,,,
1962-05-14,,,,3.63,3.85,,,,,,
1962-05-15,,,,3.67,3.87,,,,,,
1962-05-16,,,,3.67,3.86,,,,,,
1962-05-17,,,,3.67,3.87,,,,,,
1962-05-18,,,,3.72,3.93,,,,,,
1962-05-21,,,,3.74,3.94,,,,,,
1962-05-22,,,,3.71,3.93,,,,,,
1962-05-23,,,,3.69,3.91,,,,,,
1962-05-24,,,,3.68,3.9,,,,,,
1962-05-25,,,,3.66,3.88,,,,,,
1962-05-28,,,,3.65,3.87,,,,,,
1962-05-29,,,,3.66,3.89,,,,,,
1962-05-31,,,,3.66,3.9,,,,,,
1962-06-01,,,,3.64,3.89,,,,,,
1962-06-04,,,,3.63,3.88,,,,,,
1962-06-05,,,,3.64,3.89,,,,,,
1962-06-06,,,,3.62,3.89,,,,,,
1962-06-07,,,,3.6,3.87,,,,,,
1962-06-08,,,,3.6,3.86,,,,,,
1962-06-11,,,,3.59,3.87,,,,,,
1962-06-12,,,,3.57,3.86,,,,,,
1962-06-13,,,,3.57,3.87,,,,,,
1962-06-14,,,,3.6,3.9,,,,,,
1962-06-15,,,,3.6,3.89,,,,,,
1962-06-18,,,,3.61,3.91,,,,,,
1962-06-19,,,,3.64,3.93,,,,,,
1962-06-20,,,,3.63,3.92,,,,,,
1962-06-21,,,,3.61,3.9,,,,,,
1962-06-22,,,,3.61,3.9,,,,,,
1962-06-25,,,,3.68,3.95,,,,,,
1962-06-26,,,,3.71,3.97,,,,,,
1962-06-27,,,,3.68,3.96,,,,,,
1962-06-28,,,,3.76,3.98,,,,,,
1962-06-29,,,,3.76,4.0,,,,,,
1962-07-02,,,,3.77,4.0,,,,,,
1962-07-03,,,,3.76,4.0,,,,,,
1962-07-05,,,,3.78,4.0,,,,,,
1962-07-06,,,,3.79,4.02,,,,,,
1962-07-09,,,,3.83,4.05,,,,,,
1962-07-10,,,,3.81,4.02,,,,,,
1962-07-11,,,,3.77,3.99,,,,,,
1962-07-12,,,,3.78,4.0,,,,,,
1962-07-13,,,,3.78,4.0,,,,,,
1962-07-16,,,,3.8,4.01,,,,,,
1962-07-17,,,,3.82,4.03,,,,,,
1962-07-18,,,,3.83,4.02,,,,,,
1962-07-19,,,,3.83,4.02,,,,,,
1962-07-20,,,,3.82,4.01,,,,,,
1962-07-23,,,,3.81,4.0,,,,,,
1962-07-24,,,,3.82,4.01,,,,,,
1962-07-25,,,,3.83,4.02,,,,,,
1962-07-26,,,,3.82,4.01,,,,,,
1962-07-27,,,,3.79,4.02,,,,,,
1962-07-30,,,,3.81,4.03,,,,,,
1962-07-31,,,,3.82,4.04,,,,,,
1962-08-01,,,,3.8,4.03,,,,,,
1962-08-02,,,,3.76,4.0,,,,,,
1962-08-03,,,,3.77,4.01,,,,,,
1962-08-06,,,,3.76,4.01,,,,,,
1962-08-07,,,,3.79,4.02,,,,,,
1962-08-08,,,,3.78,4.01,,,,,,
1962-08-09,,,,3.76,3.99,,,,,,
1962-08-10,,,,3.76,3.99,,,,,,
1962-08-13,,,,3.74,3.99,,,,,,
1962-08-14,,,,3.73,3.98,,,,,,
1962-08-15,,,,3.72,3.98,,,,,,
1962-08-16,,,,3.69,3.96,,,,,,
1962-08-17,,,,3.69,3.96,,,,,,
1962-08-20,,,,3.66,3.94,,,,,,
1962-08-21,,,,3.66,3.94,,,,,,
1962-08-22,,,,3.66,3.95,,,,,,
1962-08-23,,,,3.66,3.95,,,,,,
1962-08-24,,,,3.66,3.95,,,,,,
1962-08-27,,,,3.67,3.95,,,,,,
1962-08-28,,,,3.67,3.96,,,,,,
1962-08-29,,,,3.67,3.96,,,,,,
1962-08-30,,,,3.66,3.95,,,,,,
1962-08-31,,,,3.66,3.96,,,,,,
1962-09-04,,,,3.67,3.96,,,,,,
1962-09-05,,,,3.68,3.97,,,,,,
1962-09-06,,,,3.72,3.99,,,,,,
1962-09-07,,,,3.74,4.01,,,,,,
1962-09-10,,,,3.72,4.0,,,,,,
1962-09-11,,,,3.72,4.0,,,,,,
1962-09-12,,,,3.72,4.0,,,,,,
1962-09-13,,,,3.72,3.99,,,,,,
1962-09-14,,,,3.72,3.99,,,,,,
1962-09-17,,,,3.71,3.99,,,,,,
1962-09-18,,,,3.71,3.98,,,,,,
1962-09-19,,,,3.71,3.99,,,,,,
1962-09-20,,,,3.71,3.98,,,,,,
1962-09-21,,,,3.71,3.98,,,,,,
1962-09-24,,,,3.69,3.97,,,,,,
1962-09-25,,,,3.68,3.96,,,,,,
1962-09-26,,,,3.67,3.95,,,,,,
1962-09-27,,,,3.67,3.95,,,,,,
1962-09-28,,,,3.66,3.94,,,,,,
1962-10-01,,,,3.64,3.93,,,,,,
1962-10-02,,,,3.62,3.92,,,,,,
1962-10-03,,,,3.6,3.9,,,,,,
1962-10-04,,,,3.6,3.9,,,,,,
1962-10-05,,,,3.62,3.92,,,,,,
1962-10-08,,,,3.64,3.93,,,,,,
1962-10-09,,,,3.64,3.95,,,,,,
1962-10-10,,,,3.62,3.93,,,,,,
1962-10-11,,,,3.63,3.94,,,,,,
1962-10-15,,,,3.63,3.94,,,,,,
1962-10-16,,,,3.63,3.94,,,,,,
1962-10-17,,,,3.64,3.94,,,,,,
1962-10-18,,,,3.63,3.92,,,,,,
1962-10-19,,,,3.62,3.88,,,,,,
1962-10-22,,,,3.64,3.91,,,,,,
1962-10-23,,,,3.67,3.94,,,,,,
1962-10-24,,,,3.67,3.94,,,,,,
1962-10-25,,,,3.67,3.94,,,,,,
1962-10-26,,,,3.65,3.93,,,,,,
1962-10-29,,,,3.64,3.92,,,,,,
1962-10-30,,,,3.63,3.92,,,,,,
1962-10-31,,,,3.64,3.92,,,,,,
1962-11-01,,,,3.63,3.92,,,,,,
1962-11-02,,,,3.62,3.91,,,,,,
1962-11-05,,,,3.61,3.91,,,,,,
1962-11-07,,,,3.6,3.91,,,,,,
1962-11-08,,,,3.59,3.9,,,,,,
1962-11-09,,,,3.57,3.89,,,,,,
1962-11-13,,,,3.58,3.9,,,,,,
1962-11-14,,,,3.59,3.91,,,,,,
1962-11-15,,,,3.59,3.91,,,,,,
1962-11-16,,,,3.63,3.93,,,,,,
1962-11-19,,,,3.62,3.93,,,,,,
1962-11-20,,,,3.61,3.93,,,,,,
1962-11-21,,,,3.59,3.92,,,,,,
1962-11-23,,,,3.59,3.92,,,,,,
1962-11-26,,,,3.6,3.93,,,,,,
1962-11-27,,,,3.6,3.92,,,,,,
1962-11-28,,,,3.59,3.92,,,,,,
1962-11-29,,,,3.59,3.92,,,,,,
1962-11-30,,,,3.59,3.92,,,,,,
1962-12-03,,,,3.6,3.93,,,,,,
1962-12-04,,,,3.61,3.94,,,,,,
1962-12-05,,,,3.61,3.93,,,,,,
1962-12-06,,,,3.6,3.92,,,,,,
1962-12-07,,,,3.59,3.91,,,,,,
1962-12-10,,,,3.58,3.9,,,,,,
1962-12-11,,,,3.57,3.89,,,,,,
1962-12-12,,,,3.57,3.88,,,,,,
1962-12-13,,,,3.57,3.88,,,,,,
1962-12-14,,,,3.57,3.87,,,,,,
1962-12-17,,,,3.56,3.85,,,,,,
1962-12-18,,,,3.55,3.83,,,,,,
1962-12-19,,,,3.55,3.84,,,,,,
1962-12-20,,,,3.54,3.83,,,,,,
1962-12-21,,,,3.51,3.81,,,,,,
1962-12-24,,,,3.5,3.79,,,,,,
1962-12-26,,,,3.5,3.79,,,,,,
1962-12-27,,,,3.52,3.81,,,,,,
1962-12-28,,,,3.56,3.84,,,,,,
1962-12-31,,,,3.56,3.85,,,,,,
1963-01-02,,,,3.53,3.82,,,,,,
1963-01-03,,,,3.53,3.81,,,,,,
1963-01-04,,,,3.56,3.84,,,,,,
1963-01-07,,,,3.57,3.83,,,,,,
1963-01-08,,,,3.56,3.81,,,,,,
1963-01-09,,,,3.56,3.82,,,,,,
1963-01-10,,,,3.55,3.81,,,,,,
1963-01-11,,,,3.54,3.8,,,,,,
1963-01-14,,,,3.54,3.81,,,,,,
1963-01-15,,,,3.53,3.8,,,,,,
1963-01-16,,,,3.53,3.8,,,,,,
1963-01-17,,,,3.56,3.82,,,,,,
1963-01-18,,,,3.57,3.84,,,,,,
1963-01-21,,,,3.6,3.85,,,,,,
1963-01-22,,,,3.62,3.86,,,,,,
1963-01-23,,,,3.62,3.86,,,,,,
1963-01-24,,,,3.62,3.86,,,,,,
1963-01-25,,,,3.61,3.85,,,,,,
1963-01-28,,,,3.62,3.86,,,,,,
1963-01-29,,,,3.63,3.86,,,,,,
1963-01-30,,,,3.63,3.86,,,,,,
1963-01-31,,,,3.65,3.87,,,,,,
1963-02-01,,,,3.66,3.88,,,,,,
1963-02-04,,,,3.66,3.89,,,,,,
1963-02-05,,,,3.66,3.9,,,,,,
1963-02-06,,,,3.65,3.91,,,,,,
1963-02-07,,,,3.65,3.91,,,,,,
1963-02-08,,,,3.65,3.91,,,,,,
1963-02-11,,,,3.65,3.92,,,,,,
1963-02-13,,,,3.65,3.92,,,,,,
1963-02-14,,,,3.65,3.91,,,,,,
1963-02-15,,,,3.64,3.91,,,,,,
1963-02-18,,,,3.64,3.91,,,,,,
1963-02-19,,,,3.66,3.93,,,,,,
1963-02-20,,,,3.66,3.94,,,,,,
1963-02-21,,,,3.68,3.95,,,,,,
1963-02-25,,,,3.68,3.95,,,,,,
1963-02-26,,,,3.68,3.95,,,,,,
1963-02-27,,,,3.68,3.95,,,,,,
1963-02-28,,,,3.68,3.94,,,,,,
1963-03-01,,,,3.67,3.93,,,,,,
1963-03-04,,,,3.67,3.92,,,,,,
1963-03-05,,,,3.67,3.92,,,,,,
1963-03-06,,,,3.67,3.91,,,,,,
1963-03-07,,,,3.67,3.92,,,,,,
1963-03-08,,,,3.67,3.92,,,,,,
1963-03-11,,,,3.68,3.92,,,,,,
1963-03-12,,,,3.68,3.92,,,,,,
1963-03-13,,,,3.68,3.92,,,,,,
1963-03-14,,,,3.68,3.92,,,,,,
1963-03-15,,,,3.68,3.92,,,,,,
1963-03-18,,,,3.68,3.92,,,,,,
1963-03-19,,,,3.68,3.92,,,,,,
1963-03-20,,,,3.68,3.92,,,,,,
1963-03-21,,,,3.68,3.92,,,,,,
1963-03-22,,,,3.68,3.93,,,,,,
1963-03-25,,,,3.69,3.94,,,,,,
1963-03-26,,,,3.71,3.96,,,,,,
1963-03-27,,,,3.72,3.96,,,,,,
1963-03-28,,,,3.71,3.96,,,,,,
1963-03-29,,,,3.71,3.95,,,,,,
1963-04-01,,,,3.7,3.95,,,,,,
1963-04-02,,,,3.7,3.96,,,,,,
1963-04-03,,,,3.71,3.96,,,,,,
1963-04-04,,,,3.7,3.95,,,,,,
1963-04-05,,,,3.7,3.95,,,,,,
1963-04-08,,,,3.72,3.97,,,,,,
1963-04-09,,,,3.73,3.98,,,,,,
1963-04-10,,,,3.76,4.0,,,,,,
1963-04-11,,,,3.74,4.0,,,,,,
1963-04-15,,,,3.77,4.01,,,,,,
1963-04-16,,,,3.76,4.0,,,,,,
1963-04-17,,,,3.77,4.0,,,,,,
1963-04-18,,,,3.76,3.99,,,,,,
1963-04-19,,,,3.75,3.97,,,,,,
1963-04-22,,,,3.76,3.97,,,,,,
1963-04-23,,,,3.76,3.97,,,,,,
1963-04-24,,,,3.76,3.96,,,,,,
1963-04-25,,,,3.75,3.95,,,,,,
1963-04-26,,,,3.73,3.95,,,,,,
1963-04-29,,,,3.74,3.95,,,,,,
1963-04-30,,,,3.73,3.95,,,,,,
1963-05-01,,,,3.72,3.94,,,,,,
1963-05-02,,,,3.72,3.94,,,,,,
1963-05-03,,,,3.71,3.93,,,,,,
1963-05-06,,,,3.69,3.92,,,,,,
1963-05-07,,,,3.68,3.91,,,,,,
1963-05-08,,,,3.7,3.92,,,,,,
1963-05-09,,,,3.71,3.93,,,,,,
1963-05-10,,,,3.71,3.93,,,,,,
1963-05-13,,,,3.7,3.92,,,,,,
1963-05-14,,,,3.7,3.91,,,,,,
1963-05-15,,,,3.69,3.91,,,,,,
1963-05-16,,,,3.68,3.9,,,,,,
1963-05-17,,,,3.69,3.92,,,,,,
1963-05-20,,,,3.71,3.93,,,,,,
1963-05-21,,,,3.7,3.92,,,,,,
1963-05-22,,,,3.7,3.92,,,,,,
1963-05-23,,,,3.71,3.93,,,,,,
1963-05-24,,,,3.75,3.95,,,,,,
1963-05-27,,,,3.75,3.95,,,,,,
1963-05-28,,,,3.77,3.96,,,,,,
1963-05-29,,,,3.78,3.96,,,,,,
1963-05-31,,,,3.78,3.96,,,,,,
1963-06-03,,,,3.81,3.98,,,,,,
1963-06-04,,,,3.8,3.98,,,,,,
1963-06-05,,,,3.8,3.98,,,,,,
1963-06-06,,,,3.8,3.99,,,,,,
1963-06-07,,,,3.81,3.99,,,,,,
1963-06-10,,,,3.8,3.99,,,,,,
1963-06-11,,,,3.79,3.98,,,,,,
1963-06-12,,,,3.81,3.99,,,,,,
1963-06-13,,,,3.81,3.99,,,,,,
1963-06-14,,,,3.82,3.99,,,,,,
1963-06-17,,,,3.83,4.0,,,,,,
1963-06-18,,,,3.83,4.0,,,,,,
1963-06-19,,,,3.83,4.0,,,,,,
1963-06-20,,,,3.82,4.0,,,,,,
1963-06-21,,,,3.82,4.0,,,,,,
1963-06-24,,,,3.82,4.0,,,,,,
1963-06-25,,,,3.82,4.0,,,,,,
1963-06-26,,,,3.82,4.0,,,,,,
1963-06-27,,,,3.82,4.0,,,,,,
1963-06-28,,,,3.82,4.0,,,,,,
1963-07-01,,,,3.82,4.01,,,,,,
1963-07-02,,,,3.86,4.03,,,,,,
1963-07-03,,,,3.86,4.03,,,,,,
1963-07-05,,,,3.89,4.04,,,,,,
1963-07-08,,,,3.92,4.05,,,,,,
1963-07-09,,,,3.91,4.04,,,,,,
1963-07-10,,,,3.9,4.03,,,,,,
1963-07-11,,,,3.91,4.04,,,,,,
1963-07-12,,,,3.9,4.03,,,,,,
1963-07-15,,,,3.9,4.02,,,,,,
1963-07-16,,,,3.91,4.02,,,,,,
1963-07-17,,,,3.92,4.03,,,,,,
1963-07-18,,,,3.91,4.02,,,,,,
1963-07-19,,,,3.9,4.02,,,,,,
1963-07-22,,,,3.91,4.02,,,,,,
1963-07-23,,,,3.91,4.02,,,,,,
1963-07-24,,,,3.9,4.01,,,,,,
1963-07-25,,,,3.89,4.01,,,,,,
1963-07-26,,,,3.88,3.99,,,,,,
1963-07-29,,,,3.87,3.99,,,,,,
1963-07-30,,,,3.88,4.0,,,,,,
1963-07-31,,,,3.88,4.0,,,,,,
1963-08-01,,,,3.87,3.99,,,,,,
1963-08-02,,,,3.86,3.99,,,,,,
1963-08-05,,,,3.87,3.99,,,,,,
1963-08-06,,,,3.87,4.0,,,,,,
1963-08-07,,,,3.88,4.01,,,,,,
1963-08-08,,,,3.88,4.0,,,,,,
1963-08-09,,,,3.88,4.0,,,,,,
1963-08-12,,,,3.9,4.01,,,,,,
1963-08-13,,,,3.9,4.02,,,,,,
1963-08-14,,,,3.9,4.02,,,,,,
1963-08-15,,,,3.89,4.01,,,,,,
1963-08-16,,,,3.89,4.0,,,,,,
1963-08-19,,,,3.88,3.99,,,,,,
1963-08-20,,,,3.88,3.99,,,,,,
1963-08-21,,,,3.89,4.0,,,,,,
1963-08-22,,,,3.89,4.0,,,,,,
1963-08-23,,,,3.89,4.0,,,,,,
1963-08-26,,,,3.89,4.0,,,,,,
1963-08-27,,,,3.9,4.0,,,,,,
1963-08-28,,,,3.9,4.0,,,,,,
1963-08-29,,,,3.91,4.01,,,,,,
1963-08-30,,,,3.93,4.02,,,,,,
1963-09-03,,,,3.94,4.03,,,,,,
1963-09-04,,,,3.94,4.04,,,,,,
1963-09-05,,,,3.97,4.08,,,,,,
1963-09-06,,,,3.97,4.09,,,,,,
1963-09-09,,,,3.97,4.09,,,,,,
1963-09-10,,,,3.97,4.09,,,,,,
1963-09-11,,,,3.96,4.09,,,,,,
1963-09-12,,,,3.97,4.09,,,,,,
1963-09-13,,,,3.97,4.09,,,,,,
1963-09-16,,,,3.97,4.09,,,,,,
1963-09-17,,,,3.97,4.09,,,,,,
1963-09-18,,,,3.96,4.08,,,,,,
1963-09-19,,,,3.95,4.08,,,,,,
1963-09-20,,,,3.94,4.07,,,,,,
1963-09-23,,,,3.94,4.07,,,,,,
1963-09-24,,,,3.95,4.08,,,,,,
1963-09-25,,,,3.95,4.08,,,,,,
1963-09-26,,,,3.95,4.08,,,,,,
1963-09-27,,,,3.94,4.07,,,,,,
1963-09-30,,,,3.94,4.07,,,,,,
1963-10-01,,,,3.93,4.07,,,,,,
1963-10-02,,,,3.93,4.07,,,,,,
1963-10-03,,,,3.93,4.07,,,,,,
1963-10-04,,,,3.94,4.08,,,,,,
1963-10-07,,,,3.95,4.08,,,,,,
1963-10-08,,,,3.96,4.09,,,,,,
1963-10-09,,,,3.97,4.1,,,,,,
1963-10-10,,,,3.97,4.1,,,,,,
1963-10-11,,,,3.96,4.1,,,,,,
1963-10-14,,,,3.96,4.1,,,,,,
1963-10-15,,,,3.97,4.11,,,,,,
1963-10-16,,,,3.97,4.11,,,,,,
1963-10-17,,,,3.98,4.12,,,,,,
1963-10-18,,,,3.99,4.12,,,,,,
1963-10-21,,,,3.99,4.12,,,,,,
1963-10-22,,,,3.98,4.11,,,,,,
1963-10-23,,,,3.98,4.12,,,,,,
1963-10-24,,,,3.97,4.11,,,,,,
1963-10-25,,,,3.98,4.12,,,,,,
1963-10-28,,,,3.98,4.12,,,,,,
1963-10-29,,,,4.0,4.13,,,,,,
1963-10-30,,,,4.0,4.14,,,,,,
1963-10-31,,,,4.01,4.15,,,,,,
1963-11-01,,,,4.01,4.15,,,,,,
1963-11-04,,,,4.02,4.15,,,,,,
1963-11-06,,,,4.04,4.17,,,,,,
1963-11-07,,,,4.04,4.17,,,,,,
1963-11-08,,,,4.05,4.16,,,,,,
1963-11-12,,,,4.03,4.16,,,,,,
1963-11-13,,,,4.04,4.15,,,,,,
1963-11-14,,,,4.02,4.12,,,,,,
1963-11-15,,,,4.0,4.11,,,,,,
1963-11-18,,,,4.0,4.11,,,,,,
1963-11-19,,,,4.0,4.1,,,,,,
1963-11-20,,,,4.0,4.09,,,,,,
1963-11-21,,,,4.0,4.1,,,,,,
1963-11-22,,,,4.0,4.09,,,,,,
1963-11-26,,,,3.98,4.08,,,,,,
1963-11-27,,,,3.99,4.08,,,,,,
1963-11-29,,,,3.99,4.08,,,,,,
1963-12-02,,,,4.01,4.09,,,,,,
1963-12-03,,,,4.02,4.1,,,,,,
1963-12-04,,,,4.01,4.1,,,,,,
1963-12-05,,,,4.01,4.11,,,,,,
1963-12-06,,,,4.01,4.11,,,,,,
1963-12-09,,,,4.01,4.1,,,,,,
1963-12-10,,,,4.02,4.1,,,,,,
1963-12-11,,,,4.03,4.12,,,,,,
1963-12-12,,,,4.04,4.12,,,,,,
1963-12-13,,,,4.05,4.13,,,,,,
1963-12-16,,,,4.07,4.15,,,,,,
1963-12-17,,,,4.07,4.15,,,,,,
1963-12-18,,,,4.06,4.15,,,,,,
1963-12-19,,,,4.06,4.14,,,,,,
1963-12-20,,,,4.07,4.15,,,,,,
1963-12-23,,,,4.07,4.15,,,,,,
1963-12-24,,,,4.07,4.15,,,,,,
1963-12-26,,,,4.06,4.15,,,,,,
1963-12-27,,,,4.05,4.15,,,,,,
1963-12-30,,,,4.05,4.14,,,,,,
1963-12-31,,,,4.06,4.14,,,,,,
1964-01-02,,,,4.07,4.14,,,,,,
1964-01-03,,,,4.07,4.15,,,,,,
1964-01-06,,,,4.08,4.16,,,,,,
1964-01-07,,,,4.08,4.15,,,,,,
1964-01-08,,,,4.09,4.18,,,,,,
1964-01-09,,,,4.09,4.18,,,,,,
1964-01-10,,,,4.1,4.18,,,,,,
1964-01-13,,,,4.08,4.18,,,,,,
1964-01-14,,,,4.08,4.18,,,,,,
1964-01-15,,,,4.09,4.18,,,,,,
1964-01-16,,,,4.08,4.17,,,,,,
1964-01-17,,,,4.07,4.17,,,,,,
1964-01-20,,,,4.06,4.16,,,,,,
1964-01-21,,,,4.05,4.16,,,,,,
1964-01-22,,,,4.05,4.16,,,,,,
1964-01-23,,,,4.05,4.16,,,,,,
1964-01-24,,,,4.06,4.18,,,,,,
1964-01-27,,,,4.06,4.18,,,,,,
1964-01-28,,,,4.06,4.17,,,,,,
1964-01-29,,,,4.06,4.17,,,,,,
1964-01-30,,,,4.05,4.16,,,,,,
1964-01-31,,,,4.03,4.15,,,,,,
1964-02-03,,,,4.02,4.15,,,,,,
1964-02-04,,,,4.03,4.15,,,,,,
1964-02-05,,,,4.02,4.15,,,,,,
1964-02-06,,,,4.01,4.14,,,,,,
1964-02-07,,,,4.01,4.14,,,,,,
1964-02-10,,,,4.02,4.14,,,,,,
1964-02-11,,,,4.02,4.14,,,,,,
1964-02-13,,,,4.02,4.13,,,,,,
1964-02-14,,,,4.02,4.13,,,,,,
1964-02-17,,,,4.02,4.13,,,,,,
1964-02-18,,,,4.03,4.14,,,,,,
1964-02-19,,,,4.03,4.14,,,,,,
1964-02-20,,,,4.04,4.14,,,,,,
1964-02-24,,,,4.05,4.15,,,,,,
1964-02-25,,,,4.06,4.15,,,,,,
1964-02-26,,,,4.05,4.15,,,,,,
1964-02-27,,,,4.07,4.17,,,,,,
1964-02-28,,,,4.1,4.18,,,,,,
1964-03-02,,,,4.1,4.17,,,,,,
1964-03-03,,,,4.1,4.18,,,,,,
1964-03-04,,,,4.11,4.19,,,,,,
1964-03-05,,,,4.1,4.19,,,,,,
1964-03-06,,,,4.11,4.19,,,,,,
1964-03-09,,,,4.1,4.2,,,,,,
1964-03-10,,,,4.11,4.2,,,,,,
1964-03-11,,,,4.12,4.21,,,,,,
1964-03-12,,,,4.12,4.21,,,,,,
1964-03-13,,,,4.11,4.22,,,,,,
1964-03-16,,,,4.11,4.21,,,,,,
1964-03-17,,,,4.12,4.22,,,,,,
1964-03-18,,,,4.14,4.23,,,,,,
1964-03-19,,,,4.16,4.24,,,,,,
1964-03-20,,,,4.17,4.25,,,,,,
1964-03-23,,,,4.19,4.25,,,,,,
1964-03-24,,,,4.21,4.26,,,,,,
1964-03-25,,,,4.2,4.26,,,,,,
1964-03-26,,,,4.19,4.25,,,,,,
1964-03-30,,,,4.18,4.25,,,,,,
1964-03-31,,,,4.16,4.23,,,,,,
1964-04-01,,,,4.17,4.23,,,,,,
1964-04-02,,,,4.18,4.24,,,,,,
1964-04-03,,,,4.2,4.25,,,,,,
1964-04-06,,,,4.19,4.25,,,,,,
1964-04-07,,,,4.18,4.25,,,,,,
1964-04-08,,,,4.16,4.22,,,,,,
1964-04-09,,,,4.14,4.22,,,,,,
1964-04-10,,,,4.15,4.22,,,,,,
1964-04-13,,,,4.16,4.23,,,,,,
1964-04-14,,,,4.16,4.24,,,,,,
1964-04-15,,,,4.15,4.23,,,,,,
1964-04-16,,,,4.14,4.23,,,,,,
1964-04-17,,,,4.14,4.24,,,,,,
1964-04-20,,,,4.14,4.24,,,,,,
1964-04-21,,,,4.14,4.23,,,,,,
1964-04-22,,,,4.14,4.23,,,,,,
1964-04-23,,,,4.14,4.23,,,,,,
1964-04-24,,,,4.15,4.23,,,,,,
1964-04-27,,,,4.15,4.23,,,,,,
1964-04-28,,,,4.15,4.23,,,,,,
1964-04-29,,,,4.14,4.22,,,,,,
1964-04-30,,,,4.13,4.22,,,,,,
1964-05-01,,,,4.12,4.22,,,,,,
1964-05-04,,,,4.1,4.22,,,,,,
1964-05-05,,,,4.1,4.22,,,,,,
1964-05-06,,,,4.1,4.22,,,,,,
1964-05-07,,,,4.09,4.22,,,,,,
1964-05-08,,,,4.06,4.2,,,,,,
1964-05-11,,,,4.04,4.19,,,,,,
1964-05-12,,,,4.03,4.19,,,,,,
1964-05-13,,,,4.02,4.19,,,,,,
1964-05-14,,,,4.01,4.19,,,,,,
1964-05-15,,,,4.02,4.19,,,,,,
1964-05-18,,,,4.02,4.19,,,,,,
1964-05-19,,,,4.02,4.19,,,,,,
1964-05-20,,,,4.05,4.2,,,,,,
1964-05-21,,,,4.05,4.2,,,,,,
1964-05-22,,,,4.04,4.2,,,,,,
1964-05-25,,,,4.03,4.19,,,,,,
1964-05-26,,,,4.03,4.19,,,,,,
1964-05-27,,,,4.03,4.2,,,,,,
1964-05-28,,,,4.03,4.19,,,,,,
1964-06-01,,,,4.03,4.19,,,,,,
1964-06-02,,,,4.03,4.19,,,,,,
1964-06-03,,,,4.03,4.19,,,,,,
1964-06-04,,,,4.03,4.19,,,,,,
1964-06-05,,,,4.02,4.18,,,,,,
1964-06-08,,,,4.02,4.18,,,,,,
1964-06-09,,,,4.01,4.17,,,,,,
1964-06-10,,,,4.02,4.17,,,,,,
1964-06-11,,,,4.02,4.18,,,,,,
1964-06-12,,,,4.02,4.18,,,,,,
1964-06-15,,,,4.02,4.18,,,,,,
1964-06-16,,,,4.02,4.18,,,,,,
1964-06-17,,,,4.02,4.18,,,,,,
1964-06-18,,,,4.01,4.17,,,,,,
1964-06-19,,,,4.01,4.16,,,,,,
1964-06-22,,,,4.0,4.15,,,,,,
1964-06-23,,,,4.02,4.15,,,,,,
1964-06-24,,,,4.03,4.15,,,,,,
1964-06-25,,,,4.02,4.15,,,,,,
1964-06-26,,,,4.01,4.15,,,,,,
1964-06-29,,,,4.01,4.15,,,,,,
1964-06-30,,,,4.01,4.15,,,,,,
1964-07-01,,,,4.01,4.15,,,,,,
1964-07-02,,,,4.01,4.15,,,,,,
1964-07-06,,,,4.01,4.16,,,,,,
1964-07-07,,,,4.0,4.15,,,,,,
1964-07-08,,,,4.0,4.15,,,,,,
1964-07-09,,,,4.01,4.18,,,,,,
1964-07-10,,,,4.01,4.19,,,,,,
1964-07-13,,,,4.02,4.19,,,,,,
1964-07-14,,,,4.02,4.19,,,,,,
1964-07-15,,,,4.02,4.19,,,,,,
1964-07-16,,,,4.03,4.19,,,,,,
1964-07-17,,,,4.04,4.2,,,,,,
1964-07-20,,,,4.05,4.21,,,,,,
1964-07-21,,,,4.05,4.2,,,,,,
1964-07-22,,,,4.04,4.21,,,,,,
1964-07-23,,,,4.03,4.2,,,,,,
1964-07-24,,,,4.03,4.2,,,,,,
1964-07-27,,,,4.03,4.2,,,,,,
1964-07-28,,,,4.04,4.2,,,,,,
1964-07-29,,,,4.05,4.2,,,,,,
1964-07-30,,,,4.05,4.19,,,,,,
1964-07-31,,,,4.04,4.19,,,,,,
1964-08-03,,,,4.04,4.19,,,,,,
1964-08-04,,,,4.04,4.19,,,,,,
1964-08-05,,,,4.04,4.19,,,,,,
1964-08-06,,,,4.04,4.18,,,,,,
1964-08-07,,,,4.05,4.19,,,,,,
1964-08-10,,,,4.06,4.19,,,,,,
1964-08-11,,,,4.07,4.2,,,,,,
1964-08-12,,,,4.06,4.2,,,,,,
1964-08-13,,,,4.06,4.19,,,,,,
1964-08-14,,,,4.05,4.19,,,,,,
1964-08-17,,,,4.05,4.19,,,,,,
1964-08-18,,,,4.05,4.19,,,,,,
1964-08-19,,,,4.05,4.19,,,,,,
1964-08-20,,,,4.05,4.19,,,,,,
1964-08-21,,,,4.05,4.19,,,,,,
1964-08-24,,,,4.06,4.19,,,,,,
1964-08-25,,,,4.06,4.2,,,,,,
1964-08-26,,,,4.06,4.2,,,,,,
1964-08-27,,,,4.06,4.2,,,,,,
1964-08-28,,,,4.07,4.21,,,,,,
1964-08-31,,,,4.07,4.21,,,,,,
1964-09-01,,,,4.08,4.21,,,,,,
1964-09-02,,,,4.09,4.22,,,,,,
1964-09-03,,,,4.09,4.22,,,,,,
1964-09-04,,,,4.09,4.22,,,,,,
1964-09-08,,,,4.1,4.22,,,,,,
1964-09-09,,,,4.1,4.22,,,,,,
1964-09-10,,,,4.09,4.22,,,,,,
1964-09-11,,,,4.09,4.22,,,,,,
1964-09-14,,,,4.09,4.22,,,,,,
1964-09-15,,,,4.1,4.22,,,,,,
1964-09-16,,,,4.09,4.21,,,,,,
1964-09-17,,,,4.08,4.2,,,,,,
1964-09-18,,,,4.07,4.2,,,,,,
1964-09-21,,,,4.06,4.19,,,,,,
1964-09-22,,,,4.06,4.19,,,,,,
1964-09-23,,,,4.06,4.19,,,,,,
1964-09-24,,,,4.06,4.19,,,,,,
1964-09-25,,,,4.06,4.19,,,,,,
1964-09-28,,,,4.04,4.17,,,,,,
1964-09-29,,,,4.05,4.18,,,,,,
1964-09-30,,,,4.05,4.18,,,,,,
1964-10-01,,,,4.05,4.18,,,,,,
1964-10-02,,,,4.07,4.18,,,,,,
1964-10-05,,,,4.07,4.2,,,,,,
1964-10-06,,,,4.07,4.19,,,,,,
1964-10-07,,,,4.07,4.19,,,,,,
1964-10-08,,,,4.07,4.19,,,,,,
1964-10-09,,,,4.08,4.19,,,,,,
1964-10-13,,,,4.08,4.19,,,,,,
1964-10-14,,,,4.08,4.19,,,,,,
1964-10-15,,,,4.08,4.2,,,,,,
1964-10-16,,,,4.09,4.21,,,,,,
1964-10-19,,,,4.09,4.21,,,,,,
1964-10-20,,,,4.08,4.2,,,,,,
1964-10-21,,,,4.07,4.19,,,,,,
1964-10-22,,,,4.07,4.19,,,,,,
1964-10-23,,,,4.07,4.19,,,,,,
1964-10-26,,,,4.07,4.19,,,,,,
1964-10-27,,,,4.06,4.18,,,,,,
1964-10-28,,,,4.05,4.17,,,,,,
1964-10-29,,,,4.04,4.16,,,,,,
1964-10-30,,,,4.05,4.16,,,,,,
1964-11-02,,,,4.04,4.15,,,,,,
1964-11-04,,,,4.04,4.15,,,,,,
1964-11-05,,,,4.04,4.15,,,,,,
1964-11-06,,,,4.04,4.15,,,,,,
1964-11-09,,,,4.03,4.15,,,,,,
1964-11-10,,,,4.01,4.14,,,,,,
1964-11-12,,,,3.99,4.12,,,,,,
1964-11-13,,,,4.0,4.13,,,,,,
1964-11-16,,,,4.01,4.13,,,,,,
1964-11-17,,,,4.01,4.14,,,,,,
1964-11-18,,,,4.01,4.14,,,,,,
1964-11-19,,,,4.01,4.13,,,,,,
1964-11-20,,,,4.01,4.13,,,,,,
1964-11-23,,,,4.08,4.18,,,,,,
1964-11-24,,,,4.09,4.18,,,,,,
1964-11-25,,,,4.1,4.19,,,,,,
1964-11-27,,,,4.11,4.19,,,,,,
1964-11-30,,,,4.13,4.2,,,,,,
1964-12-01,,,,4.13,4.2,,,,,,
1964-12-02,,,,4.12,4.19,,,,,,
1964-12-03,,,,4.09,4.18,,,,,,
1964-12-04,,,,4.08,4.18,,,,,,
1964-12-07,,,,4.07,4.17,,,,,,
1964-12-08,,,,4.06,4.16,,,,,,
1964-12-09,,,,4.06,4.16,,,,,,
1964-12-10,,,,4.06,4.15,,,,,,
1964-12-11,,,,4.07,4.15,,,,,,
1964-12-14,,,,4.08,4.16,,,,,,
1964-12-15,,,,4.08,4.17,,,,,,
1964-12-16,,,,4.08,4.18,,,,,,
1964-12-17,,,,4.08,4.18,,,,,,
1964-12-18,,,,4.09,4.19,,,,,,
1964-12-21,,,,4.09,4.18,,,,,,
1964-12-22,,,,4.09,4.18,,,,,,
1964-12-23,,,,4.09,4.19,,,,,,
1964-12-24,,,,4.09,4.19,,,,,,
1964-12-28,,,,4.09,4.19,,,,,,
1964-12-29,,,,4.09,4.19,,,,,,
1964-12-30,,,,4.09,4.2,,,,,,
1964-12-31,,,,4.12,4.21,,,,,,
1965-01-04,,,,4.12,4.2,,,,,,
1965-01-05,,,,4.11,4.2,,,,,,
1965-01-06,,,,4.11,4.2,,,,,,
1965-01-07,,,,4.12,4.2,,,,,,
1965-01-08,,,,4.12,4.2,,,,,,
1965-01-11,,,,4.12,4.2,,,,,,
1965-01-12,,,,4.11,4.19,,,,,,
1965-01-13,,,,4.1,4.19,,,,,,
1965-01-14,,,,4.1,4.19,,,,,,
1965-01-15,,,,4.11,4.19,,,,,,
1965-01-18,,,,4.11,4.19,,,,,,
1965-01-19,,,,4.1,4.18,,,,,,
1965-01-20,,,,4.09,4.18,,,,,,
1965-01-21,,,,4.08,4.17,,,,,,
1965-01-22,,,,4.08,4.17,,,,,,
1965-01-25,,,,4.08,4.18,,,,,,
1965-01-26,,,,4.09,4.19,,,,,,
1965-01-27,,,,4.09,4.19,,,,,,
1965-01-28,,,,4.1,4.19,,,,,,
1965-01-29,,,,4.11,4.19,,,,,,
1965-02-01,,,,4.12,4.2,,,,,,
1965-02-02,,,,4.12,4.2,,,,,,
1965-02-03,,,,4.13,4.2,,,,,,
1965-02-04,,,,4.15,4.21,,,,,,
1965-02-05,,,,4.16,4.22,,,,,,
1965-02-08,,,,4.15,4.21,,,,,,
1965-02-09,,,,4.15,4.21,,,,,,
1965-02-10,,,,4.15,4.21,,,,,,
1965-02-11,,,,4.15,4.21,,,,,,
1965-02-15,,,,4.15,4.22,,,,,,
1965-02-16,,,,4.15,4.21,,,,,,
1965-02-17,,,,4.14,4.21,,,,,,
1965-02-18,,,,4.15,4.21,,,,,,
1965-02-19,,,,4.16,4.22,,,,,,
1965-02-23,,,,4.15,4.21,,,,,,
1965-02-24,,,,4.15,4.22,,,,,,
1965-02-25,,,,4.15,4.21,,,,,,
1965-02-26,,,,4.16,4.22,,,,,,
1965-03-01,,,,4.16,4.22,,,,,,
1965-03-02,,,,4.18,4.24,,,,,,
1965-03-03,,,,4.17,4.23,,,,,,
1965-03-04,,,,4.17,4.22,,,,,,
1965-03-05,,,,4.17,4.23,,,,,,
1965-03-08,,,,4.17,4.23,,,,,,
1965-03-09,,,,4.18,4.23,,,,,,
1965-03-10,,,,4.17,4.23,,,,,,
1965-03-11,,,,4.16,4.22,,,,,,
1965-03-12,,,,4.16,4.22,,,,,,
1965-03-15,,,,4.15,4.21,,,,,,
1965-03-16,,,,4.14,4.21,,,,,,
1965-03-17,,,,4.12,4.2,,,,,,
1965-03-18,,,,4.13,4.2,,,,,,
1965-03-19,,,,4.13,4.2,,,,,,
1965-03-22,,,,4.13,4.19,,,,,,
1965-03-23,,,,4.13,4.19,,,,,,
1965-03-24,,,,4.12,4.18,,,,,,
1965-03-25,,,,4.13,4.19,,,,,,
1965-03-26,,,,4.14,4.2,,,,,,
1965-03-29,,,,4.15,4.2,,,,,,
1965-03-30,,,,4.14,4.2,,,,,,
1965-03-31,,,,4.14,4.2,,,,,,
1965-04-01,,,,4.14,4.2,,,,,,
1965-04-02,,,,4.15,4.2,,,,,,
1965-04-05,,,,4.15,4.2,,,,,,
1965-04-06,,,,4.14,4.2,,,,,,
1965-04-07,,,,4.14,4.2,,,,,,
1965-04-08,,,,4.13,4.19,,,,,,
1965-04-09,,,,4.15,4.2,,,,,,
1965-04-12,,,,4.15,4.2,,,,,,
1965-04-13,,,,4.14,4.2,,,,,,
1965-04-14,,,,4.14,4.19,,,,,,
1965-04-15,,,,4.15,4.2,,,,,,
1965-04-19,,,,4.16,4.21,,,,,,
1965-04-20,,,,4.16,4.21,,,,,,
1965-04-21,,,,4.16,4.21,,,,,,
1965-04-22,,,,4.16,4.21,,,,,,
1965-04-23,,,,4.16,4.21,,,,,,
1965-04-26,,,,4.16,4.21,,,,,,
1965-04-27,,,,4.16,4.21,,,,,,
1965-04-28,,,,4.16,4.21,,,,,,
1965-04-29,,,,4.16,4.21,,,,,,
1965-04-30,,,,4.16,4.21,,,,,,
1965-05-03,,,,4.16,4.21,,,,,,
1965-05-04,,,,4.14,4.2,,,,,,
1965-05-05,,,,4.14,4.2,,,,,,
1965-05-06,,,,4.14,4.2,,,,,,
1965-05-07,,,,4.14,4.2,,,,,,
1965-05-10,,,,4.15,4.2,,,,,,
1965-05-11,,,,4.15,4.2,,,,,,
1965-05-12,,,,4.16,4.2,,,,,,
1965-05-13,,,,4.16,4.21,,,,,,
1965-05-14,,,,4.15,4.21,,,,,,
1965-05-17,,,,4.15,4.21,,,,,,
1965-05-18,,,,4.15,4.22,,,,,,
1965-05-19,,,,4.15,4.22,,,,,,
1965-05-20,,,,4.15,4.22,,,,,,
1965-05-21,,,,4.15,4.22,,,,,,
1965-05-24,,,,4.15,4.22,,,,,,
1965-05-25,,,,4.15,4.22,,,,,,
1965-05-26,,,,4.14,4.22,,,,,,
1965-05-27,,,,4.14,4.22,,,,,,
1965-05-28,,,,4.15,4.23,,,,,,
1965-06-01,,,,4.15,4.23,,,,,,
1965-06-02,,,,4.16,4.23,,,,,,
1965-06-03,,,,4.15,4.23,,,,,,
1965-06-04,,,,4.15,4.23,,,,,,
1965-06-07,,,,4.15,4.23,,,,,,
1965-06-08,,,,4.16,4.23,,,,,,
1965-06-09,,,,4.16,4.23,,,,,,
1965-06-10,,,,4.16,4.23,,,,,,
1965-06-11,,,,4.16,4.23,,,,,,
1965-06-14,,,,4.15,4.21,,,,,,
1965-06-15,,,,4.15,4.21,,,,,,
1965-06-16,,,,4.15,4.21,,,,,,
1965-06-17,,,,4.15,4.21,,,,,,
1965-06-18,,,,4.15,4.21,,,,,,
1965-06-21,,,,4.15,4.2,,,,,,
1965-06-22,,,,4.15,4.2,,,,,,
1965-06-23,,,,4.13,4.2,,,,,,
1965-06-24,,,,4.13,4.19,,,,,,
1965-06-25,,,,4.13,4.19,,,,,,
1965-06-28,,,,4.14,4.19,,,,,,
1965-06-29,,,,4.14,4.2,,,,,,
1965-06-30,,,,4.14,4.2,,,,,,
1965-07-01,,,,4.15,4.2,,,,,,
1965-07-02,,,,4.16,4.21,,,,,,
1965-07-06,,,,4.16,4.21,,,,,,
1965-07-07,,,,4.14,4.21,,,,,,
1965-07-08,,,,4.14,4.2,,,,,,
1965-07-09,,,,4.15,4.21,,,,,,
1965-07-12,,,,4.15,4.21,,,,,,
1965-07-13,,,,4.15,4.21,,,,,,
1965-07-14,,,,4.15,4.21,,,,,,
1965-07-15,,,,4.15,4.2,,,,,,
1965-07-16,,,,4.15,4.2,,,,,,
1965-07-19,,,,4.14,4.2,,,,,,
1965-07-20,,,,4.14,4.2,,,,,,
1965-07-21,,,,4.14,4.2,,,,,,
1965-07-22,,,,4.15,4.2,,,,,,
1965-07-23,,,,4.15,4.2,,,,,,
1965-07-26,,,,4.15,4.2,,,,,,
1965-07-27,,,,4.15,4.2,,,,,,
1965-07-28,,,,4.15,4.2,,,,,,
1965-07-29,,,,4.17,4.21,,,,,,
1965-07-30,,,,4.18,4.22,,,,,,
1965-08-02,,,,4.18,4.22,,,,,,
1965-08-03,,,,4.18,4.22,,,,,,
1965-08-04,,,,4.18,4.23,,,,,,
1965-08-05,,,,4.19,4.23,,,,,,
1965-08-06,,,,4.19,4.24,,,,,,
1965-08-09,,,,4.19,4.24,,,,,,
1965-08-10,,,,4.19,4.24,,,,,,
1965-08-11,,,,4.2,4.25,,,,,,
1965-08-12,,,,4.2,4.25,,,,,,
1965-08-13,,,,4.2,4.25,,,,,,
1965-08-16,,,,4.2,4.26,,,,,,
1965-08-17,,,,4.22,4.27,,,,,,
1965-08-18,,,,4.22,4.26,,,,,,
1965-08-19,,,,4.21,4.26,,,,,,
1965-08-20,,,,4.2,4.26,,,,,,
1965-08-23,,,,4.21,4.26,,,,,,
1965-08-24,,,,4.22,4.27,,,,,,
1965-08-25,,,,4.21,4.26,,,,,,
1965-08-26,,,,4.22,4.27,,,,,,
1965-08-27,,,,4.22,4.27,,,,,,
1965-08-30,,,,4.22,4.27,,,,,,
1965-08-31,,,,4.22,4.27,,,,,,
1965-09-01,,,,4.23,4.28,,,,,,
1965-09-02,,,,4.23,4.28,,,,,,
1965-09-03,,,,4.22,4.27,,,,,,
1965-09-07,,,,4.23,4.27,,,,,,
1965-09-08,,,,4.23,4.27,,,,,,
1965-09-09,,,,4.24,4.27,,,,,,
1965-09-10,,,,4.24,4.28,,,,,,
1965-09-13,,,,4.23,4.28,,,,,,
1965-09-14,,,,4.23,4.28,,,,,,
1965-09-15,,,,4.24,4.28,,,,,,
1965-09-16,,,,4.23,4.27,,,,,,
1965-09-17,,,,4.23,4.27,,,,,,
1965-09-20,,,,4.23,4.27,,,,,,
1965-09-21,,,,4.24,4.28,,,,,,
1965-09-22,,,,4.25,4.29,,,,,,
1965-09-23,,,,4.26,4.3,,,,,,
1965-09-24,,,,4.27,4.31,,,,,,
1965-09-27,,,,4.27,4.31,,,,,,
1965-09-28,,,,4.3,4.33,,,,,,
1965-09-29,,,,4.34,4.36,,,,,,
1965-09-30,,,,4.33,4.35,,,,,,
1965-10-01,,,,4.34,4.36,,,,,,
1965-10-04,,,,4.33,4.35,,,,,,
1965-10-05,,,,4.32,4.33,,,,,,
1965-10-06,,,,4.31,4.32,,,,,,
1965-10-07,,,,4.31,4.31,,,,,,
1965-10-08,,,,4.31,4.32,,,,,,
1965-10-11,,,,4.31,4.31,,,,,,
1965-10-13,,,,4.3,4.3,,,,,,
1965-10-14,,,,4.31,4.31,,,,,,
1965-10-15,,,,4.33,4.34,,,,,,
1965-10-18,,,,4.34,4.34,,,,,,
1965-10-19,,,,4.34,4.35,,,,,,
1965-10-20,,,,4.35,4.36,,,,,,
1965-10-21,,,,4.35,4.37,,,,,,
1965-10-22,,,,4.34,4.36,,,,,,
1965-10-25,,,,4.37,4.38,,,,,,
1965-10-26,,,,4.37,4.38,,,,,,
1965-10-27,,,,4.37,4.39,,,,,,
1965-10-28,,,,4.39,4.4,,,,,,
1965-10-29,,,,4.4,4.41,,,,,,
1965-11-01,,,,4.43,4.43,,,,,,
1965-11-03,,,,4.44,4.43,,,,,,
1965-11-04,,,,4.45,4.43,,,,,,
1965-11-05,,,,4.48,4.43,,,,,,
1965-11-08,,,,4.5,4.45,,,,,,
1965-11-09,,,,4.5,4.47,,,,,,
1965-11-10,,,,4.49,4.46,,,,,,
1965-11-12,,,,4.47,4.44,,,,,,
1965-11-15,,,,4.47,4.45,,,,,,
1965-11-16,,,,4.46,4.44,,,,,,
1965-11-17,,,,4.46,4.45,,,,,,
1965-11-18,,,,4.45,4.45,,,,,,
1965-11-19,,,,4.46,4.46,,,,,,
1965-11-22,,,,4.45,4.45,,,,,,
1965-11-23,,,,4.45,4.45,,,,,,
1965-11-24,,,,4.44,4.45,,,,,,
1965-11-26,,,,4.44,4.45,,,,,,
1965-11-29,,,,4.45,4.46,,,,,,
1965-11-30,,,,4.47,4.48,,,,,,
1965-12-01,,,,4.52,4.52,,,,,,
1965-12-02,,,,4.51,4.52,,,,,,
1965-12-03,,,,4.52,4.52,,,,,,
1965-12-06,,,,4.69,4.61,,,,,,
1965-12-07,,,,4.67,4.59,,,,,,
1965-12-08,,,,4.69,4.6,,,,,,
1965-12-09,,,,4.69,4.6,,,,,,
1965-12-10,,,,4.69,4.6,,,,,,
1965-12-13,,,,4.74,4.65,,,,,,
1965-12-14,,,,4.77,4.67,,,,,,
1965-12-15,,,,4.77,4.67,,,,,,
1965-12-16,,,,4.76,4.66,,,,,,
1965-12-17,,,,4.75,4.65,,,,,,
1965-12-20,,,,4.71,4.61,,,,,,
1965-12-21,,,,4.74,4.64,,,,,,
1965-12-22,,,,4.76,4.65,,,,,,
1965-12-23,,,,4.78,4.65,,,,,,
1965-12-27,,,,4.77,4.62,,,,,,
1965-12-28,,,,4.79,4.61,,,,,,
1965-12-29,,,,4.81,4.62,,,,,,
1965-12-30,,,,4.84,4.63,,,,,,
1965-12-31,,,,4.88,4.65,,,,,,
1966-01-03,,,,4.88,4.63,,,,,,
1966-01-04,,,,4.89,4.65,,,,,,
1966-01-05,,,,4.87,4.63,,,,,,
1966-01-06,,,,4.84,4.6,,,,,,
1966-01-07,,,,4.83,4.6,,,,,,
1966-01-10,,,,4.84,4.61,,,,,,
1966-01-11,,,,4.83,4.6,,,,,,
1966-01-12,,,,4.77,4.56,,,,,,
1966-01-13,,,,4.79,4.58,,,,,,
1966-01-14,,,,4.82,4.59,,,,,,
1966-01-17,,,,4.84,4.61,,,,,,
1966-01-18,,,,4.83,4.61,,,,,,
1966-01-19,,,,4.83,4.61,,,,,,
1966-01-20,,,,4.84,4.6,,,,,,
1966-01-21,,,,4.85,4.59,,,,,,
1966-01-24,,,,4.88,4.6,,,,,,
1966-01-25,,,,4.9,4.61,,,,,,
1966-01-26,,,,4.91,4.61,,,,,,
1966-01-27,,,,4.92,4.63,,,,,,
1966-01-28,,,,4.95,4.65,,,,,,
1966-01-31,,,,4.98,4.69,,,,,,
1966-02-01,,,,4.94,4.69,,,,,,
1966-02-02,,,,4.95,4.7,,,,,,
1966-02-03,,,,4.95,4.7,,,,,,
1966-02-04,,,,4.95,4.71,,,,,,
1966-02-07,,,,4.99,4.73,,,,,,
1966-02-08,,,,4.97,4.72,,,,,,
1966-02-09,,,,4.97,4.74,,,,,,
1966-02-10,,,,4.98,4.78,,,,,,
1966-02-11,,,,5.01,4.86,,,,,,
1966-02-14,,,,5.0,4.87,,,,,,
1966-02-15,,,,5.0,4.88,,,,,,
1966-02-16,,,,5.0,4.89,,,,,,
1966-02-17,,,,4.97,4.88,,,,,,
1966-02-18,,,,4.98,4.9,,,,,,
1966-02-21,,,,5.0,4.92,,,,,,
1966-02-23,,,,5.0,4.92,,,,,,
1966-02-24,,,,4.99,4.93,,,,,,
1966-02-25,,,,5.02,4.97,,,,,,
1966-02-28,,,,5.03,5.02,,,,,,
1966-03-01,,,,5.02,5.01,,,,,,
1966-03-02,,,,5.0,5.0,,,,,,
1966-03-03,,,,4.99,5.0,,,,,,
1966-03-04,,,,4.97,4.98,,,,,,
1966-03-07,,,,4.97,4.96,,,,,,
1966-03-08,,,,4.95,4.93,,,,,,
1966-03-09,,,,4.96,4.93,,,,,,
1966-03-10,,,,4.98,4.95,,,,,,
1966-03-11,,,,4.99,4.96,,,,,,
1966-03-14,,,,4.95,4.94,,,,,,
1966-03-15,,,,4.91,4.91,,,,,,
1966-03-16,,,,4.91,4.9,,,,,,
1966-03-17,,,,4.88,4.86,,,,,,
1966-03-18,,,,4.88,4.84,,,,,,
1966-03-21,,,,4.84,4.81,,,,,,
1966-03-22,,,,4.84,4.78,,,,,,
1966-03-23,,,,4.81,4.73,,,,,,
1966-03-24,,,,4.88,4.76,,,,,,
1966-03-25,,,,4.95,4.82,,,,,,
1966-03-28,,,,4.93,4.81,,,,,,
1966-03-29,,,,4.91,4.8,,,,,,
1966-03-30,,,,4.81,4.7,,,,,,
1966-03-31,,,,4.84,4.71,,,,,,
1966-04-01,,,,4.81,4.7,,,,,,
1966-04-04,,,,4.81,4.69,,,,,,
1966-04-05,,,,4.76,4.66,,,,,,
1966-04-06,,,,4.79,4.71,,,,,,
1966-04-07,,,,4.83,4.73,,,,,,
1966-04-11,,,,4.83,4.73,,,,,,
1966-04-12,,,,4.83,4.73,,,,,,
1966-04-13,,,,4.84,4.74,,,,,,
1966-04-14,,,,4.84,4.76,,,,,,
1966-04-15,,,,4.86,4.77,,,,,,
1966-04-18,,,,4.84,4.76,,,,,,
1966-04-19,,,,4.83,4.76,,,,,,
1966-04-20,,,,4.85,4.8,,,,,,
1966-04-21,,,,4.83,4.77,,,,,,
1966-04-22,,,,4.83,4.77,,,,,,
1966-04-25,,,,4.84,4.78,,,,,,
1966-04-26,,,,4.86,4.79,,,,,,
1966-04-27,,,,4.85,4.78,,,,,,
1966-04-28,,,,4.84,4.78,,,,,,
1966-04-29,,,,4.85,4.79,,,,,,
1966-05-02,,,,4.86,4.8,,,,,,
1966-05-03,,,,4.86,4.81,,,,,,
1966-05-04,,,,4.86,4.81,,,,,,
1966-05-05,,,,4.87,4.81,,,,,,
1966-05-06,,,,4.86,4.79,,,,,,
1966-05-09,,,,4.82,4.75,,,,,,
1966-05-10,,,,4.82,4.75,,,,,,
1966-05-11,,,,4.85,4.77,,,,,,
1966-05-12,,,,4.84,4.77,,,,,,
1966-05-13,,,,4.85,4.77,,,,,,
1966-05-16,,,,4.85,4.77,,,,,,
1966-05-17,,,,4.84,4.75,,,,,,
1966-05-18,,,,4.84,4.75,,,,,,
1966-05-19,,,,4.86,4.75,,,,,,
1966-05-20,,,,4.88,4.75,,,,,,
1966-05-23,,,,4.92,4.77,,,,,,
1966-05-24,,,,4.96,4.79,,,,,,
1966-05-25,,,,4.97,4.78,,,,,,
1966-05-26,,,,4.99,4.8,,,,,,
1966-05-27,,,,5.0,4.81,,,,,,
1966-05-31,,,,5.0,4.8,,,,,,
1966-06-01,,,,5.02,4.79,,,,,,
1966-06-02,,,,4.99,4.77,,,,,,
1966-06-03,,,,5.01,4.78,,,,,,
1966-06-06,,,,5.01,4.79,,,,,,
1966-06-07,,,,5.01,4.81,,,,,,
1966-06-08,,,,5.02,4.83,,,,,,
1966-06-09,,,,5.02,4.83,,,,,,
1966-06-10,,,,5.01,4.83,,,,,,
1966-06-13,,,,5.0,4.83,,,,,,
1966-06-14,,,,5.0,4.83,,,,,,
1966-06-15,,,,4.93,4.79,,,,,,
1966-06-16,,,,4.9,4.81,,,,,,
1966-06-17,,,,4.9,4.8,,,,,,
1966-06-20,,,,4.88,4.76,,,,,,
1966-06-21,,,,4.88,4.75,,,,,,
1966-06-22,,,,4.89,4.76,,,,,,
1966-06-23,,,,4.88,4.77,,,,,,
1966-06-24,,,,4.94,4.8,,,,,,
1966-06-27,,,,4.98,4.83,,,,,,
1966-06-28,,,,5.02,4.89,,,,,,
1966-06-29,,,,5.01,4.9,,,,,,
1966-06-30,,,,5.09,4.97,,,,,,
1966-07-01,,,,5.11,4.99,,,,,,
1966-07-05,,,,5.09,4.96,,,,,,
1966-07-06,,,,5.08,4.95,,,,,,
1966-07-07,,,,5.1,4.95,,,,,,
1966-07-08,,,,5.13,4.97,,,,,,
1966-07-11,,,,5.19,5.03,,,,,,
1966-07-12,,,,5.19,5.05,,,,,,
1966-07-13,,,,5.2,5.07,,,,,,
1966-07-14,,,,5.22,5.1,,,,,,
1966-07-15,,,,5.21,5.09,,,,,,
1966-07-18,,,,5.16,5.04,,,,,,
1966-07-19,,,,5.15,5.03,,,,,,
1966-07-20,,,,5.16,5.02,,,,,,
1966-07-21,,,,5.18,5.04,,,,,,
1966-07-22,,,,5.18,5.02,,,,,,
1966-07-25,,,,5.17,4.99,,,,,,
1966-07-26,,,,5.18,4.99,,,,,,
1966-07-27,,,,5.19,4.99,,,,,,
1966-07-28,,,,5.24,5.03,,,,,,
1966-07-29,,,,5.26,5.05,,,,,,
1966-08-01,,,,5.26,5.05,,,,,,
1966-08-02,,,,5.25,5.04,,,,,,
1966-08-03,,,,5.28,5.06,,,,,,
1966-08-04,,,,5.28,5.07,,,,,,
1966-08-05,,,,5.3,5.07,,,,,,
1966-08-08,,,,5.3,5.08,,,,,,
1966-08-09,,,,5.32,5.1,,,,,,
1966-08-10,,,,5.33,5.1,,,,,,
1966-08-11,,,,5.35,5.11,,,,,,
1966-08-12,,,,5.37,5.11,,,,,,
1966-08-15,,,,5.42,5.15,,,,,,
1966-08-16,,,,5.49,5.18,,,,,,
1966-08-17,,,,5.54,5.24,,,,,,
1966-08-18,,,,5.6,5.29,,,,,,
1966-08-19,,,,5.62,5.31,,,,,,
1966-08-22,,,,5.58,5.29,,,,,,
1966-08-23,,,,5.63,5.33,,,,,,
1966-08-24,,,,5.68,5.36,,,,,,
1966-08-25,,,,5.73,5.39,,,,,,
1966-08-26,,,,5.83,5.48,,,,,,
1966-08-29,,,,5.89,5.51,,,,,,
1966-08-30,,,,5.85,5.48,,,,,,
1966-08-31,,,,5.68,5.36,,,,,,
1966-09-01,,,,5.63,5.3,,,,,,
1966-09-02,,,,5.55,5.23,,,,,,
1966-09-06,,,,5.53,5.19,,,,,,
1966-09-07,,,,5.54,5.2,,,,,,
1966-09-08,,,,5.53,5.18,,,,,,
1966-09-09,,,,5.51,5.17,,,,,,
1966-09-12,,,,5.51,5.18,,,,,,
1966-09-13,,,,5.48,5.16,,,,,,
1966-09-14,,,,5.54,5.21,,,,,,
1966-09-15,,,,5.56,5.25,,,,,,
1966-09-16,,,,5.55,5.24,,,,,,
1966-09-19,,,,5.64,5.32,,,,,,
1966-09-20,,,,5.6,5.27,,,,,,
1966-09-21,,,,5.53,5.21,,,,,,
1966-09-22,,,,5.47,5.15,,,,,,
1966-09-23,,,,5.47,5.17,,,,,,
1966-09-26,,,,5.44,5.17,,,,,,
1966-09-27,,,,5.39,5.13,,,,,,
1966-09-28,,,,5.35,5.09,,,,,,
1966-09-29,,,,5.25,4.99,,,,,,
1966-09-30,,,,5.34,5.02,,,,,,
1966-10-03,,,,5.37,5.08,,,,,,
1966-10-04,,,,5.32,5.06,,,,,,
1966-10-05,,,,5.27,5.05,,,,,,
1966-10-06,,,,5.24,5.03,,,,,,
1966-10-07,,,,5.26,5.02,,,,,,
1966-10-10,,,,5.3,5.05,,,,,,
1966-10-11,,,,5.29,5.05,,,,,,
1966-10-13,,,,5.29,5.07,,,,,,
1966-10-14,,,,5.29,5.06,,,,,,
1966-10-17,,,,5.26,5.04,,,,,,
1966-10-18,,,,5.24,4.99,,,,,,
1966-10-19,,,,5.25,5.0,,,,,,
1966-10-20,,,,5.28,5.02,,,,,,
1966-10-21,,,,5.23,4.94,,,,,,
1966-10-24,,,,5.23,4.94,,,,,,
1966-10-25,,,,5.24,4.94,,,,,,
1966-10-26,,,,5.27,4.96,,,,,,
1966-10-27,,,,5.28,4.99,,,,,,
1966-10-28,,,,5.22,4.97,,,,,,
1966-10-31,,,,5.22,4.97,,,,,,
1966-11-01,,,,5.26,4.99,,,,,,
1966-11-02,,,,5.32,5.04,,,,,,
1966-11-03,,,,5.33,5.06,,,,,,
1966-11-04,,,,5.37,5.11,,,,,,
1966-11-07,,,,5.36,5.11,,,,,,
1966-11-09,,,,5.35,5.12,,,,,,
1966-11-10,,,,5.39,5.17,,,,,,
1966-11-14,,,,5.41,5.19,,,,,,
1966-11-15,,,,5.41,5.21,,,,,,
1966-11-16,,,,5.42,5.22,,,,,,
1966-11-17,,,,5.42,5.23,,,,,,
1966-11-18,,,,5.41,5.22,,,,,,
1966-11-21,,,,5.36,5.17,,,,,,
1966-11-22,,,,5.38,5.2,,,,,,
1966-11-23,,,,5.39,5.22,,,,,,
1966-11-25,,,,5.39,5.23,,,,,,
1966-11-28,,,,5.35,5.19,,,,,,
1966-11-29,,,,5.31,5.15,,,,,,
1966-11-30,,,,5.28,5.12,,,,,,
1966-12-01,,,,5.25,5.09,,,,,,
1966-12-02,,,,5.22,5.03,,,,,,
1966-12-05,,,,5.24,5.06,,,,,,
1966-12-06,,,,5.25,5.07,,,,,,
1966-12-07,,,,5.22,5.07,,,,,,
1966-12-08,,,,5.24,5.1,,,,,,
1966-12-09,,,,5.18,5.05,,,,,,
1966-12-12,,,,5.1,4.93,,,,,,
1966-12-13,,,,5.05,4.86,,,,,,
1966-12-14,,,,5.03,4.83,,,,,,
1966-12-15,,,,4.91,4.76,,,,,,
1966-12-16,,,,4.92,4.78,,,,,,
1966-12-19,,,,4.86,4.72,,,,,,
1966-12-20,,,,4.85,4.69,,,,,,
1966-12-21,,,,4.84,4.66,,,,,,
1966-12-22,,,,4.85,4.68,,,,,,
1966-12-23,,,,4.84,4.67,,,,,,
1966-12-27,,,,4.87,4.71,,,,,,
1966-12-28,,,,4.76,4.64,,,,,,
1966-12-29,,,,4.8,4.66,,,,,,
1966-12-30,,,,4.8,4.64,,,,,,
1967-01-03,,,,4.84,4.69,,,,,,
1967-01-04,,,,4.8,4.65,,,,,,
1967-01-05,,,,4.75,4.63,,,,,,
1967-01-06,,,,4.76,4.64,,,,,,
1967-01-09,,,,4.82,4.71,,,,,,
1967-01-10,,,,4.81,4.69,,,,,,
1967-01-11,,,,4.69,4.54,,,,,,
1967-01-12,,,,4.7,4.55,,,,,,
1967-01-13,,,,4.66,4.51,,,,,,
1967-01-16,,,,4.6,4.49,,,,,,
1967-01-17,,,,4.61,4.51,,,,,,
1967-01-18,,,,4.64,4.53,,,,,,
1967-01-19,,,,4.69,4.58,,,,,,
1967-01-20,,,,4.7,4.6,,,,,,
1967-01-23,,,,4.7,4.6,,,,,,
1967-01-24,,,,4.75,4.65,,,,,,
1967-01-25,,,,4.74,4.62,,,,,,
1967-01-26,,,,4.63,4.5,,,,,,
1967-01-27,,,,4.61,4.47,,,,,,
1967-01-30,,,,4.61,4.48,,,,,,
1967-01-31,,,,4.67,4.52,,,,,,
1967-02-01,,,,4.68,4.52,,,,,,
1967-02-02,,,,4.65,4.51,,,,,,
1967-02-03,,,,4.66,4.52,,,,,,
1967-02-06,,,,4.66,4.53,,,,,,
1967-02-07,,,,4.68,4.54,,,,,,
1967-02-08,,,,4.67,4.54,,,,,,
1967-02-09,,,,4.66,4.53,,,,,,
1967-02-10,,,,4.72,4.59,,,,,,
1967-02-14,,,,4.74,4.64,,,,,,
1967-02-15,,,,4.78,4.69,,,,,,
1967-02-16,,,,4.78,4.67,,,,,,
1967-02-17,,,,4.79,4.68,,,,,,
1967-02-20,,,,4.8,4.7,,,,,,
1967-02-21,,,,4.81,4.71,,,,,,
1967-02-23,,,,4.83,4.74,,,,,,
1967-02-24,,,,4.79,4.73,,,,,,
1967-02-27,,,,4.78,4.72,,,,,,
1967-02-28,,,,4.78,4.72,,,,,,
1967-03-01,,,,4.7,4.66,,,,,,
1967-03-02,,,,4.64,4.63,,,,,,
1967-03-03,,,,4.62,4.62,,,,,,
1967-03-06,,,,4.62,4.61,,,,,,
1967-03-07,,,,4.62,4.6,,,,,,
1967-03-08,,,,4.63,4.61,,,,,,
1967-03-09,,,,4.6,4.57,,,,,,
1967-03-10,,,,4.6,4.58,,,,,,
1967-03-13,,,,4.59,4.56,,,,,,
1967-03-14,,,,4.57,4.53,,,,,,
1967-03-15,,,,4.51,4.49,,,,,,
1967-03-16,,,,4.44,4.45,,,,,,
1967-03-17,,,,4.47,4.47,,,,,,
1967-03-20,,,,4.44,4.45,,,,,,
1967-03-21,,,,4.49,4.51,,,,,,
1967-03-22,,,,4.5,4.52,,,,,,
1967-03-23,,,,4.47,4.5,,,,,,
1967-03-27,,,,4.5,4.52,,,,,,
1967-03-28,,,,4.48,4.52,,,,,,
1967-03-29,,,,4.48,4.52,,,,,,
1967-03-30,,,,4.44,4.5,,,,,,
1967-03-31,,,,4.42,4.5,,,,,,
1967-04-03,,,,4.42,4.5,,,,,,
1967-04-04,,,,4.42,4.49,,,,,,
1967-04-05,,,,4.43,4.5,,,,,,
1967-04-06,,,,4.4,4.49,,,,,,
1967-04-07,,,,4.38,4.48,,,,,,
1967-04-10,,,,4.38,4.5,,,,,,
1967-04-11,,,,4.41,4.51,,,,,,
1967-04-12,,,,4.43,4.51,,,,,,
1967-04-13,,,,4.48,4.54,,,,,,
1967-04-14,,,,4.49,4.56,,,,,,
1967-04-17,,,,4.54,4.61,,,,,,
1967-04-18,,,,4.55,4.63,,,,,,
1967-04-19,,,,4.52,4.63,,,,,,
1967-04-20,,,,4.52,4.63,,,,,,
1967-04-21,,,,4.54,4.66,,,,,,
1967-04-24,,,,4.58,4.68,,,,,,
1967-04-25,,,,4.61,4.71,,,,,,
1967-04-26,,,,4.63,4.73,,,,,,
1967-04-27,,,,4.67,4.73,,,,,,
1967-04-28,,,,4.72,4.78,,,,,,
1967-05-01,,,,4.7,4.77,,,,,,
1967-05-02,,,,4.68,4.75,,,,,,
1967-05-03,,,,4.68,4.75,,,,,,
1967-05-04,,,,4.69,4.76,,,,,,
1967-05-05,,,,4.72,4.77,,,,,,
1967-05-08,,,,4.76,4.83,,,,,,
1967-05-09,,,,4.77,4.87,,,,,,
1967-05-10,,,,4.75,4.87,,,,,,
1967-05-11,,,,4.71,4.84,,,,,,
1967-05-12,,,,4.68,4.82,,,,,,
1967-05-15,,,,4.72,4.86,,,,,,
1967-05-16,,,,4.76,4.87,,,,,,
1967-05-17,,,,4.76,4.88,,,,,,
1967-05-18,,,,4.75,4.88,,,,,,
1967-05-19,,,,4.78,4.89,,,,,,
1967-05-22,,,,4.82,4.94,,,,,,
1967-05-23,,,,4.85,4.94,,,,,,
1967-05-24,,,,4.83,4.93,,,,,,
1967-05-25,,,,4.81,4.92,,,,,,
1967-05-26,,,,4.78,4.86,,,,,,
1967-05-29,,,,4.74,4.84,,,,,,
1967-05-31,,,,4.72,4.81,,,,,,
1967-06-01,,,,4.72,4.81,,,,,,
1967-06-02,,,,4.73,4.82,,,,,,
1967-06-05,,,,4.76,4.85,,,,,,
1967-06-06,,,,4.77,4.84,,,,,,
1967-06-07,,,,4.77,4.84,,,,,,
1967-06-08,,,,4.8,4.86,,,,,,
1967-06-09,,,,4.84,4.89,,,,,,
1967-06-12,,,,4.89,4.94,,,,,,
1967-06-13,,,,4.92,4.95,,,,,,
1967-06-14,,,,5.02,5.02,,,,,,
1967-06-15,,,,5.02,5.02,,,,,,
1967-06-16,,,,5.1,5.07,,,,,,
1967-06-19,,,,5.1,5.07,,,,,,
1967-06-20,,,,5.17,5.14,,,,,,
1967-06-21,,,,5.14,5.14,,,,,,
1967-06-22,,,,5.12,5.13,,,,,,
1967-06-23,,,,5.15,5.14,,,,,,
1967-06-26,,,,5.18,5.16,,,,,,
1967-06-27,,,,5.24,5.21,,,,,,
1967-06-28,,,,5.23,5.18,,,,,,
1967-06-29,,,,5.27,5.2,,,,,,
1967-06-30,,,,5.35,5.22,,,,,,
1967-07-03,,,,5.36,5.22,,,,,,
1967-07-05,,,,5.29,5.17,,,,,,
1967-07-06,,,,5.25,5.11,,,,,,
1967-07-07,,,,5.3,5.15,,,,,,
1967-07-10,,,,5.29,5.16,,,,,,
1967-07-11,,,,5.22,5.09,,,,,,
1967-07-12,,,,5.16,5.06,,,,,,
1967-07-13,,,,5.16,5.08,,,,,,
1967-07-14,,,,5.16,5.08,,,,,,
1967-07-17,,,,5.16,5.09,,,,,,
1967-07-18,,,,5.2,5.16,,,,,,
1967-07-19,,,,5.22,5.18,,,,,,
1967-07-20,,,,5.25,5.2,,,,,,
1967-07-21,,,,5.25,5.2,,,,,,
1967-07-24,,,,5.31,5.23,,,,,,
1967-07-25,,,,5.28,5.23,,,,,,
1967-07-26,,,,5.22,5.23,,,,,,
1967-07-27,,,,5.17,5.2,,,,,,
1967-07-28,,,,5.13,5.18,,,,,,
1967-07-31,,,,5.12,5.16,,,,,,
1967-08-01,,,,5.18,5.18,,,,,,
1967-08-02,,,,5.22,5.21,,,,,,
1967-08-03,,,,5.19,5.2,,,,,,
1967-08-04,,,,5.25,5.26,,,,,,
1967-08-07,,,,5.31,5.3,,,,,,
1967-08-08,,,,5.29,5.28,,,,,,
1967-08-09,,,,5.28,5.27,,,,,,
1967-08-10,,,,5.3,5.28,,,,,,
1967-08-11,,,,5.32,5.29,,,,,,
1967-08-14,,,,5.32,5.29,,,,,,
1967-08-15,,,,5.31,5.29,,,,,,
1967-08-16,,,,5.31,5.28,,,,,,
1967-08-17,,,,5.32,5.28,,,,,,
1967-08-18,,,,5.34,5.28,,,,,,
1967-08-21,,,,5.37,5.3,,,,,,
1967-08-22,,,,5.38,5.3,,,,,,
1967-08-23,,,,5.4,5.31,,,,,,
1967-08-24,,,,5.37,5.31,,,,,,
1967-08-25,,,,5.38,5.32,,,,,,
1967-08-28,,,,5.34,5.29,,,,,,
1967-08-29,,,,5.32,5.27,,,,,,
1967-08-30,,,,5.34,5.28,,,,,,
1967-08-31,,,,5.34,5.27,,,,,,
1967-09-01,,,,5.32,5.25,,,,,,
1967-09-05,,,,5.29,5.22,,,,,,
1967-09-06,,,,5.28,5.2,,,,,,
1967-09-07,,,,5.3,5.2,,,,,,
1967-09-08,,,,5.37,5.26,,,,,,
1967-09-11,,,,5.38,5.28,,,,,,
1967-09-12,,,,5.4,5.29,,,,,,
1967-09-13,,,,5.37,5.27,,,,,,
1967-09-14,,,,5.39,5.28,,,,,,
1967-09-15,,,,5.4,5.29,,,,,,
1967-09-18,,,,5.42,5.3,,,,,,
1967-09-19,,,,5.47,5.35,,,,,,
1967-09-20,,,,5.43,5.34,,,,,,
1967-09-21,,,,5.45,5.36,,,,,,
1967-09-22,,,,5.46,5.36,,,,,,
1967-09-25,,,,5.48,5.38,,,,,,
1967-09-26,,,,5.47,5.37,,,,,,
1967-09-27,,,,5.47,5.37,,,,,,
1967-09-28,,,,5.44,5.36,,,,,,
1967-09-29,,,,5.38,5.31,,,,,,
1967-10-02,,,,5.43,5.35,,,,,,
1967-10-03,,,,5.44,5.35,,,,,,
1967-10-04,,,,5.47,5.37,,,,,,
1967-10-05,,,,5.47,5.37,,,,,,
1967-10-06,,,,5.48,5.37,,,,,,
1967-10-09,,,,5.49,5.39,,,,,,
1967-10-10,,,,5.52,5.42,,,,,,
1967-10-11,,,,5.53,5.42,,,,,,
1967-10-13,,,,5.56,5.45,,,,,,
1967-10-16,,,,5.6,5.47,,,,,,
1967-10-17,,,,5.61,5.49,,,,,,
1967-10-18,,,,5.6,5.52,,,,,,
1967-10-19,,,,5.59,5.53,,,,,,
1967-10-20,,,,5.57,5.52,,,,,,
1967-10-23,,,,5.61,5.56,,,,,,
1967-10-24,,,,5.63,5.56,,,,,,
1967-10-25,,,,5.63,5.57,,,,,,
1967-10-26,,,,5.65,5.58,,,,,,
1967-10-27,,,,5.64,5.57,,,,,,
1967-10-30,,,,5.67,5.6,,,,,,
1967-10-31,,,,5.72,5.64,,,,,,
1967-11-01,,,,5.76,5.7,,,,,,
1967-11-02,,,,5.76,5.71,,,,,,
1967-11-03,,,,5.8,5.75,,,,,,
1967-11-06,,,,5.83,5.77,,,,,,
1967-11-08,,,,5.81,5.74,,,,,,
1967-11-09,,,,5.83,5.78,,,,,,
1967-11-10,,,,5.87,5.83,,,,,,
1967-11-13,,,,5.91,5.87,,,,,,
1967-11-14,,,,5.81,5.81,,,,,,
1967-11-15,,,,5.78,5.78,,,,,,
1967-11-16,,,,5.68,5.72,,,,,,
1967-11-17,,,,5.72,5.75,,,,,,
1967-11-20,,,,5.87,5.85,,,,,,
1967-11-21,,,,5.72,5.71,,,,,,
1967-11-22,,,,5.68,5.7,,,,,,
1967-11-24,,,,5.78,5.78,,,,,,
1967-11-27,,,,5.78,5.76,,,,,,
1967-11-28,,,,5.65,5.65,,,,,,
1967-11-29,,,,5.69,5.67,,,,,,
1967-11-30,,,,5.77,5.74,,,,,,
1967-12-01,,,,5.82,5.78,,,,,,
1967-12-04,,,,5.8,5.76,,,,,,
1967-12-05,,,,5.77,5.74,,,,,,
1967-12-06,,,,5.72,5.69,,,,,,
1967-12-07,,,,5.76,5.71,,,,,,
1967-12-08,,,,5.78,5.72,,,,,,
1967-12-11,,,,5.81,5.74,,,,,,
1967-12-12,,,,5.81,5.75,,,,,,
1967-12-13,,,,5.74,5.71,,,,,,
1967-12-14,,,,5.77,5.7,,,,,,
1967-12-15,,,,5.79,5.71,,,,,,
1967-12-18,,,,5.75,5.68,,,,,,
1967-12-19,,,,5.7,5.66,,,,,,
1967-12-20,,,,5.66,5.62,,,,,,
1967-12-21,,,,5.7,5.64,,,,,,
1967-12-22,,,,5.74,5.69,,,,,,
1967-12-26,,,,5.7,5.64,,,,,,
1967-12-27,,,,5.7,5.64,,,,,,
1967-12-28,,,,5.79,5.7,,,,,,
1967-12-29,,,,5.78,5.7,,,,,,
1968-01-02,,,,5.68,5.63,,,,,,
1968-01-03,,,,5.67,5.63,,,,,,
1968-01-04,,,,5.54,5.51,,,,,,
1968-01-05,,,,5.5,5.48,,,,,,
1968-01-08,,,,5.53,5.5,,,,,,
1968-01-09,,,,5.54,5.52,,,,,,
1968-01-10,,,,5.45,5.46,,,,,,
1968-01-11,,,,5.43,5.46,,,,,,
1968-01-12,,,,5.42,5.43,,,,,,
1968-01-15,,,,5.47,5.49,,,,,,
1968-01-16,,,,5.51,5.52,,,,,,
1968-01-17,,,,5.46,5.48,,,,,,
1968-01-18,,,,5.55,5.55,,,,,,
1968-01-19,,,,5.59,5.59,,,,,,
1968-01-22,,,,5.61,5.61,,,,,,
1968-01-23,,,,5.56,5.56,,,,,,
1968-01-24,,,,5.58,5.56,,,,,,
1968-01-25,,,,5.52,5.52,,,,,,
1968-01-26,,,,5.55,5.53,,,,,,
1968-01-29,,,,5.54,5.53,,,,,,
1968-01-30,,,,5.55,5.53,,,,,,
1968-01-31,,,,5.55,5.54,,,,,,
1968-02-01,,,,5.6,5.58,,,,,,
1968-02-02,,,,5.6,5.58,,,,,,
1968-02-05,,,,5.64,5.6,,,,,,
1968-02-06,,,,5.65,5.61,,,,,,
1968-02-07,,,,5.63,5.59,,,,,,
1968-02-08,,,,5.65,5.6,,,,,,
1968-02-09,,,,5.63,5.59,,,,,,
1968-02-13,,,,5.58,5.55,,,,,,
1968-02-14,,,,5.56,5.54,,,,,,
1968-02-15,,,,5.53,5.51,,,,,,
1968-02-16,,,,5.49,5.5,,,,,,
1968-02-19,,,,5.54,5.53,,,,,,
1968-02-20,,,,5.55,5.54,,,,,,
1968-02-21,,,,5.55,5.54,,,,,,
1968-02-23,,,,5.58,5.56,,,,,,
1968-02-26,,,,5.61,5.58,,,,,,
1968-02-27,,,,5.6,5.58,,,,,,
1968-02-28,,,,5.58,5.57,,,,,,
1968-02-29,,,,5.57,5.56,,,,,,
1968-03-01,,,,5.57,5.56,,,,,,
1968-03-04,,,,5.59,5.57,,,,,,
1968-03-05,,,,5.61,5.59,,,,,,
1968-03-06,,,,5.63,5.61,,,,,,
1968-03-07,,,,5.71,5.67,,,,,,
1968-03-08,,,,5.78,5.75,,,,,,
1968-03-11,,,,5.78,5.75,,,,,,
1968-03-12,,,,5.82,5.79,,,,,,
1968-03-13,,,,5.9,5.86,,,,,,
1968-03-14,,,,6.0,5.95,,,,,,
1968-03-15,,,,5.88,5.84,,,,,,
1968-03-18,,,,5.78,5.76,,,,,,
1968-03-19,,,,5.78,5.77,,,,,,
1968-03-20,,,,5.71,5.73,,,,,,
1968-03-21,,,,5.78,5.76,,,,,,
1968-03-22,,,,5.74,5.74,,,,,,
1968-03-25,,,,5.74,5.74,,,,,,
1968-03-26,,,,5.78,5.78,,,,,,
1968-03-27,,,,5.77,5.78,,,,,,
1968-03-28,,,,5.79,5.78,,,,,,
1968-03-29,,,,5.76,5.76,,,,,,
1968-04-01,,,,5.64,5.64,,,,,,
1968-04-02,,,,5.58,5.62,,,,,,
1968-04-03,,,,5.43,5.49,,,,,,
1968-04-04,,,,5.47,5.52,,,,,,
1968-04-05,,,,5.48,5.52,,,,,,
1968-04-08,,,,5.49,5.54,,,,,,
1968-04-10,,,,5.48,5.53,,,,,,
1968-04-11,,,,5.53,5.54,,,,,,
1968-04-15,,,,5.62,5.6,,,,,,
1968-04-16,,,,5.66,5.62,,,,,,
1968-04-17,,,,5.67,5.62,,,,,,
1968-04-18,,,,5.72,5.64,,,,,,
1968-04-19,,,,5.9,5.76,,,,,,
1968-04-22,,,,5.93,5.78,,,,,,
1968-04-23,,,,5.84,5.73,,,,,,
1968-04-24,,,,5.84,5.72,,,,,,
1968-04-25,,,,5.85,5.72,,,,,,
1968-04-26,,,,5.84,5.71,,,,,,
1968-04-29,,,,5.96,5.73,,,,,,
1968-04-30,,,,5.96,5.74,,,,,,
1968-05-01,,,,5.92,5.73,,,,,,
1968-05-02,,,,5.95,5.76,,,,,,
1968-05-03,,,,6.01,5.8,,,,,,
1968-05-06,,,,5.98,5.78,,,,,,
1968-05-07,,,,5.97,5.79,,,,,,
1968-05-08,,,,5.99,5.8,,,,,,
1968-05-09,,,,5.97,5.79,,,,,,
1968-05-10,,,,5.97,5.79,,,,,,
1968-05-13,,,,5.97,5.79,,,,,,
1968-05-14,,,,6.0,5.82,,,,,,
1968-05-15,,,,6.02,5.85,,,,,,
1968-05-16,,,,6.07,5.9,,,,,,
1968-05-17,,,,6.11,5.92,,,,,,
1968-05-20,,,,6.15,5.96,,,,,,
1968-05-21,,,,6.21,6.02,,,,,,
1968-05-22,,,,6.2,6.02,,,,,,
1968-05-23,,,,6.13,5.98,,,,,,
1968-05-24,,,,6.08,5.96,,,,,,
1968-05-27,,,,6.02,5.92,,,,,,
1968-05-28,,,,6.06,5.94,,,,,,
1968-05-29,,,,6.08,5.95,,,,,,
1968-05-31,,,,5.97,5.86,,,,,,
1968-06-03,,,,5.91,5.79,,,,,,
1968-06-04,,,,5.9,5.78,,,,,,
1968-06-05,,,,5.94,5.81,,,,,,
1968-06-06,,,,5.95,5.83,,,,,,
1968-06-07,,,,5.93,5.82,,,,,,
1968-06-10,,,,5.92,5.8,,,,,,
1968-06-11,,,,5.91,5.79,,,,,,
1968-06-12,,,,5.9,5.77,,,,,,
1968-06-13,,,,5.88,5.76,,,,,,
1968-06-14,,,,5.82,5.72,,,,,,
1968-06-17,,,,5.81,5.71,,,,,,
1968-06-18,,,,5.82,5.71,,,,,,
1968-06-19,,,,5.78,5.67,,,,,,
1968-06-20,,,,5.73,5.62,,,,,,
1968-06-21,,,,5.74,5.6,,,,,,
1968-06-24,,,,5.77,5.61,,,,,,
1968-06-25,,,,5.81,5.64,,,,,,
1968-06-26,,,,5.81,5.64,,,,,,
1968-06-27,,,,5.81,5.65,,,,,,
1968-06-28,,,,5.79,5.64,,,,,,
1968-07-01,,,,5.77,5.62,,,,,,
1968-07-02,,,,5.73,5.58,,,,,,
1968-07-03,,,,5.71,5.57,,,,,,
1968-07-05,,,,5.7,5.56,,,,,,
1968-07-08,,,,5.65,5.53,,,,,,
1968-07-09,,,,5.61,5.51,,,,,,
1968-07-10,,,,5.64,5.52,,,,,,
1968-07-11,,,,5.65,5.52,,,,,,
1968-07-12,,,,5.65,5.53,,,,,,
1968-07-15,,,,5.68,5.56,,,,,,
1968-07-16,,,,5.68,5.57,,,,,,
1968-07-17,,,,5.64,5.55,,,,,,
1968-07-18,,,,5.62,5.56,,,,,,
1968-07-19,,,,5.56,5.53,,,,,,
1968-07-22,,,,5.47,5.45,,,,,,
1968-07-23,,,,5.43,5.38,,,,,,
1968-07-24,,,,5.46,5.39,,,,,,
1968-07-25,,,,5.46,5.37,,,,,,
1968-07-26,,,,5.5,5.39,,,,,,
1968-07-29,,,,5.53,5.41,,,,,,
1968-07-30,,,,5.53,5.41,,,,,,
1968-07-31,,,,5.5,5.39,,,,,,
1968-08-01,,,,5.47,5.38,,,,,,
1968-08-02,,,,5.43,5.34,,,,,,
1968-08-05,,,,5.48,5.37,,,,,,
1968-08-06,,,,5.5,5.38,,,,,,
1968-08-07,,,,5.45,5.36,,,,,,
1968-08-08,,,,5.46,5.37,,,,,,
1968-08-09,,,,5.47,5.39,,,,,,
1968-08-12,,,,5.52,5.42,,,,,,
1968-08-13,,,,5.52,5.43,,,,,,
1968-08-14,,,,5.51,5.43,,,,,,
1968-08-15,,,,5.52,5.45,,,,,,
1968-08-16,,,,5.49,5.42,,,,,,
1968-08-19,,,,5.49,5.43,,,,,,
1968-08-20,,,,5.5,5.43,,,,,,
1968-08-21,,,,5.52,5.46,,,,,,
1968-08-22,,,,5.55,5.5,,,,,,
1968-08-23,,,,5.52,5.47,,,,,,
1968-08-26,,,,5.51,5.46,,,,,,
1968-08-27,,,,5.51,5.46,,,,,,
1968-08-28,,,,5.5,5.45,,,,,,
1968-08-29,,,,5.49,5.43,,,,,,
1968-08-30,,,,5.48,5.42,,,,,,
1968-09-03,,,,5.46,5.41,,,,,,
1968-09-04,,,,5.46,5.43,,,,,,
1968-09-05,,,,5.49,5.46,,,,,,
1968-09-06,,,,5.51,5.48,,,,,,
1968-09-09,,,,5.52,5.49,,,,,,
1968-09-10,,,,5.54,5.51,,,,,,
1968-09-11,,,,5.52,5.5,,,,,,
1968-09-12,,,,5.52,5.49,,,,,,
1968-09-13,,,,5.49,5.48,,,,,,
1968-09-16,,,,5.48,5.46,,,,,,
1968-09-17,,,,5.47,5.46,,,,,,
1968-09-18,,,,5.44,5.42,,,,,,
1968-09-19,,,,5.43,5.43,,,,,,
1968-09-20,,,,5.46,5.45,,,,,,
1968-09-23,,,,5.46,5.45,,,,,,
1968-09-24,,,,5.44,5.44,,,,,,
1968-09-25,,,,5.44,5.44,,,,,,
1968-09-26,,,,5.45,5.45,,,,,,
1968-09-27,,,,5.46,5.46,,,,,,
1968-09-30,,,,5.48,5.49,,,,,,
1968-10-01,,,,5.48,5.49,,,,,,
1968-10-02,,,,5.48,5.49,,,,,,
1968-10-03,,,,5.49,5.5,,,,,,
1968-10-04,,,,5.5,5.52,,,,,,
1968-10-07,,,,5.54,5.55,,,,,,
1968-10-08,,,,5.56,5.57,,,,,,
1968-10-09,,,,5.57,5.6,,,,,,
1968-10-10,,,,5.57,5.61,,,,,,
1968-10-11,,,,5.55,5.61,,,,,,
1968-10-14,,,,5.57,5.62,,,,,,
1968-10-15,,,,5.6,5.65,,,,,,
1968-10-16,,,,5.57,5.62,,,,,,
1968-10-17,,,,5.53,5.58,,,,,,
1968-10-18,,,,5.53,5.57,,,,,,
1968-10-21,,,,5.56,5.58,,,,,,
1968-10-22,,,,5.56,5.58,,,,,,
1968-10-23,,,,5.55,5.58,,,,,,
1968-10-24,,,,5.6,5.61,,,,,,
1968-10-25,,,,5.58,5.6,,,,,,
1968-10-28,,,,5.58,5.61,,,,,,
1968-10-29,,,,5.6,5.62,,,,,,
1968-10-30,,,,5.59,5.63,,,,,,
1968-10-31,,,,5.57,5.61,,,,,,
1968-11-01,,,,5.56,5.61,,,,,,
1968-11-04,,,,5.6,5.63,,,,,,
1968-11-06,,,,5.59,5.62,,,,,,
1968-11-07,,,,5.61,5.63,,,,,,
1968-11-08,,,,5.64,5.65,,,,,,
1968-11-12,,,,5.66,5.68,,,,,,
1968-11-13,,,,5.63,5.66,,,,,,
1968-11-14,,,,5.63,5.66,,,,,,
1968-11-15,,,,5.66,5.68,,,,,,
1968-11-18,,,,5.68,5.71,,,,,,
1968-11-19,,,,5.7,5.74,,,,,,
1968-11-20,,,,5.69,5.74,,,,,,
1968-11-21,,,,5.68,5.73,,,,,,
1968-11-22,,,,5.69,5.74,,,,,,
1968-11-25,,,,5.7,5.75,,,,,,
1968-11-26,,,,5.71,5.76,,,,,,
1968-11-27,,,,5.71,5.76,,,,,,
1968-11-29,,,,5.72,5.78,,,,,,
1968-12-02,,,,5.85,5.89,,,,,,
1968-12-03,,,,5.96,5.96,,,,,,
1968-12-04,,,,5.99,5.95,,,,,,
1968-12-05,,,,5.98,5.93,,,,,,
1968-12-06,,,,5.97,5.91,,,,,,
1968-12-09,,,,6.01,5.92,,,,,,
1968-12-10,,,,6.04,5.93,,,,,,
1968-12-11,,,,6.01,5.93,,,,,,
1968-12-12,,,,6.05,5.94,,,,,,
1968-12-13,,,,6.02,5.93,,,,,,
1968-12-16,,,,6.05,5.96,,,,,,
1968-12-17,,,,6.06,5.97,,,,,,
1968-12-18,,,,6.11,6.0,,,,,,
1968-12-19,,,,6.17,6.07,,,,,,
1968-12-20,,,,6.24,6.14,,,,,,
1968-12-23,,,,6.32,6.23,,,,,,
1968-12-24,,,,6.34,6.27,,,,,,
1968-12-26,,,,6.28,6.17,,,,,,
1968-12-27,,,,6.32,6.2,,,,,,
1968-12-30,,,,6.36,6.21,,,,,,
1968-12-31,,,,6.33,6.16,,,,,,
1969-01-02,,,,6.29,6.04,,,,,,
1969-01-03,,,,6.28,6.01,,,,,,
1969-01-06,,,,6.34,6.04,,,,,,
1969-01-07,,,,6.43,6.14,,,,,,
1969-01-08,,,,6.38,6.09,,,,,,
1969-01-09,,,,6.34,6.04,,,,,,
1969-01-10,,,,6.32,6.03,,,,,,
1969-01-13,,,,6.3,6.04,,,,,,
1969-01-14,,,,6.27,6.04,,,,,,
1969-01-15,,,,6.19,6.02,,,,,,
1969-01-16,,,,6.11,5.98,,,,,,
1969-01-17,,,,6.14,5.97,,,,,,
1969-01-20,,,,6.11,5.95,,,,,,
1969-01-21,,,,6.15,5.97,,,,,,
1969-01-22,,,,6.21,6.03,,,,,,
1969-01-23,,,,6.21,6.02,,,,,,
1969-01-24,,,,6.19,6.01,,,,,,
1969-01-27,,,,6.2,6.03,,,,,,
1969-01-28,,,,6.22,6.05,,,,,,
1969-01-29,,,,6.24,6.09,,,,,,
1969-01-30,,,,6.28,6.14,,,,,,
1969-01-31,,,,6.3,6.19,,,,,,
1969-02-03,,,,6.32,6.22,,,,,,
1969-02-04,,,,6.3,6.2,,,,,,
1969-02-05,,,,6.32,6.19,,,,,,
1969-02-06,,,,6.34,6.2,,,,,,
1969-02-07,,,,6.3,6.14,,,,,,
1969-02-10,,,,6.3,6.14,,,,,,
1969-02-11,,,,6.27,6.1,,,,,,
1969-02-13,,,,6.27,6.09,,,,,,
1969-02-14,,,,6.29,6.11,,,,,,
1969-02-17,,,,6.32,6.14,,,,,,
1969-02-18,,,,6.34,6.16,,,,,,
1969-02-19,,,,6.36,6.2,,,,,,
1969-02-20,,,,6.37,6.23,,,,,,
1969-02-21,,,,6.37,6.24,,,,,,
1969-02-24,,,,6.35,6.22,,,,,,
1969-02-25,,,,6.38,6.24,,,,,,
1969-02-26,,,,6.4,6.24,,,,,,
1969-02-27,,,,6.45,6.27,,,,,,
1969-02-28,,,,6.44,6.26,,,,,,
1969-03-03,,,,6.45,6.25,,,,,,
1969-03-04,,,,6.42,6.24,,,,,,
1969-03-05,,,,6.43,6.24,,,,,,
1969-03-06,,,,6.45,6.26,,,,,,
1969-03-07,,,,6.45,6.27,,,,,,
1969-03-10,,,,6.45,6.27,,,,,,
1969-03-11,,,,6.45,6.3,,,,,,
1969-03-12,,,,6.42,6.31,,,,,,
1969-03-13,,,,6.42,6.32,,,,,,
1969-03-14,,,,6.39,6.31,,,,,,
1969-03-17,,,,6.44,6.35,,,,,,
1969-03-18,,,,6.44,6.35,,,,,,
1969-03-19,,,,6.4,6.32,,,,,,
1969-03-20,,,,6.39,6.31,,,,,,
1969-03-21,,,,6.37,6.29,,,,,,
1969-03-24,,,,6.35,6.28,,,,,,
1969-03-25,,,,6.38,6.3,,,,,,
1969-03-26,,,,6.37,6.32,,,,,,
1969-03-27,,,,6.38,6.33,,,,,,
1969-03-28,,,,6.36,6.3,,,,,,
1969-04-01,,,,6.32,6.25,,,,,,
1969-04-02,,,,6.32,6.25,,,,,,
1969-04-03,,,,6.34,6.26,,,,,,
1969-04-07,,,,6.37,6.28,,,,,,
1969-04-08,,,,6.33,6.25,,,,,,
1969-04-09,,,,6.26,6.19,,,,,,
1969-04-10,,,,6.27,6.18,,,,,,
1969-04-11,,,,6.26,6.15,,,,,,
1969-04-14,,,,6.2,6.06,,,,,,
1969-04-15,,,,6.26,6.11,,,,,,
1969-04-16,,,,6.24,6.1,,,,,,
1969-04-17,,,,6.27,6.13,,,,,,
1969-04-18,,,,6.3,6.16,,,,,,
1969-04-21,,,,6.28,6.14,,,,,,
1969-04-22,,,,6.26,6.12,,,,,,
1969-04-23,,,,6.26,6.12,,,,,,
1969-04-24,,,,6.29,6.14,,,,,,
1969-04-25,,,,6.3,6.15,,,,,,
1969-04-28,,,,6.34,6.19,,,,,,
1969-04-29,,,,6.38,6.21,,,,,,
1969-04-30,,,,6.37,6.2,,,,,,
1969-05-01,,,,6.46,6.25,,,,,,
1969-05-02,,,,6.45,6.23,,,,,,
1969-05-05,,,,6.45,6.19,,,,,,
1969-05-06,,,,6.46,6.22,,,,,,
1969-05-07,,,,6.47,6.22,,,,,,
1969-05-08,,,,6.46,6.2,,,,,,
1969-05-09,,,,6.48,6.23,,,,,,
1969-05-12,,,,6.52,6.27,,,,,,
1969-05-13,,,,6.49,6.25,,,,,,
1969-05-14,,,,6.46,6.24,,,,,,
1969-05-15,,,,6.49,6.26,,,,,,
1969-05-16,,,,6.54,6.31,,,,,,
1969-05-19,,,,6.58,6.36,,,,,,
1969-05-20,,,,6.57,6.36,,,,,,
1969-05-21,,,,6.55,6.36,,,,,,
1969-05-22,,,,6.56,6.36,,,,,,
1969-05-23,,,,6.59,6.38,,,,,,
1969-05-26,,,,6.62,6.44,,,,,,
1969-05-27,,,,6.67,6.54,,,,,,
1969-05-28,,,,6.68,6.56,,,,,,
1969-05-29,,,,6.69,6.56,,,,,,
1969-06-02,,,,6.69,6.56,,,,,,
1969-06-03,,,,6.69,6.55,,,,,,
1969-06-04,,,,6.71,6.56,,,,,,
1969-06-05,,,,6.69,6.54,,,,,,
1969-06-06,,,,6.68,6.52,,,,,,
1969-06-09,,,,6.76,6.59,,,,,,
1969-06-10,,,,6.72,6.56,,,,,,
1969-06-11,,,,6.73,6.56,,,,,,
1969-06-12,,,,6.7,6.54,,,,,,
1969-06-13,,,,6.66,6.51,,,,,,
1969-06-16,,,,6.64,6.49,,,,,,
1969-06-17,,,,6.68,6.52,,,,,,
1969-06-18,,,,6.68,6.53,,,,,,
1969-06-19,,,,6.74,6.57,,,,,,
1969-06-20,,,,6.76,6.59,,,,,,
1969-06-23,,,,6.78,6.6,,,,,,
1969-06-24,,,,6.82,6.63,,,,,,
1969-06-25,,,,6.85,6.63,,,,,,
1969-06-26,,,,6.84,6.62,,,,,,
1969-06-27,,,,6.88,6.66,,,,,,
1969-06-30,,,,6.98,6.73,,,,,,
1969-07-01,,,,7.02,6.75,,,,,,
1969-07-02,,,,7.04,6.77,,,,,,
1969-07-03,,,,7.01,6.75,,,,,,
1969-07-07,,,,7.02,6.76,,,,,,
1969-07-08,,,,7.04,6.79,,,,,,
1969-07-09,,,,7.08,6.82,,,,,,
1969-07-10,,,,7.04,6.78,,,,,,
1969-07-11,,,,6.88,6.64,,,,,,
1969-07-14,,,,6.94,6.69,,,,,,
1969-07-15,,,,6.97,6.72,,,,,,
1969-07-16,,,,6.92,6.67,,,,,,
1969-07-17,,,,6.95,6.69,,,,,,
1969-07-18,,,,6.97,6.7,,,,,,
1969-07-22,,,,7.04,6.66,,,,,,
1969-07-23,,,,7.05,6.68,,,,,,
1969-07-24,,,,7.06,6.7,,,,,,
1969-07-25,,,,7.07,6.71,,,,,,
1969-07-28,,,,7.07,6.73,,,,,,
1969-07-29,,,,7.07,6.72,,,,,,
1969-07-30,,,,7.06,6.72,,,,,,
1969-07-31,,,,6.98,6.66,,,,,,
1969-08-01,,,,6.98,6.66,,,,,,
1969-08-04,,,,6.94,6.63,,,,,,
1969-08-05,,,,6.91,6.6,,,,,,
1969-08-06,,,,6.94,6.62,,,,,,
1969-08-07,,,,6.95,6.63,,,,,,
1969-08-08,,,,6.98,6.64,,,,,,
1969-08-11,,,,7.04,6.69,,,,,,
1969-08-12,,,,7.07,6.7,,,,,,
1969-08-13,,,,7.07,6.7,,,,,,
1969-08-14,,,,7.05,6.68,,,,,,
1969-08-15,,,,7.05,6.68,,,,,,
1969-08-18,,,,7.01,6.66,,,,,,
1969-08-19,,,,7.0,6.65,,,,,,
1969-08-20,,,,6.99,6.66,,,,,,
1969-08-21,,,,7.01,6.68,,,,,,
1969-08-22,,,,7.03,6.71,,,,,,
1969-08-25,,,,7.04,6.72,,,,,,
1969-08-26,,,,7.09,6.76,,,,,,
1969-08-27,,,,7.11,6.79,,,,,,
1969-08-28,,,,7.14,6.83,,,,,,
1969-08-29,,,,7.13,6.83,,,,,,
1969-09-02,,,,7.17,6.87,,,,,,
1969-09-03,,,,7.24,6.94,,,,,,
1969-09-04,,,,7.26,6.96,,,,,,
1969-09-05,,,,7.33,6.99,,,,,,
1969-09-08,,,,7.39,7.03,,,,,,
1969-09-09,,,,7.4,7.04,,,,,,
1969-09-10,,,,7.38,7.02,,,,,,
1969-09-11,,,,7.44,7.05,,,,,,
1969-09-12,,,,7.48,7.08,,,,,,
1969-09-15,,,,7.5,7.09,,,,,,
1969-09-16,,,,7.54,7.14,,,,,,
1969-09-17,,,,7.56,7.14,,,,,,
1969-09-18,,,,7.71,7.27,,,,,,
1969-09-19,,,,7.72,7.28,,,,,,
1969-09-22,,,,7.72,7.26,,,,,,
1969-09-23,,,,7.71,7.26,,,,,,
1969-09-24,,,,7.74,7.27,,,,,,
1969-09-25,,,,7.78,7.3,,,,,,
1969-09-26,,,,7.88,7.4,,,,,,
1969-09-29,,,,7.94,7.45,,,,,,
1969-09-30,,,,8.02,7.51,,,,,,
1969-10-01,,,,8.04,7.52,,,,,,
1969-10-02,,,,7.98,7.45,,,,,,
1969-10-03,,,,7.87,7.38,,,,,,
1969-10-06,,,,7.82,7.35,,,,,,
1969-10-07,,,,7.75,7.31,,,,,,
1969-10-08,,,,7.75,7.29,,,,,,
1969-10-09,,,,7.77,7.3,,,,,,
1969-10-10,,,,7.67,7.22,,,,,,
1969-10-14,,,,7.54,7.1,,,,,,
1969-10-15,,,,7.55,7.12,,,,,,
1969-10-16,,,,7.44,7.04,,,,,,
1969-10-17,,,,7.34,6.99,,,,,,
1969-10-20,,,,7.18,6.83,,,,,,
1969-10-21,,,,7.12,6.77,,,,,,
1969-10-22,,,,7.17,6.8,,,,,,
1969-10-23,,,,7.25,6.9,,,,,,
1969-10-24,,,,7.26,6.9,,,,,,
1969-10-27,,,,7.28,6.93,,,,,,
1969-10-28,,,,7.33,7.0,,,,,,
1969-10-29,,,,7.34,7.0,,,,,,
1969-10-30,,,,7.34,6.96,,,,,,
1969-10-31,,,,7.33,6.94,,,,,,
1969-11-03,,,,7.29,6.9,,,,,,
1969-11-05,,,,7.35,6.97,,,,,,
1969-11-06,,,,7.39,7.01,,,,,,
1969-11-07,,,,7.35,6.99,,,,,,
1969-11-10,,,,7.35,6.99,,,,,,
1969-11-12,,,,7.43,7.06,,,,,,
1969-11-13,,,,7.5,7.12,,,,,,
1969-11-14,,,,7.46,7.08,,,,,,
1969-11-17,,,,7.55,7.13,,,,,,
1969-11-18,,,,7.63,7.22,,,,,,
1969-11-19,,,,7.64,7.25,,,,,,
1969-11-20,,,,7.73,7.31,,,,,,
1969-11-21,,,,7.71,7.28,,,,,,
1969-11-24,,,,7.66,7.27,,,,,,
1969-11-25,,,,7.64,7.28,,,,,,
1969-11-26,,,,7.66,7.3,,,,,,
1969-11-28,,,,7.61,7.29,,,,,,
1969-12-01,,,,7.56,7.29,,,,,,
1969-12-02,,,,7.63,7.35,,,,,,
1969-12-03,,,,7.72,7.39,,,,,,
1969-12-04,,,,7.7,7.35,,,,,,
1969-12-05,,,,7.71,7.35,,,,,,
1969-12-08,,,,7.75,7.4,,,,,,
1969-12-09,,,,7.87,7.5,,,,,,
1969-12-10,,,,7.97,7.59,,,,,,
1969-12-11,,,,7.99,7.62,,,,,,
1969-12-12,,,,7.95,7.6,,,,,,
1969-12-15,,,,7.95,7.63,,,,,,
1969-12-16,,,,8.02,7.72,,,,,,
1969-12-17,,,,8.07,7.76,,,,,,
1969-12-18,,,,8.07,7.81,,,,,,
1969-12-19,,,,8.02,7.79,,,,,,
1969-12-22,,,,8.0,7.76,,,,,,
1969-12-23,,,,8.08,7.82,,,,,,
1969-12-24,,,,8.12,7.89,,,,,,
1969-12-26,,,,8.14,7.87,,,,,,
1969-12-29,,,,8.33,8.05,,,,,,
1969-12-30,,,,8.26,7.97,,,,,,
1969-12-31,,,,8.22,7.88,,,,,,
1970-01-02,,,,8.19,7.86,,,,,,
1970-01-05,,,,8.19,7.88,,,,,,
1970-01-06,,,,8.26,7.96,,,,,,
1970-01-07,,,,8.3,7.99,,,,,,
1970-01-08,,,,8.25,7.96,,,,,,
1970-01-09,,,,8.18,7.86,,,,,,
1970-01-12,,,,8.16,7.82,,,,,,
1970-01-13,,,,8.13,7.81,,,,,,
1970-01-14,,,,8.16,7.86,,,,,,
1970-01-15,,,,8.19,7.85,,,,,,
1970-01-16,,,,8.08,7.75,,,,,,
1970-01-19,,,,8.03,7.69,,,,,,
1970-01-20,,,,8.08,7.72,,,,,,
1970-01-21,,,,8.06,7.69,,,,,,
1970-01-22,,,,8.06,7.67,,,,,,
1970-01-23,,,,8.1,7.69,,,,,,
1970-01-26,,,,8.15,7.71,,,,,,
1970-01-27,,,,8.16,7.7,,,,,,
1970-01-28,,,,8.2,7.7,,,,,,
1970-01-29,,,,8.28,7.77,,,,,,
1970-01-30,,,,8.27,7.75,,,,,,
1970-02-02,,,,8.18,7.65,,,,,,
1970-02-03,,,,8.15,7.58,,,,,,
1970-02-04,,,,8.17,7.5,,,,,,
1970-02-05,,,,8.18,7.45,,,,,,
1970-02-06,,,,8.13,7.36,,,,,,
1970-02-09,,,,8.04,7.28,,,,,,
1970-02-10,,,,8.07,7.32,,,,,,
1970-02-11,,,,8.05,7.33,,,,,,
1970-02-13,,,,7.82,7.15,,,,,,
1970-02-16,,,,7.8,7.17,,,,,,
1970-02-17,,,,7.7,7.15,,,,,,
1970-02-18,,,,7.63,7.12,,,,,,
1970-02-19,,,,7.56,7.09,,,,,,
1970-02-20,,,,7.58,7.12,,,,,,
1970-02-24,,,,7.61,7.14,,,,,,
1970-02-25,,,,7.49,7.04,,,,,,
1970-02-26,,,,7.37,6.94,,,,,,
1970-02-27,,,,7.31,6.9,,,,,,
1970-03-02,,,,7.43,6.95,,,,,,
1970-03-03,,,,7.35,6.99,,,,,,
1970-03-04,,,,7.27,6.97,,,,,,
1970-03-05,,,,7.18,6.98,,,,,,
1970-03-06,,,,7.06,6.96,,,,,,
1970-03-09,,,,7.04,6.99,,,,,,
1970-03-10,,,,7.0,7.04,,,,,,
1970-03-11,,,,7.11,7.11,,,,,,
1970-03-12,,,,7.16,7.16,,,,,,
1970-03-13,,,,7.3,7.23,,,,,,
1970-03-16,,,,7.3,7.24,,,,,,
1970-03-17,,,,7.48,7.36,,,,,,
1970-03-18,,,,7.41,7.28,,,,,,
1970-03-19,,,,7.22,7.07,,,,,,
1970-03-20,,,,7.22,7.06,,,,,,
1970-03-23,,,,7.17,7.05,,,,,,
1970-03-24,,,,7.08,7.02,,,,,,
1970-03-25,,,,7.05,6.96,,,,,,
1970-03-26,,,,7.12,6.98,,,,,,
1970-03-30,,,,7.22,7.05,,,,,,
1970-03-31,,,,7.24,7.08,,,,,,
1970-04-01,,,,7.18,7.04,,,,,,
1970-04-02,,,,7.24,7.08,,,,,,
1970-04-03,,,,7.31,7.14,,,,,,
1970-04-06,,,,7.38,7.17,,,,,,
1970-04-07,,,,7.35,7.18,,,,,,
1970-04-08,,,,7.3,7.17,,,,,,
1970-04-09,,,,7.29,7.18,,,,,,
1970-04-10,,,,7.29,7.17,,,,,,
1970-04-13,,,,7.36,7.2,,,,,,
1970-04-14,,,,7.36,7.22,,,,,,
1970-04-15,,,,7.42,7.27,,,,,,
1970-04-16,,,,7.49,7.34,,,,,,
1970-04-17,,,,7.49,7.4,,,,,,
1970-04-20,,,,7.49,7.44,,,,,,
1970-04-21,,,,7.57,7.5,,,,,,
1970-04-22,,,,7.66,7.61,,,,,,
1970-04-23,,,,7.66,7.64,,,,,,
1970-04-24,,,,7.79,7.72,,,,,,
1970-04-27,,,,7.8,7.74,,,,,,
1970-04-28,,,,7.82,7.79,,,,,,
1970-04-29,,,,7.83,7.78,,,,,,
1970-04-30,,,,7.95,7.82,,,,,,
1970-05-01,,,,7.98,7.85,,,,,,
1970-05-04,,,,8.05,7.94,,,,,,
1970-05-05,,,,8.02,7.92,,,,,,
1970-05-06,,,,8.01,7.86,,,,,,
1970-05-07,,,,7.94,7.82,,,,,,
1970-05-08,,,,7.88,7.78,,,,,,
1970-05-11,,,,7.97,7.82,,,,,,
1970-05-12,,,,7.97,7.84,,,,,,
1970-05-13,,,,7.98,7.85,,,,,,
1970-05-14,,,,8.01,7.86,,,,,,
1970-05-15,,,,7.96,7.83,,,,,,
1970-05-18,,,,7.93,7.8,,,,,,
1970-05-19,,,,7.92,7.8,,,,,,
1970-05-20,,,,7.98,7.85,,,,,,
1970-05-21,,,,8.0,7.9,,,,,,
1970-05-22,,,,8.02,7.99,,,,,,
1970-05-25,,,,8.08,8.15,,,,,,
1970-05-26,,,,8.04,8.22,,,,,,
1970-05-27,,,,7.92,8.02,,,,,,
1970-05-28,,,,7.86,7.98,,,,,,
1970-05-29,,,,7.83,7.95,,,,,,
1970-06-01,,,,7.73,7.84,,,,,,
1970-06-02,,,,7.74,7.78,,,,,,
1970-06-03,,,,7.74,7.76,,,,,,
1970-06-04,,,,7.76,7.8,,,,,,
1970-06-05,,,,7.88,7.88,,,,,,
1970-06-08,,,,7.87,7.89,,,,,,
1970-06-09,,,,7.83,7.88,,,,,,
1970-06-10,,,,7.82,7.87,,,,,,
1970-06-11,,,,7.89,7.92,,,,,,
1970-06-12,,,,7.98,7.98,,,,,,
1970-06-15,,,,7.98,7.98,,,,,,
1970-06-16,,,,7.9,7.87,,,,,,
1970-06-17,,,,7.96,7.9,,,,,,
1970-06-18,,,,7.96,7.9,,,,,,
1970-06-19,,,,7.94,7.9,,,,,,
1970-06-22,,,,7.88,7.86,,,,,,
1970-06-23,,,,7.84,7.79,,,,,,
1970-06-24,,,,7.84,7.74,,,,,,
1970-06-25,,,,7.83,7.76,,,,,,
1970-06-26,,,,7.84,7.78,,,,,,
1970-06-29,,,,7.8,7.76,,,,,,
1970-06-30,,,,7.77,7.68,,,,,,
1970-07-01,,,,7.69,7.64,,,,,,
1970-07-02,,,,7.62,7.55,,,,,,
1970-07-06,,,,7.62,7.49,,,,,,
1970-07-07,,,,7.63,7.46,,,,,,
1970-07-08,,,,7.65,7.49,,,,,,
1970-07-09,,,,7.64,7.49,,,,,,
1970-07-10,,,,7.64,7.54,,,,,,
1970-07-13,,,,7.62,7.55,,,,,,
1970-07-14,,,,7.59,7.53,,,,,,
1970-07-15,,,,7.54,7.49,,,,,,
1970-07-16,,,,7.48,7.46,,,,,,
1970-07-17,,,,7.52,7.45,,,,,,
1970-07-20,,,,7.59,7.46,,,,,,
1970-07-21,,,,7.58,7.45,,,,,,
1970-07-22,,,,7.56,7.43,,,,,,
1970-07-23,,,,7.47,7.32,,,,,,
1970-07-24,,,,7.54,7.34,,,,,,
1970-07-27,,,,7.59,7.36,,,,,,
1970-07-28,,,,7.62,7.41,,,,,,
1970-07-29,,,,7.61,7.39,,,,,,
1970-07-30,,,,7.59,7.38,,,,,,
1970-07-31,,,,7.58,7.38,,,,,,
1970-08-03,,,,7.6,7.39,,,,,,
1970-08-04,,,,7.62,7.4,,,,,,
1970-08-05,,,,7.62,7.42,,,,,,
1970-08-06,,,,7.62,7.43,,,,,,
1970-08-07,,,,7.63,7.45,,,,,,
1970-08-10,,,,7.69,7.5,,,,,,
1970-08-11,,,,7.67,7.54,,,,,,
1970-08-12,,,,7.64,7.56,,,,,,
1970-08-13,,,,7.62,7.58,,,,,,
1970-08-14,,,,7.66,7.67,,,,,,
1970-08-17,,,,7.68,7.71,,,,,,
1970-08-18,,,,7.65,7.68,,,,,,
1970-08-19,,,,7.59,7.65,,,,,,
1970-08-20,,,,7.57,7.64,,,,,,
1970-08-21,,,,7.53,7.6,,,,,,
1970-08-24,,,,7.44,7.48,,,,,,
1970-08-25,,,,7.42,7.46,,,,,,
1970-08-26,,,,7.42,7.45,,,,,,
1970-08-27,,,,7.45,7.48,,,,,,
1970-08-28,,,,7.45,7.49,,,,,,
1970-08-31,,,,7.45,7.49,,,,,,
1970-09-01,,,,7.43,7.47,,,,,,
1970-09-02,,,,7.43,7.48,,,,,,
1970-09-03,,,,7.42,7.48,,,,,,
1970-09-04,,,,7.37,7.47,,,,,,
1970-09-08,,,,7.4,7.5,,,,,,
1970-09-09,,,,7.44,7.54,,,,,,
1970-09-10,,,,7.43,7.52,,,,,,
1970-09-11,,,,7.4,7.5,,,,,,
1970-09-14,,,,7.38,7.48,,,,,,
1970-09-15,,,,7.37,7.46,,,,,,
1970-09-16,,,,7.31,7.4,,,,,,
1970-09-17,,,,7.24,7.32,,,,,,
1970-09-18,,,,7.24,7.31,,,,,,
1970-09-21,,,,7.22,7.29,,,,,,
1970-09-22,,,,7.19,7.28,,,,,,
1970-09-23,,,,7.1,7.24,,,,,,
1970-09-24,,,,7.13,7.26,,,,,,
1970-09-25,,,,7.14,7.28,,,,,,
1970-09-28,,,,7.19,7.31,,,,,,
1970-09-29,,,,7.18,7.3,,,,,,
1970-09-30,,,,7.18,7.29,,,,,,
1970-10-01,,,,7.19,7.29,,,,,,
1970-10-02,,,,7.17,7.26,,,,,,
1970-10-05,,,,7.15,7.26,,,,,,
1970-10-06,,,,7.09,7.24,,,,,,
1970-10-07,,,,7.07,7.23,,,,,,
1970-10-08,,,,7.1,7.25,,,,,,
1970-10-09,,,,7.07,7.25,,,,,,
1970-10-13,,,,7.07,7.25,,,,,,
1970-10-14,,,,7.08,7.3,,,,,,
1970-10-15,,,,7.1,7.3,,,,,,
1970-10-16,,,,7.11,7.31,,,,,,
1970-10-19,,,,7.16,7.35,,,,,,
1970-10-20,,,,7.14,7.37,,,,,,
1970-10-21,,,,7.15,7.42,,,,,,
1970-10-22,,,,7.18,7.46,,,,,,
1970-10-23,,,,7.17,7.44,,,,,,
1970-10-26,,,,7.17,7.44,,,,,,
1970-10-27,,,,7.11,7.42,,,,,,
1970-10-28,,,,7.07,7.38,,,,,,
1970-10-29,,,,7.03,7.31,,,,,,
1970-10-30,,,,7.04,7.33,,,,,,
1970-11-02,,,,6.95,7.24,,,,,,
1970-11-04,,,,6.96,7.23,,,,,,
1970-11-05,,,,6.89,7.2,,,,,,
1970-11-06,,,,6.86,7.15,,,,,,
1970-11-09,,,,6.73,7.06,,,,,,
1970-11-10,,,,6.76,7.06,,,,,,
1970-11-12,,,,6.75,7.03,,,,,,
1970-11-13,,,,6.69,7.0,,,,,,
1970-11-16,,,,6.63,6.96,,,,,,
1970-11-17,,,,6.58,6.93,,,,,,
1970-11-18,,,,6.43,6.86,,,,,,
1970-11-19,,,,6.29,6.72,,,,,,
1970-11-20,,,,6.01,6.48,,,,,,
1970-11-23,,,,5.91,6.32,,,,,,
1970-11-24,,,,6.06,6.45,,,,,,
1970-11-25,,,,5.97,6.48,,,,,,
1970-11-27,,,,5.97,6.48,,,,,,
1970-11-30,,,,5.99,6.49,,,,,,
1970-12-01,,,,6.0,6.48,,,,,,
1970-12-02,,,,5.95,6.41,,,,,,
1970-12-03,,,,5.88,6.31,,,,,,
1970-12-04,,,,5.85,6.21,,,,,,
1970-12-07,,,,5.89,6.27,,,,,,
1970-12-08,,,,5.92,6.29,,,,,,
1970-12-09,,,,5.97,6.34,,,,,,
1970-12-10,,,,5.95,6.34,,,,,,
1970-12-11,,,,5.89,6.31,,,,,,
1970-12-14,,,,5.87,6.26,,,,,,
1970-12-15,,,,5.9,6.29,,,,,,
1970-12-16,,,,5.9,6.29,,,,,,
1970-12-17,,,,5.9,6.3,,,,,,
1970-12-18,,,,5.94,6.33,,,,,,
1970-12-21,,,,6.02,6.45,,,,,,
1970-12-22,,,,6.07,6.52,,,,,,
1970-12-23,,,,6.05,6.57,,,,,,
1970-12-24,,,,5.98,6.53,,,,,,
1970-12-28,,,,6.0,6.54,,,,,,
1970-12-29,,,,6.03,6.56,,,,,,
1970-12-30,,,,5.98,6.51,,,,,,
1970-12-31,,,,5.98,6.5,,,,,,
1971-01-04,,,,5.98,6.46,,,,,,
1971-01-05,,,,6.04,6.47,,,,,,
1971-01-06,,,,6.06,6.47,,,,,,
1971-01-07,,,,6.06,6.45,,,,,,
1971-01-08,,,,6.06,6.44,,,,,,
1971-01-11,,,,6.01,6.39,,,,,,
1971-01-12,,,,5.98,6.35,,,,,,
1971-01-13,,,,5.91,6.29,,,,,,
1971-01-14,,,,5.85,6.22,,,,,,
1971-01-15,,,,5.84,6.22,,,,,,
1971-01-18,,,,5.86,6.16,,,,,,
1971-01-19,,,,5.86,6.17,,,,,,
1971-01-20,,,,5.82,6.15,,,,,,
1971-01-21,,,,5.75,6.09,,,,,,
1971-01-22,,,,5.77,6.06,,,,,,
1971-01-25,,,,5.76,6.05,,,,,,
1971-01-26,,,,5.8,6.07,,,,,,
1971-01-27,,,,5.79,6.09,,,,,,
1971-01-28,,,,5.78,6.08,,,,,,
1971-01-29,,,,5.78,6.09,,,,,,
1971-02-01,,,,5.79,6.09,,,,,,
1971-02-02,,,,5.77,6.11,,,,,,
1971-02-03,,,,5.78,6.11,,,,,,
1971-02-04,,,,5.74,6.1,,,,,,
1971-02-05,,,,5.72,6.1,,,,,,
1971-02-08,,,,5.69,6.09,,,,,,
1971-02-09,,,,5.62,6.07,,,,,,
1971-02-10,,,,5.64,6.08,,,,,,
1971-02-11,,,,5.61,6.08,,,,,,
1971-02-16,,,,5.59,6.11,,,,,,
1971-02-17,,,,5.51,6.11,,,,,,
1971-02-18,,,,5.42,6.11,,,,,,
1971-02-19,,,,5.36,6.12,,,,,,
1971-02-22,,,,5.39,6.15,,,,,,
1971-02-23,,,,5.41,6.18,,,,,,
1971-02-24,,,,5.38,6.16,,,,,,
1971-02-25,,,,5.34,6.11,,,,,,
1971-02-26,,,,5.36,6.14,,,,,,
1971-03-01,,,,5.35,6.12,,,,,,
1971-03-02,,,,5.35,6.09,,,,,,
1971-03-03,,,,5.31,6.05,,,,,,
1971-03-04,,,,5.25,6.05,,,,,,
1971-03-05,,,,5.22,6.03,,,,,,
1971-03-08,,,,5.16,5.99,,,,,,
1971-03-09,,,,5.04,5.9,,,,,,
1971-03-10,,,,4.99,5.8,,,,,,
1971-03-11,,,,4.88,5.69,,,,,,
1971-03-12,,,,4.97,5.72,,,,,,
1971-03-15,,,,4.93,5.7,,,,,,
1971-03-16,,,,4.9,5.68,,,,,,
1971-03-17,,,,4.83,5.61,,,,,,
1971-03-18,,,,4.78,5.55,,,,,,
1971-03-19,,,,4.79,5.51,,,,,,
1971-03-22,,,,4.74,5.42,,,,,,
1971-03-23,,,,4.77,5.38,,,,,,
1971-03-24,,,,4.82,5.41,,,,,,
1971-03-25,,,,4.86,5.43,,,,,,
1971-03-26,,,,4.98,5.48,,,,,,
1971-03-29,,,,5.07,5.54,,,,,,
1971-03-30,,,,5.04,5.5,,,,,,
1971-03-31,,,,5.06,5.53,,,,,,
1971-04-01,,,,5.16,5.58,,,,,,
1971-04-02,,,,5.22,5.6,,,,,,
1971-04-05,,,,5.3,5.63,,,,,,
1971-04-06,,,,5.27,5.6,,,,,,
1971-04-07,,,,5.29,5.58,,,,,,
1971-04-08,,,,5.42,5.62,,,,,,
1971-04-12,,,,5.63,5.73,,,,,,
1971-04-13,,,,5.54,5.72,,,,,,
1971-04-14,,,,5.58,5.77,,,,,,
1971-04-15,,,,5.58,5.8,,,,,,
1971-04-16,,,,5.61,5.82,,,,,,
1971-04-19,,,,5.66,5.88,,,,,,
1971-04-20,,,,5.78,5.97,,,,,,
1971-04-21,,,,5.88,6.04,,,,,,
1971-04-22,,,,5.85,6.02,,,,,,
1971-04-23,,,,5.86,6.01,,,,,,
1971-04-26,,,,5.89,6.0,,,,,,
1971-04-27,,,,5.97,6.0,,,,,,
1971-04-28,,,,5.99,5.99,,,,,,
1971-04-29,,,,6.14,6.07,,,,,,
1971-04-30,,,,6.08,6.08,,,,,,
1971-05-03,,,,6.09,6.15,,,,,,
1971-05-04,,,,6.14,6.25,,,,,,
1971-05-05,,,,6.2,6.26,,,,,,
1971-05-06,,,,6.2,6.28,,,,,,
1971-05-07,,,,6.18,6.25,,,,,,
1971-05-10,,,,6.13,6.22,,,,,,
1971-05-11,,,,6.17,6.26,,,,,,
1971-05-12,,,,6.25,6.35,,,,,,
1971-05-13,,,,6.33,6.47,,,,,,
1971-05-14,,,,6.38,6.49,,,,,,
1971-05-17,,,,6.5,6.57,,,,,,
1971-05-18,,,,6.6,6.65,,,,,,
1971-05-19,,,,6.49,6.6,,,,,,
1971-05-20,,,,6.32,6.49,,,,,,
1971-05-21,,,,6.41,6.53,,,,,,
1971-05-24,,,,6.37,6.49,,,,,,
1971-05-25,,,,6.3,6.44,,,,,,
1971-05-26,,,,6.18,6.37,,,,,,
1971-05-27,,,,6.16,6.35,,,,,,
1971-05-28,,,,6.24,6.38,,,,,,
1971-06-01,,,,6.27,6.36,,,,,,
1971-06-02,,,,6.13,6.24,,,,,,
1971-06-03,,,,6.13,6.19,,,,,,
1971-06-04,,,,6.22,6.26,,,,,,
1971-06-07,,,,6.36,6.34,,,,,,
1971-06-08,,,,6.37,6.38,,,,,,
1971-06-09,,,,6.45,6.44,,,,,,
1971-06-10,,,,6.48,6.48,,,,,,
1971-06-11,,,,6.5,6.5,,,,,,
1971-06-14,,,,6.66,6.63,,,,,,
1971-06-15,,,,6.76,6.73,,,,,,
1971-06-16,,,,6.66,6.68,,,,,,
1971-06-17,,,,6.67,6.68,,,,,,
1971-06-18,,,,6.61,6.58,,,,,,
1971-06-21,,,,6.51,6.53,,,,,,
1971-06-22,,,,6.61,6.62,,,,,,
1971-06-23,,,,6.58,6.61,,,,,,
1971-06-24,,,,6.61,6.61,,,,,,
1971-06-25,,,,6.66,6.62,,,,,,
1971-06-28,,,,6.73,6.64,,,,,,
1971-06-29,,,,6.82,6.67,,,,,,
1971-06-30,,,,6.86,6.7,,,,,,
1971-07-01,,,,6.83,6.69,,,,,,
1971-07-02,,,,6.81,6.69,,,,,,
1971-07-06,,,,6.8,6.68,,,,,,
1971-07-07,,,,6.76,6.66,,,,,,
1971-07-08,,,,6.77,6.67,,,,,,
1971-07-09,,,,6.8,6.68,,,,,,
1971-07-12,,,,6.68,6.6,,,,,,
1971-07-13,,,,6.7,6.61,,,,,,
1971-07-14,,,,6.71,6.6,,,,,,
1971-07-15,,,,6.71,6.59,,,,,,
1971-07-16,,,,6.79,6.66,,,,,,
1971-07-19,,,,6.88,6.71,,,,,,
1971-07-20,,,,6.85,6.7,,,,,,
1971-07-21,,,,6.85,6.7,,,,,,
1971-07-22,,,,6.93,6.79,,,,,,
1971-07-23,,,,6.97,6.84,,,,,,
1971-07-26,,,,7.0,6.86,,,,,,
1971-07-27,,,,7.02,6.91,,,,,,
1971-07-28,,,,7.03,6.95,,,,,,
1971-07-29,,,,7.0,6.88,,,,,,
1971-07-30,,,,6.96,6.85,,,,,,
1971-08-02,,,,6.94,6.86,,,,,,
1971-08-03,,,,7.02,6.91,,,,,,
1971-08-04,,,,7.01,6.89,,,,,,
1971-08-05,,,,6.98,6.86,,,,,,
1971-08-06,,,,6.98,6.86,,,,,,
1971-08-09,,,,7.01,6.88,,,,,,
1971-08-10,,,,7.03,6.89,,,,,,
1971-08-11,,,,7.0,6.86,,,,,,
1971-08-12,,,,6.9,6.8,,,,,,
1971-08-13,,,,6.78,6.68,,,,,,
1971-08-16,,,,6.39,6.41,,,,,,
1971-08-17,,,,6.17,6.3,,,,,,
1971-08-18,,,,6.22,6.35,,,,,,
1971-08-19,,,,6.15,6.34,,,,,,
1971-08-20,,,,6.19,6.37,,,,,,
1971-08-23,,,,6.33,6.48,,,,,,
1971-08-24,,,,6.19,6.38,,,,,,
1971-08-25,,,,6.22,6.4,,,,,,
1971-08-26,,,,6.2,6.37,,,,,,
1971-08-27,,,,6.16,6.33,,,,,,
1971-08-30,,,,6.15,6.32,,,,,,
1971-08-31,,,,6.07,6.28,,,,,,
1971-09-01,,,,6.09,6.22,,,,,,
1971-09-02,,,,6.05,6.17,,,,,,
1971-09-03,,,,6.02,6.12,,,,,,
1971-09-07,,,,6.0,6.07,,,,,,
1971-09-08,,,,6.05,6.08,,,,,,
1971-09-09,,,,6.15,6.13,,,,,,
1971-09-10,,,,6.17,6.12,,,,,,
1971-09-13,,,,6.24,6.2,,,,,,
1971-09-14,,,,6.21,6.18,,,,,,
1971-09-15,,,,6.16,6.17,,,,,,
1971-09-16,,,,6.13,6.14,,,,,,
1971-09-17,,,,6.09,6.13,,,,,,
1971-09-20,,,,6.16,6.15,,,,,,
1971-09-21,,,,6.19,6.17,,,,,,
1971-09-22,,,,6.22,6.19,,,,,,
1971-09-23,,,,6.21,6.2,,,,,,
1971-09-24,,,,6.19,6.16,,,,,,
1971-09-27,,,,6.17,6.13,,,,,,
1971-09-28,,,,6.18,6.12,,,,,,
1971-09-29,,,,6.14,6.08,,,,,,
1971-09-30,,,,6.06,6.0,,,,,,
1971-10-01,,,,6.04,6.0,,,,,,
1971-10-04,,,,6.04,5.98,,,,,,
1971-10-05,,,,6.1,6.01,,,,,,
1971-10-06,,,,6.06,5.98,,,,,,
1971-10-07,,,,6.07,5.97,,,,,,
1971-10-08,,,,6.03,5.94,,,,,,
1971-10-12,,,,5.95,5.88,,,,,,
1971-10-13,,,,5.88,5.86,,,,,,
1971-10-14,,,,5.87,5.88,,,,,,
1971-10-15,,,,5.88,5.9,,,,,,
1971-10-18,,,,5.92,5.95,,,,,,
1971-10-19,,,,5.92,5.96,,,,,,
1971-10-20,,,,5.84,5.92,,,,,,
1971-10-21,,,,5.84,5.88,,,,,,
1971-10-22,,,,5.84,5.9,,,,,,
1971-10-26,,,,5.84,5.89,,,,,,
1971-10-27,,,,5.86,5.92,,,,,,
1971-10-28,,,,5.83,5.9,,,,,,
1971-10-29,,,,5.78,5.87,,,,,,
1971-11-01,,,,5.75,5.8,,,,,,
1971-11-03,,,,5.72,5.72,,,,,,
1971-11-04,,,,5.74,5.72,,,,,,
1971-11-05,,,,5.72,5.72,,,,,,
1971-11-08,,,,5.77,5.77,,,,,,
1971-11-09,,,,5.77,5.77,,,,,,
1971-11-10,,,,5.83,5.82,,,,,,
1971-11-11,,,,5.8,5.79,,,,,,
1971-11-12,,,,5.73,5.77,,,,,,
1971-11-15,,,,5.71,5.77,,,,,,
1971-11-16,,,,5.71,5.76,,,,,,
1971-11-17,,,,5.71,5.75,,,,,,
1971-11-18,,,,5.71,5.77,,,,,,
1971-11-19,,,,5.76,5.79,,,,,,
1971-11-22,,,,5.81,5.82,,,,,,
1971-11-23,,,,5.9,5.89,,,,,,
1971-11-24,,,,5.93,5.95,,,,,,
1971-11-26,,,,5.85,5.94,,,,,,
1971-11-29,,,,5.86,5.95,,,,,,
1971-11-30,,,,5.84,5.93,,,,,,
1971-12-01,,,,5.8,5.92,,,,,,
1971-12-02,,,,5.76,5.9,,,,,,
1971-12-03,,,,5.72,5.88,,,,,,
1971-12-06,,,,5.74,5.88,,,,,,
1971-12-07,,,,5.78,5.92,,,,,,
1971-12-08,,,,5.75,5.92,,,,,,
1971-12-09,,,,5.79,5.94,,,,,,
1971-12-10,,,,5.77,5.93,,,,,,
1971-12-13,,,,5.71,5.9,,,,,,
1971-12-14,,,,5.75,5.94,,,,,,
1971-12-15,,,,5.76,5.96,,,,,,
1971-12-16,,,,5.73,5.95,,,,,,
1971-12-17,,,,5.7,5.93,,,,,,
1971-12-20,,,,5.73,5.97,,,,,,
1971-12-21,,,,5.73,6.0,,,,,,
1971-12-22,,,,5.71,6.01,,,,,,
1971-12-23,,,,5.64,5.97,,,,,,
1971-12-27,,,,5.55,5.91,,,,,,
1971-12-28,,,,5.49,5.86,,,,,,
1971-12-29,,,,5.54,5.9,,,,,,
1971-12-30,,,,5.52,5.9,,,,,,
1971-12-31,,,,5.5,5.89,,,,,,
1972-01-03,,,,5.55,5.94,,,,,,
1972-01-04,,,,5.55,5.93,,,,,,
1972-01-05,,,,5.56,5.91,,,,,,
1972-01-06,,,,5.53,5.9,,,,,,
1972-01-07,,,,5.51,5.88,,,,,,
1972-01-10,,,,5.48,5.86,,,,,,
1972-01-11,,,,5.5,5.88,,,,,,
1972-01-12,,,,5.5,5.88,,,,,,
1972-01-13,,,,5.47,5.86,,,,,,
1972-01-14,,,,5.48,5.85,,,,,,
1972-01-17,,,,5.52,5.89,,,,,,
1972-01-18,,,,5.56,5.92,,,,,,
1972-01-19,,,,5.64,5.96,,,,,,
1972-01-20,,,,5.66,5.98,,,,,,
1972-01-21,,,,5.68,5.99,,,,,,
1972-01-24,,,,5.72,6.02,,,,,,
1972-01-25,,,,5.68,6.02,,,,,,
1972-01-26,,,,5.66,6.01,,,,,,
1972-01-27,,,,5.72,6.05,,,,,,
1972-01-28,,,,5.74,6.08,,,,,,
1972-01-31,,,,5.75,6.09,,,,,,
1972-02-01,,,,5.78,6.09,,,,,,
1972-02-02,,,,5.75,6.08,,,,,,
1972-02-03,,,,5.77,6.08,,,,,,
1972-02-04,,,,5.72,6.08,,,,,,
1972-02-07,,,,5.73,6.09,,,,,,
1972-02-08,,,,5.74,6.11,,,,,,
1972-02-09,,,,5.73,6.12,,,,,,
1972-02-10,,,,5.69,6.11,,,,,,
1972-02-11,,,,5.7,6.12,,,,,,
1972-02-14,,,,5.68,6.1,,,,,,
1972-02-15,,,,5.67,6.1,,,,,,
1972-02-16,,,,5.63,6.08,,,,,,
1972-02-17,,,,5.63,6.06,,,,,,
1972-02-18,,,,5.64,6.06,,,,,,
1972-02-22,,,,5.64,6.06,,,,,,
1972-02-23,,,,5.68,6.07,,,,,,
1972-02-24,,,,5.66,6.07,,,,,,
1972-02-25,,,,5.65,6.06,,,,,,
1972-02-28,,,,5.66,6.04,,,,,,
1972-02-29,,,,5.68,6.04,,,,,,
1972-03-01,,,,5.66,6.04,,,,,,
1972-03-02,,,,5.62,6.03,,,,,,
1972-03-03,,,,5.64,6.02,,,,,,
1972-03-06,,,,5.66,6.01,,,,,,
1972-03-07,,,,5.68,6.02,,,,,,
1972-03-08,,,,5.7,6.02,,,,,,
1972-03-09,,,,5.74,6.02,,,,,,
1972-03-10,,,,5.81,6.03,,,,,,
1972-03-13,,,,5.9,6.07,,,,,,
1972-03-14,,,,5.91,6.06,,,,,,
1972-03-15,,,,5.98,6.11,,,,,,
1972-03-16,,,,5.94,6.08,,,,,,
1972-03-17,,,,5.98,6.08,,,,,,
1972-03-20,,,,5.97,6.09,,,,,,
1972-03-21,,,,5.92,6.08,,,,,,
1972-03-22,,,,5.88,6.08,,,,,,
1972-03-23,,,,5.95,6.1,,,,,,
1972-03-24,,,,6.0,6.12,,,,,,
1972-03-27,,,,5.99,6.1,,,,,,
1972-03-28,,,,6.03,6.11,,,,,,
1972-03-29,,,,6.09,6.12,,,,,,
1972-03-30,,,,6.1,6.12,,,,,,
1972-04-03,,,,6.15,6.14,,,,,,
1972-04-04,,,,6.24,6.18,,,,,,
1972-04-05,,,,6.21,6.18,,,,,,
1972-04-06,,,,6.22,6.18,,,,,,
1972-04-07,,,,6.22,6.18,,,,,,
1972-04-10,,,,6.18,6.17,,,,,,
1972-04-11,,,,6.23,6.18,,,,,,
1972-04-12,,,,6.28,6.21,,,,,,
1972-04-13,,,,6.28,6.25,,,,,,
1972-04-14,,,,6.23,6.25,,,,,,
1972-04-17,,,,6.21,6.24,,,,,,
1972-04-18,,,,6.2,6.24,,,,,,
1972-04-19,,,,6.2,6.22,,,,,,
1972-04-20,,,,6.18,6.21,,,,,,
1972-04-21,,,,6.18,6.2,,,,,,
1972-04-24,,,,6.17,6.21,,,,,,
1972-04-25,,,,6.14,6.21,,,,,,
1972-04-26,,,,6.1,6.19,,,,,,
1972-04-27,,,,5.9,6.11,,,,,,
1972-04-28,,,,5.89,6.14,,,,,,
1972-05-01,,,,5.85,6.14,,,,,,
1972-05-02,,,,5.88,6.16,,,,,,
1972-05-03,,,,5.91,6.17,,,,,,
1972-05-04,,,,5.92,6.17,,,,,,
1972-05-05,,,,5.91,6.17,,,,,,
1972-05-08,,,,5.92,6.17,,,,,,
1972-05-09,,,,5.95,6.2,,,,,,
1972-05-10,,,,5.92,6.19,,,,,,
1972-05-11,,,,5.9,6.19,,,,,,
1972-05-12,,,,5.85,6.16,,,,,,
1972-05-15,,,,5.84,6.16,,,,,,
1972-05-16,,,,5.86,6.16,,,,,,
1972-05-17,,,,5.88,6.15,,,,,,
1972-05-18,,,,5.86,6.13,,,,,,
1972-05-19,,,,5.84,6.1,,,,,,
1972-05-22,,,,5.81,6.07,,,,,,
1972-05-23,,,,5.78,6.05,,,,,,
1972-05-24,,,,5.8,6.06,,,,,,
1972-05-25,,,,5.77,6.04,,,,,,
1972-05-26,,,,5.77,6.04,,,,,,
1972-05-30,,,,5.75,6.05,,,,,,
1972-05-31,,,,5.79,6.05,,,,,,
1972-06-01,,,,5.82,6.07,,,,,,
1972-06-02,,,,5.84,6.09,,,,,,
1972-06-05,,,,5.86,6.1,,,,,,
1972-06-06,,,,5.88,6.13,,,,,,
1972-06-07,,,,5.86,6.12,,,,,,
1972-06-08,,,,5.87,6.12,,,,,,
1972-06-09,,,,5.86,6.11,,,,,,
1972-06-12,,,,5.86,6.1,,,,,,
1972-06-13,,,,5.87,6.1,,,,,,
1972-06-14,,,,5.86,6.1,,,,,,
1972-06-15,,,,5.86,6.1,,,,,,
1972-06-16,,,,5.89,6.1,,,,,,
1972-06-19,,,,5.88,6.08,,,,,,
1972-06-20,,,,5.9,6.08,,,,,,
1972-06-21,,,,5.94,6.09,,,,,,
1972-06-22,,,,5.98,6.11,,,,,,
1972-06-23,,,,5.98,6.1,,,,,,
1972-06-26,,,,6.0,6.12,,,,,,
1972-06-27,,,,5.98,6.12,,,,,,
1972-06-28,,,,5.96,6.12,,,,,,
1972-06-29,,,,6.0,6.14,,,,,,
1972-06-30,,,,6.0,6.15,,,,,,
1972-07-03,,,,6.0,6.14,,,,,,
1972-07-05,,,,5.96,6.13,,,,,,
1972-07-06,,,,5.93,6.13,,,,,,
1972-07-07,,,,5.98,6.13,,,,,,
1972-07-10,,,,5.98,6.13,,,,,,
1972-07-11,,,,5.98,6.13,,,,,,
1972-07-12,,,,5.97,6.12,,,,,,
1972-07-13,,,,5.96,6.11,,,,,,
1972-07-14,,,,5.93,6.1,,,,,,
1972-07-17,,,,5.94,6.11,,,,,,
1972-07-18,,,,5.96,6.11,,,,,,
1972-07-19,,,,5.94,6.09,,,,,,
1972-07-20,,,,5.97,6.09,,,,,,
1972-07-21,,,,5.99,6.1,,,,,,
1972-07-24,,,,5.99,6.1,,,,,,
1972-07-25,,,,5.98,6.09,,,,,,
1972-07-26,,,,5.98,6.08,,,,,,
1972-07-27,,,,6.02,6.13,,,,,,
1972-07-28,,,,6.0,6.12,,,,,,
1972-07-31,,,,5.98,6.12,,,,,,
1972-08-01,,,,5.98,6.14,,,,,,
1972-08-02,,,,5.95,6.14,,,,,,
1972-08-03,,,,5.96,6.15,,,,,,
1972-08-04,,,,5.98,6.16,,,,,,
1972-08-07,,,,5.98,6.16,,,,,,
1972-08-08,,,,5.97,6.15,,,,,,
1972-08-09,,,,5.94,6.14,,,,,,
1972-08-10,,,,5.95,6.14,,,,,,
1972-08-11,,,,5.95,6.14,,,,,,
1972-08-14,,,,5.96,6.16,,,,,,
1972-08-15,,,,5.96,6.17,,,,,,
1972-08-16,,,,5.96,6.18,,,,,,
1972-08-17,,,,5.96,6.2,,,,,,
1972-08-18,,,,5.98,6.21,,,,,,
1972-08-21,,,,5.98,6.21,,,,,,
1972-08-22,,,,5.99,6.2,,,,,,
1972-08-23,,,,6.02,6.22,,,,,,
1972-08-24,,,,6.04,6.23,,,,,,
1972-08-25,,,,6.13,6.26,,,,,,
1972-08-28,,,,6.17,6.3,,,,,,
1972-08-29,,,,6.19,6.34,,,,,,
1972-08-30,,,,6.22,6.42,,,,,,
1972-08-31,,,,6.21,6.42,,,,,,
1972-09-01,,,,6.2,6.43,,,,,,
1972-09-05,,,,6.24,6.46,,,,,,
1972-09-06,,,,6.26,6.49,,,,,,
1972-09-07,,,,6.28,6.52,,,,,,
1972-09-08,,,,6.3,6.56,,,,,,
1972-09-11,,,,6.28,6.54,,,,,,
1972-09-12,,,,6.28,6.54,,,,,,
1972-09-13,,,,6.31,6.54,,,,,,
1972-09-14,,,,6.32,6.57,,,,,,
1972-09-15,,,,6.27,6.56,,,,,,
1972-09-18,,,,6.22,6.55,,,,,,
1972-09-19,,,,6.22,6.55,,,,,,
1972-09-20,,,,6.23,6.56,,,,,,
1972-09-21,,,,6.25,6.59,,,,,,
1972-09-22,,,,6.28,6.62,,,,,,
1972-09-25,,,,6.27,6.62,,,,,,
1972-09-26,,,,6.22,6.6,,,,,,
1972-09-27,,,,6.21,6.59,,,,,,
1972-09-28,,,,6.19,6.56,,,,,,
1972-09-29,,,,6.18,6.54,,,,,,
1972-10-02,,,,6.17,6.54,,,,,,
1972-10-03,,,,6.23,6.54,,,,,,
1972-10-04,,,,6.2,6.53,,,,,,
1972-10-05,,,,6.19,6.53,,,,,,
1972-10-06,,,,6.18,6.52,,,,,,
1972-10-10,,,,6.15,6.48,,,,,,
1972-10-11,,,,6.16,6.47,,,,,,
1972-10-12,,,,6.19,6.5,,,,,,
1972-10-13,,,,6.19,6.5,,,,,,
1972-10-16,,,,6.17,6.49,,,,,,
1972-10-17,,,,6.17,6.49,,,,,,
1972-10-18,,,,6.19,6.49,,,,,,
1972-10-19,,,,6.19,6.48,,,,,,
1972-10-20,,,,6.19,6.47,,,,,,
1972-10-24,,,,6.16,6.45,,,,,,
1972-10-25,,,,6.17,6.44,,,,,,
1972-10-26,,,,6.16,6.42,,,,,,
1972-10-27,,,,6.18,6.42,,,,,,
1972-10-30,,,,6.2,6.42,,,,,,
1972-10-31,,,,6.2,6.41,,,,,,
1972-11-01,,,,6.2,6.39,,,,,,
1972-11-02,,,,6.15,6.34,,,,,,
1972-11-03,,,,6.13,6.3,,,,,,
1972-11-06,,,,6.11,6.27,,,,,,
1972-11-08,,,,6.15,6.3,,,,,,
1972-11-09,,,,6.16,6.3,,,,,,
1972-11-10,,,,6.15,6.3,,,,,,
1972-11-13,,,,6.11,6.27,,,,,,
1972-11-14,,,,6.1,6.26,,,,,,
1972-11-15,,,,6.06,6.23,,,,,,
1972-11-16,,,,6.08,6.24,,,,,,
1972-11-17,,,,6.1,6.24,,,,,,
1972-11-20,,,,6.08,6.23,,,,,,
1972-11-21,,,,6.09,6.26,,,,,,
1972-11-22,,,,6.09,6.27,,,,,,
1972-11-24,,,,6.1,6.27,,,,,,
1972-11-27,,,,6.13,6.3,,,,,,
1972-11-28,,,,6.12,6.29,,,,,,
1972-11-29,,,,6.1,6.27,,,,,,
1972-11-30,,,,6.12,6.28,,,,,,
1972-12-01,,,,6.12,6.29,,,,,,
1972-12-04,,,,6.13,6.3,,,,,,
1972-12-05,,,,6.14,6.31,,,,,,
1972-12-06,,,,6.13,6.31,,,,,,
1972-12-07,,,,6.12,6.31,,,,,,
1972-12-08,,,,6.14,6.32,,,,,,
1972-12-11,,,,6.15,6.34,,,,,,
1972-12-12,,,,6.13,6.35,,,,,,
1972-12-13,,,,6.12,6.35,,,,,,
1972-12-14,,,,6.11,6.35,,,,,,
1972-12-15,,,,6.11,6.35,,,,,,
1972-12-18,,,,6.18,6.38,,,,,,
1972-12-19,,,,6.18,6.4,,,,,,
1972-12-20,,,,6.18,6.4,,,,,,
1972-12-21,,,,6.17,6.4,,,,,,
1972-12-22,,,,6.19,6.4,,,,,,
1972-12-26,,,,6.19,6.39,,,,,,
1972-12-27,,,,6.2,6.4,,,,,,
1972-12-28,,,,6.22,6.41,,,,,,
1972-12-29,,,,6.26,6.41,,,,,,
1973-01-02,,,,6.29,6.43,,,,,,
1973-01-03,,,,6.26,6.42,,,,,,
1973-01-04,,,,6.23,6.4,,,,,,
1973-01-05,,,,6.27,6.42,,,,,,
1973-01-08,,,,6.3,6.43,,,,,,
1973-01-09,,,,6.3,6.42,,,,,,
1973-01-10,,,,6.31,6.43,,,,,,
1973-01-11,,,,6.31,6.43,,,,,,
1973-01-12,,,,6.33,6.44,,,,,,
1973-01-15,,,,6.31,6.44,,,,,,
1973-01-16,,,,6.32,6.44,,,,,,
1973-01-17,,,,6.3,6.45,,,,,,
1973-01-18,,,,6.32,6.46,,,,,,
1973-01-19,,,,6.36,6.49,,,,,,
1973-01-22,,,,6.38,6.5,,,,,,
1973-01-23,,,,6.35,6.48,,,,,,
1973-01-24,,,,6.39,6.49,,,,,,
1973-01-25,,,,6.41,6.51,,,,,,
1973-01-26,,,,6.44,6.53,,,,,,
1973-01-29,,,,6.44,6.55,,,,,,
1973-01-30,,,,6.44,6.52,,,,,,
1973-01-31,,,,6.45,6.54,,,,,,
1973-02-01,,,,6.56,6.6,,,,,,
1973-02-02,,,,6.58,6.64,,,,,,
1973-02-05,,,,6.58,6.64,,,,,,
1973-02-06,,,,6.58,6.64,,,,,,
1973-02-07,,,,6.57,6.64,,,,,,
1973-02-08,,,,6.55,6.66,,,,,,
1973-02-09,,,,6.51,6.63,,,,,,
1973-02-13,,,,6.54,6.61,,,,,,
1973-02-14,,,,6.54,6.62,,,,,,
1973-02-15,,,,6.53,6.62,,,,,,
1973-02-16,,,,6.55,6.63,,,,,,
1973-02-20,,,,6.65,6.66,,,,,,
1973-02-21,,,,6.65,6.66,,,,,,
1973-02-22,,,,6.64,6.65,,,,,,
1973-02-23,,,,6.6,6.61,,,,,,
1973-02-26,,,,6.72,6.65,,,,,,
1973-02-27,,,,6.72,6.64,,,,,,
1973-02-28,,,,6.73,6.64,,,,,,
1973-03-01,,,,6.72,6.65,,,,,,
1973-03-02,,,,6.77,6.67,,,,,,
1973-03-05,,,,6.79,6.68,,,,,,
1973-03-06,,,,6.83,6.68,,,,,,
1973-03-07,,,,6.8,6.66,,,,,,
1973-03-08,,,,6.83,6.67,,,,,,
1973-03-09,,,,6.83,6.68,,,,,,
1973-03-12,,,,6.84,6.68,,,,,,
1973-03-13,,,,6.81,6.7,,,,,,
1973-03-14,,,,6.82,6.71,,,,,,
1973-03-15,,,,6.85,6.73,,,,,,
1973-03-16,,,,6.92,6.77,,,,,,
1973-03-19,,,,6.85,6.75,,,,,,
1973-03-20,,,,6.85,6.76,,,,,,
1973-03-21,,,,6.83,6.76,,,,,,
1973-03-22,,,,6.84,6.76,,,,,,
1973-03-23,,,,6.84,6.76,,,,,,
1973-03-26,,,,6.76,6.73,,,,,,
1973-03-27,,,,6.74,6.72,,,,,,
1973-03-28,,,,6.69,6.67,,,,,,
1973-03-29,,,,6.68,6.68,,,,,,
1973-03-30,,,,6.81,6.73,,,,,,
1973-04-02,,,,6.81,6.74,,,,,,
1973-04-03,,,,6.77,6.73,,,,,,
1973-04-04,,,,6.71,6.7,,,,,,
1973-04-05,,,,6.7,6.68,,,,,,
1973-04-06,,,,6.59,6.64,,,,,,
1973-04-09,,,,6.55,6.62,,,,,,
1973-04-10,,,,6.58,6.64,,,,,,
1973-04-11,,,,6.63,6.65,,,,,,
1973-04-12,,,,6.64,6.66,,,,,,
1973-04-13,,,,6.55,6.63,,,,,,
1973-04-16,,,,6.57,6.62,,,,,,
1973-04-17,,,,6.66,6.64,,,,,,
1973-04-18,,,,6.67,6.64,,,,,,
1973-04-19,,,,6.71,6.66,,,,,,
1973-04-23,,,,6.76,6.73,,,,,,
1973-04-24,,,,6.73,6.66,,,,,,
1973-04-25,,,,6.72,6.66,,,,,,
1973-04-26,,,,6.67,6.68,,,,,,
1973-04-27,,,,6.7,6.69,,,,,,
1973-04-30,,,,6.73,6.7,,,,,,
1973-05-01,,,,6.77,6.72,,,,,,
1973-05-02,,,,6.78,6.76,,,,,,
1973-05-03,,,,6.8,6.77,,,,,,
1973-05-04,,,,6.83,6.79,,,,,,
1973-05-07,,,,6.83,6.81,,,,,,
1973-05-08,,,,6.8,6.8,,,,,,
1973-05-09,,,,6.78,6.8,,,,,,
1973-05-10,,,,6.77,6.81,,,,,,
1973-05-11,,,,6.81,6.82,,,,,,
1973-05-14,,,,6.8,6.83,,,,,,
1973-05-15,,,,6.78,6.86,,,,,,
1973-05-16,,,,6.76,6.84,,,,,,
1973-05-17,,,,6.81,6.85,,,,,,
1973-05-18,,,,6.83,6.86,,,,,,
1973-05-21,,,,6.86,6.89,,,,,,
1973-05-22,,,,6.86,6.9,,,,,,
1973-05-23,,,,6.84,6.92,,,,,,
1973-05-24,,,,6.8,6.91,,,,,,
1973-05-25,,,,6.78,6.91,,,,,,
1973-05-29,,,,6.8,6.93,,,,,,
1973-05-30,,,,6.8,6.93,,,,,,
1973-05-31,,,,6.78,6.93,,,,,,
1973-06-01,,,,6.78,6.96,,,,,,
1973-06-04,,,,6.8,6.98,,,,,,
1973-06-05,,,,6.7,6.95,,,,,,
1973-06-06,,,,6.57,6.89,,,,,,
1973-06-07,,,,6.61,6.89,,,,,,
1973-06-08,,,,6.59,6.87,,,,,,
1973-06-11,,,,6.62,6.87,,,,,,
1973-06-12,,,,6.61,6.86,,,,,,
1973-06-13,,,,6.62,6.85,,,,,,
1973-06-14,,,,6.62,6.85,,,,,,
1973-06-15,,,,6.63,6.86,,,,,,
1973-06-18,,,,6.65,6.87,,,,,,
1973-06-19,,,,6.66,6.87,,,,,,
1973-06-20,,,,6.66,6.89,,,,,,
1973-06-21,,,,6.67,6.89,,,,,,
1973-06-22,,,,6.7,6.91,,,,,,
1973-06-25,,,,6.74,6.93,,,,,,
1973-06-26,,,,6.76,6.93,,,,,,
1973-06-27,,,,6.78,6.92,,,,,,
1973-06-28,,,,6.82,6.92,,,,,,
1973-06-29,,,,6.9,6.94,,,,,,
1973-07-02,,,,7.0,7.01,,,,,,
1973-07-03,,,,7.03,7.01,,,,,,
1973-07-05,,,,7.02,7.01,,,,,,
1973-07-06,,,,7.07,7.03,,,,,,
1973-07-09,,,,7.18,7.05,,,,,,
1973-07-10,,,,7.11,7.05,,,,,,
1973-07-11,,,,7.11,7.05,,,,,,
1973-07-12,,,,7.12,7.04,,,,,,
1973-07-13,,,,7.17,7.05,,,,,,
1973-07-16,,,,7.21,7.06,,,,,,
1973-07-17,,,,7.22,7.06,,,,,,
1973-07-18,,,,7.26,7.07,,,,,,
1973-07-19,,,,7.39,7.11,,,,,,
1973-07-20,,,,7.48,7.17,,,,,,
1973-07-23,,,,7.45,7.17,,,,,,
1973-07-24,,,,7.5,7.19,,,,,,
1973-07-25,,,,7.56,7.19,,,,,,
1973-07-26,,,,7.7,7.28,,,,,,
1973-07-27,,,,7.78,7.35,,,,,,
1973-07-30,,,,7.8,7.37,,,,,,
1973-07-31,,,,7.87,7.43,,,,,,
1973-08-01,,,,7.94,7.55,,,,,,
1973-08-02,,,,7.86,7.52,,,,,,
1973-08-03,,,,7.98,7.53,,,,,,
1973-08-06,,,,8.06,7.54,,,,,,
1973-08-07,,,,8.13,7.58,,,,,,
1973-08-08,,,,7.97,7.52,,,,,,
1973-08-09,,,,8.01,7.54,,,,,,
1973-08-10,,,,7.96,7.52,,,,,,
1973-08-13,,,,7.84,7.47,,,,,,
1973-08-14,,,,7.81,7.46,,,,,,
1973-08-15,,,,7.71,7.45,,,,,,
1973-08-16,,,,7.54,7.37,,,,,,
1973-08-17,,,,7.41,7.28,,,,,,
1973-08-20,,,,7.5,7.38,,,,,,
1973-08-21,,,,7.47,7.36,,,,,,
1973-08-22,,,,7.51,7.39,,,,,,
1973-08-23,,,,7.31,7.31,,,,,,
1973-08-24,,,,7.15,7.23,,,,,,
1973-08-27,,,,7.23,7.26,,,,,,
1973-08-28,,,,7.31,7.29,,,,,,
1973-08-29,,,,7.22,7.26,,,,,,
1973-08-30,,,,7.26,7.25,,,,,,
1973-08-31,,,,7.28,7.25,,,,,,
1973-09-04,,,,7.22,7.21,,,,,,
1973-09-05,,,,7.12,7.11,,,,,,
1973-09-06,,,,7.12,7.1,,,,,,
1973-09-07,,,,7.1,7.11,,,,,,
1973-09-10,,,,7.23,7.16,,,,,,
1973-09-11,,,,7.33,7.19,,,,,,
1973-09-12,,,,7.33,7.2,,,,,,
1973-09-13,,,,7.36,7.21,,,,,,
1973-09-14,,,,7.29,7.21,,,,,,
1973-09-17,,,,7.11,7.16,,,,,,
1973-09-18,,,,6.99,7.08,,,,,,
1973-09-19,,,,7.02,7.1,,,,,,
1973-09-20,,,,6.95,7.09,,,,,,
1973-09-21,,,,6.91,7.02,,,,,,
1973-09-24,,,,6.81,7.0,,,,,,
1973-09-25,,,,6.79,6.96,,,,,,
1973-09-26,,,,6.82,6.97,,,,,,
1973-09-27,,,,6.8,6.94,,,,,,
1973-09-28,,,,6.72,6.9,,,,,,
1973-10-01,,,,6.75,6.91,,,,,,
1973-10-02,,,,6.88,6.89,,,,,,
1973-10-03,,,,6.82,6.9,,,,,,
1973-10-04,,,,6.88,6.88,,,,,,
1973-10-05,,,,6.72,6.86,,,,,,
1973-10-09,,,,6.68,6.78,,,,,,
1973-10-10,,,,6.74,6.77,,,,,,
1973-10-11,,,,6.74,6.78,,,,,,
1973-10-12,,,,6.68,6.75,,,,,,
1973-10-15,,,,6.75,6.77,,,,,,
1973-10-16,,,,6.8,6.81,,,,,,
1973-10-17,,,,6.79,6.82,,,,,,
1973-10-18,,,,6.77,6.81,,,,,,
1973-10-19,,,,6.75,6.8,,,,,,
1973-10-23,,,,6.8,6.8,,,,,,
1973-10-24,,,,6.81,6.75,,,,,,
1973-10-25,,,,6.76,6.73,,,,,,
1973-10-26,,,,6.76,6.72,,,,,,
1973-10-29,,,,6.77,6.72,,,,,,
1973-10-30,,,,6.75,6.72,,,,,,
1973-10-31,,,,6.8,6.71,,,,,,
1973-11-01,,,,6.83,6.71,,,,,,
1973-11-02,,,,6.85,6.72,,,,,,
1973-11-05,,,,7.0,6.74,,,,,,
1973-11-07,,,,6.98,6.76,,,,,,
1973-11-08,,,,6.91,6.77,,,,,,
1973-11-09,,,,6.93,6.76,,,,,,
1973-11-12,,,,7.03,6.76,,,,,,
1973-11-13,,,,7.16,6.76,,,,,,
1973-11-14,,,,7.19,6.79,,,,,,
1973-11-15,,,,7.1,6.76,,,,,,
1973-11-16,,,,7.05,6.72,,,,,,
1973-11-19,,,,6.91,6.71,,,,,,
1973-11-20,,,,6.9,6.72,,,,,,
1973-11-21,,,,6.8,6.71,,,,,,
1973-11-23,,,,6.81,6.7,,,,,,
1973-11-26,,,,6.76,6.69,,,,,,
1973-11-27,,,,6.77,6.7,,,,,,
1973-11-28,,,,6.8,6.7,,,,,,
1973-11-29,,,,6.8,6.7,,,,,,
1973-11-30,,,,6.77,6.69,,,,,,
1973-12-03,,,,6.84,6.69,,,,,,
1973-12-04,,,,6.85,6.69,,,,,,
1973-12-05,,,,6.9,6.72,,,,,,
1973-12-06,,,,6.91,6.75,,,,,,
1973-12-07,,,,6.88,6.74,,,,,,
1973-12-10,,,,6.72,6.71,,,,,,
1973-12-11,,,,6.77,6.69,,,,,,
1973-12-12,,,,6.73,6.69,,,,,,
1973-12-13,,,,6.76,6.68,,,,,,
1973-12-14,,,,6.74,6.68,,,,,,
1973-12-17,,,,6.71,6.67,,,,,,
1973-12-18,,,,6.75,6.68,,,,,,
1973-12-19,,,,6.75,6.71,,,,,,
1973-12-20,,,,6.73,6.73,,,,,,
1973-12-21,,,,6.75,6.78,,,,,,
1973-12-26,,,,6.87,6.83,,,,,,
1973-12-27,,,,6.84,6.88,,,,,,
1973-12-28,,,,6.81,6.91,,,,,,
1973-12-31,,,,6.83,6.9,,,,,,
1974-01-02,,,,6.86,6.94,,,,,,
1974-01-03,,,,6.83,6.96,,,,,,
1974-01-04,,,,6.83,6.94,,,,,,
1974-01-07,,,,6.86,6.96,,,,,,
1974-01-08,,,,6.87,6.96,,,,,,
1974-01-09,,,,6.87,6.96,,,,,,
1974-01-10,,,,6.91,7.0,,,,,,
1974-01-11,,,,6.96,7.01,,,,,,
1974-01-14,,,,6.98,7.01,,,,,,
1974-01-15,,,,6.94,6.99,,,,,,
1974-01-16,,,,6.96,6.99,,,,,,
1974-01-17,,,,6.93,6.97,,,,,,
1974-01-18,,,,6.94,6.98,,,,,,
1974-01-21,,,,6.99,6.99,,,,,,
1974-01-22,,,,7.05,7.0,,,,,,
1974-01-23,,,,7.08,7.01,,,,,,
1974-01-24,,,,7.06,7.02,,,,,,
1974-01-25,,,,7.06,7.02,,,,,,
1974-01-28,,,,7.01,7.01,,,,,,
1974-01-29,,,,7.0,7.02,,,,,,
1974-01-30,,,,6.97,7.01,,,,,,
1974-01-31,,,,6.91,7.0,,,,,,
1974-02-01,,,,6.85,7.0,,,,,,
1974-02-04,,,,6.8,6.98,,,,,,
1974-02-05,,,,6.8,6.95,,,,,,
1974-02-06,,,,6.77,6.93,,,,,,
1974-02-07,,,,6.82,6.93,,,,,,
1974-02-08,,,,6.79,6.93,,,,,,
1974-02-11,,,,6.78,6.93,,,,,,
1974-02-13,,,,6.76,6.93,,,,,,
1974-02-14,,,,6.72,6.93,,,,,,
1974-02-15,,,,6.74,6.93,,,,,,
1974-02-19,,,,6.76,6.93,,,,,,
1974-02-20,,,,6.77,6.96,,,,,,
1974-02-21,,,,6.81,6.98,,,,,,
1974-02-22,,,,6.82,6.97,,,,,,
1974-02-25,,,,6.83,6.96,,,,,,
1974-02-26,,,,6.94,6.98,,,,,,
1974-02-27,,,,6.96,7.0,,,,,,
1974-02-28,,,,6.98,7.01,,,,,,
1974-03-01,,,,7.06,7.08,,,,,,
1974-03-04,,,,7.08,7.09,,,,,,
1974-03-05,,,,7.08,7.1,,,,,,
1974-03-06,,,,7.02,7.09,,,,,,
1974-03-07,,,,7.01,7.06,,,,,,
1974-03-08,,,,7.09,7.06,,,,,,
1974-03-11,,,,7.12,7.08,,,,,,
1974-03-12,,,,7.12,7.09,,,,,,
1974-03-13,,,,7.16,7.13,,,,,,
1974-03-14,,,,7.14,7.13,,,,,,
1974-03-15,,,,7.22,7.18,,,,,,
1974-03-18,,,,7.32,7.23,,,,,,
1974-03-19,,,,7.33,7.24,,,,,,
1974-03-20,,,,7.4,7.27,,,,,,
1974-03-21,,,,7.56,7.3,,,,,,
1974-03-22,,,,7.65,7.35,,,,,,
1974-03-25,,,,7.68,7.39,,,,,,
1974-03-26,,,,7.62,7.38,,,,,,
1974-03-27,,,,7.59,7.35,,,,,,
1974-03-28,,,,7.67,7.38,,,,,,
1974-03-29,,,,7.65,7.41,,,,,,
1974-04-01,,,,7.67,7.42,,,,,,
1974-04-02,,,,7.71,7.43,,,,,,
1974-04-03,,,,7.75,7.43,,,,,,
1974-04-04,,,,7.88,7.51,,,,,,
1974-04-05,,,,7.97,7.54,,,,,,
1974-04-08,,,,7.92,7.5,,,,,,
1974-04-09,,,,7.92,7.49,,,,,,
1974-04-10,,,,7.84,7.46,,,,,,
1974-04-11,,,,7.83,7.45,,,,,,
1974-04-15,,,,7.75,7.42,,,,,,
1974-04-16,,,,7.88,7.43,,,,,,
1974-04-17,,,,7.88,7.45,,,,,,
1974-04-18,,,,7.97,7.5,,,,,,
1974-04-19,,,,7.93,7.51,,,,,,
1974-04-22,,,,7.95,7.52,,,,,,
1974-04-23,,,,7.96,7.54,,,,,,
1974-04-24,,,,7.95,7.58,,,,,,
1974-04-25,,,,8.04,7.63,,,,,,
1974-04-26,,,,8.11,7.64,,,,,,
1974-04-29,,,,8.2,7.65,,,,,,
1974-04-30,,,,8.21,7.66,,,,,,
1974-05-01,,,,8.16,7.62,,,,,,
1974-05-02,,,,8.2,7.58,,,,,,
1974-05-03,,,,8.35,7.65,,,,,,
1974-05-06,,,,8.42,7.65,,,,,,
1974-05-07,,,,8.56,7.65,,,,,,
1974-05-08,,,,8.46,7.65,,,,,,
1974-05-09,,,,8.47,7.7,,,,,,
1974-05-10,,,,8.19,7.63,,,,,,
1974-05-13,,,,8.06,7.54,,,,,,
1974-05-14,,,,8.13,7.57,,,,,,
1974-05-15,,,,8.1,7.55,,,,,,
1974-05-16,,,,8.12,7.54,,,,,,
1974-05-17,,,,8.21,7.57,,,,,,
1974-05-20,,,,8.21,7.58,,,,,,
1974-05-21,,,,8.13,7.57,,,,,,
1974-05-22,,,,8.07,7.56,,,,,,
1974-05-23,,,,7.98,7.52,,,,,,
1974-05-24,,,,7.94,7.49,,,,,,
1974-05-28,,,,8.05,7.5,,,,,,
1974-05-29,,,,8.06,7.52,,,,,,
1974-05-30,,,,8.02,7.51,,,,,,
1974-05-31,,,,8.06,7.52,,,,,,
1974-06-03,,,,8.11,7.53,,,,,,
1974-06-04,,,,8.02,7.52,,,,,,
1974-06-05,,,,8.04,7.52,,,,,,
1974-06-06,,,,8.0,7.5,,,,,,
1974-06-07,,,,7.93,7.46,,,,,,
1974-06-10,,,,7.93,7.47,,,,,,
1974-06-11,,,,7.95,7.48,,,,,,
1974-06-12,,,,8.03,7.5,,,,,,
1974-06-13,,,,8.1,7.5,,,,,,
1974-06-14,,,,8.06,7.5,,,,,,
1974-06-17,,,,8.01,7.49,,,,,,
1974-06-18,,,,8.06,7.52,,,,,,
1974-06-19,,,,8.06,7.52,,,,,,
1974-06-20,,,,8.07,7.55,,,,,,
1974-06-21,,,,8.1,7.55,,,,,,
1974-06-24,,,,8.22,7.58,,,,,,
1974-06-25,,,,8.29,7.62,,,,,,
1974-06-26,,,,8.25,7.62,,,,,,
1974-06-27,,,,8.36,7.64,,,,,,
1974-06-28,,,,8.33,7.64,,,,,,
1974-07-01,,,,8.38,7.65,,,,,,
1974-07-02,,,,8.35,7.65,,,,,,
1974-07-03,,,,8.43,7.7,,,,,,
1974-07-05,,,,8.51,7.71,,,,,,
1974-07-08,,,,8.63,7.77,,,,,,
1974-07-09,,,,8.63,7.81,,,,,,
1974-07-10,,,,8.58,7.82,,,,,,
1974-07-11,,,,8.54,7.84,,,,,,
1974-07-12,,,,8.41,7.85,,,,,,
1974-07-15,,,,8.42,7.86,,,,,,
1974-07-16,,,,8.42,7.88,,,,,,
1974-07-17,,,,8.38,7.91,,,,,,
1974-07-18,,,,8.38,7.9,,,,,,
1974-07-19,,,,8.29,7.87,,,,,,
1974-07-22,,,,8.18,7.77,,,,,,
1974-07-23,,,,8.15,7.79,,,,,,
1974-07-24,,,,8.06,7.76,,,,,,
1974-07-25,,,,8.04,7.75,,,,,,
1974-07-26,,,,8.24,7.79,,,,,,
1974-07-29,,,,8.32,7.85,,,,,,
1974-07-30,,,,8.47,7.89,,,,,,
1974-07-31,,,,8.46,7.89,,,,,,
1974-08-01,,,,8.57,7.92,,,,,,
1974-08-02,,,,8.68,7.96,,,,,,
1974-08-05,,,,8.61,7.99,,,,,,
1974-08-06,,,,8.53,7.97,,,,,,
1974-08-07,,,,8.62,7.97,,,,,,
1974-08-08,,,,8.59,7.97,,,,,,
1974-08-09,,,,8.62,8.03,,,,,,
1974-08-12,,,,8.58,8.05,,,,,,
1974-08-13,,,,8.6,8.06,,,,,,
1974-08-14,,,,8.58,8.05,,,,,,
1974-08-15,,,,8.57,8.02,,,,,,
1974-08-16,,,,8.53,8.0,,,,,,
1974-08-19,,,,8.53,7.98,,,,,,
1974-08-20,,,,8.56,7.99,,,,,,
1974-08-21,,,,8.65,8.05,,,,,,
1974-08-22,,,,8.74,8.09,,,,,,
1974-08-23,,,,8.79,8.15,,,,,,
1974-08-26,,,,8.77,8.16,,,,,,
1974-08-27,,,,8.72,8.15,,,,,,
1974-08-28,,,,8.71,8.15,,,,,,
1974-08-29,,,,8.68,8.15,,,,,,
1974-08-30,,,,8.63,8.11,,,,,,
1974-09-03,,,,8.65,8.11,,,,,,
1974-09-04,,,,8.63,8.12,,,,,,
1974-09-05,,,,8.59,8.1,,,,,,
1974-09-06,,,,8.57,8.09,,,,,,
1974-09-09,,,,8.49,8.02,,,,,,
1974-09-10,,,,8.5,8.04,,,,,,
1974-09-11,,,,8.49,8.05,,,,,,
1974-09-12,,,,8.57,8.13,,,,,,
1974-09-13,,,,8.53,8.13,,,,,,
1974-09-16,,,,8.45,8.1,,,,,,
1974-09-17,,,,8.41,8.09,,,,,,
1974-09-18,,,,8.35,8.08,,,,,,
1974-09-19,,,,8.3,8.04,,,,,,
1974-09-20,,,,8.26,8.02,,,,,,
1974-09-23,,,,8.15,7.91,,,,,,
1974-09-24,,,,8.16,7.94,,,,,,
1974-09-25,,,,8.16,7.94,,,,,,
1974-09-26,,,,8.11,7.96,,,,,,
1974-09-27,,,,8.07,7.94,,,,,,
1974-09-30,,,,8.05,7.94,,,,,,
1974-10-01,,,,8.11,7.97,,,,,,
1974-10-02,,,,8.13,7.98,,,,,,
1974-10-03,,,,8.14,8.04,,,,,,
1974-10-04,,,,8.05,8.02,,,,,,
1974-10-07,,,,7.98,8.01,,,,,,
1974-10-08,,,,7.97,7.95,,,,,,
1974-10-09,,,,8.02,7.95,,,,,,
1974-10-10,,,,7.99,7.93,,,,,,
1974-10-11,,,,7.93,7.88,,,,,,
1974-10-15,,,,7.92,7.87,,,,,,
1974-10-16,,,,7.96,7.87,,,,,,
1974-10-17,,,,7.98,7.88,,,,,,
1974-10-18,,,,7.88,7.86,,,,,,
1974-10-21,,,,7.85,7.81,,,,,,
1974-10-22,,,,7.86,7.81,,,,,,
1974-10-23,,,,7.88,7.85,,,,,,
1974-10-24,,,,7.9,7.87,,,,,,
1974-10-25,,,,7.92,7.86,,,,,,
1974-10-28,,,,7.98,7.88,,,,,,
1974-10-29,,,,7.95,7.84,,,,,,
1974-10-30,,,,7.95,7.81,,,,,,
1974-10-31,,,,7.94,7.79,,,,,,
1974-11-01,,,,7.95,7.8,,,,,,
1974-11-04,,,,7.91,7.8,,,,,,
1974-11-06,,,,7.87,7.76,,,,,,
1974-11-07,,,,7.81,7.74,,,,,,
1974-11-08,,,,7.79,7.72,,,,,,
1974-11-12,,,,7.76,7.78,,,,,,
1974-11-13,,,,7.76,7.75,,,,,,
1974-11-14,,,,7.7,7.72,,,,,,
1974-11-15,,,,7.6,7.61,,,,,,
1974-11-18,,,,7.61,7.63,,,,,,
1974-11-19,,,,7.6,7.63,,,,,,
1974-11-20,,,,7.55,7.59,,,,,,
1974-11-21,,,,7.55,7.6,,,,,,
1974-11-22,,,,7.54,7.6,,,,,,
1974-11-25,,,,7.53,7.62,,,,,,
1974-11-26,,,,7.56,7.63,,,,,,
1974-11-27,,,,7.56,7.64,,,,,,
1974-11-29,,,,7.56,7.64,,,,,,
1974-12-02,,,,7.6,7.71,,,,,,
1974-12-03,,,,7.64,7.74,,,,,,
1974-12-04,,,,7.57,7.68,,,,,,
1974-12-05,,,,7.52,7.64,,,,,,
1974-12-06,,,,7.47,7.59,,,,,,
1974-12-09,,,,7.25,7.4,,,,,,
1974-12-10,,,,7.27,7.42,,,,,,
1974-12-11,,,,7.22,7.38,,,,,,
1974-12-12,,,,7.26,7.39,,,,,,
1974-12-13,,,,7.2,7.38,,,,,,
1974-12-16,,,,7.21,7.34,,,,,,
1974-12-17,,,,7.13,7.28,,,,,,
1974-12-18,,,,7.09,7.25,,,,,,
1974-12-19,,,,7.1,7.25,,,,,,
1974-12-20,,,,7.1,7.27,,,,,,
1974-12-23,,,,7.29,7.41,,,,,,
1974-12-24,,,,7.33,7.43,,,,,,
1974-12-26,,,,7.27,7.37,,,,,,
1974-12-27,,,,7.27,7.39,,,,,,
1974-12-30,,,,7.34,7.39,,,,,,
1974-12-31,,,,7.36,7.4,,,,,,
1975-01-02,,,,7.34,7.42,,,,,,
1975-01-03,,,,7.36,7.43,,,,,,
1975-01-06,,,,7.34,7.39,,,,,,
1975-01-07,,,,7.35,7.38,,,,,,
1975-01-08,,,,7.32,7.39,,,,,,
1975-01-09,,,,7.29,7.35,,,,,,
1975-01-10,,,,7.34,7.37,,,,,,
1975-01-13,,,,7.4,7.46,,,,,,
1975-01-14,,,,7.41,7.49,,,,,,
1975-01-15,,,,7.49,7.54,,,,,,
1975-01-16,,,,7.48,7.54,,,,,,
1975-01-17,,,,7.45,7.53,,,,,,
1975-01-20,,,,7.54,7.59,,,,,,
1975-01-21,,,,7.48,7.55,,,,,,
1975-01-22,,,,7.45,7.51,,,,,,
1975-01-23,,,,7.5,7.57,,,,,,
1975-01-24,,,,7.45,7.64,,,,,,
1975-01-27,,,,7.44,7.61,,,,,,
1975-01-28,,,,7.42,7.61,,,,,,
1975-01-29,,,,7.38,7.59,,,,,,
1975-01-30,,,,7.35,7.54,,,,,,
1975-01-31,,,,7.34,7.53,,,,,,
1975-02-03,,,,7.25,7.49,,,,,,
1975-02-04,,,,7.19,7.47,,,,,,
1975-02-05,,,,7.08,7.35,,,,,,
1975-02-06,,,,7.11,7.43,,,,,,
1975-02-07,,,,7.11,7.38,,,,,,
1975-02-10,,,,7.22,7.45,,,,,,
1975-02-11,,,,7.19,7.42,,,,,,
1975-02-13,,,,7.19,7.44,,,,,,
1975-02-14,,,,7.07,7.35,,,,,,
1975-02-18,,,,7.0,7.28,,,,,,
1975-02-19,,,,6.93,7.26,,,,,,
1975-02-20,,,,7.0,7.3,,,,,,
1975-02-21,,,,7.03,7.22,,,,,,
1975-02-24,,,,7.03,7.36,,,,,,
1975-02-25,,,,7.13,7.43,,,,,,
1975-02-26,,,,7.2,7.5,,,,,,
1975-02-27,,,,7.17,7.47,,,,,,
1975-02-28,,,,7.13,7.46,,,,,,
1975-03-03,,,,7.2,7.5,,,,,,
1975-03-04,,,,7.22,7.53,,,,,,
1975-03-05,,,,7.14,7.48,,,,,,
1975-03-06,,,,7.16,7.49,,,,,,
1975-03-07,,,,7.21,7.52,,,,,,
1975-03-10,,,,7.25,7.56,,,,,,
1975-03-11,,,,7.2,7.58,,,,,,
1975-03-12,,,,7.2,7.58,,,,,,
1975-03-13,,,,7.19,7.56,,,,,,
1975-03-14,,,,7.21,7.58,,,,,,
1975-03-17,,,,7.32,7.7,,,,,,
1975-03-18,,,,7.31,7.7,,,,,,
1975-03-19,,,,7.39,7.8,,,,,,
1975-03-20,,,,7.37,7.95,,,,,,
1975-03-21,,,,7.4,7.84,,,,,,
1975-03-24,,,,7.45,8.05,,,,,,
1975-03-25,,,,7.43,8.03,,,,,,
1975-03-26,,,,7.46,8.02,,,,,,
1975-03-27,,,,7.46,8.08,,,,,,
1975-03-31,,,,7.5,8.01,,,,,,
1975-04-01,,,,7.65,8.08,,,,,,
1975-04-02,,,,7.82,8.22,,,,,,
1975-04-03,,,,7.83,8.13,,,,,,
1975-04-04,,,,7.84,8.15,,,,,,
1975-04-07,,,,8.06,8.26,,,,,,
1975-04-08,,,,7.97,8.21,,,,,,
1975-04-09,,,,7.93,8.17,,,,,,
1975-04-10,,,,7.97,8.19,,,,,,
1975-04-11,,,,7.96,8.22,,,,,,
1975-04-14,,,,7.9,8.16,,,,,,
1975-04-15,,,,7.9,8.16,,,,,,
1975-04-16,,,,7.9,8.15,,,,,,
1975-04-17,,,,7.99,8.21,,,,,,
1975-04-18,,,,8.05,8.27,,,,,,
1975-04-21,,,,8.16,8.32,,,,,,
1975-04-22,,,,8.13,8.32,,,,,,
1975-04-23,,,,8.09,8.27,,,,,,
1975-04-24,,,,8.07,8.25,,,,,,
1975-04-25,,,,8.07,8.25,,,,,,
1975-04-28,,,,8.17,8.35,,,,,,
1975-04-29,,,,8.12,8.34,,,,,,
1975-04-30,,,,8.12,8.31,,,,,,
1975-05-01,,,,8.13,8.31,,,,,,
1975-05-02,,,,7.86,8.11,,,,,,
1975-05-05,,,,7.83,8.08,,,,,,
1975-05-06,,,,7.89,8.11,,,,,,
1975-05-07,,,,7.82,8.07,,,,,,
1975-05-08,,,,7.78,8.09,,,,,,
1975-05-09,,,,7.79,8.08,,,,,,
1975-05-12,,,,7.74,8.07,,,,,,
1975-05-13,,,,7.7,8.06,,,,,,
1975-05-14,,,,7.64,8.02,,,,,,
1975-05-15,,,,7.68,8.02,,,,,,
1975-05-16,,,,7.64,8.01,,,,,,
1975-05-19,,,,7.62,8.0,,,,,,
1975-05-20,,,,7.59,7.98,,,,,,
1975-05-21,,,,7.6,7.98,,,,,,
1975-05-22,,,,7.63,8.02,,,,,,
1975-05-23,,,,7.61,8.02,,,,,,
1975-05-27,,,,7.6,7.98,,,,,,
1975-05-28,,,,7.64,8.02,,,,,,
1975-05-29,,,,7.72,8.18,,,,,,
1975-05-30,,,,7.61,8.04,,,,,,
1975-06-02,,,,7.62,8.02,,,,,,
1975-06-03,,,,7.62,8.0,,,,,,
1975-06-04,,,,7.57,7.99,,,,,,
1975-06-05,,,,7.52,7.97,,,,,,
1975-06-06,,,,7.48,7.88,,,,,,
1975-06-09,,,,7.36,7.78,,,,,,
1975-06-10,,,,7.35,7.77,,,,,,
1975-06-11,,,,7.23,7.65,,,,,,
1975-06-12,,,,7.24,7.67,,,,,,
1975-06-13,,,,7.22,7.69,,,,,,
1975-06-16,,,,7.21,7.66,,,,,,
1975-06-17,,,,7.3,7.72,,,,,,
1975-06-18,,,,7.41,7.83,,,,,,
1975-06-19,,,,7.44,7.8,,,,,,
1975-06-20,,,,7.62,7.94,,,,,,
1975-06-23,,,,7.64,7.9,,,,,,
1975-06-24,,,,7.64,7.9,,,,,,
1975-06-25,,,,7.83,8.02,,,,,,
1975-06-26,,,,7.85,7.98,,,,,,
1975-06-27,,,,7.78,7.95,,,,,,
1975-06-30,,,,7.82,7.96,,,,,,
1975-07-01,,,,7.85,7.97,,,,,,
1975-07-02,,,,7.88,8.05,,,,,,
1975-07-03,,,,7.94,8.05,,,,,,
1975-07-07,,,,7.93,8.06,,,,,,
1975-07-08,,,,7.86,8.01,,,,,,
1975-07-09,,,,7.88,8.02,,,,,,
1975-07-10,,,,7.92,8.02,,,,,,
1975-07-11,,,,7.82,7.99,,,,,,
1975-07-14,,,,7.77,7.99,,,,,,
1975-07-15,,,,7.82,7.98,,,,,,
1975-07-16,,,,7.89,8.03,,,,,,
1975-07-17,,,,7.88,8.04,,,,,,
1975-07-18,,,,7.92,8.06,,,,,,
1975-07-21,,,,7.97,8.07,,,,,,
1975-07-22,,,,7.98,8.1,,,,,,
1975-07-23,,,,7.96,8.09,,,,,,
1975-07-24,,,,7.96,8.09,,,,,,
1975-07-25,,,,8.0,8.12,,,,,,
1975-07-28,,,,7.98,8.12,,,,,,
1975-07-29,,,,8.0,8.13,,,,,,
1975-07-30,,,,8.03,8.16,,,,,,
1975-07-31,,,,8.07,8.2,,,,,,
1975-08-01,,,,8.18,8.26,,,,,,
1975-08-04,,,,8.26,8.37,,,,,,
1975-08-05,,,,8.28,8.37,,,,,,
1975-08-06,,,,8.29,8.4,,,,,,
1975-08-07,,,,8.4,8.48,,,,,,
1975-08-08,,,,8.32,8.4,,,,,,
1975-08-11,,,,8.25,8.38,,,,,,
1975-08-12,,,,8.34,8.4,,,,,,
1975-08-13,,,,8.33,8.39,,,,,,
1975-08-14,,,,8.39,8.45,,,,,,
1975-08-15,,,,8.44,8.48,,,,,,
1975-08-18,,,,8.4,8.46,,,,,,
1975-08-19,,,,8.36,8.42,,,,,,
1975-08-20,,,,8.38,8.42,,,,,,
1975-08-21,,,,8.46,8.48,,,,,,
1975-08-22,,,,8.4,8.46,,,,,,
1975-08-25,,,,8.42,8.46,,,,,,
1975-08-26,,,,8.34,8.4,,,,,,
1975-08-27,,,,8.27,8.37,,,,,,
1975-08-28,,,,8.22,8.28,,,,,,
1975-08-29,,,,8.16,8.22,,,,,,
1975-09-02,,,,8.2,8.26,,,,,,
1975-09-03,,,,8.21,8.29,,,,,,
1975-09-04,,,,8.22,8.29,,,,,,
1975-09-05,,,,8.31,8.35,,,,,,
1975-09-08,,,,8.31,8.36,,,,,,
1975-09-09,,,,8.35,8.4,,,,,,
1975-09-10,,,,8.41,8.46,,,,,,
1975-09-11,,,,8.52,8.55,,,,,,
1975-09-12,,,,8.53,8.57,,,,,,
1975-09-15,,,,8.56,8.58,,,,,,
1975-09-16,,,,8.56,8.59,,,,,,
1975-09-17,,,,8.48,8.53,,,,,,
1975-09-18,,,,8.45,8.5,,,,,,
1975-09-19,,,,8.34,8.42,,,,,,
1975-09-22,,,,8.22,8.38,,,,,,
1975-09-23,,,,8.27,8.35,,,,,,
1975-09-24,,,,8.22,8.31,,,,,,
1975-09-25,,,,8.3,8.38,,,,,,
1975-09-26,,,,8.4,8.45,,,,,,
1975-09-29,,,,8.4,8.46,,,,,,
1975-09-30,,,,8.42,8.48,,,,,,
1975-10-01,,,,8.4,8.47,,,,,,
1975-10-02,,,,8.35,8.44,,,,,,
1975-10-03,,,,8.13,8.33,,,,,,
1975-10-06,,,,8.12,8.3,,,,,,
1975-10-07,,,,8.19,8.33,,,,,,
1975-10-08,,,,8.18,8.3,,,,,,
1975-10-09,,,,8.15,8.23,,,,,,
1975-10-10,,,,8.04,8.15,,,,,,
1975-10-14,,,,8.1,8.19,,,,,,
1975-10-15,,,,8.1,8.19,,,,,,
1975-10-16,,,,7.91,8.07,,,,,,
1975-10-17,,,,7.92,8.07,,,,,,
1975-10-20,,,,7.92,8.07,,,,,,
1975-10-21,,,,7.87,8.05,,,,,,
1975-10-22,,,,7.87,8.05,,,,,,
1975-10-23,,,,7.77,7.99,,,,,,
1975-10-24,,,,7.79,8.0,,,,,,
1975-10-27,,,,7.82,8.0,,,,,,
1975-10-28,,,,7.8,7.99,,,,,,
1975-10-29,,,,7.72,7.98,,,,,,
1975-10-30,,,,7.62,7.92,,,,,,
1975-10-31,,,,7.66,7.91,,,,,,
1975-11-03,,,,7.75,7.97,,,,,,
1975-11-05,,,,7.65,7.91,,,,,,
1975-11-06,,,,7.69,7.94,,,,,,
1975-11-07,,,,7.59,7.91,,,,,,
1975-11-10,,,,7.54,7.9,,,,,,
1975-11-12,,,,7.62,7.95,,,,,,
1975-11-13,,,,7.68,7.97,,,,,,
1975-11-14,,,,7.84,8.06,,,,,,
1975-11-17,,,,7.87,8.08,,,,,,
1975-11-18,,,,7.91,8.13,,,,,,
1975-11-19,,,,7.94,8.14,,,,,,
1975-11-20,,,,7.88,8.12,,,,,,
1975-11-21,,,,8.01,8.21,,,,,,
1975-11-24,,,,7.9,8.16,,,,,,
1975-11-25,,,,7.93,8.16,,,,,,
1975-11-26,,,,7.92,8.15,,,,,,
1975-11-28,,,,7.9,8.14,,,,,,
1975-12-01,,,,7.87,8.12,,,,,,
1975-12-02,,,,7.86,8.1,,,,,,
1975-12-03,,,,7.84,8.1,,,,,,
1975-12-04,,,,7.89,8.15,,,,,,
1975-12-05,,,,7.88,8.13,,,,,,
1975-12-08,,,,7.97,8.19,,,,,,
1975-12-09,,,,8.0,8.23,,,,,,
1975-12-10,,,,8.0,8.23,,,,,,
1975-12-11,,,,7.94,8.16,,,,,,
1975-12-12,,,,7.91,8.12,,,,,,
1975-12-15,,,,7.87,8.06,,,,,,
1975-12-16,,,,7.82,8.0,,,,,,
1975-12-17,,,,7.7,7.95,,,,,,
1975-12-18,,,,7.73,7.96,,,,,,
1975-12-19,,,,7.61,7.88,,,,,,
1975-12-22,,,,7.64,7.87,,,,,,
1975-12-23,,,,7.62,7.87,,,,,,
1975-12-24,,,,7.59,7.82,,,,,,
1975-12-26,,,,7.48,7.75,,,,,,
1975-12-29,,,,7.51,7.75,,,,,,
1975-12-30,,,,7.46,7.73,,,,,,
1975-12-31,,,,7.5,7.76,,,,,,
1976-01-02,,,,7.54,7.77,,,,,,
1976-01-05,,,,7.5,7.74,,,,,,
1976-01-06,,,,7.41,7.64,,,,,,
1976-01-07,,,,7.43,7.69,,,,,,
1976-01-08,,,,7.47,7.74,,,,,,
1976-01-09,,,,7.37,7.64,,,,,,
1976-01-12,,,,7.34,7.63,,,,,,
1976-01-13,,,,7.34,7.64,,,,,,
1976-01-14,,,,7.41,7.71,,,,,,
1976-01-15,,,,7.47,7.73,,,,,,
1976-01-16,,,,7.53,7.79,,,,,,
1976-01-19,,,,7.46,7.76,,,,,,
1976-01-20,,,,7.52,7.71,,,,,,
1976-01-21,,,,7.48,7.78,,,,,,
1976-01-22,,,,7.51,7.8,,,,,,
1976-01-23,,,,7.45,7.78,,,,,,
1976-01-26,,,,7.47,7.79,,,,,,
1976-01-27,,,,7.48,7.8,,,,,,
1976-01-28,,,,7.52,7.83,,,,,,
1976-01-29,,,,7.46,7.82,,,,,,
1976-01-30,,,,7.43,7.8,,,,,,
1976-02-02,,,,7.44,7.8,,,,,,
1976-02-03,,,,7.46,7.82,,,,,,
1976-02-04,,,,7.5,7.85,,,,,,
1976-02-05,,,,7.47,7.83,,,,,,
1976-02-06,,,,7.49,7.88,,,,,,
1976-02-09,,,,7.47,7.86,,,,,,
1976-02-10,,,,7.49,7.88,,,,,,
1976-02-11,,,,7.5,7.85,,,,,,
1976-02-13,,,,7.5,7.82,,,,,,
1976-02-17,,,,7.44,7.78,,,,,,
1976-02-18,,,,7.47,7.79,,,,,,
1976-02-19,,,,7.45,7.8,,,,,,
1976-02-20,,,,7.41,7.77,,,,,,
1976-02-23,,,,7.39,7.72,,,,,,
1976-02-24,,,,7.39,7.69,,,,,,
1976-02-25,,,,7.37,7.68,,,,,,
1976-02-26,,,,7.37,7.68,,,,,,
1976-02-27,,,,7.46,7.77,,,,,,
1976-03-01,,,,7.57,7.86,,,,,,
1976-03-02,,,,7.53,7.82,,,,,,
1976-03-03,,,,7.56,7.82,,,,,,
1976-03-04,,,,7.61,7.85,,,,,,
1976-03-05,,,,7.56,7.8,,,,,,
1976-03-08,,,,7.54,7.76,,,,,,
1976-03-09,,,,7.56,7.78,,,,,,
1976-03-10,,,,7.56,7.76,,,,,,
1976-03-11,,,,7.56,7.77,,,,,,
1976-03-12,,,,7.5,7.71,,,,,,
1976-03-15,,,,7.52,7.74,,,,,,
1976-03-16,,,,7.54,7.76,,,,,,
1976-03-17,,,,7.52,7.76,,,,,,
1976-03-18,,,,7.48,7.73,,,,,,
1976-03-19,,,,7.49,7.74,,,,,,
1976-03-22,,,,7.43,7.68,,,,,,
1976-03-23,,,,7.41,7.67,,,,,,
1976-03-24,,,,7.4,7.65,,,,,,
1976-03-25,,,,7.38,7.64,,,,,,
1976-03-26,,,,7.38,7.64,,,,,,
1976-03-29,,,,7.37,7.64,,,,,,
1976-03-30,,,,7.4,7.65,,,,,,
1976-03-31,,,,7.39,7.66,,,,,,
1976-04-01,,,,7.44,7.68,,,,,,
1976-04-02,,,,7.38,7.67,,,,,,
1976-04-05,,,,7.34,7.62,,,,,,
1976-04-06,,,,7.31,7.59,,,,,,
1976-04-07,,,,7.29,7.56,,,,,,
1976-04-08,,,,7.24,7.55,,,,,,
1976-04-09,,,,7.23,7.52,,,,,,
1976-04-12,,,,7.2,7.52,,,,,,
1976-04-13,,,,7.16,7.5,,,,,,
1976-04-14,,,,7.14,7.47,,,,,,
1976-04-15,,,,7.14,7.47,,,,,,
1976-04-19,,,,7.18,7.51,,,,,,
1976-04-20,,,,7.17,7.5,,,,,,
1976-04-21,,,,7.12,7.47,,,,,,
1976-04-22,,,,7.19,7.52,,,,,,
1976-04-23,,,,7.31,7.59,,,,,,
1976-04-26,,,,7.3,7.61,,,,,,
1976-04-27,,,,7.31,7.62,,,,,,
1976-04-28,,,,7.28,7.6,,,,,,
1976-04-29,,,,7.25,7.61,,,,,,
1976-04-30,,,,7.34,7.67,,,,,,
1976-05-03,,,,7.36,7.69,,,,,,
1976-05-04,,,,7.31,7.66,,,,,,
1976-05-05,,,,7.34,7.68,,,,,,
1976-05-06,,,,7.37,7.78,,,,,,
1976-05-07,,,,7.45,7.87,,,,,,
1976-05-10,,,,7.51,7.92,,,,,,
1976-05-11,,,,7.52,7.92,,,,,,
1976-05-12,,,,7.54,7.94,,,,,,
1976-05-13,,,,7.53,7.92,,,,,,
1976-05-14,,,,7.59,7.93,,,,,,
1976-05-17,,,,7.63,7.94,,,,,,
1976-05-18,,,,7.63,7.94,,,,,,
1976-05-19,,,,7.64,7.94,,,,,,
1976-05-20,,,,7.71,7.95,,,,,,
1976-05-21,,,,7.81,8.0,,,,,,
1976-05-24,,,,7.76,7.98,,,,,,
1976-05-25,,,,7.72,7.94,,,,,,
1976-05-26,,,,7.78,7.95,,,,,,
1976-05-27,,,,7.82,7.99,,,,,,
1976-05-28,,,,7.78,7.96,,,,,,
1976-06-01,,,,7.71,7.94,,,,,,
1976-06-02,,,,7.74,7.94,,,,,,
1976-06-03,,,,7.75,7.92,,,,,,
1976-06-04,,,,7.67,7.89,,,,,,
1976-06-07,,,,7.64,7.88,,,,,,
1976-06-08,,,,7.67,7.9,,,,,,
1976-06-09,,,,7.66,7.9,,,,,,
1976-06-10,,,,7.61,7.86,,,,,,
1976-06-11,,,,7.58,7.86,,,,,,
1976-06-14,,,,7.56,7.84,,,,,,
1976-06-15,,,,7.59,7.85,,,,,,
1976-06-16,,,,7.62,7.87,,,,,,
1976-06-17,,,,7.6,7.85,,,,,,
1976-06-18,,,,7.54,7.81,,,,,,
1976-06-21,,,,7.51,7.8,,,,,,
1976-06-22,,,,7.53,7.81,,,,,,
1976-06-23,,,,7.53,7.81,,,,,,
1976-06-24,,,,7.53,7.81,,,,,,
1976-06-25,,,,7.56,7.83,,,,,,
1976-06-28,,,,7.58,7.86,,,,,,
1976-06-29,,,,7.59,7.86,,,,,,
1976-06-30,,,,7.58,7.86,,,,,,
1976-07-01,,,,7.59,7.88,,,,,,
1976-07-02,,,,7.57,7.84,,,,,,
1976-07-06,,,,7.55,7.82,,,,,,
1976-07-07,,,,7.57,7.84,,,,,,
1976-07-08,,,,7.52,7.82,,,,,,
1976-07-09,,,,7.45,7.78,,,,,,
1976-07-12,,,,7.4,7.76,,,,,,
1976-07-13,,,,7.42,7.77,,,,,,
1976-07-14,,,,7.43,7.79,,,,,,
1976-07-15,,,,7.38,7.77,,,,,,
1976-07-16,,,,7.47,7.83,,,,,,
1976-07-19,,,,7.51,7.86,,,,,,
1976-07-20,,,,7.52,7.87,,,,,,
1976-07-21,,,,7.51,7.86,,,,,,
1976-07-22,,,,7.52,7.86,,,,,,
1976-07-23,,,,7.5,7.84,,,,,,
1976-07-26,,,,7.51,7.87,,,,,,
1976-07-27,,,,7.44,7.85,,,,,,
1976-07-28,,,,7.48,7.85,,,,,,
1976-07-29,,,,7.43,7.85,,,,,,
1976-07-30,,,,7.47,7.86,,,,,,
1976-08-02,,,,7.54,7.85,,,,,,
1976-08-03,,,,7.5,7.82,,,,,,
1976-08-04,,,,7.45,7.81,,,,,,
1976-08-05,,,,7.4,7.82,,,,,,
1976-08-06,,,,7.37,7.84,,,,,,
1976-08-09,,,,7.38,7.84,,,,,,
1976-08-10,,,,7.37,7.84,,,,,,
1976-08-11,,,,7.33,7.82,,,,,,
1976-08-12,,,,7.33,7.81,,,,,,
1976-08-13,,,,7.28,7.78,,,,,,
1976-08-16,,,,7.23,7.74,,,,,,
1976-08-17,,,,7.26,7.75,,,,,,
1976-08-18,,,,7.26,7.76,,,,,,
1976-08-19,,,,7.29,7.76,,,,,,
1976-08-20,,,,7.28,7.76,,,,,,
1976-08-23,,,,7.23,7.73,,,,,,
1976-08-24,,,,7.22,7.72,,,,,,
1976-08-25,,,,7.19,7.69,,,,,,
1976-08-26,,,,7.19,7.68,,,,,,
1976-08-27,,,,7.26,7.72,,,,,,
1976-08-30,,,,7.23,7.71,,,,,,
1976-08-31,,,,7.16,7.66,,,,,,
1976-09-01,,,,7.14,7.64,,,,,,
1976-09-02,,,,7.18,7.67,,,,,,
1976-09-03,,,,7.16,7.65,,,,,,
1976-09-07,,,,7.15,7.64,,,,,,
1976-09-08,,,,7.16,7.64,,,,,,
1976-09-09,,,,7.19,7.66,,,,,,
1976-09-10,,,,7.17,7.64,,,,,,
1976-09-13,,,,7.2,7.64,,,,,,
1976-09-14,,,,7.18,7.64,,,,,,
1976-09-15,,,,7.17,7.62,,,,,,
1976-09-16,,,,7.13,7.6,,,,,,
1976-09-17,,,,7.04,7.49,,,,,,
1976-09-20,,,,7.07,7.52,,,,,,
1976-09-21,,,,7.06,7.51,,,,,,
1976-09-22,,,,7.09,7.53,,,,,,
1976-09-23,,,,7.09,7.54,,,,,,
1976-09-24,,,,7.18,7.58,,,,,,
1976-09-27,,,,7.14,7.6,,,,,,
1976-09-28,,,,7.09,7.56,,,,,,
1976-09-29,,,,7.08,7.56,,,,,,
1976-09-30,,,,7.05,7.55,,,,,,
1976-10-01,,,,6.95,7.49,,,,,,
1976-10-04,,,,6.94,7.46,,,,,,
1976-10-05,,,,6.94,7.47,,,,,,
1976-10-06,,,,6.88,7.44,,,,,,
1976-10-07,,,,6.86,7.43,,,,,,
1976-10-08,,,,6.71,7.38,,,,,,
1976-10-12,,,,6.64,7.35,,,,,,
1976-10-13,,,,6.66,7.35,,,,,,
1976-10-14,,,,6.63,7.34,,,,,,
1976-10-15,,,,6.55,7.31,,,,,,
1976-10-18,,,,6.55,7.31,,,,,,
1976-10-19,,,,6.6,7.35,,,,,,
1976-10-20,,,,6.64,7.38,,,,,,
1976-10-21,,,,6.67,7.39,,,,,,
1976-10-22,,,,6.78,7.48,,,,,,
1976-10-25,,,,6.87,7.53,,,,,,
1976-10-26,,,,6.83,7.48,,,,,,
1976-10-27,,,,6.8,7.45,,,,,,
1976-10-28,,,,6.76,7.41,,,,,,
1976-10-29,,,,6.78,7.42,,,,,,
1976-11-01,,,,6.7,7.38,,,,,,
1976-11-03,,,,6.79,7.44,,,,,,
1976-11-04,,,,6.72,7.38,,,,,,
1976-11-05,,,,6.75,7.41,,,,,,
1976-11-08,,,,6.82,7.46,,,,,,
1976-11-09,,,,6.82,7.46,,,,,,
1976-11-10,,,,6.78,7.45,,,,,,
1976-11-12,,,,6.73,7.43,,,,,,
1976-11-15,,,,6.7,7.41,,,,,,
1976-11-16,,,,6.6,7.33,,,,,,
1976-11-17,,,,6.56,7.32,,,,,,
1976-11-18,,,,6.59,7.33,,,,,,
1976-11-19,,,,6.44,7.24,,,,,,
1976-11-22,,,,6.3,7.17,,,,,,
1976-11-23,,,,6.28,7.16,,,,,,
1976-11-24,,,,6.23,7.14,,,,,,
1976-11-26,,,,5.99,6.99,,,,,,
1976-11-29,,,,6.02,7.02,,,,,,
1976-11-30,,,,6.05,7.01,,,,,,
1976-12-01,,,,6.02,6.97,,,,,,
1976-12-02,,,,6.0,6.92,,,,,,
1976-12-03,,,,6.03,6.86,,,,,,
1976-12-06,,,,6.05,6.87,,,,,,
1976-12-07,,,,6.09,6.88,,,,,,
1976-12-08,,,,6.13,6.91,,,,,,
1976-12-09,,,,6.14,6.92,,,,,,
1976-12-10,,,,6.02,6.82,,,,,,
1976-12-13,,,,6.16,6.9,,,,,,
1976-12-14,,,,6.13,6.89,,,,,,
1976-12-15,,,,6.14,6.88,,,,,,
1976-12-16,,,,6.14,6.88,,,,,,
1976-12-17,,,,6.11,6.88,,,,,,
1976-12-20,,,,6.08,6.84,,,,,,
1976-12-21,,,,6.14,6.85,,,,,,
1976-12-22,,,,6.12,6.86,,,,,,
1976-12-23,,,,6.11,6.84,,,,,,
1976-12-27,,,,6.13,6.84,,,,,,
1976-12-28,,,,6.15,6.86,,,,,,
1976-12-29,,,,6.16,6.84,,,,,,
1976-12-30,,,,6.12,6.8,,,,,,
1976-12-31,,,,6.13,6.81,,,,,,
1977-01-03,,,,6.16,6.84,,,,,,
1977-01-04,,,,6.19,6.9,,,,,,
1977-01-05,,,,6.18,6.88,,,,,,
1977-01-06,,,,6.23,6.93,,,,,,
1977-01-07,,,,6.42,7.07,,,,,,
1977-01-10,,,,6.6,7.2,,,,,,
1977-01-11,,,,6.68,7.28,,,,,,
1977-01-12,,,,6.6,7.26,,,,,,
1977-01-13,,,,6.5,7.18,,,,,,
1977-01-14,,,,6.59,7.28,,,,,,
1977-01-17,,,,6.6,7.28,,,,,,
1977-01-18,,,,6.7,7.34,,,,,,
1977-01-19,,,,6.64,7.28,,,,,,
1977-01-20,,,,6.64,7.26,,,,,,
1977-01-21,,,,6.68,7.28,,,,,,
1977-01-24,,,,6.77,7.34,,,,,,
1977-01-25,,,,6.74,7.32,,,,,,
1977-01-26,,,,6.76,7.33,,,,,,
1977-01-27,,,,6.88,7.43,,,,,,
1977-01-28,,,,6.86,7.4,,,,,,
1977-01-31,,,,6.83,7.4,,,,,,
1977-02-01,,,,6.91,7.41,,,,,,
1977-02-02,,,,7.02,7.47,,,,,,
1977-02-03,,,,6.93,7.46,,,,,,
1977-02-04,,,,6.7,7.28,,,,,,
1977-02-07,,,,6.75,7.34,,,,,,
1977-02-08,,,,6.76,7.35,,,,,,
1977-02-09,,,,6.73,7.34,,,,,,
1977-02-10,,,,6.76,7.34,,,,,,
1977-02-11,,,,6.76,7.36,,,,,,
1977-02-14,,,,6.76,7.38,,,,,,
1977-02-15,,,,6.72,7.36,7.7,,,,,
1977-02-16,,,,6.7,7.34,7.67,,,,,
1977-02-17,,,,6.67,7.26,7.67,,,,,
1977-02-18,,,,6.82,7.41,7.76,,,,,
1977-02-22,,,,6.84,7.42,7.77,,,,,
1977-02-23,,,,6.95,7.48,7.81,,,,,
1977-02-24,,,,7.02,7.5,7.82,,,,,
1977-02-25,,,,6.99,7.48,7.79,,,,,
1977-02-28,,,,6.98,7.45,7.8,,,,,
1977-03-01,,,,6.99,7.49,7.84,,,,,
1977-03-02,,,,6.93,7.45,7.81,,,,,
1977-03-03,,,,6.9,7.43,7.79,,,,,
1977-03-04,,,,6.98,7.48,7.82,,,,,
1977-03-07,,,,6.99,7.5,7.84,,,,,
1977-03-08,,,,6.99,7.52,7.84,,,,,
1977-03-09,,,,6.97,7.5,7.81,,,,,
1977-03-10,,,,6.95,7.49,7.81,,,,,
1977-03-11,,,,6.9,7.44,7.8,,,,,
1977-03-14,,,,6.89,7.45,7.8,,,,,
1977-03-15,,,,6.87,7.44,7.78,,,,,
1977-03-16,,,,6.9,7.44,7.79,,,,,
1977-03-17,,,,6.94,7.47,7.78,,,,,
1977-03-18,,,,6.9,7.44,7.76,,,,,
1977-03-21,,,,6.88,7.43,7.74,,,,,
1977-03-22,,,,6.87,7.43,7.77,,,,,
1977-03-23,,,,6.88,7.44,7.78,,,,,
1977-03-24,,,,6.9,7.46,7.78,,,,,
1977-03-25,,,,6.94,7.48,7.78,,,,,
1977-03-28,,,,6.96,7.47,7.8,,,,,
1977-03-29,,,,6.93,7.47,7.8,,,,,
1977-03-30,,,,6.95,7.44,7.8,,,,,
1977-03-31,,,,6.94,7.42,7.79,,,,,
1977-04-01,,,,6.92,7.43,7.78,,,,,
1977-04-04,,,,6.94,7.44,7.78,,,,,
1977-04-05,,,,6.95,7.47,7.78,,,,,
1977-04-06,,,,6.95,7.46,7.78,,,,,
1977-04-07,,,,6.93,7.43,7.78,,,,,
1977-04-11,,,,6.84,7.39,7.76,,,,,
1977-04-12,,,,6.83,7.39,7.76,,,,,
1977-04-13,,,,6.81,7.36,7.76,,,,,
1977-04-14,,,,6.56,7.22,7.63,,,,,
1977-04-15,,,,6.6,7.25,7.65,,,,,
1977-04-18,,,,6.61,7.25,7.64,,,,,
1977-04-19,,,,6.66,7.3,7.67,,,,,
1977-04-20,,,,6.71,7.32,7.69,,,,,
1977-04-21,,,,6.72,7.33,7.69,,,,,
1977-04-22,,,,6.8,7.36,7.73,,,,,
1977-04-25,,,,6.82,7.4,7.76,,,,,
1977-04-26,,,,6.76,7.38,7.74,,,,,
1977-04-27,,,,6.75,7.38,7.75,,,,,
1977-04-28,,,,6.78,7.4,7.76,,,,,
1977-04-29,,,,6.9,7.45,7.8,,,,,
1977-05-02,,,,6.94,7.45,7.8,,,,,
1977-05-03,,,,6.9,7.44,7.79,,,,,
1977-05-04,,,,6.89,7.45,7.78,,,,,
1977-05-05,,,,6.94,7.47,7.8,,,,,
1977-05-06,,,,7.0,7.5,7.86,,,,,
1977-05-09,,,,6.97,7.5,7.86,,,,,
1977-05-10,,,,6.99,7.52,7.86,,,,,
1977-05-11,,,,7.03,7.52,7.86,,,,,
1977-05-12,,,,6.98,7.5,7.86,,,,,
1977-05-13,,,,6.94,7.48,7.8,,,,,
1977-05-16,,,,6.92,7.46,7.79,,,,,
1977-05-17,,,,6.91,7.45,7.77,,,,,
1977-05-18,,,,6.89,7.43,7.77,,,,,
1977-05-19,,,,7.0,7.49,7.81,,,,,
1977-05-20,,,,7.01,7.49,7.81,,,,,
1977-05-23,,,,6.99,7.46,7.8,,,,,
1977-05-24,,,,6.93,7.41,7.76,,,,,
1977-05-25,,,,6.88,7.39,7.74,,,,,
1977-05-26,,,,6.86,7.42,7.76,,,,,
1977-05-27,,,,6.88,7.38,7.74,,,,,
1977-05-31,,,,6.87,7.38,7.74,,,,,
1977-06-01,,,,6.87,7.38,7.75,,,,,
1977-06-02,,,,6.87,7.39,7.74,,,,,
1977-06-03,,,,6.86,7.36,7.72,,,,,
1977-06-06,,,,6.87,7.37,7.72,,,,,
1977-06-07,,,,6.85,7.36,7.67,,,,,
1977-06-08,,,,6.84,7.36,7.67,,,,,
1977-06-09,,,,6.85,7.35,7.67,,,,,
1977-06-10,,,,6.78,7.3,7.66,,,,,
1977-06-13,,,,6.74,7.27,7.62,,,,,
1977-06-14,,,,6.68,7.22,7.59,,,,,
1977-06-15,,,,6.73,7.23,7.6,,,,,
1977-06-16,,,,6.74,7.24,7.62,,,,,
1977-06-17,,,,6.72,7.24,7.62,,,,,
1977-06-20,,,,6.74,7.27,7.63,,,,,
1977-06-21,,,,6.74,7.26,7.62,,,,,
1977-06-22,,,,6.7,7.25,7.61,,,,,
1977-06-23,,,,6.72,7.26,7.61,,,,,
1977-06-24,,,,6.68,7.2,7.59,,,,,
1977-06-27,,,,6.65,7.2,7.58,,,,,
1977-06-28,,,,6.64,7.16,7.56,,,,,
1977-06-29,,,,6.68,7.19,7.56,,,,,
1977-06-30,,,,6.7,7.2,7.58,,,,,
1977-07-01,,,,6.71,7.34,7.58,,,,,
1977-07-05,,,,6.75,7.35,7.63,,,,,
1977-07-06,,,,6.78,7.37,7.63,,,,,
1977-07-07,,,,6.78,7.29,7.62,,,,,
1977-07-08,,,,6.82,7.31,7.65,,,,,
1977-07-11,,,,6.83,7.33,7.65,,,,,
1977-07-12,,,,6.81,7.32,7.65,,,,,
1977-07-13,,,,6.75,7.28,7.62,,,,,
1977-07-15,,,,6.82,7.31,7.64,,,,,
1977-07-18,,,,6.84,7.34,7.64,,,,,
1977-07-19,,,,6.83,7.33,7.64,,,,,
1977-07-20,,,,6.85,7.32,7.64,,,,,
1977-07-21,,,,6.89,7.32,7.65,,,,,
1977-07-22,,,,6.88,7.31,7.65,,,,,
1977-07-25,,,,6.86,7.28,7.64,,,,,
1977-07-26,,,,6.86,7.28,7.64,,,,,
1977-07-27,,,,6.94,7.36,7.66,,,,,
1977-07-28,,,,7.01,7.41,7.7,,,,,
1977-07-29,,,,7.03,7.42,7.72,,,,,
1977-08-01,,,,7.02,7.43,7.7,,,,,
1977-08-02,,,,7.05,7.44,7.72,,,,,
1977-08-03,,,,7.02,7.42,7.7,,,,,
1977-08-04,,,,7.05,7.43,7.7,,,,,
1977-08-05,,,,7.02,7.42,7.72,,,,,
1977-08-08,,,,7.01,7.41,7.71,,,,,
1977-08-09,,,,7.06,7.45,7.73,,,,,
1977-08-10,,,,7.07,7.46,7.73,,,,,
1977-08-11,,,,7.08,7.47,7.74,,,,,
1977-08-12,,,,7.1,7.48,7.74,,,,,
1977-08-15,,,,7.11,7.48,7.74,,,,,
1977-08-16,,,,7.12,7.48,7.74,,,,,
1977-08-17,,,,7.08,7.44,7.72,,,,,
1977-08-18,,,,7.06,7.42,7.71,,,,,
1977-08-19,,,,7.04,7.4,7.68,,,,,
1977-08-22,,,,7.05,7.39,7.67,,,,,
1977-08-23,,,,7.02,7.36,7.65,,,,,
1977-08-24,,,,7.01,7.35,7.65,,,,,
1977-08-25,,,,6.98,7.32,7.62,,,,,
1977-08-26,,,,6.93,7.27,7.58,,,,,
1977-08-29,,,,6.9,7.25,7.58,,,,,
1977-08-30,,,,6.93,7.27,7.59,,,,,
1977-08-31,,,,6.94,7.28,7.6,,,,,
1977-09-01,,,,6.97,7.3,7.61,,,,,
1977-09-02,,,,6.93,7.24,7.58,,,,,
1977-09-06,,,,6.9,7.24,7.57,,,,,
1977-09-07,,,,6.95,7.26,7.59,,,,,
1977-09-08,,,,6.96,7.28,7.6,,,,,
1977-09-09,,,,7.09,7.36,7.65,,,,,
1977-09-12,,,,7.1,7.38,7.66,,,,,
1977-09-13,,,,7.06,7.37,7.66,,,,,
1977-09-14,,,,7.05,7.34,7.63,,,,,
1977-09-15,,,,7.04,7.33,7.63,,,,,
1977-09-16,,,,7.02,7.32,7.63,,,,,
1977-09-19,,,,7.02,7.32,7.63,,,,,
1977-09-20,,,,7.04,7.36,7.65,,,,,
1977-09-21,,,,7.05,7.36,7.66,,,,,
1977-09-22,,,,7.08,7.39,7.67,,,,,
1977-09-23,,,,7.09,7.39,7.67,,,,,
1977-09-26,,,,7.14,7.42,7.7,,,,,
1977-09-27,,,,7.07,7.38,7.68,,,,,
1977-09-28,,,,7.08,7.38,7.68,,,,,
1977-09-29,,,,7.1,7.39,7.68,,,,,
1977-09-30,,,,7.11,7.41,7.68,,,,,
1977-10-03,,,,7.13,7.41,7.7,,,,,
1977-10-04,,,,7.15,7.4,7.69,,,,,
1977-10-05,,,,7.16,7.4,7.69,,,,,
1977-10-06,,,,7.23,7.44,7.72,,,,,
1977-10-07,,,,7.25,7.48,7.73,,,,,
1977-10-11,,,,7.3,7.54,7.77,,,,,
1977-10-12,,,,7.34,7.54,7.79,,,,,
1977-10-13,,,,7.34,7.54,7.79,,,,,
1977-10-14,,,,7.31,7.54,7.79,,,,,
1977-10-17,,,,7.33,7.55,7.79,,,,,
1977-10-18,,,,7.36,7.55,7.8,,,,,
1977-10-19,,,,7.35,7.54,7.79,,,,,
1977-10-20,,,,7.36,7.54,7.78,,,,,
1977-10-21,,,,7.39,7.55,7.79,,,,,
1977-10-24,,,,7.39,7.56,7.8,,,,,
1977-10-25,,,,7.41,7.58,7.81,,,,,
1977-10-26,,,,7.4,7.57,7.81,,,,,
1977-10-27,,,,7.38,7.56,7.81,,,,,
1977-10-28,,,,7.38,7.56,7.81,,,,,
1977-10-31,,,,7.44,7.62,7.83,,,,,
1977-11-01,,,,7.47,7.63,7.86,,,,,
1977-11-02,,,,7.47,7.69,7.89,,,,,
1977-11-03,,,,7.45,7.68,7.92,,,,,
1977-11-04,,,,7.42,7.64,7.89,,,,,
1977-11-07,,,,7.4,7.62,7.88,,,,,
1977-11-09,,,,7.35,7.6,7.86,,,,,
1977-11-10,,,,7.34,7.59,7.86,,,,,
1977-11-14,,,,7.24,7.56,7.83,,,,,
1977-11-15,,,,7.26,7.56,7.84,,,,,
1977-11-16,,,,7.28,7.55,7.84,,,,,
1977-11-17,,,,7.28,7.54,7.83,,,,,
1977-11-18,,,,7.28,7.54,7.82,,,,,
1977-11-21,,,,7.3,7.56,7.83,,,,,
1977-11-22,,,,7.3,7.54,7.83,,,,,
1977-11-23,,,,7.3,7.52,7.81,,,,,
1977-11-25,,,,7.31,7.52,7.82,,,,,
1977-11-28,,,,7.31,7.53,7.82,,,,,
1977-11-29,,,,7.32,7.55,7.83,,,,,
1977-11-30,,,,7.36,7.55,7.83,,,,,
1977-12-01,,,,7.38,7.58,7.85,,,,,
1977-12-02,,,,7.4,7.59,7.86,,,,,
1977-12-05,,,,7.4,7.6,7.87,,,,,
1977-12-06,,,,7.44,7.63,7.88,,,,,
1977-12-07,,,,7.45,7.63,7.89,,,,,
1977-12-08,,,,7.46,7.64,7.9,,,,,
1977-12-09,,,,7.45,7.63,7.88,,,,,
1977-12-12,,,,7.46,7.64,7.89,,,,,
1977-12-13,,,,7.46,7.65,7.9,,,,,
1977-12-14,,,,7.46,7.66,7.91,,,,,
1977-12-15,,,,7.46,7.67,7.92,,,,,
1977-12-16,,,,7.44,7.67,7.93,,,,,
1977-12-19,,,,7.48,7.69,7.95,,,,,
1977-12-20,,,,7.5,7.74,7.99,,,,,
1977-12-21,,,,7.48,7.72,7.98,,,,,
1977-12-22,,,,7.52,7.75,7.99,,,,,
1977-12-23,,,,7.55,7.75,8.0,,,,,
1977-12-27,,,,7.57,7.77,8.02,,,,,
1977-12-28,,,,7.57,7.78,8.05,,,,,
1977-12-29,,,,7.58,7.82,8.06,,,,,
1977-12-30,,,,7.54,7.78,8.03,,,,,
1978-01-03,,,,7.58,7.83,8.08,,,,,
1978-01-04,,,,7.58,7.82,8.08,,,,,
1978-01-05,,,,7.58,7.83,8.07,,,,,
1978-01-06,,,,7.6,7.85,8.1,,,,,
1978-01-09,,,,7.86,8.01,8.21,,,,,
1978-01-10,,,,7.85,8.02,8.2,,,,,
1978-01-11,,,,7.87,8.03,8.22,,,,,
1978-01-12,,,,7.87,8.02,8.22,,,,,
1978-01-13,,,,7.82,7.98,8.2,,,,,
1978-01-16,,,,7.82,7.98,8.21,,,,,
1978-01-17,,,,7.81,7.98,8.19,,,,,
1978-01-18,,,,7.81,7.98,8.19,,,,,
1978-01-19,,,,7.81,7.97,8.19,,,,,
1978-01-20,,,,7.81,7.97,8.19,,,,,
1978-01-23,,,,7.78,7.97,8.19,,,,,
1978-01-24,,,,7.8,7.99,8.2,,,,,
1978-01-25,,,,7.82,8.0,8.23,,,,,
1978-01-26,,,,7.78,7.98,8.21,,,,,
1978-01-27,,,,7.77,7.97,8.21,,,,,
1978-01-30,,,,7.75,7.96,8.2,,,,,
1978-01-31,,,,7.72,7.94,8.18,,,,,
1978-02-01,,,,7.74,7.96,8.2,,,,,
1978-02-02,,,,7.75,7.96,8.2,,,,,
1978-02-03,,,,7.75,7.97,8.22,,,,,
1978-02-06,,,,7.78,7.99,8.24,,,,,
1978-02-07,,,,7.77,7.99,8.24,,,,,
1978-02-08,,,,7.79,8.0,8.24,,,,,
1978-02-09,,,,7.8,8.01,8.24,,,,,
1978-02-10,,,,7.81,8.02,8.24,,,,,
1978-02-14,,,,7.84,8.05,8.25,,,,,
1978-02-15,,,,7.87,8.08,8.27,,,,,
1978-02-16,,,,7.9,8.1,8.3,,,,,
1978-02-17,,,,7.88,8.09,8.29,,,,,
1978-02-21,,,,7.89,8.1,8.3,,,,,
1978-02-22,,,,7.91,8.1,8.3,,,,,
1978-02-23,,,,7.9,8.08,8.28,,,,,
1978-02-24,,,,7.88,8.04,8.27,,,,,
1978-02-27,,,,7.86,8.02,8.25,,,,,
1978-02-28,,,,7.86,8.04,8.25,,,,,
1978-03-01,,,,7.87,8.05,8.26,,,,,
1978-03-02,,,,7.87,8.04,8.25,,,,,
1978-03-03,,,,7.87,8.04,8.24,,,,,
1978-03-06,,,,7.87,8.05,8.25,,,,,
1978-03-07,,,,7.85,8.03,8.23,,,,,
1978-03-08,,,,7.85,8.03,8.23,,,,,
1978-03-09,,,,7.85,8.02,8.22,,,,,
1978-03-10,,,,7.82,8.0,8.21,,,,,
1978-03-13,,,,7.82,7.99,8.2,,,,,
1978-03-14,,,,7.81,7.99,8.2,,,,,
1978-03-15,,,,7.81,8.0,8.2,,,,,
1978-03-16,,,,7.82,8.0,8.2,,,,,
1978-03-17,,,,7.81,8.0,8.2,,,,,
1978-03-20,,,,7.78,7.97,8.18,,,,,
1978-03-21,,,,7.79,7.97,8.18,,,,,
1978-03-22,,,,7.81,7.98,8.19,,,,,
1978-03-23,,,,7.86,8.01,8.22,,,,,
1978-03-27,,,,7.91,8.12,8.3,,,,,
1978-03-28,,,,7.94,8.12,8.29,,,,,
1978-03-29,,,,7.94,8.11,8.28,,,,,
1978-03-30,,,,7.95,8.12,8.29,,,,,
1978-03-31,,,,7.97,8.15,8.33,,,,,
1978-04-03,,,,7.96,8.13,8.32,,,,,
1978-04-04,,,,7.95,8.12,8.31,,,,,
1978-04-05,,,,7.97,8.14,8.32,,,,,
1978-04-06,,,,7.98,8.16,8.33,,,,,
1978-04-07,,,,7.97,8.14,8.34,,,,,
1978-04-10,,,,7.98,8.15,8.35,,,,,
1978-04-11,,,,7.97,8.16,8.35,,,,,
1978-04-12,,,,7.97,8.16,8.35,,,,,
1978-04-13,,,,7.95,8.15,8.35,,,,,
1978-04-14,,,,7.9,8.12,8.33,,,,,
1978-04-17,,,,7.88,8.08,8.3,,,,,
1978-04-18,,,,7.89,8.08,8.29,,,,,
1978-04-19,,,,7.99,8.13,8.31,,,,,
1978-04-20,,,,8.01,8.14,8.32,,,,,
1978-04-21,,,,8.02,8.16,8.34,,,,,
1978-04-24,,,,8.03,8.18,8.36,,,,,
1978-04-25,,,,8.02,8.18,8.36,,,,,
1978-04-26,,,,8.05,8.22,8.38,,,,,
1978-04-27,,,,8.07,8.24,8.4,,,,,
1978-04-28,,,,8.09,8.24,8.39,,,,,
1978-05-01,,,,8.08,8.24,8.38,,,,,
1978-05-02,,,,8.09,8.25,8.38,,,,,
1978-05-03,,,,8.08,8.28,8.4,,,,,
1978-05-04,,,,8.07,8.27,8.39,,,,,
1978-05-05,,,,8.15,8.34,8.45,,,,,
1978-05-08,,,,8.17,8.35,8.45,,,,,
1978-05-09,,,,8.16,8.34,8.45,,,,,
1978-05-10,,,,8.16,8.34,8.45,,,,,
1978-05-11,,,,8.17,8.34,8.42,,,,,
1978-05-12,,,,8.2,8.36,8.44,,,,,
1978-05-15,,,,8.17,8.35,8.42,,,,,
1978-05-16,,,,8.15,8.34,8.42,,,,,
1978-05-17,,,,8.14,8.33,8.4,,,,,
1978-05-18,,,,8.19,8.37,8.42,,,,,
1978-05-19,,,,8.22,8.38,8.45,,,,,
1978-05-22,,,,8.22,8.38,8.44,,,,,
1978-05-23,,,,8.22,8.37,8.44,,,,,
1978-05-24,,,,8.24,8.39,8.45,,,,,
1978-05-25,,,,8.26,8.4,8.48,,,,,
1978-05-26,,,,8.27,8.42,8.5,,,,,
1978-05-31,,,,8.28,8.42,8.5,,,,,
1978-06-01,,,,8.27,8.41,8.5,,,,,
1978-06-02,,,,8.27,8.39,8.48,,,,,
1978-06-05,,,,8.25,8.38,8.45,,,,,
1978-06-06,,,,8.24,8.37,8.45,,,,,
1978-06-07,,,,8.24,8.37,8.44,,,,,
1978-06-08,,,,8.25,8.38,8.44,,,,,
1978-06-09,,,,8.27,8.41,8.45,,,,,
1978-06-12,,,,8.28,8.4,8.45,,,,,
1978-06-13,,,,8.28,8.41,8.45,,,,,
1978-06-14,,,,8.28,8.41,8.44,,,,,
1978-06-15,,,,8.28,8.41,8.44,,,,,
1978-06-16,,,,8.32,8.43,8.46,,,,,
1978-06-19,,,,8.34,8.45,8.48,,,,,
1978-06-20,,,,8.42,8.47,8.5,,,,,
1978-06-21,,,,8.46,8.5,8.54,,,,,
1978-06-22,,,,8.45,8.5,8.53,,,,,
1978-06-23,,,,8.47,8.55,8.55,,,,,
1978-06-26,,,,8.5,8.59,8.6,,,,,
1978-06-27,,,,8.5,8.58,8.58,,,,,
1978-06-28,,,,8.48,8.57,8.57,,,,,
1978-06-29,,,,8.46,8.57,8.59,,,,,
1978-06-30,,,,8.5,8.62,8.62,,,,,
1978-07-03,,,,8.48,8.59,8.6,,,,,
1978-07-05,,,,8.5,8.62,8.62,,,,,
1978-07-06,,,,8.5,8.62,8.62,,,,,
1978-07-07,,,,8.52,8.66,8.67,,,,,
1978-07-10,,,,8.56,8.68,8.69,,,,,
1978-07-11,,,,8.56,8.68,8.69,,,,,
1978-07-12,,,,8.56,8.67,8.69,,,,,
1978-07-13,,,,8.57,8.68,8.7,,,,,
1978-07-14,,,,8.57,8.68,8.69,,,,,
1978-07-17,,,,8.55,8.65,8.66,,,,,
1978-07-18,,,,8.54,8.63,8.65,,,,,
1978-07-19,,,,8.54,8.62,8.65,,,,,
1978-07-20,,,,8.57,8.66,8.66,,,,,
1978-07-21,,,,8.58,8.67,8.67,,,,,
1978-07-24,,,,8.59,8.67,8.68,,,,,
1978-07-25,,,,8.59,8.67,8.68,,,,,
1978-07-26,,,,8.56,8.66,8.66,,,,,
1978-07-27,,,,8.48,8.58,8.6,,,,,
1978-07-28,,,,8.45,8.55,8.55,,,,,
1978-07-31,,,,8.46,8.56,8.56,,,,,
1978-08-01,,,,8.44,8.54,8.55,,,,,
1978-08-02,,,,8.35,8.44,8.44,,,,,
1978-08-03,,,,8.3,8.39,8.44,,,,,
1978-08-04,,,,8.26,8.38,8.45,,,,,
1978-08-07,,,,8.24,8.36,8.44,,,,,
1978-08-08,,,,8.24,8.35,8.42,,,,,
1978-08-09,,,,8.2,8.34,8.41,,,,,
1978-08-10,,,,8.3,8.45,8.48,,,,,
1978-08-11,,,,8.28,8.44,8.48,,,,,
1978-08-14,,,,8.29,8.45,8.51,,,,,
1978-08-15,,,,8.3,8.46,8.53,,,,,
1978-08-16,,,,8.44,8.55,8.6,,,,,
1978-08-17,,,,8.4,8.48,8.55,,,,,
1978-08-18,,,,8.4,8.46,8.53,,,,,
1978-08-21,,,,8.39,8.41,8.48,,,,,
1978-08-22,,,,8.38,8.41,8.48,,,,,
1978-08-23,,,,8.31,8.32,8.42,,,,,
1978-08-24,,,,8.33,8.35,8.44,,,,,
1978-08-25,,,,8.32,8.34,8.43,,,,,
1978-08-28,,,,8.3,8.35,8.43,,,,,
1978-08-29,,,,8.37,8.37,8.45,,,,,
1978-08-30,,,,8.42,8.42,8.47,,,,,
1978-08-31,,,,8.42,8.39,8.46,,,,,
1978-09-01,,,,8.42,8.38,8.45,,,,,
1978-09-05,,,,8.38,8.34,8.41,,,,,
1978-09-06,,,,8.38,8.35,8.4,,,,,
1978-09-07,,,,8.36,8.34,8.41,,,,,
1978-09-08,,,,8.37,8.34,8.4,,,,,
1978-09-11,,,,8.33,8.31,8.38,,,,,
1978-09-12,,,,8.35,8.29,8.36,,,,,
1978-09-13,,,,8.34,8.3,8.37,,,,,
1978-09-14,,,,8.36,8.32,8.38,,,,,
1978-09-15,,,,8.39,8.35,8.4,,,,,
1978-09-18,,,,8.41,8.37,8.43,,,,,
1978-09-19,,,,8.44,8.38,8.45,,,,,
1978-09-20,,,,8.46,8.46,8.51,,,,,
1978-09-21,,,,8.48,8.51,8.53,,,,,
1978-09-22,,,,8.5,8.56,8.59,,,,,
1978-09-25,,,,8.54,8.56,8.58,,,,,
1978-09-26,,,,8.51,8.53,8.57,,,,,
1978-09-27,,,,8.52,8.54,8.59,,,,,
1978-09-28,,,,8.51,8.54,8.6,,,,,
1978-09-29,,,,8.5,8.56,8.61,,,,,
1978-10-02,,,,8.53,8.58,8.63,,,,,
1978-10-03,,,,8.52,8.57,8.63,,,,,
1978-10-04,,,,8.53,8.59,8.63,,,,,
1978-10-05,,,,8.53,8.6,8.64,,,,,
1978-10-06,,,,8.51,8.58,8.61,,,,,
1978-10-10,,,,8.5,8.58,8.61,,,,,
1978-10-11,,,,8.51,8.56,8.61,,,,,
1978-10-12,,,,8.47,8.51,8.58,,,,,
1978-10-13,,,,8.47,8.52,8.59,,,,,
1978-10-16,,,,8.57,8.59,8.65,,,,,
1978-10-17,,,,8.57,8.6,8.65,,,,,
1978-10-18,,,,8.58,8.62,8.65,,,,,
1978-10-19,,,,8.6,8.64,8.67,,,,,
1978-10-20,,,,8.62,8.66,8.69,,,,,
1978-10-23,,,,8.62,8.66,8.69,,,,,
1978-10-24,,,,8.6,8.64,8.67,,,,,
1978-10-25,,,,8.62,8.65,8.68,,,,,
1978-10-26,,,,8.69,8.72,8.71,,,,,
1978-10-27,,,,8.78,8.78,8.75,,,,,
1978-10-30,,,,8.93,8.88,8.84,,,,,
1978-10-31,,,,9.16,8.96,8.87,,,,,
1978-11-01,,,,8.77,8.66,8.66,,,,,
1978-11-02,,,,8.78,8.73,8.71,,,,,
1978-11-03,,,,8.8,8.86,8.76,,,,,
1978-11-06,,,,8.85,8.85,8.8,,,,,
1978-11-08,,,,8.87,8.86,8.81,,,,,
1978-11-09,,,,8.88,8.87,8.82,,,,,
1978-11-10,,,,8.85,8.86,8.79,,,,,
1978-11-13,,,,8.86,8.83,8.76,,,,,
1978-11-14,,,,8.84,8.82,8.76,,,,,
1978-11-15,,,,8.76,8.76,8.69,,,,,
1978-11-16,,,,8.71,8.72,8.69,,,,,
1978-11-17,,,,8.72,8.72,8.69,,,,,
1978-11-20,,,,8.74,8.72,8.7,,,,,
1978-11-21,,,,8.77,8.77,8.71,,,,,
1978-11-22,,,,8.77,8.77,8.73,,,,,
1978-11-24,,,,8.94,8.86,8.79,,,,,
1978-11-27,,,,8.96,8.86,8.78,,,,,
1978-11-28,,,,8.96,8.86,8.79,,,,,
1978-11-29,,,,8.93,8.86,8.79,,,,,
1978-11-30,,,,8.94,8.86,8.8,,,,,
1978-12-01,,,,8.81,8.8,8.73,,,,,
1978-12-04,,,,8.85,8.82,8.79,,,,,
1978-12-05,,,,8.87,8.85,8.79,,,,,
1978-12-06,,,,8.88,8.85,8.78,,,,,
1978-12-07,,,,8.92,8.89,8.81,,,,,
1978-12-08,,,,8.93,8.9,8.81,,,,,
1978-12-11,,,,8.93,8.9,8.81,,,,,
1978-12-12,,,,8.92,8.92,8.82,,,,,
1978-12-13,,,,8.98,8.98,8.89,,,,,
1978-12-14,,,,8.98,8.96,8.88,,,,,
1978-12-15,,,,9.05,9.0,8.9,,,,,
1978-12-18,,,,9.17,9.13,8.99,,,,,
1978-12-19,,,,9.17,9.14,8.97,,,,,
1978-12-20,,,,9.26,9.16,8.99,,,,,
1978-12-21,,,,9.35,9.16,8.98,,,,,
1978-12-22,,,,9.32,9.11,8.95,,,,,
1978-12-26,,,,9.32,9.13,8.94,,,,,
1978-12-27,,,,9.31,9.12,8.93,,,,,
1978-12-28,,,,9.34,9.16,8.97,,,,,
1978-12-29,,,,9.32,9.15,8.96,,,,,
1979-01-02,,,,9.33,9.18,8.99,,,,,
1979-01-03,,,,9.33,9.16,8.96,,,,,
1979-01-04,,,,9.27,9.11,8.94,,,,,
1979-01-05,,,,9.28,9.1,8.95,,,,,
1979-01-08,,,,9.31,9.14,8.98,,,,,
1979-01-09,,,,9.3,9.16,8.99,,,,,
1979-01-10,,,,9.3,9.16,8.99,,,,,
1979-01-11,,,,9.3,9.15,8.98,,,,,
1979-01-12,,,,9.28,9.14,8.97,,,,,
1979-01-15,,,,9.27,9.15,8.97,,,,,
1979-01-16,,,,9.26,9.16,8.98,,,,,
1979-01-17,,,,9.28,9.18,8.99,,,,,
1979-01-18,,,,9.27,9.18,8.99,,,,,
1979-01-19,,,,9.24,9.15,8.97,,,,,
1979-01-22,,,,9.2,9.12,8.94,,,,,
1979-01-23,,,,9.16,9.1,8.93,,,,,
1979-01-24,,,,9.16,9.08,8.91,,,,,
1979-01-25,,,,9.01,8.98,8.84,,,,,
1979-01-26,,,,8.98,8.93,8.82,,,,,
1979-01-29,,,,9.0,8.96,8.85,,,,,
1979-01-30,,,,8.98,8.95,8.85,,,,,
1979-01-31,,,,8.95,8.95,8.85,,,,,
1979-02-01,,,,8.95,8.94,8.85,,,,,
1979-02-02,,,,8.84,8.89,8.84,,,,,
1979-02-05,,,,8.92,8.95,8.88,,,,,
1979-02-06,,,,9.0,9.0,8.92,,,,,
1979-02-07,,,,9.11,9.09,9.0,,,,,
1979-02-08,,,,9.11,9.09,9.0,,,,,
1979-02-09,,,,9.12,9.11,9.02,,,,,
1979-02-13,,,,9.12,9.11,9.0,,,,,
1979-02-14,,,,9.13,9.12,9.0,,,,,
1979-02-15,,,,9.13,9.12,9.01,,,,,
1979-02-16,,,,9.14,9.11,9.01,,,,,
1979-02-20,,,,9.17,9.12,9.02,,,,,
1979-02-21,,,,9.2,9.15,9.04,,,,,
1979-02-22,,,,9.29,9.2,9.08,,,,,
1979-02-23,,,,9.31,9.21,9.1,,,,,
1979-02-26,,,,9.28,9.2,9.08,,,,,
1979-02-27,,,,9.3,9.19,9.08,,,,,
1979-02-28,,,,9.29,9.17,9.08,,,,,
1979-03-01,,,,9.28,9.17,9.09,,,,,
1979-03-02,,,,9.26,9.16,9.09,,,,,
1979-03-05,,,,9.22,9.11,9.02,,,,,
1979-03-06,,,,9.2,9.14,9.06,,,,,
1979-03-07,,,,9.18,9.1,9.02,,,,,
1979-03-08,,,,9.18,9.1,9.01,,,,,
1979-03-09,,,,9.2,9.11,9.04,,,,,
1979-03-12,,,,9.18,9.11,9.02,,,,,
1979-03-13,,,,9.2,9.11,9.02,,,,,
1979-03-14,,,,9.21,9.12,9.04,,,,,
1979-03-15,,,,9.21,9.14,9.05,,,,,
1979-03-16,,,,9.22,9.12,9.03,,,,,
1979-03-19,,,,9.21,9.12,9.03,,,,,
1979-03-20,,,,9.21,9.13,9.04,,,,,
1979-03-21,,,,9.21,9.13,9.03,,,,,
1979-03-22,,,,9.2,9.12,9.03,,,,,
1979-03-23,,,,9.2,9.12,9.02,,,,,
1979-03-26,,,,9.2,9.12,9.03,,,,,
1979-03-27,,,,9.18,9.11,9.01,,,,,
1979-03-28,,,,9.16,9.07,8.99,,,,,
1979-03-29,,,,9.15,9.06,8.99,,,,,
1979-03-30,,,,9.19,9.11,9.02,,,,,
1979-04-02,,,,9.2,9.11,9.02,,,,,
1979-04-03,,,,9.19,9.1,9.01,,,,,
1979-04-04,,,,9.18,9.09,9.0,,,,,
1979-04-05,,,,9.15,9.07,8.99,,,,,
1979-04-06,,,,9.19,9.1,9.01,,,,,
1979-04-09,,,,9.23,9.14,9.04,,,,,
1979-04-10,,,,9.27,9.17,9.07,,,,,
1979-04-11,,,,9.3,9.2,9.08,,,,,
1979-04-12,,,,9.3,9.2,9.09,,,,,
1979-04-16,,,,9.29,9.19,9.09,,,,,
1979-04-17,,,,9.24,9.16,9.07,,,,,
1979-04-18,,,,9.22,9.15,9.06,,,,,
1979-04-19,,,,9.2,9.15,9.06,,,,,
1979-04-20,,,,9.26,9.19,9.11,,,,,
1979-04-23,,,,9.26,9.21,9.13,,,,,
1979-04-24,,,,9.29,9.24,9.14,,,,,
1979-04-25,,,,9.26,9.23,9.13,,,,,
1979-04-26,,,,9.28,9.27,9.18,,,,,
1979-04-27,,,,9.33,9.32,9.19,,,,,
1979-04-30,,,,9.35,9.35,9.22,,,,,
1979-05-01,,,,9.35,9.36,9.21,,,,,
1979-05-02,,,,9.34,9.34,9.22,,,,,
1979-05-03,,,,9.36,9.38,9.27,,,,,
1979-05-04,,,,9.38,9.39,9.29,,,,,
1979-05-07,,,,9.36,9.39,9.28,,,,,
1979-05-08,,,,9.36,9.38,9.28,,,,,
1979-05-09,,,,9.35,9.36,9.26,,,,,
1979-05-10,,,,9.37,9.36,9.27,,,,,
1979-05-11,,,,9.33,9.34,9.26,,,,,
1979-05-14,,,,9.3,9.3,9.22,,,,,
1979-05-15,,,,9.32,9.32,9.24,,,,,
1979-05-16,,,,9.3,9.31,9.22,,,,,
1979-05-17,,,,9.22,9.24,9.2,,,,,
1979-05-18,,,,9.2,9.23,9.18,,,,,
1979-05-21,,,,9.22,9.24,9.2,,,,,
1979-05-22,,,,9.14,9.15,9.16,,,,,
1979-05-23,,,,9.05,9.07,9.09,,,,,
1979-05-24,,,,9.02,9.06,9.07,,,,,
1979-05-25,,,,8.98,9.01,9.03,,,,,
1979-05-29,,,,8.99,9.01,9.03,,,,,
1979-05-31,,,,9.04,9.06,9.08,,,,,
1979-06-01,,,,9.01,9.05,9.07,,,,,
1979-06-04,,,,9.01,9.06,9.07,,,,,
1979-06-05,,,,8.97,9.02,9.04,,,,,
1979-06-06,,,,8.91,8.97,9.0,,,,,
1979-06-07,,,,8.82,8.89,8.9,,,,,
1979-06-08,,,,8.84,8.9,8.91,,,,,
1979-06-11,,,,8.87,8.94,8.94,,,,,
1979-06-12,,,,8.71,8.79,8.84,,,,,
1979-06-13,,,,8.75,8.83,8.87,,,,,
1979-06-14,,,,8.79,8.87,8.89,,,,,
1979-06-15,,,,8.9,8.96,8.94,,,,,
1979-06-18,,,,8.86,8.95,8.93,,,,,
1979-06-19,,,,8.88,8.95,8.94,,,,,
1979-06-20,,,,8.87,8.94,8.92,,,,,
1979-06-21,,,,8.88,8.93,8.92,,,,,
1979-06-22,,,,8.94,8.98,8.95,,,,,
1979-06-25,,,,8.89,8.93,8.92,,,,,
1979-06-26,,,,8.76,8.82,8.84,,,,,
1979-06-27,,,,8.72,8.8,8.83,,,,,
1979-06-28,,,,8.71,8.8,8.84,,,,,
1979-06-29,,,,8.74,8.81,8.83,,,,,
1979-07-02,,,,8.7,8.76,8.8,,,,,
1979-07-03,,,,8.71,8.77,8.81,,,,,
1979-07-05,,,,8.73,8.8,8.82,,,,,
1979-07-06,,,,8.78,8.82,8.83,,,,,
1979-07-09,,,,8.82,8.86,8.86,,,,,
1979-07-10,,,,8.85,8.92,8.89,,,,,
1979-07-11,,,,8.88,8.97,8.93,,,,,
1979-07-12,,,,8.88,8.95,8.91,,,,,
1979-07-13,,,,8.88,8.94,8.91,,,,,
1979-07-16,,,,8.92,8.99,8.95,,,,,
1979-07-17,,,,8.93,9.01,8.97,,,,,
1979-07-18,,,,8.93,9.03,8.99,,,,,
1979-07-19,,,,8.96,9.04,8.99,,,,,
1979-07-20,,,,8.96,8.98,8.95,,,,,
1979-07-23,,,,8.98,9.03,8.99,,,,,
1979-07-24,,,,9.01,9.06,9.01,,,,,
1979-07-25,,,,8.98,8.99,8.97,,,,,
1979-07-26,,,,8.94,8.97,8.98,,,,,
1979-07-27,,,,9.01,9.02,9.01,,,,,
1979-07-30,,,,9.01,9.03,9.01,,,,,
1979-07-31,,,,8.99,9.01,8.99,,,,,
1979-08-01,,,,8.96,8.99,8.97,,,,,
1979-08-02,,,,8.9,8.91,8.92,,,,,
1979-08-03,,,,8.92,8.92,8.94,,,,,
1979-08-06,,,,8.9,8.91,8.92,,,,,
1979-08-07,,,,8.9,8.91,8.9,,,,,
1979-08-08,,,,8.92,8.93,8.91,,,,,
1979-08-09,,,,8.96,8.97,8.95,,,,,
1979-08-10,,,,8.99,9.0,8.97,,,,,
1979-08-13,,,,9.0,9.0,8.97,,,,,
1979-08-14,,,,8.98,8.98,8.95,,,,,
1979-08-15,,,,9.02,9.0,8.96,,,,,
1979-08-16,,,,9.02,9.0,8.95,,,,,
1979-08-17,,,,9.03,9.01,8.95,,,,,
1979-08-20,,,,9.05,9.02,8.96,,,,,
1979-08-21,,,,9.09,9.04,8.99,,,,,
1979-08-22,,,,9.11,9.04,8.99,,,,,
1979-08-23,,,,9.11,9.05,9.0,,,,,
1979-08-24,,,,9.19,9.14,9.05,,,,,
1979-08-27,,,,9.18,9.12,9.03,,,,,
1979-08-28,,,,9.23,9.15,9.03,,,,,
1979-08-29,,,,9.25,9.14,9.02,,,,,
1979-08-30,,,,9.32,9.21,9.07,,,,,
1979-08-31,,,,9.36,9.24,9.09,,,,,
1979-09-04,,,,9.42,9.32,9.14,,,,,
1979-09-05,,,,9.42,9.32,9.15,,,,,
1979-09-06,,,,9.42,9.35,9.16,,,,,
1979-09-07,,,,9.41,9.34,9.18,,,,,
1979-09-10,,,,9.42,9.36,9.19,,,,,
1979-09-11,,,,9.27,9.25,9.13,,,,,
1979-09-12,,,,9.36,9.3,9.15,,,,,
1979-09-13,,,,9.41,9.34,9.17,,,,,
1979-09-14,,,,9.36,9.29,9.13,,,,,
1979-09-17,,,,9.44,9.37,9.19,,,,,
1979-09-18,,,,9.45,9.36,9.19,,,,,
1979-09-19,,,,9.38,9.31,9.16,,,,,
1979-09-20,,,,9.38,9.29,9.13,,,,,
1979-09-21,,,,9.38,9.26,9.11,,,,,
1979-09-24,,,,9.41,9.34,9.17,,,,,
1979-09-25,,,,9.4,9.32,9.16,,,,,
1979-09-26,,,,9.45,9.36,9.2,,,,,
1979-09-27,,,,9.5,9.44,9.25,,,,,
1979-09-28,,,,9.48,9.44,9.25,,,,,
1979-10-01,,,,9.55,9.51,9.32,,,,,
1979-10-02,,,,9.54,9.47,9.28,,,,,
1979-10-03,,,,9.55,9.5,9.3,,,,,
1979-10-04,,,,9.67,9.58,9.34,,,,,
1979-10-05,,,,9.74,9.6,9.36,,,,,
1979-10-09,,,,10.29,9.93,9.61,,,,,
1979-10-10,,,,10.48,10.09,9.69,,,,,
1979-10-11,,,,10.45,10.17,9.77,,,,,
1979-10-12,,,,10.45,10.15,9.76,,,,,
1979-10-15,,,,10.6,10.31,9.84,,,,,
1979-10-16,,,,10.56,10.27,9.82,,,,,
1979-10-17,,,,10.51,10.2,9.75,,,,,
1979-10-18,,,,10.74,10.41,9.91,,,,,
1979-10-19,,,,11.09,10.68,10.07,,,,,
1979-10-22,,,,11.4,10.96,10.29,,,,,
1979-10-23,,,,11.48,11.02,10.33,,,,,
1979-10-24,,,,11.36,10.83,10.2,,,,,
1979-10-25,,,,11.5,10.98,10.31,,,,,
1979-10-26,,,,11.11,10.67,10.12,,,,,
1979-10-29,,,,11.27,10.78,10.22,,,,,
1979-10-30,,,,11.27,10.75,10.17,,,,,
1979-10-31,,,,11.2,10.72,10.19,,,,,
1979-11-01,,,,11.26,10.79,10.3,,,,,
1979-11-02,,,,11.24,10.84,10.44,,,,,
1979-11-05,,,,11.25,10.85,10.42,,,,,
1979-11-07,,,,11.35,11.0,10.53,,,,,
1979-11-08,,,,11.28,10.96,10.51,,,,,
1979-11-09,,,,10.96,10.68,10.34,,,,,
1979-11-13,,,,10.86,10.63,10.32,,,,,
1979-11-14,,,,10.98,10.75,10.4,,,,,
1979-11-15,,,,10.86,10.62,10.3,,,,,
1979-11-16,,,,11.08,10.77,10.41,,,,,
1979-11-19,,,,11.19,10.8,10.42,,,,,
1979-11-20,,,,11.22,10.78,10.39,,,,,
1979-11-21,,,,11.17,10.73,10.36,,,,,
1979-11-23,,,,10.76,10.51,10.21,,,,,
1979-11-26,,,,10.52,10.37,10.1,,,,,
1979-11-27,,,,10.28,10.24,10.02,,,,,
1979-11-28,,,,10.46,10.37,10.09,,,,,
1979-11-29,,,,10.42,10.34,10.06,,,,,
1979-11-30,,,,10.44,10.38,10.09,,,,,
1979-12-03,,,,10.48,10.44,10.11,,,,,
1979-12-04,,,,10.4,10.32,10.04,,,,,
1979-12-05,,,,10.31,10.27,10.01,,,,,
1979-12-06,,,,10.2,10.13,9.93,,,,,
1979-12-07,,,,10.29,10.3,10.04,,,,,
1979-12-10,,,,10.29,10.27,10.03,,,,,
1979-12-11,,,,10.47,10.46,10.18,,,,,
1979-12-12,,,,10.6,10.58,10.27,,,,,
1979-12-13,,,,10.51,10.51,10.23,,,,,
1979-12-14,,,,10.4,10.45,10.17,,,,,
1979-12-17,,,,10.39,10.42,10.14,,,,,
1979-12-18,,,,10.33,10.34,10.11,,,,,
1979-12-19,,,,10.33,10.33,10.09,,,,,
1979-12-20,,,,10.4,10.38,10.13,,,,,
1979-12-21,,,,10.48,10.39,10.17,,,,,
1979-12-24,,,,10.49,10.45,10.17,,,,,
1979-12-26,,,,10.52,10.48,10.2,,,,,
1979-12-27,,,,10.54,10.46,10.19,,,,,
1979-12-28,,,,10.5,10.41,10.16,,,,,
1979-12-31,,,,10.38,10.33,10.11,,,,,
1980-01-02,,,,10.52,10.5,10.23,,,,,
1980-01-03,,,,10.54,10.6,10.31,,,,,
1980-01-04,,,,10.62,10.66,10.34,,,,,
1980-01-07,,,,10.56,10.63,10.35,,,,,
1980-01-08,,,,10.52,10.57,10.28,,,,,
1980-01-09,,,,10.53,10.58,10.29,,,,,
1980-01-10,,,,10.47,10.51,10.26,,,,,
1980-01-11,,,,10.61,10.68,10.38,,,,,
1980-01-14,,,,10.61,10.7,10.4,,,,,
1980-01-15,,,,10.61,10.65,10.4,,,,,
1980-01-16,,,,10.6,10.65,10.41,,,,,
1980-01-17,,,,10.62,10.71,10.47,,,,,
1980-01-18,,,,10.74,10.82,10.61,,,,,
1980-01-21,,,,10.86,10.96,10.77,,,,,
1980-01-22,,,,10.8,10.85,10.69,,,,,
1980-01-23,,,,10.76,10.82,10.68,,,,,
1980-01-24,,,,10.9,11.01,10.87,,,,,
1980-01-25,,,,11.04,11.1,11.0,,,,,
1980-01-28,,,,11.08,11.15,11.03,,,,,
1980-01-29,,,,11.14,11.21,11.12,,,,,
1980-01-30,,,,11.12,11.16,11.11,,,,,
1980-01-31,,,,11.11,11.13,11.09,,,,,
1980-02-01,,,,11.3,11.29,11.23,,,,,
1980-02-04,,,,11.38,11.4,11.32,,,,,
1980-02-05,,,,11.8,11.73,11.64,,,,,
1980-02-06,,,,11.86,11.92,11.78,,,,,
1980-02-07,,,,11.61,11.71,11.7,,,,,
1980-02-08,,,,11.76,11.8,11.72,,,,,
1980-02-11,,,,11.91,12.01,11.94,,,,,
1980-02-13,,,,11.86,11.86,11.82,,,,,
1980-02-14,,,,11.93,11.97,11.9,,,,,
1980-02-15,,,,12.26,12.2,12.11,,,,,
1980-02-19,,,,12.88,12.85,12.61,,,,,
1980-02-20,,,,13.1,12.84,12.56,,,,,
1980-02-21,,,,13.5,13.22,12.77,,,,,
1980-02-22,,,,13.38,13.06,12.59,,,,,
1980-02-25,,,,13.7,13.27,12.69,,,,,
1980-02-26,,,,14.12,13.65,12.85,,,,,
1980-02-27,,,,14.08,13.46,12.76,,,,,
1980-02-28,,,,13.42,12.92,12.29,,,,,
1980-02-29,,,,13.48,12.72,12.25,,,,,
1980-03-03,,,,13.53,12.79,12.32,,,,,
1980-03-04,,,,13.61,12.91,12.35,,,,,
1980-03-05,,,,13.68,13.03,12.4,,,,,
1980-03-06,,,,13.8,13.13,12.64,,,,,
1980-03-07,,,,13.64,12.86,12.5,,,,,
1980-03-10,,,,13.37,12.63,12.25,,,,,
1980-03-11,,,,13.03,12.41,12.12,,,,,
1980-03-12,,,,13.27,12.62,12.39,,,,,
1980-03-13,,,,13.2,12.5,12.19,,,,,
1980-03-14,,,,13.21,12.52,12.21,,,,,
1980-03-17,,,,13.22,12.58,12.2,,,,,
1980-03-18,,,,13.01,12.4,12.0,,,,,
1980-03-19,,,,13.0,12.35,11.97,,,,,
1980-03-20,,,,13.32,12.62,12.22,,,,,
1980-03-21,,,,13.51,12.75,12.28,,,,,
1980-03-24,,,,14.03,13.17,12.69,,,,,
1980-03-25,,,,14.0,13.1,12.67,,,,,
1980-03-26,,,,13.87,13.03,12.56,,,,,
1980-03-27,,,,13.75,12.97,12.5,,,,,
1980-03-28,,,,13.5,12.72,12.35,,,,,
1980-03-31,,,,13.31,12.64,12.31,,,,,
1980-04-01,,,,13.39,12.69,12.35,,,,,
1980-04-02,,,,13.27,12.63,12.28,,,,,
1980-04-03,,,,13.19,12.52,12.27,,,,,
1980-04-07,,,,12.7,12.13,11.87,,,,,
1980-04-08,,,,12.64,12.21,11.85,,,,,
1980-04-09,,,,12.59,12.06,11.79,,,,,
1980-04-10,,,,12.61,12.06,11.74,,,,,
1980-04-11,,,,12.3,11.79,11.53,,,,,
1980-04-14,,,,12.15,11.62,11.5,,,,,
1980-04-15,,,,12.02,11.57,11.47,,,,,
1980-04-16,,,,11.43,10.9,10.91,,,,,
1980-04-17,,,,11.52,11.13,10.99,,,,,
1980-04-18,,,,11.24,11.05,10.98,,,,,
1980-04-21,,,,11.1,10.9,10.96,,,,,
1980-04-22,,,,10.97,10.82,10.94,,,,,
1980-04-23,,,,11.03,10.89,11.02,,,,,
1980-04-24,,,,11.15,10.96,11.13,,,,,
1980-04-25,,,,11.14,10.95,11.18,,,,,
1980-04-28,,,,10.73,10.63,10.86,,,,,
1980-04-29,,,,10.73,10.67,10.89,,,,,
1980-04-30,,,,10.82,10.76,10.89,,,,,
1980-05-01,,,,10.72,10.57,10.72,,,,,
1980-05-02,,,,10.17,10.24,10.47,,,,,
1980-05-05,,,,10.08,10.18,10.35,,,,,
1980-05-06,,,,9.71,9.8,10.23,,,,,
1980-05-07,,,,9.85,9.96,10.19,,,,,
1980-05-08,,,,9.97,10.18,10.34,,,,,
1980-05-09,,,,10.08,10.3,10.41,,,,,
1980-05-12,,,,9.99,10.3,10.44,,,,,
1980-05-13,,,,9.79,10.13,10.29,,,,,
1980-05-14,,,,9.84,10.14,10.26,,,,,
1980-05-15,,,,9.97,10.31,10.46,,,,,
1980-05-16,,,,10.09,10.37,10.53,,,,,
1980-05-19,,,,10.2,10.53,10.68,,,,,
1980-05-20,,,,9.89,10.22,10.47,,,,,
1980-05-21,,,,9.85,10.08,10.31,,,,,
1980-05-22,,,,9.89,10.1,10.34,,,,,
1980-05-23,,,,9.61,9.85,10.09,,,,,
1980-05-27,,,,9.63,9.96,10.1,,,,,
1980-05-28,,,,9.78,10.1,10.22,,,,,
1980-05-29,,,,9.88,10.24,10.32,,,,,
1980-05-30,,,,9.87,10.25,10.37,,,,,
1980-06-02,,,,9.97,10.31,10.45,,,,,
1980-06-03,,,,9.66,10.16,10.29,,,,,
1980-06-04,,,,9.55,10.07,10.18,,,,,
1980-06-05,,,,9.46,10.02,10.08,,,,,
1980-06-06,,,,9.25,9.81,9.87,,,,,
1980-06-09,,,,9.17,9.73,9.75,,,,,
1980-06-10,,,,9.27,9.83,9.88,,,,,
1980-06-11,,,,9.17,9.7,9.79,,,,,
1980-06-12,,,,8.93,9.53,9.6,,,,,
1980-06-13,,,,8.86,9.51,9.49,,,,,
1980-06-16,,,,8.87,9.47,9.49,,,,,
1980-06-17,,,,8.86,9.49,9.52,,,,,
1980-06-18,,,,8.96,9.56,9.6,,,,,
1980-06-19,,,,8.96,9.56,9.57,,,,,
1980-06-20,,,,8.86,9.49,9.5,,,,,
1980-06-23,,,,9.02,9.63,9.66,,,,,
1980-06-24,,,,9.13,9.68,9.7,,,,,
1980-06-25,,,,9.23,9.79,9.79,,,,,
1980-06-26,,,,9.33,9.87,9.91,,,,,
1980-06-27,,,,9.45,10.04,9.97,,,,,
1980-06-30,,,,9.48,10.09,9.99,,,,,
1980-07-01,,,,9.55,10.13,10.12,,,,,
1980-07-02,,,,9.49,10.19,10.12,,,,,
1980-07-03,,,,9.36,10.01,10.0,,,,,
1980-07-07,,,,9.49,10.2,10.22,,,,,
1980-07-08,,,,9.37,10.09,10.06,,,,,
1980-07-09,,,,9.41,10.14,10.14,,,,,
1980-07-10,,,,9.47,10.21,10.21,,,,,
1980-07-11,,,,9.56,10.28,10.3,,,,,
1980-07-14,,,,9.56,10.33,10.36,,,,,
1980-07-15,,,,9.45,10.17,10.19,,,,,
1980-07-16,,,,9.34,10.07,10.05,,,,,
1980-07-17,,,,9.43,10.21,10.15,,,,,
1980-07-18,,,,9.42,10.2,10.19,,,,,
1980-07-21,,,,9.38,10.13,10.11,,,,,
1980-07-22,,,,9.41,10.18,10.18,,,,,
1980-07-23,,,,9.4,10.12,10.15,,,,,
1980-07-24,,,,9.51,10.24,10.24,,,,,
1980-07-25,,,,9.59,10.35,10.33,,,,,
1980-07-28,,,,9.77,10.46,10.42,,,,,
1980-07-29,,,,9.77,10.45,10.4,,,,,
1980-07-30,,,,9.81,10.53,10.51,,,,,
1980-07-31,,,,10.09,10.76,10.8,,,,,
1980-08-01,,,,10.16,10.76,10.76,,,,,
1980-08-04,,,,10.04,10.69,10.68,,,,,
1980-08-05,,,,10.06,10.7,10.69,,,,,
1980-08-06,,,,10.19,10.8,10.73,,,,,
1980-08-07,,,,10.1,10.71,10.68,,,,,
1980-08-08,,,,10.22,10.87,10.9,,,,,
1980-08-11,,,,10.47,11.03,11.05,,,,,
1980-08-12,,,,10.48,10.98,11.01,,,,,
1980-08-13,,,,10.46,10.89,10.93,,,,,
1980-08-14,,,,10.48,10.9,10.9,,,,,
1980-08-15,,,,10.48,10.86,10.83,,,,,
1980-08-18,,,,10.99,11.13,11.02,,,,,
1980-08-19,,,,11.11,11.24,11.16,,,,,
1980-08-20,,,,11.29,11.22,11.13,,,,,
1980-08-21,,,,11.39,11.3,11.15,,,,,
1980-08-22,,,,11.26,11.13,11.01,,,,,
1980-08-25,,,,11.55,11.4,11.18,,,,,
1980-08-26,,,,11.55,11.42,11.18,,,,,
1980-08-27,,,,11.76,11.67,11.33,,,,,
1980-08-28,,,,11.92,11.89,11.43,,,,,
1980-08-29,,,,11.66,11.55,11.27,,,,,
1980-09-02,,,,11.45,11.32,11.08,,,,,
1980-09-03,,,,11.13,11.08,10.94,,,,,
1980-09-04,,,,11.15,11.16,11.02,,,,,
1980-09-05,,,,11.19,11.21,11.06,,,,,
1980-09-08,,,,11.3,11.29,11.15,,,,,
1980-09-09,,,,11.27,11.19,11.05,,,,,
1980-09-10,,,,11.19,11.14,11.02,,,,,
1980-09-11,,,,11.37,11.32,11.15,,,,,
1980-09-12,,,,11.41,11.37,11.18,,,,,
1980-09-15,,,,11.75,11.62,11.38,,,,,
1980-09-16,,,,11.63,11.52,11.33,,,,,
1980-09-17,,,,11.73,11.57,11.41,,,,,
1980-09-18,,,,11.75,11.53,11.35,,,,,
1980-09-19,,,,11.53,11.33,11.25,,,,,
1980-09-22,,,,11.92,11.69,11.6,,,,,
1980-09-23,,,,11.97,11.76,11.53,,,,,
1980-09-24,,,,11.96,11.75,11.53,,,,,
1980-09-25,,,,12.04,11.91,11.66,,,,,
1980-09-26,,,,12.17,11.99,11.81,,,,,
1980-09-29,,,,12.19,12.07,11.93,,,,,
1980-09-30,,,,11.88,11.86,11.7,,,,,
1980-10-01,,,,11.77,11.78,11.69,,,,,
1980-10-02,,,,11.83,11.83,11.66,,,,,
1980-10-03,,,,11.35,11.4,11.33,,,,,
1980-10-06,,,,11.35,11.35,11.26,,,,,
1980-10-07,,,,11.4,11.43,11.3,,,,,
1980-10-08,,,,11.55,11.51,11.38,,,,,
1980-10-09,,,,11.45,11.39,11.21,,,,,
1980-10-10,,,,11.55,11.44,11.26,,,,,
1980-10-14,,,,11.5,11.37,11.16,,,,,
1980-10-15,,,,11.44,11.29,11.11,,,,,
1980-10-16,,,,11.55,11.47,11.27,,,,,
1980-10-17,,,,11.69,11.62,11.44,,,,,
1980-10-20,,,,11.72,11.64,11.44,,,,,
1980-10-21,,,,11.81,11.7,11.53,,,,,
1980-10-22,,,,12.07,11.88,11.74,,,,,
1980-10-23,,,,11.95,11.82,11.68,,,,,
1980-10-24,,,,11.89,11.74,11.61,,,,,
1980-10-27,,,,12.32,12.13,11.96,,,,,
1980-10-28,,,,12.56,12.32,12.14,,,,,
1980-10-29,,,,12.75,12.48,12.21,,,,,
1980-10-30,,,,12.71,12.48,12.28,,,,,
1980-10-31,,,,12.74,12.46,12.23,,,,,
1980-11-03,,,,12.74,12.46,12.22,,,,,
1980-11-05,,,,12.95,12.61,12.36,,,,,
1980-11-06,,,,13.19,13.04,12.59,,,,,
1980-11-07,,,,12.87,12.66,12.59,,,,,
1980-11-10,,,,12.88,12.78,12.71,,,,,
1980-11-12,,,,12.39,12.47,12.26,,,,,
1980-11-13,,,,12.38,12.49,12.23,,,,,
1980-11-14,,,,12.7,12.79,12.45,,,,,
1980-11-17,,,,12.95,12.95,12.6,,,,,
1980-11-18,,,,12.67,12.62,12.29,,,,,
1980-11-19,,,,12.6,12.51,12.19,,,,,
1980-11-20,,,,12.68,12.59,12.22,,,,,
1980-11-21,,,,12.97,12.8,12.37,,,,,
1980-11-24,,,,13.0,12.76,12.31,,,,,
1980-11-25,,,,13.07,12.74,12.3,,,,,
1980-11-26,,,,13.01,12.65,12.27,,,,,
1980-11-28,,,,13.14,12.72,12.32,,,,,
1980-12-01,,,,13.35,12.92,12.51,,,,,
1980-12-02,,,,13.37,12.95,12.5,,,,,
1980-12-03,,,,13.42,12.92,12.41,,,,,
1980-12-04,,,,13.43,12.91,12.43,,,,,
1980-12-05,,,,13.45,12.85,12.33,,,,,
1980-12-08,,,,13.51,12.91,12.42,,,,,
1980-12-09,,,,13.61,13.1,12.68,,,,,
1980-12-10,,,,13.63,13.15,12.8,,,,,
1980-12-11,,,,14.04,13.57,13.17,,,,,
1980-12-12,,,,13.63,13.21,12.82,,,,,
1980-12-15,,,,13.75,13.25,12.85,,,,,
1980-12-16,,,,14.04,13.51,12.95,,,,,
1980-12-17,,,,13.87,13.28,12.74,,,,,
1980-12-18,,,,13.79,13.22,12.62,,,,,
1980-12-19,,,,13.02,12.64,12.22,,,,,
1980-12-22,,,,12.34,12.14,11.75,,,,,
1980-12-23,,,,12.5,12.35,11.93,,,,,
1980-12-24,,,,12.61,12.42,11.95,,,,,
1980-12-26,,,,12.53,12.25,11.84,,,,,
1980-12-29,,,,12.41,12.2,11.84,,,,,
1980-12-30,,,,12.55,12.39,11.96,,,,,
1980-12-31,,,,12.59,12.43,11.98,,,,,
1981-01-02,,,,12.61,12.42,12.01,,,,,
1981-01-05,,,,12.29,12.15,11.67,,,,,
1981-01-06,,,,12.21,12.11,11.67,,,,,
1981-01-07,,,,12.61,12.38,11.89,,,,,
1981-01-08,,,,12.68,12.35,11.91,,,,,
1981-01-09,,,,12.88,12.57,12.13,,,,,
1981-01-12,,,,12.71,12.45,12.08,,,,,
1981-01-13,,,,12.68,12.53,12.08,,,,,
1981-01-14,,,,12.61,12.53,12.07,,,,,
1981-01-15,,,,12.77,12.62,12.25,,,,,
1981-01-16,,,,12.66,12.53,12.13,,,,,
1981-01-19,,,,12.92,12.64,12.25,,,,,
1981-01-20,,,,12.77,12.5,12.11,,,,,
1981-01-21,,,,13.08,12.77,12.33,,,,,
1981-01-22,,,,13.16,12.87,12.46,,,,,
1981-01-23,,,,13.1,12.84,12.38,,,,,
1981-01-26,,,,12.89,12.7,12.28,,,,,
1981-01-27,,,,12.92,12.73,12.31,,,,,
1981-01-28,,,,12.94,12.77,12.33,,,,,
1981-01-29,,,,12.89,12.8,12.38,,,,,
1981-01-30,,,,12.8,12.68,12.28,,,,,
1981-02-02,,,,13.02,12.86,12.45,,,,,
1981-02-03,,,,13.2,12.98,12.61,,,,,
1981-02-04,,,,13.09,12.86,12.49,,,,,
1981-02-05,,,,13.1,12.95,12.7,,,,,
1981-02-06,,,,13.23,13.09,12.73,,,,,
1981-02-09,,,,13.35,13.21,12.81,,,,,
1981-02-10,,,,13.5,13.27,12.92,,,,,
1981-02-11,,,,13.66,13.42,13.01,,,,,
1981-02-13,,,,13.84,13.65,13.2,,,,,
1981-02-17,,,,13.46,13.33,12.93,,,,,
1981-02-18,,,,13.45,13.3,12.88,,,,,
1981-02-19,,,,13.25,13.09,12.71,,,,,
1981-02-20,,,,13.1,12.9,12.54,,,,,
1981-02-23,,,,13.49,13.19,12.81,,,,,
1981-02-24,,,,13.51,13.21,12.81,,,,,
1981-02-25,,,,13.61,13.29,12.89,,,,,
1981-02-26,,,,13.8,13.47,12.98,,,,,
1981-02-27,,,,13.76,13.43,12.97,,,,,
1981-03-02,,,,13.92,13.62,13.19,,,,,
1981-03-03,,,,13.78,13.43,13.0,,,,,
1981-03-04,,,,13.82,13.45,13.03,,,,,
1981-03-05,,,,13.78,13.43,13.0,,,,,
1981-03-06,,,,13.49,13.2,12.73,,,,,
1981-03-09,,,,13.39,13.09,12.64,,,,,
1981-03-10,,,,13.37,13.08,12.69,,,,,
1981-03-11,,,,13.4,13.12,12.74,,,,,
1981-03-12,,,,13.33,13.03,12.59,,,,,
1981-03-13,,,,13.18,12.86,12.42,,,,,
1981-03-16,,,,13.15,12.85,12.41,,,,,
1981-03-17,,,,12.97,12.68,12.25,,,,,
1981-03-18,,,,12.8,12.58,12.16,,,,,
1981-03-19,,,,12.95,12.67,12.28,,,,,
1981-03-20,,,,13.01,12.77,12.34,,,,,
1981-03-23,,,,13.38,13.13,12.71,,,,,
1981-03-24,,,,13.57,13.3,12.84,,,,,
1981-03-25,,,,13.51,13.21,12.77,,,,,
1981-03-26,,,,13.63,13.34,12.92,,,,,
1981-03-27,,,,13.68,13.36,12.93,,,,,
1981-03-30,,,,13.48,13.22,12.8,,,,,
1981-03-31,,,,13.39,13.13,12.65,,,,,
1981-04-01,,,,13.36,13.14,12.65,,,,,
1981-04-02,,,,13.46,13.25,12.8,,,,,
1981-04-03,,,,13.62,13.4,12.94,,,,,
1981-04-06,,,,14.01,13.74,13.28,,,,,
1981-04-07,,,,13.74,13.41,12.99,,,,,
1981-04-08,,,,13.85,13.61,13.15,,,,,
1981-04-09,,,,13.77,13.45,13.02,,,,,
1981-04-10,,,,13.84,13.59,13.15,,,,,
1981-04-13,,,,14.01,13.68,13.23,,,,,
1981-04-14,,,,13.89,13.58,13.13,,,,,
1981-04-15,,,,14.05,13.74,13.29,,,,,
1981-04-16,,,,14.08,13.79,13.32,,,,,
1981-04-20,,,,14.1,13.69,13.17,,,,,
1981-04-21,,,,14.07,13.73,13.2,,,,,
1981-04-22,,,,14.13,13.78,13.25,,,,,
1981-04-23,,,,14.18,13.8,13.28,,,,,
1981-04-24,,,,14.24,13.88,13.35,,,,,
1981-04-27,,,,14.31,13.92,13.38,,,,,
1981-04-28,,,,14.28,13.93,13.39,,,,,
1981-04-29,,,,14.37,14.05,13.5,,,,,
1981-04-30,,,,14.45,14.11,13.65,,,,,
1981-05-01,,,,14.37,14.05,13.59,,,,,
1981-05-04,,,,14.83,14.47,13.98,,,,,
1981-05-05,,,,15.35,14.69,14.11,,,,,
1981-05-06,,,,15.02,14.56,13.97,,,,,
1981-05-07,,,,14.83,14.33,13.84,,,,,
1981-05-08,,,,14.66,14.23,13.76,,,,,
1981-05-11,,,,14.87,14.34,13.89,,,,,
1981-05-12,,,,15.06,14.46,13.95,,,,,
1981-05-13,,,,15.05,14.49,13.95,,,,,
1981-05-14,,,,14.84,14.24,13.66,,,,,
1981-05-15,,,,14.59,14.07,13.58,,,,,
1981-05-18,,,,14.22,13.8,13.31,,,,,
1981-05-19,,,,14.59,13.95,13.47,,,,,
1981-05-20,,,,14.71,14.0,13.45,,,,,
1981-05-21,,,,14.77,14.05,13.53,,,,,
1981-05-22,,,,14.39,13.82,13.36,,,,,
1981-05-26,,,,14.13,13.67,13.22,,,,,
1981-05-27,,,,14.24,13.71,13.27,,,,,
1981-05-28,,,,13.99,13.56,13.1,,,,,
1981-05-29,,,,13.99,13.5,13.06,,,,,
1981-06-01,,,,13.99,13.46,13.06,,,,,
1981-06-02,,,,14.07,13.58,13.13,,,,,
1981-06-03,,,,14.05,13.55,13.08,,,,,
1981-06-04,,,,14.1,13.51,13.04,,,,,
1981-06-05,,,,14.1,13.56,13.11,,,,,
1981-06-08,,,,13.78,13.36,12.87,,,,,
1981-06-09,,,,13.87,13.37,12.89,,,,,
1981-06-10,,,,13.78,13.31,12.82,,,,,
1981-06-11,,,,13.84,13.32,12.84,,,,,
1981-06-12,,,,13.87,13.35,12.84,,,,,
1981-06-15,,,,13.57,13.09,12.61,,,,,
1981-06-16,,,,13.58,13.08,12.59,,,,,
1981-06-17,,,,13.71,13.23,12.73,,,,,
1981-06-18,,,,14.1,13.57,12.98,,,,,
1981-06-19,,,,14.07,13.46,12.9,,,,,
1981-06-22,,,,13.96,13.44,12.86,,,,,
1981-06-23,,,,14.0,13.56,12.99,,,,,
1981-06-24,,,,14.1,13.66,13.1,,,,,
1981-06-25,,,,14.08,13.7,13.14,,,,,
1981-06-26,,,,14.09,13.69,13.14,,,,,
1981-06-29,,,,14.01,13.68,13.11,,,,,
1981-06-30,,,,14.25,13.86,13.3,,,,,
1981-07-01,,,,14.47,14.04,13.47,,,,,
1981-07-02,,,,14.38,13.95,13.35,,,,,
1981-07-06,,,,14.27,13.81,13.19,,,,,
1981-07-07,,,,14.49,14.04,13.42,,,,,
1981-07-08,,,,14.57,14.11,13.43,,,,,
1981-07-09,,,,14.6,14.12,13.47,,,,,
1981-07-10,,,,14.45,13.94,13.25,,,,,
1981-07-13,,,,14.41,13.99,13.33,,,,,
1981-07-14,,,,14.55,14.15,13.49,,,,,
1981-07-15,,,,14.55,14.07,13.35,,,,,
1981-07-16,,,,14.59,14.11,13.44,,,,,
1981-07-17,,,,14.53,14.09,13.4,,,,,
1981-07-20,,,,15.25,14.59,13.87,,,,,
1981-07-21,,,,15.23,14.61,13.84,,,,,
1981-07-22,,,,15.24,14.63,13.87,,,,,
1981-07-23,,,,15.17,14.57,13.8,,,,,
1981-07-24,,,,14.96,14.41,13.65,,,,,
1981-07-27,,,,14.87,14.43,13.7,,,,,
1981-07-28,,,,15.04,14.53,13.8,,,,,
1981-07-29,,,,15.21,14.61,13.92,,,,,
1981-07-30,,,,15.31,14.71,13.95,,,,,
1981-07-31,,,,15.24,14.67,13.96,,,,,
1981-08-03,,,,15.62,14.95,14.27,,,,,
1981-08-04,,,,15.6,14.95,14.17,,,,,
1981-08-05,,,,15.4,14.91,14.15,,,,,
1981-08-06,,,,15.31,14.86,14.04,,,,,
1981-08-07,,,,15.34,14.83,14.07,,,,,
1981-08-10,,,,15.08,14.65,13.88,,,,,
1981-08-11,,,,14.87,14.4,13.63,,,,,
1981-08-12,,,,15.12,14.61,13.82,,,,,
1981-08-13,,,,15.26,14.65,13.88,,,,,
1981-08-14,,,,15.34,14.74,13.95,,,,,
1981-08-17,,,,15.39,14.71,13.9,,,,,
1981-08-18,,,,15.45,14.79,13.95,,,,,
1981-08-19,,,,15.48,14.77,13.95,,,,,
1981-08-20,,,,15.63,14.89,14.08,,,,,
1981-08-21,,,,15.62,14.97,14.14,,,,,
1981-08-24,,,,16.0,15.32,14.57,,,,,
1981-08-25,,,,16.07,15.35,14.61,,,,,
1981-08-26,,,,15.99,15.31,14.6,,,,,
1981-08-27,,,,16.15,15.36,14.59,,,,,
1981-08-28,,,,16.01,15.25,14.49,,,,,
1981-08-31,,,,16.11,15.41,14.78,,,,,
1981-09-01,,,,16.12,15.41,14.7,,,,,
1981-09-02,,,,16.09,15.4,14.7,,,,,
1981-09-03,,,,16.14,15.48,14.82,,,,,
1981-09-04,,,,16.17,15.51,14.84,,,,,
1981-09-08,,,,16.23,15.59,14.99,,,,,
1981-09-09,,,,16.22,15.53,14.73,,,,,
1981-09-10,,,,16.01,15.3,14.68,,,,,
1981-09-11,,,,15.81,15.05,14.49,,,,,
1981-09-14,,,,15.93,15.2,14.51,,,,,
1981-09-15,,,,15.71,15.08,14.44,,,,,
1981-09-16,,,,15.75,15.11,14.42,,,,,
1981-09-17,,,,15.55,14.95,14.26,,,,,
1981-09-18,,,,15.55,14.91,14.22,,,,,
1981-09-21,,,,15.31,14.78,14.09,,,,,
1981-09-22,,,,15.61,15.03,14.33,,,,,
1981-09-23,,,,15.79,15.23,14.61,,,,,
1981-09-24,,,,15.83,15.31,14.69,,,,,
1981-09-25,,,,16.13,15.68,15.08,,,,,
1981-09-28,,,,16.13,15.65,15.01,,,,,
1981-09-29,,,,16.18,15.76,15.2,,,,,
1981-09-30,,,,16.27,15.84,15.19,,,,,
1981-10-01,,,,16.13,15.75,15.14,,,,,
1981-10-02,,,,15.83,15.41,14.8,,,,,
1981-10-05,,,,15.55,15.19,14.62,,,,,
1981-10-06,,,,15.53,15.14,14.6,,,,,
1981-10-07,,,,15.43,15.04,14.54,,,,,
1981-10-08,,,,15.41,15.0,14.44,,,,,
1981-10-09,,,,15.03,14.73,14.26,,,,,
1981-10-13,,,,15.12,14.83,14.36,,,,,
1981-10-14,,,,15.13,14.87,14.48,,,,,
1981-10-15,,,,15.12,14.88,14.39,,,,,
1981-10-16,,,,15.2,14.94,14.55,,,,,
1981-10-19,,,,15.29,14.95,14.52,,,,,
1981-10-20,,,,15.37,15.09,14.66,,,,,
1981-10-21,,,,15.55,15.34,14.94,,,,,
1981-10-22,,,,15.57,15.38,14.91,,,,,
1981-10-23,,,,15.46,15.3,14.81,,,,,
1981-10-26,,,,15.68,15.6,15.21,,,,,
1981-10-27,,,,15.62,15.54,15.09,,,,,
1981-10-28,,,,15.54,15.44,15.03,,,,,
1981-10-29,,,,15.2,15.06,14.66,,,,,
1981-10-30,,,,14.78,14.63,14.36,,,,,
1981-11-02,,,,14.61,14.57,14.41,,,,,
1981-11-04,,,,14.32,14.18,13.96,,,,,
1981-11-05,,,,14.43,14.19,14.06,,,,,
1981-11-06,,,,14.07,13.94,13.85,,,,,
1981-11-09,,,,13.54,13.39,13.56,,,,,
1981-11-10,,,,13.63,13.4,13.55,,,,,
1981-11-12,,,,13.23,13.19,13.21,,,,,
1981-11-13,,,,13.31,13.18,13.26,,,,,
1981-11-16,,,,13.21,13.07,13.11,,,,,
1981-11-17,,,,13.21,13.18,13.25,,,,,
1981-11-18,,,,13.11,13.0,13.05,,,,,
1981-11-19,,,,13.04,13.04,13.09,,,,,
1981-11-20,,,,13.01,13.14,13.08,,,,,
1981-11-23,,,,13.31,13.44,13.38,,,,,
1981-11-24,,,,12.75,13.13,13.03,,,,,
1981-11-25,,,,12.61,12.98,12.83,,,,,
1981-11-27,,,,12.58,12.92,12.76,,,,,
1981-11-30,,,,12.79,13.13,12.91,,,,,
1981-12-01,,,,13.11,13.37,13.06,,,,,
1981-12-02,,,,13.25,13.49,13.21,,,,,
1981-12-03,,,,13.21,13.45,13.16,,,,,
1981-12-04,,,,12.8,13.15,12.89,,,,,
1981-12-07,,,,13.22,13.5,13.26,,,,,
1981-12-08,,,,13.23,13.5,13.24,,,,,
1981-12-09,,,,13.4,13.64,13.39,,,,,
1981-12-10,,,,13.77,13.8,13.58,,,,,
1981-12-11,,,,13.73,13.84,13.55,,,,,
1981-12-14,,,,13.55,13.62,13.34,,,,,
1981-12-15,,,,13.35,13.55,13.3,,,,,
1981-12-16,,,,13.36,13.53,13.32,,,,,
1981-12-17,,,,13.55,13.71,13.48,,,,,
1981-12-18,,,,13.4,13.51,13.3,,,,,
1981-12-21,,,,13.87,13.83,13.55,,,,,
1981-12-22,,,,14.03,14.02,13.65,,,,,
1981-12-23,,,,14.2,14.14,13.85,,,,,
1981-12-24,,,,14.03,14.01,13.76,,,,,
1981-12-28,,,,14.01,14.01,13.72,,,,,
1981-12-29,,,,14.11,14.12,13.88,,,,,
1981-12-30,,,,14.06,14.17,13.86,,,,,
1981-12-31,,,,13.97,13.98,13.65,,,,,
1982-01-04,,,,14.15,14.19,13.87,,,,,
1982-01-05,,,,14.41,14.44,14.14,,,,,
1982-01-06,,,,14.6,14.59,14.28,,,,,
1982-01-07,,,,14.66,14.63,14.32,,,,,
1982-01-08,,,,14.47,14.48,14.13,,,,,
1982-01-11,,,,14.83,14.81,14.43,,,,,
1982-01-12,,,,14.7,14.62,14.27,,,,,
1982-01-13,,,,14.86,14.83,14.47,,,,,
1982-01-14,,,,14.69,14.7,14.31,,,,,
1982-01-15,,,,14.86,14.82,14.41,,,,,
1982-01-18,,,,14.77,14.75,14.27,,,,,
1982-01-19,,,,14.79,14.8,14.36,,,,,
1982-01-20,,,,14.9,14.81,14.32,,,,,
1982-01-21,,,,14.75,14.62,14.21,,,,,
1982-01-22,,,,14.85,14.69,14.24,,,,,
1982-01-25,,,,14.8,14.62,14.2,,,,,
1982-01-26,,,,14.63,14.54,14.19,,,,,
1982-01-27,,,,14.62,14.51,14.17,,,,,
1982-01-28,,,,14.33,14.29,13.98,,,,,
1982-01-29,,,,14.24,14.14,13.91,,,,,
1982-02-01,,,,14.79,14.58,14.33,,,,,
1982-02-02,,,,14.61,14.47,14.26,,,,,
1982-02-03,,,,14.73,14.69,14.41,,,,,
1982-02-04,,,,14.82,14.76,14.54,,,,,
1982-02-05,,,,14.72,14.65,14.43,,,,,
1982-02-08,,,,14.94,14.88,14.74,,,,,
1982-02-09,,,,15.02,14.95,14.8,,,,,
1982-02-10,,,,14.89,14.81,14.64,,,,,
1982-02-11,,,,14.8,14.71,14.54,,,,,
1982-02-16,,,,14.68,14.53,14.33,,,,,
1982-02-17,,,,14.73,14.5,14.3,,,,,
1982-02-18,,,,14.45,14.28,14.06,,,,,
1982-02-19,,,,14.44,14.24,14.02,,,,,
1982-02-22,,,,13.97,13.87,13.65,,,,,
1982-02-23,,,,14.03,13.93,13.73,,,,,
1982-02-24,,,,13.98,13.87,13.62,,,,,
1982-02-25,,,,14.01,13.91,13.72,,,,,
1982-02-26,,,,14.12,14.03,13.83,,,,,
1982-03-01,,,,13.97,13.85,13.63,,,,,
1982-03-02,,,,13.87,13.74,13.44,,,,,
1982-03-03,,,,13.77,13.69,13.39,,,,,
1982-03-04,,,,13.61,13.61,13.35,,,,,
1982-03-05,,,,13.57,13.59,13.35,,,,,
1982-03-08,,,,13.57,13.67,13.49,,,,,
1982-03-09,,,,13.72,13.69,13.43,,,,,
1982-03-10,,,,13.75,13.73,13.5,,,,,
1982-03-11,,,,14.03,13.95,13.65,,,,,
1982-03-12,,,,14.04,13.97,13.65,,,,,
1982-03-15,,,,14.11,13.96,13.56,,,,,
1982-03-16,,,,14.04,13.91,13.57,,,,,
1982-03-17,,,,14.0,13.88,13.52,,,,,
1982-03-18,,,,14.01,13.87,13.51,,,,,
1982-03-19,,,,14.06,13.89,13.56,,,,,
1982-03-22,,,,13.91,13.74,13.37,,,,,
1982-03-23,,,,13.89,13.72,13.36,,,,,
1982-03-24,,,,14.1,13.91,13.51,,,,,
1982-03-25,,,,14.09,13.9,13.49,,,,,
1982-03-26,,,,14.18,14.01,13.65,,,,,
1982-03-29,,,,14.39,14.16,13.79,,,,,
1982-03-30,,,,14.41,14.19,13.81,,,,,
1982-03-31,,,,14.39,14.18,13.68,,,,,
1982-04-01,,,,14.26,14.1,13.6,,,,,
1982-04-02,,,,14.26,14.1,13.61,,,,,
1982-04-05,,,,14.28,14.16,13.72,,,,,
1982-04-06,,,,14.3,14.18,13.73,,,,,
1982-04-07,,,,14.3,14.18,13.71,,,,,
1982-04-08,,,,14.11,13.98,13.48,,,,,
1982-04-12,,,,14.01,13.83,13.3,,,,,
1982-04-13,,,,13.99,13.83,13.32,,,,,
1982-04-14,,,,14.12,13.95,13.42,,,,,
1982-04-15,,,,14.05,13.91,13.32,,,,,
1982-04-16,,,,13.83,13.71,13.18,,,,,
1982-04-19,,,,13.83,13.66,13.13,,,,,
1982-04-20,,,,13.89,13.72,13.21,,,,,
1982-04-21,,,,13.81,13.69,13.22,,,,,
1982-04-22,,,,13.87,13.71,13.19,,,,,
1982-04-23,,,,13.84,13.69,13.18,,,,,
1982-04-26,,,,13.81,13.7,13.16,,,,,
1982-04-27,,,,13.8,13.7,13.19,,,,,
1982-04-28,,,,13.87,13.77,13.27,,,,,
1982-04-29,,,,13.95,13.87,13.38,,,,,
1982-04-30,,,,13.9,13.87,13.39,,,,,
1982-05-03,,,,14.02,13.95,13.45,,,,,
1982-05-04,,,,14.02,13.87,13.37,,,,,
1982-05-05,,,,13.95,13.8,13.34,,,,,
1982-05-06,,,,13.71,13.54,13.13,,,,,
1982-05-07,,,,13.64,13.48,13.08,,,,,
1982-05-10,,,,13.59,13.49,13.13,,,,,
1982-05-11,,,,13.64,13.46,13.08,,,,,
1982-05-12,,,,13.75,13.59,13.23,,,,,
1982-05-13,,,,13.84,13.62,13.25,,,,,
1982-05-14,,,,13.64,13.48,13.17,,,,,
1982-05-17,,,,13.71,13.57,13.29,,,,,
1982-05-18,,,,13.76,13.6,13.26,,,,,
1982-05-19,,,,13.81,13.64,13.3,,,,,
1982-05-20,,,,13.64,13.53,13.17,,,,,
1982-05-21,,,,13.66,13.52,13.17,,,,,
1982-05-24,,,,13.68,13.58,13.19,,,,,
1982-05-25,,,,13.73,13.62,13.2,,,,,
1982-05-26,,,,13.74,13.68,13.29,,,,,
1982-05-27,,,,13.79,13.72,13.36,,,,,
1982-05-28,,,,13.76,13.71,13.39,,,,,
1982-06-01,,,,13.98,13.93,13.66,,,,,
1982-06-02,,,,13.96,13.86,13.6,,,,,
1982-06-03,,,,13.94,13.9,13.66,,,,,
1982-06-04,,,,14.03,13.98,13.76,,,,,
1982-06-07,,,,14.0,13.94,13.66,,,,,
1982-06-08,,,,14.04,13.98,13.71,,,,,
1982-06-09,,,,14.06,13.99,13.71,,,,,
1982-06-10,,,,14.08,14.02,13.72,,,,,
1982-06-11,,,,14.0,13.93,13.61,,,,,
1982-06-14,,,,14.31,14.21,13.89,,,,,
1982-06-15,,,,14.31,14.21,13.87,,,,,
1982-06-16,,,,14.39,14.26,13.91,,,,,
1982-06-17,,,,14.61,14.48,14.1,,,,,
1982-06-18,,,,14.8,14.62,14.19,,,,,
1982-06-21,,,,14.85,14.63,14.15,,,,,
1982-06-22,,,,14.84,14.66,14.21,,,,,
1982-06-23,,,,14.95,14.74,14.26,,,,,
1982-06-24,,,,14.94,14.71,14.2,,,,,
1982-06-25,,,,14.93,14.76,14.24,,,,,
1982-06-28,,,,14.91,14.73,14.19,,,,,
1982-06-29,,,,14.8,14.61,14.11,,,,,
1982-06-30,,,,14.65,14.44,13.91,,,,,
1982-07-01,,,,14.62,14.4,13.9,,,,,
1982-07-02,,,,14.69,14.5,14.03,,,,,
1982-07-06,,,,14.69,14.48,14.0,,,,,
1982-07-07,,,,14.69,14.49,13.9,,,,,
1982-07-08,,,,14.33,14.19,13.7,,,,,
1982-07-09,,,,14.19,14.03,13.57,,,,,
1982-07-12,,,,14.01,13.87,13.46,,,,,
1982-07-13,,,,14.19,14.02,13.61,,,,,
1982-07-14,,,,14.27,14.1,13.68,,,,,
1982-07-15,,,,14.16,13.96,13.57,,,,,
1982-07-16,,,,13.86,13.7,13.35,,,,,
1982-07-19,,,,13.8,13.68,13.34,,,,,
1982-07-20,,,,13.65,13.53,13.24,,,,,
1982-07-21,,,,13.7,13.6,13.3,,,,,
1982-07-22,,,,13.55,13.51,13.2,,,,,
1982-07-23,,,,13.58,13.56,13.25,,,,,
1982-07-26,,,,13.92,13.91,13.48,,,,,
1982-07-27,,,,13.89,13.86,13.46,,,,,
1982-07-28,,,,14.0,13.97,13.6,,,,,
1982-07-29,,,,13.89,13.83,13.51,,,,,
1982-07-30,,,,13.73,13.68,13.42,,,,,
1982-08-02,,,,13.46,13.41,13.17,,,,,
1982-08-03,,,,13.52,13.51,13.27,,,,,
1982-08-04,,,,13.6,13.68,13.27,,,,,
1982-08-05,,,,13.68,13.7,13.29,,,,,
1982-08-06,,,,13.86,13.85,13.41,,,,,
1982-08-09,,,,13.72,13.7,13.31,,,,,
1982-08-10,,,,13.74,13.69,13.27,,,,,
1982-08-11,,,,13.74,13.71,13.26,,,,,
1982-08-12,,,,13.5,13.55,13.15,,,,,
1982-08-13,,,,13.24,13.2,12.98,,,,,
1982-08-16,,,,13.0,13.09,12.8,,,,,
1982-08-17,,,,12.61,12.65,12.42,,,,,
1982-08-18,,,,12.45,12.57,12.29,,,,,
1982-08-19,,,,12.42,12.47,12.31,,,,,
1982-08-20,,,,12.15,12.24,12.14,,,,,
1982-08-23,,,,12.39,12.47,12.29,,,,,
1982-08-24,,,,12.29,12.35,12.16,,,,,
1982-08-25,,,,12.26,12.43,12.21,,,,,
1982-08-26,,,,12.32,12.55,12.31,,,,,
1982-08-27,,,,12.65,12.77,12.54,,,,,
1982-08-30,,,,12.71,12.81,12.54,,,,,
1982-08-31,,,,12.65,12.81,12.5,,,,,
1982-09-01,,,,12.58,12.76,12.41,,,,,
1982-09-02,,,,12.52,12.6,12.3,,,,,
1982-09-03,,,,12.26,12.47,12.16,,,,,
1982-09-07,,,,12.36,12.53,12.19,,,,,
1982-09-08,,,,12.4,12.51,12.17,,,,,
1982-09-09,,,,12.41,12.53,12.21,,,,,
1982-09-10,,,,12.56,12.73,12.41,,,,,
1982-09-13,,,,12.52,12.63,12.26,,,,,
1982-09-14,,,,12.38,12.56,12.24,,,,,
1982-09-15,,,,12.56,12.6,12.25,,,,,
1982-09-16,,,,12.52,12.6,12.18,,,,,
1982-09-17,,,,12.39,12.51,12.12,,,,,
1982-09-20,,,,12.43,12.47,12.04,,,,,
1982-09-21,,,,12.13,12.18,11.82,,,,,
1982-09-22,,,,12.04,12.04,11.83,,,,,
1982-09-23,,,,11.92,11.94,11.75,,,,,
1982-09-24,,,,12.05,12.09,11.88,,,,,
1982-09-27,,,,11.95,11.99,11.82,,,,,
1982-09-28,,,,11.78,11.85,11.76,,,,,
1982-09-29,,,,11.76,11.8,11.79,,,,,
1982-09-30,,,,11.69,11.73,11.79,,,,,
1982-10-01,,,,11.5,11.51,11.65,,,,,
1982-10-04,,,,11.73,11.72,11.83,,,,,
1982-10-05,,,,11.7,11.69,11.81,,,,,
1982-10-06,,,,11.52,11.5,11.69,,,,,
1982-10-07,,,,10.81,10.91,11.29,,,,,
1982-10-08,,,,10.71,10.83,11.19,,,,,
1982-10-12,,,,10.4,10.53,10.85,,,,,
1982-10-13,,,,10.28,10.39,10.75,,,,,
1982-10-14,,,,10.52,10.61,10.86,,,,,
1982-10-15,,,,10.64,10.75,11.03,,,,,
1982-10-18,,,,10.42,10.58,10.9,,,,,
1982-10-19,,,,10.38,10.56,10.87,,,,,
1982-10-20,,,,10.52,10.69,10.91,,,,,
1982-10-21,,,,10.54,10.69,10.92,,,,,
1982-10-22,,,,10.66,10.81,11.03,,,,,
1982-10-25,,,,10.97,11.11,11.25,,,,,
1982-10-26,,,,10.74,10.87,11.17,,,,,
1982-10-27,,,,10.76,10.9,11.23,,,,,
1982-10-28,,,,10.61,10.77,11.12,,,,,
1982-10-29,,,,10.58,10.71,11.01,,,,,
1982-11-01,,,,10.41,10.56,10.84,,,,,
1982-11-03,,,,10.3,10.46,10.72,,,,,
1982-11-04,,,,10.28,10.42,10.66,,,,,
1982-11-05,,,,10.36,10.48,10.59,,,,,
1982-11-08,,,,10.46,10.55,10.61,,,,,
1982-11-09,,,,10.41,10.51,10.44,,,,,
1982-11-10,,,,10.38,10.48,10.37,,,,,
1982-11-12,,,,10.5,10.58,10.43,,,,,
1982-11-15,,,,10.6,10.65,10.52,,,,,
1982-11-16,,,,10.63,10.67,10.6,,,,,
1982-11-17,,,,10.55,10.59,10.54,,,,,
1982-11-18,,,,10.42,10.46,10.33,,,,,
1982-11-19,,,,10.36,10.42,10.35,,,,,
1982-11-22,,,,10.25,10.43,10.43,,,,,
1982-11-23,,,,10.19,10.53,10.46,,,,,
1982-11-24,,,,10.2,10.59,10.52,,,,,
1982-11-26,,,,10.19,10.51,10.47,,,,,
1982-11-29,,,,10.39,10.78,10.72,,,,,
1982-11-30,,,,10.37,10.79,10.7,,,,,
1982-12-01,,,,10.34,10.74,10.69,,,,,
1982-12-02,,,,10.29,10.68,10.63,,,,,
1982-12-03,,,,10.16,10.47,10.44,,,,,
1982-12-06,,,,10.17,10.46,10.41,,,,,
1982-12-07,,,,10.21,10.48,10.45,,,,,
1982-12-08,,,,10.25,10.62,10.54,,,,,
1982-12-09,,,,10.3,10.58,10.52,,,,,
1982-12-10,,,,10.37,10.66,10.63,,,,,
1982-12-13,,,,10.34,10.61,10.57,,,,,
1982-12-14,,,,10.13,10.46,10.48,,,,,
1982-12-15,,,,10.15,10.5,10.55,,,,,
1982-12-16,,,,10.24,10.59,10.66,,,,,
1982-12-17,,,,10.28,10.64,10.69,,,,,
1982-12-20,,,,10.31,10.7,10.77,,,,,
1982-12-21,,,,10.21,10.54,10.53,,,,,
1982-12-22,,,,10.22,10.53,10.55,,,,,
1982-12-23,,,,10.15,10.47,10.5,,,,,
1982-12-27,,,,10.15,10.44,10.44,,,,,
1982-12-28,,,,10.15,10.44,10.43,,,,,
1982-12-29,,,,10.19,10.47,10.49,,,,,
1982-12-30,,,,10.19,10.44,10.46,,,,,
1982-12-31,,,,10.09,10.36,10.43,,,,,
1983-01-03,,,,10.02,10.32,10.39,,,,,
1983-01-04,,,,10.07,10.37,10.45,,,,,
1983-01-05,,,,10.06,10.35,10.47,,,,,
1983-01-06,,,,10.05,10.39,10.5,,,,,
1983-01-07,,,,9.98,10.36,10.5,,,,,
1983-01-10,,,,9.96,10.38,10.51,,,,,
1983-01-11,,,,9.92,10.34,10.48,,,,,
1983-01-12,,,,9.92,10.32,10.46,,,,,
1983-01-13,,,,9.81,10.27,10.45,,,,,
1983-01-14,,,,9.78,10.28,10.5,,,,,
1983-01-17,,,,9.78,10.28,10.5,,,,,
1983-01-18,,,,9.79,10.3,10.56,,,,,
1983-01-19,,,,9.89,10.41,10.67,,,,,
1983-01-20,,,,9.94,10.43,10.66,,,,,
1983-01-21,,,,10.18,10.61,10.78,,,,,
1983-01-24,,,,10.26,10.7,10.88,,,,,
1983-01-25,,,,10.18,10.62,10.82,,,,,
1983-01-26,,,,10.23,10.69,10.92,,,,,
1983-01-27,,,,10.2,10.67,10.85,,,,,
1983-01-28,,,,10.21,10.71,10.9,,,,,
1983-01-31,,,,10.31,10.8,10.99,,,,,
1983-02-01,,,,10.34,10.78,10.95,,,,,
1983-02-02,,,,10.37,10.88,10.94,,,,,
1983-02-03,,,,10.39,10.93,11.06,,,,,
1983-02-04,,,,10.51,10.99,11.12,,,,,
1983-02-07,,,,10.49,10.96,11.1,,,,,
1983-02-08,,,,10.5,10.99,11.12,,,,,
1983-02-09,,,,10.58,11.0,11.14,,,,,
1983-02-10,,,,10.38,10.83,10.96,,,,,
1983-02-11,,,,10.31,10.8,10.94,,,,,
1983-02-14,,,,10.37,10.8,10.95,,,,,
1983-02-15,,,,10.37,10.84,10.99,,,,,
1983-02-16,,,,10.29,10.81,10.95,,,,,
1983-02-17,,,,10.24,10.71,10.86,,,,,
1983-02-18,,,,10.13,10.6,10.78,,,,,
1983-02-22,,,,10.01,10.46,10.63,,,,,
1983-02-23,,,,10.0,10.44,10.62,,,,,
1983-02-24,,,,9.96,10.42,10.61,,,,,
1983-02-25,,,,9.82,10.26,10.5,,,,,
1983-02-28,,,,9.83,10.27,10.51,,,,,
1983-03-01,,,,9.74,10.22,10.45,,,,,
1983-03-02,,,,9.76,10.26,10.48,,,,,
1983-03-03,,,,9.72,10.23,10.44,,,,,
1983-03-04,,,,9.75,10.27,10.46,,,,,
1983-03-07,,,,9.92,10.43,10.59,,,,,
1983-03-08,,,,10.01,10.52,10.65,,,,,
1983-03-09,,,,10.02,10.48,10.64,,,,,
1983-03-10,,,,10.08,10.55,10.67,,,,,
1983-03-11,,,,10.12,10.59,10.75,,,,,
1983-03-14,,,,10.02,10.48,10.66,,,,,
1983-03-15,,,,9.99,10.46,10.62,,,,,
1983-03-16,,,,10.09,10.53,10.68,,,,,
1983-03-17,,,,10.14,10.56,10.68,,,,,
1983-03-18,,,,10.15,10.58,10.71,,,,,
1983-03-21,,,,10.2,10.6,10.71,,,,,
1983-03-22,,,,10.29,10.62,10.71,,,,,
1983-03-23,,,,10.23,10.58,10.64,,,,,
1983-03-24,,,,10.24,10.58,10.61,,,,,
1983-03-25,,,,10.32,10.64,10.7,,,,,
1983-03-28,,,,10.33,10.66,10.71,,,,,
1983-03-29,,,,10.28,10.6,10.66,,,,,
1983-03-30,,,,10.25,10.59,10.65,,,,,
1983-03-31,,,,10.27,10.62,10.69,,,,,
1983-04-04,,,,10.25,10.6,10.67,,,,,
1983-04-05,,,,10.11,10.49,10.55,,,,,
1983-04-06,,,,10.11,10.49,10.54,,,,,
1983-04-07,,,,10.09,10.51,10.56,,,,,
1983-04-08,,,,10.11,10.51,10.58,,,,,
1983-04-11,,,,9.99,10.41,10.46,,,,,
1983-04-12,,,,10.01,10.42,10.46,,,,,
1983-04-13,,,,10.01,10.39,10.44,,,,,
1983-04-14,,,,9.93,10.29,10.37,,,,,
1983-04-15,,,,9.98,10.33,10.4,,,,,
1983-04-18,,,,9.95,10.29,10.35,,,,,
1983-04-19,,,,10.04,10.39,10.46,,,,,
1983-04-20,,,,10.01,10.39,10.48,,,,,
1983-04-21,,,,10.07,10.43,10.53,,,,,
1983-04-22,,,,10.03,10.42,10.52,,,,,
1983-04-25,,,,10.01,10.4,10.48,,,,,
1983-04-26,,,,10.02,10.37,10.47,,,,,
1983-04-27,,,,9.92,10.29,10.43,,,,,
1983-04-28,,,,9.91,10.31,10.41,,,,,
1983-04-29,,,,9.88,10.27,10.38,,,,,
1983-05-02,,,,9.82,10.26,10.39,,,,,
1983-05-03,,,,9.81,10.26,10.38,,,,,
1983-05-04,,,,9.73,10.12,10.27,,,,,
1983-05-05,,,,9.76,10.16,10.3,,,,,
1983-05-06,,,,9.74,10.13,10.28,,,,,
1983-05-09,,,,9.86,10.25,10.37,,,,,
1983-05-10,,,,9.81,10.16,10.3,,,,,
1983-05-11,,,,9.82,10.18,10.33,,,,,
1983-05-12,,,,9.87,10.23,10.4,,,,,
1983-05-13,,,,9.86,10.22,10.37,,,,,
1983-05-16,,,,10.02,10.37,10.54,,,,,
1983-05-17,,,,10.03,10.41,10.58,,,,,
1983-05-18,,,,10.06,10.43,10.6,,,,,
1983-05-19,,,,10.17,10.49,10.67,,,,,
1983-05-20,,,,10.2,10.54,10.69,,,,,
1983-05-23,,,,10.27,10.57,10.71,,,,,
1983-05-24,,,,10.3,10.56,10.69,,,,,
1983-05-25,,,,10.29,10.58,10.71,,,,,
1983-05-26,,,,10.38,10.63,10.76,,,,,
1983-05-27,,,,10.37,10.62,10.78,,,,,
1983-05-31,,,,10.55,10.81,10.97,,,,,
1983-06-01,,,,10.48,10.77,10.91,,,,,
1983-06-02,,,,10.46,10.78,10.91,,,,,
1983-06-03,,,,10.53,10.79,10.93,,,,,
1983-06-06,,,,10.54,10.79,10.9,,,,,
1983-06-07,,,,10.61,10.85,10.97,,,,,
1983-06-08,,,,10.64,10.92,11.02,,,,,
1983-06-09,,,,10.63,10.88,10.96,,,,,
1983-06-10,,,,10.64,10.89,10.95,,,,,
1983-06-13,,,,10.5,10.75,10.84,,,,,
1983-06-14,,,,10.53,10.77,10.88,,,,,
1983-06-15,,,,10.48,10.72,10.81,,,,,
1983-06-16,,,,10.46,10.64,10.72,,,,,
1983-06-17,,,,10.47,10.68,10.77,,,,,
1983-06-20,,,,10.62,10.8,10.85,,,,,
1983-06-21,,,,10.64,10.79,10.86,,,,,
1983-06-22,,,,10.71,10.83,10.9,,,,,
1983-06-23,,,,10.76,10.9,10.95,,,,,
1983-06-24,,,,10.83,11.02,11.06,,,,,
1983-06-27,,,,10.92,11.11,11.16,,,,,
1983-06-28,,,,10.85,11.04,11.1,,,,,
1983-06-29,,,,10.76,10.99,11.06,,,,,
1983-06-30,,,,10.76,10.96,11.01,,,,,
1983-07-01,,,,10.72,10.93,11.0,,,,,
1983-07-05,,,,11.03,11.21,11.25,,,,,
1983-07-06,,,,10.98,11.16,11.21,,,,,
1983-07-07,,,,11.12,11.29,11.31,,,,,
1983-07-08,,,,11.16,11.33,11.37,,,,,
1983-07-11,,,,11.09,11.28,11.29,,,,,
1983-07-12,,,,11.24,11.42,11.45,,,,,
1983-07-13,,,,11.21,11.4,11.44,,,,,
1983-07-14,,,,11.21,11.38,11.38,,,,,
1983-07-15,,,,11.36,11.51,11.47,,,,,
1983-07-18,,,,11.3,11.41,11.37,,,,,
1983-07-19,,,,11.23,11.36,11.33,,,,,
1983-07-20,,,,11.14,11.28,11.28,,,,,
1983-07-21,,,,11.16,11.32,11.34,,,,,
1983-07-22,,,,11.26,11.43,11.48,,,,,
1983-07-25,,,,11.26,11.41,11.42,,,,,
1983-07-26,,,,11.33,11.49,11.5,,,,,
1983-07-27,,,,11.32,11.51,11.53,,,,,
1983-07-28,,,,11.47,11.66,11.68,,,,,
1983-07-29,,,,11.59,11.76,11.8,,,,,
1983-08-01,,,,11.63,11.8,11.82,,,,,
1983-08-02,,,,11.68,11.82,11.78,,,,,
1983-08-03,,,,11.68,11.92,11.87,,,,,
1983-08-04,,,,11.84,12.12,12.12,,,,,
1983-08-05,,,,11.85,12.1,12.07,,,,,
1983-08-08,,,,11.95,12.2,12.15,,,,,
1983-08-09,,,,11.88,12.13,12.09,,,,,
1983-08-10,,,,11.94,12.17,12.13,,,,,
1983-08-11,,,,11.87,12.04,12.0,,,,,
1983-08-12,,,,11.82,11.96,11.89,,,,,
1983-08-15,,,,11.58,11.76,11.71,,,,,
1983-08-16,,,,11.52,11.71,11.7,,,,,
1983-08-17,,,,11.41,11.65,11.61,,,,,
1983-08-18,,,,11.44,11.7,11.68,,,,,
1983-08-19,,,,11.5,11.72,11.73,,,,,
1983-08-22,,,,11.3,11.54,11.51,,,,,
1983-08-23,,,,11.37,11.57,11.56,,,,,
1983-08-24,,,,11.3,11.54,11.52,,,,,
1983-08-25,,,,11.35,11.62,11.57,,,,,
1983-08-26,,,,11.4,11.65,11.6,,,,,
1983-08-29,,,,11.63,11.86,11.81,,,,,
1983-08-30,,,,11.67,11.9,11.89,,,,,
1983-08-31,,,,11.79,11.98,11.96,,,,,
1983-09-01,,,,11.76,11.97,11.95,,,,,
1983-09-02,,,,11.81,12.01,11.97,,,,,
1983-09-06,,,,11.63,11.85,11.82,,,,,
1983-09-07,,,,11.52,11.7,11.68,,,,,
1983-09-08,,,,11.57,11.77,11.73,,,,,
1983-09-09,,,,11.53,11.73,11.7,,,,,
1983-09-12,,,,11.35,11.56,11.56,,,,,
1983-09-13,,,,11.38,11.63,11.61,,,,,
1983-09-14,,,,11.51,11.76,11.73,,,,,
1983-09-15,,,,11.61,11.82,11.8,,,,,
1983-09-16,,,,11.43,11.68,11.65,,,,,
1983-09-19,,,,11.42,11.66,11.65,,,,,
1983-09-20,,,,11.33,11.57,11.57,,,,,
1983-09-21,,,,11.4,11.64,11.6,,,,,
1983-09-22,,,,11.4,11.6,11.56,,,,,
1983-09-23,,,,11.29,11.49,11.47,,,,,
1983-09-26,,,,11.18,11.41,11.42,,,,,
1983-09-27,,,,11.21,11.45,11.44,,,,,
1983-09-28,,,,11.24,11.49,11.47,,,,,
1983-09-29,,,,11.26,11.5,11.48,,,,,
1983-09-30,,,,11.2,11.44,11.44,,,,,
1983-10-03,,,,11.22,11.47,11.48,,,,,
1983-10-04,,,,11.22,11.46,11.47,,,,,
1983-10-05,,,,11.11,11.35,11.38,,,,,
1983-10-06,,,,11.1,11.31,11.36,,,,,
1983-10-07,,,,11.12,11.33,11.38,,,,,
1983-10-11,,,,11.36,11.57,11.61,,,,,
1983-10-12,,,,11.35,11.59,11.62,,,,,
1983-10-13,,,,11.4,11.65,11.69,,,,,
1983-10-14,,,,11.31,11.58,11.61,,,,,
1983-10-17,,,,11.21,11.47,11.51,,,,,
1983-10-18,,,,11.2,11.49,11.56,,,,,
1983-10-19,,,,11.2,11.49,11.51,,,,,
1983-10-20,,,,11.22,11.47,11.51,,,,,
1983-10-21,,,,11.18,11.43,11.47,,,,,
1983-10-24,,,,11.39,11.66,11.69,,,,,
1983-10-25,,,,11.4,11.7,11.73,,,,,
1983-10-26,,,,11.4,11.72,11.73,,,,,
1983-10-27,,,,11.39,11.66,11.71,,,,,
1983-10-28,,,,11.39,11.68,11.74,,,,,
1983-10-31,,,,11.39,11.74,11.78,,,,,
1983-11-01,,,,11.38,11.69,11.77,,,,,
1983-11-02,,,,11.39,11.7,11.76,,,,,
1983-11-03,,,,11.41,11.75,11.83,,,,,
1983-11-04,,,,11.53,11.85,11.91,,,,,
1983-11-07,,,,11.56,11.85,11.9,,,,,
1983-11-09,,,,11.54,11.84,11.87,,,,,
1983-11-10,,,,11.4,11.71,11.74,,,,,
1983-11-14,,,,11.38,11.68,11.73,,,,,
1983-11-15,,,,11.4,11.7,11.72,,,,,
1983-11-16,,,,11.4,11.7,11.76,,,,,
1983-11-17,,,,11.44,11.72,11.78,,,,,
1983-11-18,,,,11.46,11.72,11.79,,,,,
1983-11-21,,,,11.38,11.65,11.7,,,,,
1983-11-22,,,,11.34,11.57,11.64,,,,,
1983-11-23,,,,11.37,11.59,11.65,,,,,
1983-11-25,,,,11.31,11.55,11.63,,,,,
1983-11-28,,,,11.41,11.63,11.7,,,,,
1983-11-29,,,,11.31,11.58,11.62,,,,,
1983-11-30,,,,11.36,11.63,11.67,,,,,
1983-12-01,,,,11.37,11.63,11.67,,,,,
1983-12-02,,,,11.47,11.75,11.79,,,,,
1983-12-05,,,,11.5,11.78,11.81,,,,,
1983-12-06,,,,11.46,11.76,11.81,,,,,
1983-12-07,,,,11.49,11.79,11.83,,,,,
1983-12-08,,,,11.57,11.89,11.93,,,,,
1983-12-09,,,,11.58,11.9,11.95,,,,,
1983-12-12,,,,11.54,11.87,11.94,,,,,
1983-12-13,,,,11.65,11.95,12.0,,,,,
1983-12-14,,,,11.68,11.97,12.01,,,,,
1983-12-15,,,,11.66,11.96,11.99,,,,,
1983-12-16,,,,11.59,11.88,11.94,,,,,
1983-12-19,,,,11.59,11.87,11.94,,,,,
1983-12-20,,,,11.56,11.86,11.94,,,,,
1983-12-21,,,,11.54,11.83,11.91,,,,,
1983-12-22,,,,11.51,11.77,11.84,,,,,
1983-12-23,,,,11.53,11.79,11.86,,,,,
1983-12-27,,,,11.5,11.75,11.8,,,,,
1983-12-28,,,,11.56,11.81,11.84,,,,,
1983-12-29,,,,11.52,11.79,11.84,,,,,
1983-12-30,,,,11.57,11.82,11.87,,,,,
1984-01-03,,,,11.59,11.86,11.93,,,,,
1984-01-04,,,,11.5,11.78,11.83,,,,,
1984-01-05,,,,11.47,11.77,11.84,,,,,
1984-01-06,,,,11.43,11.73,11.82,,,,,
1984-01-09,,,,11.47,11.75,11.84,,,,,
1984-01-10,,,,11.44,11.71,11.79,,,,,
1984-01-11,,,,11.46,11.76,11.83,,,,,
1984-01-12,,,,11.48,11.76,11.81,,,,,
1984-01-13,,,,11.26,11.59,11.67,,,,,
1984-01-16,,,,11.25,11.54,11.62,,,,,
1984-01-17,,,,11.28,11.57,11.65,,,,,
1984-01-18,,,,11.3,11.61,11.7,,,,,
1984-01-19,,,,11.29,11.6,11.68,,,,,
1984-01-20,,,,11.32,11.64,11.71,,,,,
1984-01-23,,,,11.31,11.63,11.69,,,,,
1984-01-24,,,,11.31,11.63,11.69,,,,,
1984-01-25,,,,11.31,11.64,11.72,,,,,
1984-01-26,,,,11.31,11.63,11.7,,,,,
1984-01-27,,,,11.31,11.63,11.73,,,,,
1984-01-30,,,,11.31,11.66,11.74,,,,,
1984-01-31,,,,11.34,11.67,11.78,,,,,
1984-02-01,,,,11.31,11.64,11.74,,,,,
1984-02-02,,,,11.28,11.6,11.71,,,,,
1984-02-03,,,,11.31,11.6,11.72,,,,,
1984-02-06,,,,11.4,11.7,11.79,,,,,
1984-02-07,,,,11.4,11.71,11.79,,,,,
1984-02-08,,,,11.41,11.72,11.83,,,,,
1984-02-09,,,,11.43,11.73,11.84,,,,,
1984-02-10,,,,11.52,11.83,11.92,,,,,
1984-02-14,,,,11.54,11.85,11.95,,,,,
1984-02-15,,,,11.5,11.81,11.92,,,,,
1984-02-16,,,,11.51,11.83,11.94,,,,,
1984-02-17,,,,11.63,11.92,12.02,,,,,
1984-02-21,,,,11.62,11.91,12.02,,,,,
1984-02-22,,,,11.61,11.93,12.06,,,,,
1984-02-23,,,,11.76,12.05,12.17,,,,,
1984-02-24,,,,11.69,11.99,12.1,,,,,
1984-02-27,,,,11.77,12.05,12.16,,,,,
1984-02-28,,,,11.8,12.09,12.22,,,,,
1984-02-29,,,,11.74,12.04,12.14,,,,,
1984-03-01,,,,11.77,12.07,12.16,,,,,
1984-03-02,,,,11.68,11.99,12.05,,,,,
1984-03-05,,,,11.76,12.07,12.17,,,,,
1984-03-06,,,,11.77,12.09,12.19,,,,,
1984-03-07,,,,11.87,12.22,12.31,,,,,
1984-03-08,,,,11.9,12.24,12.33,,,,,
1984-03-09,,,,11.95,12.28,12.35,,,,,
1984-03-12,,,,11.94,12.24,12.33,,,,,
1984-03-13,,,,11.97,12.27,12.37,,,,,
1984-03-14,,,,12.0,12.31,12.4,,,,,
1984-03-15,,,,11.99,12.31,12.39,,,,,
1984-03-16,,,,12.01,12.34,12.43,,,,,
1984-03-19,,,,12.11,12.45,12.53,,,,,
1984-03-20,,,,12.13,12.44,12.51,,,,,
1984-03-21,,,,12.17,12.45,12.53,,,,,
1984-03-22,,,,12.22,12.49,12.53,,,,,
1984-03-23,,,,12.23,12.48,12.5,,,,,
1984-03-26,,,,12.2,12.46,12.48,,,,,
1984-03-27,,,,12.21,12.46,12.5,,,,,
1984-03-28,,,,12.15,12.42,12.44,,,,,
1984-03-29,,,,12.16,12.41,12.42,,,,,
1984-03-30,,,,12.28,12.53,12.52,,,,,
1984-04-02,,,,12.29,12.56,12.55,,,,,
1984-04-03,,,,12.4,12.65,12.63,,,,,
1984-04-04,,,,12.44,12.67,12.67,,,,,
1984-04-05,,,,12.42,12.65,12.67,,,,,
1984-04-06,,,,12.24,12.51,12.5,,,,,
1984-04-09,,,,12.22,12.47,12.48,,,,,
1984-04-10,,,,12.26,12.52,12.54,,,,,
1984-04-11,,,,12.24,12.5,12.51,,,,,
1984-04-12,,,,12.16,12.4,12.41,,,,,
1984-04-13,,,,12.3,12.57,12.58,,,,,
1984-04-16,,,,12.35,12.61,12.65,,,,,
1984-04-17,,,,12.3,12.57,12.62,,,,,
1984-04-18,,,,12.4,12.7,12.73,,,,,
1984-04-19,,,,12.47,12.77,12.81,,,,,
1984-04-23,,,,12.49,12.8,12.82,,,,,
1984-04-24,,,,12.46,12.75,12.75,,,,,
1984-04-25,,,,12.45,12.69,12.71,,,,,
1984-04-26,,,,12.42,12.67,12.68,,,,,
1984-04-27,,,,12.55,12.79,12.82,,,,,
1984-04-30,,,,12.57,12.82,12.86,,,,,
1984-05-01,,,,12.57,12.82,12.87,,,,,
1984-05-02,,,,12.62,12.86,12.9,,,,,
1984-05-03,,,,12.64,12.89,12.92,,,,,
1984-05-04,,,,12.83,13.07,13.08,,,,,
1984-05-07,,,,12.9,13.13,13.17,,,,,
1984-05-08,,,,12.88,13.09,13.12,,,,,
1984-05-09,,,,12.97,13.21,13.26,,,,,
1984-05-10,,,,12.98,13.25,13.3,,,,,
1984-05-11,,,,13.2,13.46,13.51,,,,,
1984-05-14,,,,13.3,13.58,13.62,,,,,
1984-05-15,,,,13.23,13.48,13.5,,,,,
1984-05-16,,,,13.17,13.41,13.46,,,,,
1984-05-17,,,,13.27,13.54,13.57,,,,,
1984-05-18,,,,13.21,13.45,13.46,,,,,
1984-05-21,,,,13.18,13.43,13.46,,,,,
1984-05-22,,,,13.27,13.52,13.53,,,,,
1984-05-23,,,,13.3,13.54,13.56,,,,,
1984-05-24,,,,13.46,13.72,13.73,,,,,
1984-05-25,,,,13.52,13.75,13.72,,,,,
1984-05-29,,,,13.7,13.89,13.85,,,,,
1984-05-30,,,,13.84,13.99,13.94,,,,,
1984-05-31,,,,13.76,13.91,13.84,,,,,
1984-06-01,,,,13.46,13.63,13.58,,,,,
1984-06-04,,,,13.29,13.42,13.37,,,,,
1984-06-05,,,,13.24,13.37,13.35,,,,,
1984-06-06,,,,13.38,13.54,13.47,,,,,
1984-06-07,,,,13.43,13.54,13.48,,,,,
1984-06-08,,,,13.35,13.46,13.42,,,,,
1984-06-11,,,,13.57,13.58,13.48,,,,,
1984-06-12,,,,13.45,13.54,13.39,,,,,
1984-06-13,,,,13.37,13.44,13.29,,,,,
1984-06-14,,,,13.31,13.39,13.28,,,,,
1984-06-15,,,,13.12,13.21,13.14,,,,,
1984-06-18,,,,13.19,13.27,13.16,,,,,
1984-06-19,,,,13.3,13.38,13.3,,,,,
1984-06-20,,,,13.57,13.65,13.49,,,,,
1984-06-21,,,,13.67,13.72,13.55,,,,,
1984-06-22,,,,13.72,13.74,13.55,,,,,
1984-06-25,,,,13.7,13.75,13.56,,,,,
1984-06-26,,,,13.77,13.79,13.6,,,,,
1984-06-27,,,,13.7,13.76,13.56,,,,,
1984-06-28,,,,13.7,13.8,13.57,,,,,
1984-06-29,,,,13.72,13.84,13.64,,,,,
1984-07-02,,,,13.73,13.87,13.64,,,,,
1984-07-03,,,,13.67,13.8,13.52,,,,,
1984-07-05,,,,13.64,13.77,13.55,,,,,
1984-07-06,,,,13.65,13.75,13.55,,,,,
1984-07-09,,,,13.4,13.48,13.28,,,,,
1984-07-10,,,,13.46,13.53,13.28,,,,,
1984-07-11,,,,13.45,13.55,13.33,,,,,
1984-07-12,,,,13.39,13.42,13.2,,,,,
1984-07-13,,,,13.24,13.3,13.12,,,,,
1984-07-16,,,,13.24,13.32,13.12,,,,,
1984-07-17,,,,13.29,13.37,13.18,,,,,
1984-07-18,,,,13.22,13.32,13.14,,,,,
1984-07-19,,,,13.17,13.25,13.12,,,,,
1984-07-20,,,,13.24,13.36,13.26,,,,,
1984-07-23,,,,13.25,13.35,13.27,,,,,
1984-07-24,,,,13.24,13.31,13.25,,,,,
1984-07-25,,,,12.95,13.06,12.97,,,,,
1984-07-26,,,,12.8,12.89,12.88,,,,,
1984-07-27,,,,12.89,12.95,12.91,,,,,
1984-07-30,,,,13.0,13.05,12.99,,,,,
1984-07-31,,,,12.85,12.91,12.87,,,,,
1984-08-01,,,,12.74,12.81,12.78,,,,,
1984-08-02,,,,12.71,12.74,12.7,,,,,
1984-08-03,,,,12.55,12.61,12.59,,,,,
1984-08-06,,,,12.66,12.73,12.69,,,,,
1984-08-07,,,,12.64,12.69,12.64,,,,,
1984-08-08,,,,12.62,12.66,12.62,,,,,
1984-08-09,,,,12.59,12.61,12.47,,,,,
1984-08-10,,,,12.63,12.68,12.47,,,,,
1984-08-13,,,,12.71,12.74,12.54,,,,,
1984-08-14,,,,12.62,12.67,12.48,,,,,
1984-08-15,,,,12.68,12.74,12.57,,,,,
1984-08-16,,,,12.66,12.7,12.51,,,,,
1984-08-17,,,,12.67,12.7,12.46,,,,,
1984-08-20,,,,12.66,12.69,12.41,,,,,
1984-08-21,,,,12.64,12.62,12.35,,,,,
1984-08-22,,,,12.66,12.65,12.43,,,,,
1984-08-23,,,,12.68,12.69,12.45,,,,,
1984-08-24,,,,12.67,12.66,12.44,,,,,
1984-08-27,,,,12.8,12.81,12.6,,,,,
1984-08-28,,,,12.82,12.81,12.57,,,,,
1984-08-29,,,,12.78,12.83,12.57,,,,,
1984-08-30,,,,12.79,12.84,12.56,,,,,
1984-08-31,,,,12.77,12.79,12.51,,,,,
1984-09-04,,,,12.85,12.88,12.57,,,,,
1984-09-05,,,,12.92,12.92,12.61,,,,,
1984-09-06,,,,12.82,12.81,12.48,,,,,
1984-09-07,,,,12.75,12.7,12.44,,,,,
1984-09-10,,,,12.65,12.62,12.37,,,,,
1984-09-11,,,,12.59,12.54,12.31,,,,,
1984-09-12,,,,12.62,12.55,12.33,,,,,
1984-09-13,,,,12.47,12.44,12.22,,,,,
1984-09-14,,,,12.42,12.42,12.22,,,,,
1984-09-17,,,,12.42,12.4,12.18,,,,,
1984-09-18,,,,12.33,12.35,12.15,,,,,
1984-09-19,,,,12.26,12.25,12.07,,,,,
1984-09-20,,,,12.27,12.28,12.08,,,,,
1984-09-21,,,,12.44,12.45,12.22,,,,,
1984-09-24,,,,12.51,12.52,12.31,,,,,
1984-09-25,,,,12.53,12.56,12.34,,,,,
1984-09-26,,,,12.47,12.46,12.27,,,,,
1984-09-27,,,,12.31,12.31,12.12,,,,,
1984-09-28,,,,12.48,12.47,12.28,,,,,
1984-10-01,,,,12.51,12.54,12.35,,,,,
1984-10-02,,,,12.52,12.54,12.35,,,,,
1984-10-03,,,,12.49,12.54,12.36,,,,,
1984-10-04,,,,12.45,12.52,12.31,,,,,
1984-10-05,,,,12.35,12.39,12.2,,,,,
1984-10-09,,,,12.32,12.36,12.18,,,,,
1984-10-10,,,,12.32,12.36,12.19,,,,,
1984-10-11,,,,12.23,12.31,12.15,,,,,
1984-10-12,,,,12.17,12.28,12.12,,,,,
1984-10-15,,,,12.24,12.34,12.16,,,,,
1984-10-16,,,,12.25,12.32,12.15,,,,,
1984-10-17,,,,12.21,12.28,12.08,,,,,
1984-10-18,,,,11.98,12.09,11.88,,,,,
1984-10-19,,,,11.82,11.93,11.74,,,,,
1984-10-22,,,,11.82,11.9,11.69,,,,,
1984-10-23,,,,11.62,11.78,11.64,,,,,
1984-10-24,,,,11.55,11.74,11.62,,,,,
1984-10-25,,,,11.65,11.83,11.68,,,,,
1984-10-26,,,,11.83,11.99,11.78,,,,,
1984-10-29,,,,11.79,11.95,11.75,,,,,
1984-10-30,,,,11.63,11.75,11.61,,,,,
1984-10-31,,,,11.59,11.79,11.64,,,,,
1984-11-01,,,,11.45,11.66,11.53,,,,,
1984-11-02,,,,11.46,11.66,11.55,,,,,
1984-11-05,,,,11.4,11.6,11.5,,,,,
1984-11-07,,,,11.45,11.72,11.63,,,,,
1984-11-08,,,,11.55,11.81,11.78,,,,,
1984-11-09,,,,11.47,11.71,11.66,,,,,
1984-11-13,,,,11.55,11.78,11.74,,,,,
1984-11-14,,,,11.59,11.81,11.78,,,,,
1984-11-15,,,,11.52,11.73,11.7,,,,,
1984-11-16,,,,11.46,11.69,11.67,,,,,
1984-11-19,,,,11.41,11.61,11.6,,,,,
1984-11-20,,,,11.29,11.53,11.56,,,,,
1984-11-21,,,,11.14,11.39,11.46,,,,,
1984-11-23,,,,10.99,11.24,11.32,,,,,
1984-11-26,,,,11.05,11.28,11.35,,,,,
1984-11-27,,,,11.05,11.28,11.33,,,,,
1984-11-28,,,,11.03,11.38,11.44,,,,,
1984-11-29,,,,11.07,11.42,11.47,,,,,
1984-11-30,,,,11.25,11.58,11.58,,,,,
1984-12-03,,,,11.23,11.56,11.56,,,,,
1984-12-04,,,,11.16,11.52,11.53,,,,,
1984-12-05,,,,11.14,11.52,11.53,,,,,
1984-12-06,,,,11.23,11.61,11.62,,,,,
1984-12-07,,,,11.31,11.7,11.7,,,,,
1984-12-10,,,,11.26,11.66,11.66,,,,,
1984-12-11,,,,11.18,11.57,11.59,,,,,
1984-12-12,,,,11.14,11.54,11.56,,,,,
1984-12-13,,,,11.27,11.7,11.67,,,,,
1984-12-14,,,,11.08,11.56,11.56,,,,,
1984-12-17,,,,11.01,11.49,11.5,,,,,
1984-12-18,,,,10.83,11.29,11.35,,,,,
1984-12-19,,,,10.86,11.34,11.38,,,,,
1984-12-20,,,,10.89,11.37,11.43,,,,,
1984-12-21,,,,10.89,11.34,11.38,,,,,
1984-12-24,,,,10.85,11.31,11.36,,,,,
1984-12-26,,,,10.97,11.45,11.46,,,,,
1984-12-27,,,,10.98,11.45,11.48,,,,,
1984-12-28,,,,11.03,11.46,11.49,,,,,
1984-12-31,,,,11.08,11.55,11.54,,,,,
1985-01-02,,,,11.22,11.7,11.69,,,,,
1985-01-03,,,,11.13,11.62,11.64,,,,,
1985-01-04,,,,11.19,11.67,11.7,,,,,
1985-01-07,,,,11.09,11.5,11.53,,,,,
1985-01-08,,,,11.04,11.45,11.49,,,,,
1985-01-09,,,,11.03,11.47,11.5,,,,,
1985-01-10,,,,11.05,11.48,11.53,,,,,
1985-01-11,,,,11.14,11.59,11.64,,,,,
1985-01-14,,,,11.13,11.6,11.68,,,,,
1985-01-15,,,,11.01,11.49,11.57,,,,,
1985-01-16,,,,11.02,11.51,11.59,,,,,
1985-01-17,,,,10.99,11.48,11.59,,,,,
1985-01-18,,,,10.89,11.39,11.51,,,,,
1985-01-22,,,,10.79,11.27,11.38,,,,,
1985-01-23,,,,10.74,11.21,11.33,,,,,
1985-01-24,,,,10.61,11.06,11.18,,,,,
1985-01-25,,,,10.66,11.11,11.21,,,,,
1985-01-28,,,,10.7,11.11,11.2,,,,,
1985-01-29,,,,10.7,11.11,11.18,,,,,
1985-01-30,,,,10.68,11.08,11.16,,,,,
1985-01-31,,,,10.77,11.17,11.21,,,,,
1985-02-01,,,,10.93,11.29,11.32,,,,,
1985-02-04,,,,10.99,11.35,11.34,,,,,
1985-02-05,,,,10.93,11.3,11.3,,,,,
1985-02-06,,,,11.0,11.4,11.37,,,,,
1985-02-07,,,,11.04,11.41,11.29,,,,,
1985-02-08,,,,11.0,11.37,11.27,,,,,
1985-02-11,,,,11.05,11.42,11.35,,,,,
1985-02-13,,,,11.02,11.39,11.31,,,,,
1985-02-14,,,,10.93,11.29,11.24,,,,,
1985-02-15,,,,10.98,11.38,11.37,,,,,
1985-02-19,,,,10.95,11.37,11.35,,,,,
1985-02-20,,,,11.09,11.52,11.5,,,,,
1985-02-21,,,,11.29,11.64,11.58,,,,,
1985-02-22,,,,11.35,11.76,11.71,,,,,
1985-02-25,,,,11.4,11.75,11.71,,,,,
1985-02-26,,,,11.35,11.72,11.67,,,,,
1985-02-27,,,,11.51,11.89,11.88,,,,,
1985-02-28,,,,11.55,11.91,11.9,,,,,
1985-03-01,,,,11.52,11.86,11.82,,,,,
1985-03-04,,,,11.57,11.93,11.91,,,,,
1985-03-05,,,,11.49,11.86,11.83,,,,,
1985-03-06,,,,11.53,11.92,11.89,,,,,
1985-03-07,,,,11.61,11.94,11.93,,,,,
1985-03-08,,,,11.37,11.71,11.71,,,,,
1985-03-11,,,,11.38,11.72,11.71,,,,,
1985-03-12,,,,11.45,11.78,11.74,,,,,
1985-03-13,,,,11.59,11.9,11.83,,,,,
1985-03-14,,,,11.63,11.92,11.84,,,,,
1985-03-15,,,,11.63,11.93,11.86,,,,,
1985-03-18,,,,11.7,12.02,11.97,,,,,
1985-03-19,,,,11.67,11.99,11.93,,,,,
1985-03-20,,,,11.62,11.91,11.84,,,,,
1985-03-21,,,,11.48,11.82,11.77,,,,,
1985-03-22,,,,11.55,11.88,11.83,,,,,
1985-03-25,,,,11.53,11.86,11.79,,,,,
1985-03-26,,,,11.45,11.77,11.72,,,,,
1985-03-27,,,,11.49,11.84,11.78,,,,,
1985-03-28,,,,11.38,11.75,11.73,,,,,
1985-03-29,,,,11.29,11.65,11.64,,,,,
1985-04-01,,,,11.28,11.66,11.65,,,,,
1985-04-02,,,,11.33,11.7,11.68,,,,,
1985-04-03,,,,11.34,11.73,11.71,,,,,
1985-04-04,,,,11.35,11.75,11.74,,,,,
1985-04-08,,,,11.36,11.77,11.75,,,,,
1985-04-09,,,,11.28,11.66,11.66,,,,,
1985-04-10,,,,11.2,11.58,11.54,,,,,
1985-04-11,,,,11.05,11.42,11.4,,,,,
1985-04-12,,,,11.05,11.43,11.42,,,,,
1985-04-15,,,,11.02,11.37,11.37,,,,,
1985-04-16,,,,10.8,11.25,11.3,,,,,
1985-04-17,,,,10.86,11.29,11.33,,,,,
1985-04-18,,,,10.69,11.13,11.21,,,,,
1985-04-19,,,,10.69,11.16,11.26,,,,,
1985-04-22,,,,10.67,11.13,11.23,,,,,
1985-04-23,,,,10.79,11.25,11.34,,,,,
1985-04-24,,,,10.77,11.25,11.36,,,,,
1985-04-25,,,,10.87,11.37,11.44,,,,,
1985-04-26,,,,10.87,11.35,11.42,,,,,
1985-04-29,,,,10.96,11.47,11.54,,,,,
1985-04-30,,,,10.91,11.41,11.48,,,,,
1985-05-01,,,,10.81,11.27,11.37,,,,,
1985-05-02,,,,10.83,11.29,11.36,,,,,
1985-05-03,,,,10.74,11.21,11.31,,,,,
1985-05-06,,,,10.71,11.19,11.3,,,,,
1985-05-07,,,,10.68,11.17,11.29,,,,,
1985-05-08,,,,10.74,11.26,11.39,,,,,
1985-05-09,,,,10.68,11.2,11.34,,,,,
1985-05-10,,,,10.57,11.04,11.2,,,,,
1985-05-13,,,,10.56,11.04,11.2,,,,,
1985-05-14,,,,10.39,10.87,11.07,,,,,
1985-05-15,,,,10.39,10.89,11.08,,,,,
1985-05-16,,,,10.28,10.81,11.02,,,,,
1985-05-17,,,,10.32,10.84,11.05,,,,,
1985-05-20,,,,10.04,10.56,10.82,,,,,
1985-05-21,,,,10.07,10.6,10.85,,,,,
1985-05-22,,,,10.05,10.62,10.9,,,,,
1985-05-23,,,,10.11,10.64,10.91,,,,,
1985-05-24,,,,10.05,10.57,10.85,,,,,
1985-05-28,,,,9.95,10.43,10.72,,,,,
1985-05-29,,,,9.9,10.46,10.73,,,,,
1985-05-30,,,,9.84,10.39,10.67,,,,,
1985-05-31,,,,9.68,10.28,10.58,,,,,
1985-06-03,,,,9.5,10.05,10.4,,,,,
1985-06-04,,,,9.47,10.05,10.39,,,,,
1985-06-05,,,,9.26,9.83,10.25,,,,,
1985-06-06,,,,9.33,9.89,10.29,,,,,
1985-06-07,,,,9.67,10.19,10.52,,,,,
1985-06-10,,,,9.68,10.16,10.47,,,,,
1985-06-11,,,,9.63,10.08,10.41,,,,,
1985-06-12,,,,9.65,10.16,10.46,,,,,
1985-06-13,,,,9.67,10.21,10.51,,,,,
1985-06-14,,,,9.39,9.98,10.31,,,,,
1985-06-17,,,,9.45,9.97,10.28,,,,,
1985-06-18,,,,9.33,9.9,10.23,,,,,
1985-06-19,,,,9.46,10.04,10.37,,,,,
1985-06-20,,,,9.51,10.14,10.44,,,,,
1985-06-21,,,,9.75,10.34,10.57,,,,,
1985-06-24,,,,9.83,10.45,10.64,,,,,
1985-06-25,,,,9.95,10.5,10.67,,,,,
1985-06-26,,,,9.97,10.54,10.68,,,,,
1985-06-27,,,,9.83,10.39,10.54,,,,,
1985-06-28,,,,9.65,10.25,10.47,,,,,
1985-07-01,,,,9.58,10.19,10.44,,,,,
1985-07-02,,,,9.61,10.2,10.43,,,,,
1985-07-03,,,,9.62,10.23,10.45,,,,,
1985-07-05,,,,9.3,9.93,10.23,,,,,
1985-07-08,,,,9.41,10.05,10.31,,,,,
1985-07-09,,,,9.41,10.05,10.31,,,,,
1985-07-10,,,,9.45,10.07,10.33,,,,,
1985-07-11,,,,9.61,10.22,10.43,,,,,
1985-07-12,,,,9.63,10.23,10.42,,,,,
1985-07-15,,,,9.63,10.22,10.42,,,,,
1985-07-16,,,,9.59,10.15,10.37,,,,,
1985-07-17,,,,9.54,10.12,10.32,,,,,
1985-07-18,,,,9.71,10.3,10.48,,,,,
1985-07-19,,,,9.72,10.34,10.52,,,,,
1985-07-22,,,,9.87,10.46,10.6,,,,,
1985-07-23,,,,9.91,10.47,10.6,,,,,
1985-07-24,,,,9.92,10.51,10.63,,,,,
1985-07-25,,,,9.91,10.52,10.64,,,,,
1985-07-26,,,,9.96,10.59,10.72,,,,,
1985-07-29,,,,10.02,10.67,10.79,,,,,
1985-07-30,,,,10.02,10.66,10.78,,,,,
1985-07-31,,,,9.98,10.57,10.7,,,,,
1985-08-01,,,,9.95,10.51,10.62,,,,,
1985-08-02,,,,10.09,10.66,10.77,,,,,
1985-08-05,,,,10.06,10.64,10.73,,,,,
1985-08-06,,,,10.08,10.65,10.75,,,,,
1985-08-07,,,,10.01,10.55,10.71,,,,,
1985-08-08,,,,9.91,10.43,10.63,,,,,
1985-08-09,,,,9.86,10.37,10.61,,,,,
1985-08-12,,,,9.86,10.38,10.66,,,,,
1985-08-13,,,,9.92,10.46,10.71,,,,,
1985-08-14,,,,9.84,10.38,10.61,,,,,
1985-08-15,,,,9.83,10.36,10.64,,,,,
1985-08-16,,,,9.74,10.26,10.54,,,,,
1985-08-19,,,,9.74,10.23,10.5,,,,,
1985-08-20,,,,9.7,10.2,10.48,,,,,
1985-08-21,,,,9.63,10.12,10.42,,,,,
1985-08-22,,,,9.62,10.1,10.41,,,,,
1985-08-23,,,,9.67,10.14,10.42,,,,,
1985-08-26,,,,9.7,10.18,10.46,,,,,
1985-08-27,,,,9.65,10.12,10.38,,,,,
1985-08-28,,,,9.63,10.16,10.41,,,,,
1985-08-29,,,,9.58,10.12,10.37,,,,,
1985-08-30,,,,9.74,10.28,10.48,,,,,
1985-09-03,,,,9.71,10.24,10.46,,,,,
1985-09-04,,,,9.64,10.16,10.4,,,,,
1985-09-05,,,,9.71,10.27,10.49,,,,,
1985-09-06,,,,9.97,10.5,10.73,,,,,
1985-09-09,,,,9.97,10.49,10.73,,,,,
1985-09-10,,,,9.96,10.48,10.71,,,,,
1985-09-11,,,,9.98,10.51,10.73,,,,,
1985-09-12,,,,9.97,10.52,10.73,,,,,
1985-09-13,,,,9.87,10.4,10.62,,,,,
1985-09-16,,,,9.83,10.37,10.58,,,,,
1985-09-17,,,,9.85,10.41,10.64,,,,,
1985-09-18,,,,9.87,10.43,10.67,,,,,
1985-09-19,,,,9.89,10.43,10.65,,,,,
1985-09-20,,,,9.81,10.36,10.58,,,,,
1985-09-23,,,,9.74,10.39,10.64,,,,,
1985-09-24,,,,9.69,10.33,10.62,,,,,
1985-09-25,,,,9.59,10.27,10.56,,,,,
1985-09-26,,,,9.61,10.22,10.5,,,,,
1985-09-30,,,,9.73,10.31,10.57,,,,,
1985-10-01,,,,9.69,10.29,10.55,,,,,
1985-10-02,,,,9.69,10.3,10.59,,,,,
1985-10-03,,,,9.69,10.32,10.59,,,,,
1985-10-04,,,,9.73,10.36,10.61,,,,,
1985-10-07,,,,9.83,10.42,10.66,,,,,
1985-10-08,,,,9.81,10.36,10.63,,,,,
1985-10-09,,,,9.82,10.37,10.64,,,,,
1985-10-10,,,,9.82,10.35,10.61,,,,,
1985-10-11,,,,9.82,10.34,10.61,,,,,
1985-10-15,,,,9.79,10.3,10.56,,,,,
1985-10-16,,,,9.73,10.25,10.52,,,,,
1985-10-17,,,,9.67,10.21,10.47,,,,,
1985-10-18,,,,9.62,10.17,10.44,,,,,
1985-10-21,,,,9.63,10.18,10.44,,,,,
1985-10-22,,,,9.6,10.12,10.39,,,,,
1985-10-23,,,,9.62,10.14,10.39,,,,,
1985-10-24,,,,9.64,10.15,10.41,,,,,
1985-10-25,,,,9.67,10.21,10.47,,,,,
1985-10-28,,,,9.75,10.28,10.53,,,,,
1985-10-29,,,,9.61,10.11,10.37,,,,,
1985-10-30,,,,9.45,9.97,10.26,,,,,
1985-10-31,,,,9.47,10.01,10.28,,,,,
1985-11-01,,,,9.45,9.98,10.24,,,,,
1985-11-04,,,,9.44,9.98,10.23,,,,,
1985-11-05,,,,9.39,9.93,10.18,,,,,
1985-11-06,,,,9.38,9.93,10.19,,,,,
1985-11-07,,,,9.38,9.91,10.18,,,,,
1985-11-08,,,,9.3,9.84,10.13,,,,,
1985-11-12,,,,9.2,9.74,10.03,,,,,
1985-11-13,,,,9.28,9.78,10.07,,,,,
1985-11-14,,,,9.33,9.84,10.12,,,,,
1985-11-15,,,,9.39,9.92,10.18,,,,,
1985-11-18,,,,9.22,9.72,10.03,,,,,
1985-11-19,,,,9.2,9.73,10.0,,,,,
1985-11-20,,,,9.22,9.72,10.0,,,,,
1985-11-21,,,,9.17,9.58,9.93,,,,,
1985-11-22,,,,9.22,9.66,9.95,,,,,
1985-11-25,,,,9.23,9.68,9.98,,,,,
1985-11-26,,,,9.24,9.68,9.96,,,,,
1985-11-27,,,,9.12,9.64,9.91,,,,,
1985-11-29,,,,9.07,9.59,9.86,,,,,
1985-12-02,,,,9.14,9.69,9.94,,,,,
1985-12-03,,,,9.15,9.68,9.92,,,,,
1985-12-04,,,,9.1,9.63,9.88,,,,,
1985-12-05,,,,9.1,9.62,9.88,,,,,
1985-12-06,,,,9.12,9.65,9.9,,,,,
1985-12-09,,,,8.98,9.49,9.77,,,,,
1985-12-10,,,,8.83,9.36,9.65,,,,,
1985-12-11,,,,8.64,9.2,9.53,,,,,
1985-12-12,,,,8.72,9.27,9.58,,,,,
1985-12-13,,,,8.63,9.21,9.53,,,,,
1985-12-16,,,,8.62,9.16,9.45,,,,,
1985-12-17,,,,8.48,9.04,9.35,,,,,
1985-12-18,,,,8.57,9.11,9.4,,,,,
1985-12-19,,,,8.58,9.1,9.37,,,,,
1985-12-20,,,,8.52,9.04,9.33,,,,,
1985-12-23,,,,8.56,9.08,9.34,,,,,
1985-12-24,,,,8.56,9.07,9.33,,,,,
1985-12-26,,,,8.52,9.04,9.31,,,,,
1985-12-27,,,,8.5,8.99,9.27,,,,,
1985-12-30,,,,8.49,9.01,9.28,,,,,
1985-12-31,,,,8.49,9.0,9.27,,,,,
1986-01-02,,,,8.51,9.04,9.28,,,,,
1986-01-03,,,,8.52,9.05,9.3,,,,,
1986-01-06,,,,8.54,9.07,9.31,,,,,
1986-01-07,,,,8.44,8.94,9.18,,,,,
1986-01-08,,,,8.58,9.13,9.36,,,,,
1986-01-09,,,,8.78,9.27,9.45,,,,,
1986-01-10,,,,8.89,9.39,9.54,,,,,
1986-01-13,,,,9.0,9.49,9.65,,,,,
1986-01-14,,,,8.93,9.43,9.56,,,,,
1986-01-15,,,,8.82,9.31,9.42,,,,,
1986-01-16,,,,8.79,9.3,9.43,,,,,
1986-01-17,,,,8.74,9.24,9.4,,,,,
1986-01-21,,,,8.74,9.22,9.4,,,,,
1986-01-22,,,,8.77,9.28,9.45,,,,,
1986-01-23,,,,8.74,9.23,9.42,,,,,
1986-01-24,,,,8.74,9.23,9.45,,,,,
1986-01-27,,,,8.63,9.13,9.37,,,,,
1986-01-28,,,,8.53,9.05,9.3,,,,,
1986-01-29,,,,8.56,9.09,9.35,,,,,
1986-01-30,,,,8.57,9.1,9.36,,,,,
1986-01-31,,,,8.53,9.08,9.34,,,,,
1986-02-03,,,,8.5,9.02,9.28,,,,,
1986-02-04,,,,8.44,8.96,9.23,,,,,
1986-02-05,,,,8.51,8.97,9.28,,,,,
1986-02-06,,,,8.54,9.03,9.25,,,,,
1986-02-07,,,,8.62,9.11,9.32,,,,,
1986-02-10,,,,8.54,9.0,9.23,,,,,
1986-02-11,,,,8.47,8.93,9.16,,,,,
1986-02-12,,,,8.46,8.91,9.13,,,,,
1986-02-13,,,,8.43,8.85,9.08,,,,,
1986-02-14,,,,8.29,8.68,8.93,,,,,
1986-02-18,,,,8.28,8.64,8.89,,,,,
1986-02-19,,,,8.37,8.7,8.92,,,,,
1986-02-20,,,,8.39,8.67,8.88,,,,,
1986-02-21,,,,8.24,8.48,8.73,,,,,
1986-02-24,,,,8.2,8.39,8.61,,,,,
1986-02-25,,,,8.21,8.4,8.6,,,,,
1986-02-26,,,,8.07,8.36,8.54,,,,,
1986-02-27,,,,7.91,8.15,8.32,,,,,
1986-02-28,,,,7.91,8.13,8.27,,,,,
1986-03-03,,,,7.76,7.99,8.16,,,,,
1986-03-04,,,,7.55,7.93,8.1,,,,,
1986-03-05,,,,7.76,8.12,8.26,,,,,
1986-03-06,,,,7.68,8.04,8.19,,,,,
1986-03-07,,,,7.56,7.96,8.15,,,,,
1986-03-10,,,,7.41,7.76,8.0,,,,,
1986-03-11,,,,7.35,7.7,7.94,,,,,
1986-03-12,,,,7.37,7.68,7.91,,,,,
1986-03-13,,,,7.46,7.75,7.95,,,,,
1986-03-14,,,,7.4,7.72,7.95,,,,,
1986-03-17,,,,7.42,7.77,7.97,,,,,
1986-03-18,,,,7.48,7.83,8.0,,,,,
1986-03-19,,,,7.46,7.82,8.0,,,,,
1986-03-20,,,,7.45,7.78,7.95,,,,,
1986-03-21,,,,7.47,7.8,7.98,,,,,
1986-03-24,,,,7.4,7.7,7.89,,,,,
1986-03-25,,,,7.39,7.7,7.9,,,,,
1986-03-26,,,,7.36,7.64,7.82,,,,,
1986-03-27,,,,7.28,7.49,7.63,,,,,
1986-03-31,,,,7.19,7.39,7.44,,,,,
1986-04-01,,,,7.18,7.37,7.47,,,,,
1986-04-02,,,,7.21,7.33,7.43,,,,,
1986-04-03,,,,7.29,7.41,7.46,,,,,
1986-04-04,,,,7.22,7.45,7.53,,,,,
1986-04-07,,,,7.19,7.43,7.54,,,,,
1986-04-08,,,,7.07,7.31,7.39,,,,,
1986-04-09,,,,6.99,7.27,7.33,,,,,
1986-04-10,,,,6.95,7.23,7.31,,,,,
1986-04-11,,,,7.0,7.29,7.37,,,,,
1986-04-14,,,,6.89,7.19,7.29,,,,,
1986-04-15,,,,6.88,7.22,7.34,,,,,
1986-04-16,,,,6.68,6.98,7.14,,,,,
1986-04-17,,,,6.75,7.03,7.16,,,,,
1986-04-18,,,,6.78,7.09,7.19,,,,,
1986-04-21,,,,6.75,7.04,7.16,,,,,
1986-04-22,,,,6.93,7.25,7.28,,,,,
1986-04-23,,,,7.11,7.36,7.45,,,,,
1986-04-24,,,,7.31,7.51,7.59,,,,,
1986-04-25,,,,7.39,7.58,7.61,,,,,
1986-04-28,,,,7.27,7.48,7.54,,,,,
1986-04-29,,,,7.17,7.38,7.45,,,,,
1986-04-30,,,,7.17,7.38,7.47,,,,,
1986-05-01,,,,7.2,7.45,7.54,,,,,
1986-05-02,,,,7.23,7.51,7.62,,,,,
1986-05-05,,,,7.17,7.45,7.49,,,,,
1986-05-06,,,,7.16,7.46,7.5,,,,,
1986-05-07,,,,7.21,7.43,7.53,,,,,
1986-05-08,,,,7.17,7.4,7.36,,,,,
1986-05-09,,,,7.25,7.48,7.37,,,,,
1986-05-12,,,,7.41,7.67,7.41,,,,,
1986-05-13,,,,7.46,7.63,7.42,,,,,
1986-05-14,,,,7.48,7.66,7.43,,,,,
1986-05-15,,,,7.67,7.79,7.5,,,,,
1986-05-16,,,,7.89,7.99,7.64,,,,,
1986-05-19,,,,7.87,7.98,7.68,,,,,
1986-05-20,,,,7.8,7.88,7.58,,,,,
1986-05-21,,,,7.76,7.9,7.58,,,,,
1986-05-22,,,,7.76,7.88,7.5,,,,,
1986-05-23,,,,7.73,7.84,7.45,,,,,
1986-05-27,,,,7.65,7.73,7.41,,,,,
1986-05-28,,,,7.55,7.73,7.45,,,,,
1986-05-29,,,,7.78,7.99,7.66,,,,,
1986-05-30,,,,7.82,8.05,7.74,,,,,
1986-06-02,,,,8.05,8.32,7.91,,,,,
1986-06-03,,,,7.99,8.19,7.81,,,,,
1986-06-04,,,,8.17,8.39,7.93,,,,,
1986-06-05,,,,8.1,8.31,7.9,,,,,
1986-06-06,,,,7.78,7.95,7.65,,,,,
1986-06-09,,,,7.94,8.13,7.79,,,,,
1986-06-10,,,,7.92,8.07,7.78,,,,,
1986-06-11,,,,7.9,8.01,7.7,,,,,
1986-06-12,,,,7.83,7.98,7.7,,,,,
1986-06-13,,,,7.57,7.73,7.52,,,,,
1986-06-16,,,,7.47,7.63,7.43,,,,,
1986-06-17,,,,7.45,7.63,7.43,,,,,
1986-06-18,,,,7.41,7.57,7.44,,,,,
1986-06-19,,,,7.49,7.69,7.52,,,,,
1986-06-20,,,,7.45,7.6,7.47,,,,,
1986-06-23,,,,7.42,7.55,7.43,,,,,
1986-06-24,,,,7.35,7.47,7.39,,,,,
1986-06-25,,,,7.31,7.42,7.36,,,,,
1986-06-26,,,,7.29,7.42,7.35,,,,,
1986-06-27,,,,7.27,7.38,7.29,,,,,
1986-06-30,,,,7.23,7.35,7.24,,,,,
1986-07-01,,,,7.23,7.37,7.21,,,,,
1986-07-02,,,,7.23,7.37,7.22,,,,,
1986-07-03,,,,7.15,7.31,7.18,,,,,
1986-07-07,,,,7.14,7.31,7.16,,,,,
1986-07-08,,,,7.26,7.44,7.23,,,,,
1986-07-09,,,,7.14,7.31,7.15,,,,,
1986-07-10,,,,7.12,7.31,7.16,,,,,
1986-07-11,,,,7.0,7.3,7.19,,,,,
1986-07-14,,,,6.97,7.25,7.14,,,,,
1986-07-15,,,,6.91,7.16,7.12,,,,,
1986-07-16,,,,6.9,7.2,7.17,,,,,
1986-07-17,,,,6.91,7.18,7.2,,,,,
1986-07-18,,,,6.88,7.16,7.19,,,,,
1986-07-21,,,,6.88,7.14,7.17,,,,,
1986-07-22,,,,6.93,7.2,7.27,,,,,
1986-07-23,,,,7.04,7.29,7.36,,,,,
1986-07-24,,,,7.12,7.35,7.41,,,,,
1986-07-25,,,,7.09,7.33,7.4,,,,,
1986-07-28,,,,7.23,7.53,7.59,,,,,
1986-07-29,,,,7.13,7.41,7.5,,,,,
1986-07-30,,,,7.1,7.41,7.51,,,,,
1986-07-31,,,,7.02,7.34,7.46,,,,,
1986-08-01,,,,7.02,7.34,7.46,,,,,
1986-08-04,,,,7.01,7.33,7.46,,,,,
1986-08-05,,,,7.07,7.39,7.54,,,,,
1986-08-06,,,,7.13,7.47,7.57,,,,,
1986-08-07,,,,7.1,7.45,7.56,,,,,
1986-08-08,,,,6.97,7.3,7.41,,,,,
1986-08-11,,,,6.9,7.25,7.35,,,,,
1986-08-12,,,,6.89,7.23,7.34,,,,,
1986-08-13,,,,6.83,7.15,7.28,,,,,
1986-08-14,,,,6.89,7.16,7.29,,,,,
1986-08-15,,,,6.83,7.14,7.29,,,,,
1986-08-18,,,,6.83,7.14,7.28,,,,,
1986-08-19,,,,6.7,7.02,7.19,,,,,
1986-08-20,,,,6.65,7.0,7.17,,,,,
1986-08-21,,,,6.62,6.96,7.19,,,,,
1986-08-22,,,,6.68,7.07,7.27,,,,,
1986-08-25,,,,6.65,7.06,7.25,,,,,
1986-08-26,,,,6.63,6.97,7.2,,,,,
1986-08-27,,,,6.53,7.06,7.28,,,,,
1986-08-28,,,,6.52,7.04,7.26,,,,,
1986-08-29,,,,6.4,6.95,7.21,,,,,
1986-09-02,,,,6.45,7.03,7.23,,,,,
1986-09-03,,,,6.64,7.2,7.43,,,,,
1986-09-04,,,,6.63,7.15,7.4,,,,,
1986-09-05,,,,6.81,7.32,7.54,,,,,
1986-09-08,,,,6.89,7.38,7.59,,,,,
1986-09-09,,,,6.88,7.35,7.53,,,,,
1986-09-10,,,,6.85,7.35,7.54,,,,,
1986-09-11,,,,7.07,7.57,7.74,,,,,
1986-09-12,,,,7.09,7.63,7.74,,,,,
1986-09-15,,,,7.0,7.53,7.66,,,,,
1986-09-16,,,,6.99,7.53,7.67,,,,,
1986-09-17,,,,6.93,7.46,7.64,,,,,
1986-09-18,,,,7.02,7.62,7.74,,,,,
1986-09-19,,,,7.1,7.67,7.83,,,,,
1986-09-22,,,,7.06,7.62,7.79,,,,,
1986-09-23,,,,7.03,7.58,7.76,,,,,
1986-09-24,,,,6.94,7.48,7.64,,,,,
1986-09-25,,,,6.94,7.47,7.64,,,,,
1986-09-26,,,,6.96,7.47,7.63,,,,,
1986-09-29,,,,7.04,7.54,7.69,,,,,
1986-09-30,,,,6.98,7.45,7.6,,,,,
1986-10-01,,,,6.93,7.41,7.57,,,,,
1986-10-02,,,,6.95,7.45,7.61,,,,,
1986-10-03,,,,6.74,7.31,7.53,,,,,
1986-10-06,,,,6.71,7.28,7.53,,,,,
1986-10-07,,,,6.71,7.28,7.54,,,,,
1986-10-08,,,,6.71,7.31,7.6,,,,,
1986-10-09,,,,6.73,7.33,7.63,,,,,
1986-10-10,,,,6.73,7.36,7.66,,,,,
1986-10-14,,,,6.82,7.49,7.79,,,,,
1986-10-15,,,,6.87,7.51,7.78,,,,,
1986-10-16,,,,6.87,7.53,7.81,,,,,
1986-10-17,,,,6.94,7.57,7.84,,,,,
1986-10-20,,,,7.05,7.66,7.92,,,,,
1986-10-21,,,,6.96,7.57,7.84,,,,,
1986-10-22,,,,6.91,7.49,7.78,,,,,
1986-10-23,,,,6.82,7.43,7.72,,,,,
1986-10-24,,,,6.86,7.47,7.76,,,,,
1986-10-27,,,,6.82,7.42,7.71,,,,,
1986-10-28,,,,6.85,7.45,7.75,,,,,
1986-10-29,,,,6.82,7.41,7.71,,,,,
1986-10-30,,,,6.75,7.31,7.61,,,,,
1986-10-31,,,,6.76,7.34,7.61,,,,,
1986-11-03,,,,6.71,7.29,7.57,,,,,
1986-11-04,,,,6.71,7.31,7.59,,,,,
1986-11-05,,,,6.72,7.24,7.58,,,,,
1986-11-06,,,,6.79,7.32,7.55,,,,,
1986-11-07,,,,6.86,7.4,7.63,,,,,
1986-11-10,,,,6.89,7.38,7.64,,,,,
1986-11-12,,,,6.87,7.35,7.59,,,,,
1986-11-13,,,,6.83,7.33,7.59,,,,,
1986-11-14,,,,6.81,7.29,7.53,,,,,
1986-11-17,,,,6.77,7.22,7.48,,,,,
1986-11-18,,,,6.79,7.27,7.52,,,,,
1986-11-19,,,,6.73,7.19,7.44,,,,,
1986-11-20,,,,6.74,7.19,7.45,,,,,
1986-11-21,,,,6.72,7.17,7.44,,,,,
1986-11-24,,,,6.69,7.11,7.4,,,,,
1986-11-25,,,,6.66,7.15,7.44,,,,,
1986-11-26,,,,6.65,7.15,7.42,,,,,
1986-11-28,,,,6.65,7.15,7.41,,,,,
1986-12-01,,,,6.69,7.18,7.42,,,,,
1986-12-02,,,,6.61,7.08,7.34,,,,,
1986-12-03,,,,6.58,7.06,7.31,,,,,
1986-12-04,,,,6.53,7.01,7.29,,,,,
1986-12-05,,,,6.65,7.12,7.38,,,,,
1986-12-08,,,,6.61,7.1,7.34,,,,,
1986-12-09,,,,6.6,7.07,7.33,,,,,
1986-12-10,,,,6.58,7.05,7.32,,,,,
1986-12-11,,,,6.64,7.12,7.38,,,,,
1986-12-12,,,,6.66,7.13,7.39,,,,,
1986-12-15,,,,6.69,7.15,7.41,,,,,
1986-12-16,,,,6.67,7.12,7.39,,,,,
1986-12-17,,,,6.68,7.12,7.39,,,,,
1986-12-18,,,,6.69,7.11,7.38,,,,,
1986-12-19,,,,6.69,7.1,7.36,,,,,
1986-12-22,,,,6.69,7.1,7.36,,,,,
1986-12-23,,,,6.68,7.08,7.34,,,,,
1986-12-24,,,,6.68,7.07,7.34,,,,,
1986-12-26,,,,6.69,7.08,7.34,,,,,
1986-12-29,,,,6.78,7.17,7.41,,,,,
1986-12-30,,,,6.82,7.23,7.46,,,,,
1986-12-31,,,,6.81,7.23,7.49,,,,,
1987-01-02,,,,6.75,7.18,7.44,,,,,
1987-01-05,,,,6.67,7.08,7.35,,,,,
1987-01-06,,,,6.67,7.08,7.36,,,,,
1987-01-07,,,,6.65,7.05,7.33,,,,,
1987-01-08,,,,6.6,7.04,7.31,,,,,
1987-01-09,,,,6.58,7.01,7.29,,,,,
1987-01-12,,,,6.61,7.05,7.33,,,,,
1987-01-13,,,,6.64,7.1,7.37,,,,,
1987-01-14,,,,6.67,7.11,7.41,,,,,
1987-01-15,,,,6.64,7.08,7.39,,,,,
1987-01-16,,,,6.6,7.03,7.34,,,,,
1987-01-20,,,,6.57,7.01,7.32,,,,,
1987-01-21,,,,6.57,7.01,7.33,,,,,
1987-01-22,,,,6.57,7.03,7.36,,,,,
1987-01-23,,,,6.59,7.06,7.42,,,,,
1987-01-26,,,,6.67,7.17,7.49,,,,,
1987-01-27,,,,6.66,7.16,7.49,,,,,
1987-01-28,,,,6.63,7.13,7.46,,,,,
1987-01-29,,,,6.65,7.13,7.45,,,,,
1987-01-30,,,,6.71,7.18,7.48,,,,,
1987-02-02,,,,6.75,7.23,7.52,,,,,
1987-02-03,,,,6.77,7.25,7.53,,,,,
1987-02-04,,,,6.76,7.23,7.51,,,,,
1987-02-05,,,,6.7,7.2,7.47,,,,,
1987-02-06,,,,6.73,7.19,7.47,,,,,
1987-02-09,,,,6.79,7.25,7.53,,,,,
1987-02-10,,,,6.89,7.33,7.61,,,,,
1987-02-11,,,,6.96,7.37,7.64,,,,,
1987-02-12,,,,6.92,7.31,7.59,,,,,
1987-02-13,,,,6.83,7.28,7.57,,,,,
1987-02-17,,,,6.87,7.33,7.63,,,,,
1987-02-18,,,,6.84,7.3,7.6,,,,,
1987-02-19,,,,6.76,7.23,7.55,,,,,
1987-02-20,,,,6.78,7.24,7.55,,,,,
1987-02-23,,,,6.78,7.23,7.53,,,,,
1987-02-24,,,,6.75,7.18,7.48,,,,,
1987-02-25,,,,6.72,7.21,7.5,,,,,
1987-02-26,,,,6.74,7.21,7.5,,,,,
1987-02-27,,,,6.71,7.19,7.48,,,,,
1987-03-02,,,,6.69,7.17,7.46,,,,,
1987-03-03,,,,6.72,7.21,7.49,,,,,
1987-03-04,,,,6.66,7.14,7.44,,,,,
1987-03-05,,,,6.69,7.16,7.45,,,,,
1987-03-06,,,,6.77,7.23,7.52,,,,,
1987-03-09,,,,6.78,7.23,7.53,,,,,
1987-03-10,,,,6.78,7.23,7.53,,,,,
1987-03-11,,,,6.78,7.23,7.53,,,,,
1987-03-12,,,,6.78,7.22,7.52,,,,,
1987-03-13,,,,6.75,7.19,7.49,,,,,
1987-03-16,,,,6.77,7.22,7.52,,,,,
1987-03-17,,,,6.75,7.2,7.51,,,,,
1987-03-18,,,,6.76,7.21,7.52,,,,,
1987-03-19,,,,6.75,7.21,7.51,,,,,
1987-03-20,,,,6.77,7.22,7.53,,,,,
1987-03-23,,,,6.8,7.25,7.56,,,,,
1987-03-24,,,,6.82,7.27,7.59,,,,,
1987-03-25,,,,6.84,7.26,7.58,,,,,
1987-03-26,,,,6.81,7.24,7.56,,,,,
1987-03-27,,,,6.89,7.33,7.64,,,,,
1987-03-30,,,,7.07,7.54,7.84,,,,,
1987-03-31,,,,7.02,7.51,7.81,,,,,
1987-04-01,,,,7.12,7.59,7.89,,,,,
1987-04-02,,,,7.12,7.59,7.9,,,,,
1987-04-03,,,,7.1,7.59,7.89,,,,,
1987-04-06,,,,7.06,7.54,7.84,,,,,
1987-04-07,,,,7.14,7.62,7.92,,,,,
1987-04-08,,,,7.14,7.61,7.9,,,,,
1987-04-09,,,,7.3,7.78,8.06,,,,,
1987-04-10,,,,7.55,7.98,8.19,,,,,
1987-04-13,,,,7.68,8.07,8.26,,,,,
1987-04-14,,,,7.83,8.28,8.4,,,,,
1987-04-15,,,,7.67,8.1,8.32,,,,,
1987-04-16,,,,7.55,8.03,8.22,,,,,
1987-04-20,,,,7.72,8.2,8.39,,,,,
1987-04-21,,,,7.71,8.19,8.38,,,,,
1987-04-22,,,,7.77,8.24,8.44,,,,,
1987-04-23,,,,7.92,8.39,8.51,,,,,
1987-04-24,,,,8.05,8.47,8.69,,,,,
1987-04-27,,,,7.97,8.37,8.59,,,,,
1987-04-28,,,,7.91,8.28,8.5,,,,,
1987-04-29,,,,7.93,8.35,8.56,,,,,
1987-04-30,,,,7.82,8.21,8.45,,,,,
1987-05-01,,,,7.98,8.39,8.59,,,,,
1987-05-04,,,,8.12,8.52,8.72,,,,,
1987-05-05,,,,8.08,8.45,8.64,,,,,
1987-05-06,,,,8.15,8.54,8.75,,,,,
1987-05-07,,,,8.08,8.5,8.63,,,,,
1987-05-08,,,,8.04,8.43,8.61,,,,,
1987-05-11,,,,8.19,8.57,8.76,,,,,
1987-05-12,,,,8.19,8.55,8.72,,,,,
1987-05-13,,,,8.18,8.55,8.71,,,,,
1987-05-14,,,,8.2,8.57,8.73,,,,,
1987-05-15,,,,8.45,8.8,8.92,,,,,
1987-05-18,,,,8.42,8.73,8.88,,,,,
1987-05-19,,,,8.55,8.89,9.06,,,,,
1987-05-20,,,,8.61,8.92,9.07,,,,,
1987-05-21,,,,8.55,8.87,9.03,,,,,
1987-05-22,,,,8.49,8.78,8.95,,,,,
1987-05-26,,,,8.23,8.55,8.69,,,,,
1987-05-27,,,,8.28,8.6,8.75,,,,,
1987-05-28,,,,8.25,8.56,8.74,,,,,
1987-05-29,,,,8.15,8.49,8.65,,,,,
1987-06-01,,,,8.08,8.45,8.63,,,,,
1987-06-02,,,,8.31,8.72,8.9,,,,,
1987-06-03,,,,8.25,8.64,8.79,,,,,
1987-06-04,,,,8.2,8.58,8.76,,,,,
1987-06-05,,,,8.11,8.5,8.66,,,,,
1987-06-08,,,,8.14,8.53,8.68,,,,,
1987-06-09,,,,8.18,8.56,8.73,,,,,
1987-06-10,,,,8.15,8.56,8.72,,,,,
1987-06-11,,,,8.13,8.52,8.69,,,,,
1987-06-12,,,,7.9,8.32,8.5,,,,,
1987-06-15,,,,7.89,8.28,8.46,,,,,
1987-06-16,,,,7.89,8.28,8.47,,,,,
1987-06-17,,,,7.83,8.23,8.42,,,,,
1987-06-18,,,,7.87,8.27,8.45,,,,,
1987-06-19,,,,7.89,8.3,8.48,,,,,
1987-06-22,,,,7.83,8.23,8.41,,,,,
1987-06-23,,,,7.85,8.23,8.41,,,,,
1987-06-24,,,,7.94,8.31,8.47,,,,,
1987-06-25,,,,7.91,8.25,8.4,,,,,
1987-06-26,,,,8.02,8.37,8.5,,,,,
1987-06-29,,,,7.97,8.34,8.49,,,,,
1987-06-30,,,,8.02,8.38,8.51,,,,,
1987-07-01,,,,7.96,8.36,8.49,,,,,
1987-07-02,,,,7.9,8.3,8.43,,,,,
1987-07-06,,,,7.9,8.29,8.42,,,,,
1987-07-07,,,,7.9,8.28,8.4,,,,,
1987-07-08,,,,7.9,8.32,8.45,,,,,
1987-07-09,,,,7.95,8.37,8.52,,,,,
1987-07-10,,,,7.88,8.32,8.46,,,,,
1987-07-13,,,,7.93,8.38,8.54,,,,,
1987-07-14,,,,7.89,8.33,8.51,,,,,
1987-07-15,,,,7.97,8.43,8.61,,,,,
1987-07-16,,,,7.95,8.41,8.59,,,,,
1987-07-17,,,,7.92,8.36,8.55,,,,,
1987-07-20,,,,7.96,8.41,8.61,,,,,
1987-07-21,,,,8.03,8.49,8.72,,,,,
1987-07-22,,,,8.05,8.54,8.78,,,,,
1987-07-23,,,,8.08,8.56,8.8,,,,,
1987-07-24,,,,8.12,8.58,8.83,,,,,
1987-07-27,,,,8.15,8.6,8.84,,,,,
1987-07-28,,,,8.17,8.62,8.86,,,,,
1987-07-29,,,,8.16,8.61,8.85,,,,,
1987-07-30,,,,8.2,8.61,8.84,,,,,
1987-07-31,,,,8.21,8.66,8.89,,,,,
1987-08-03,,,,8.34,8.81,9.02,,,,,
1987-08-04,,,,8.34,8.81,9.04,,,,,
1987-08-05,,,,8.26,8.71,8.95,,,,,
1987-08-06,,,,8.28,8.73,8.96,,,,,
1987-08-07,,,,8.27,8.7,8.93,,,,,
1987-08-10,,,,8.29,8.74,8.96,,,,,
1987-08-11,,,,8.26,8.73,8.95,,,,,
1987-08-12,,,,8.27,8.72,8.95,,,,,
1987-08-13,,,,8.21,8.63,8.85,,,,,
1987-08-14,,,,8.18,8.58,8.77,,,,,
1987-08-17,,,,8.17,8.56,8.77,,,,,
1987-08-18,,,,8.31,8.73,8.95,,,,,
1987-08-19,,,,8.34,8.77,8.98,,,,,
1987-08-20,,,,8.35,8.74,8.94,,,,,
1987-08-21,,,,8.35,8.77,8.97,,,,,
1987-08-24,,,,8.34,8.78,8.99,,,,,
1987-08-25,,,,8.32,8.73,8.94,,,,,
1987-08-26,,,,8.36,8.79,8.99,,,,,
1987-08-27,,,,8.48,8.92,9.11,,,,,
1987-08-28,,,,8.54,9.02,9.18,,,,,
1987-08-31,,,,8.52,9.0,9.17,,,,,
1987-09-01,,,,8.57,9.05,9.24,,,,,
1987-09-02,,,,8.77,9.28,9.45,,,,,
1987-09-03,,,,8.77,9.29,9.47,,,,,
1987-09-04,,,,8.82,9.3,9.47,,,,,
1987-09-08,,,,9.02,9.5,9.65,,,,,
1987-09-09,,,,9.0,9.48,9.66,,,,,
1987-09-10,,,,8.95,9.42,9.6,,,,,
1987-09-11,,,,8.88,9.33,9.5,,,,,
1987-09-14,,,,8.87,9.34,9.52,,,,,
1987-09-15,,,,8.95,9.44,9.64,,,,,
1987-09-16,,,,9.0,9.52,9.7,,,,,
1987-09-17,,,,8.98,9.48,9.65,,,,,
1987-09-18,,,,8.91,9.38,9.56,,,,,
1987-09-21,,,,8.94,9.45,9.63,,,,,
1987-09-22,,,,8.91,9.37,9.53,,,,,
1987-09-23,,,,8.92,9.4,9.55,,,,,
1987-09-24,,,,9.03,9.51,9.67,,,,,
1987-09-25,,,,9.06,9.53,9.68,,,,,
1987-09-28,,,,9.07,9.52,9.67,,,,,
1987-09-29,,,,9.17,9.64,9.8,,,,,
1987-09-30,,,,9.21,9.63,9.79,,,,,
1987-10-01,,,,9.22,9.66,9.8,,,,,
1987-10-02,,,,9.2,9.6,9.7,,,,,
1987-10-05,,,,9.28,9.69,9.79,,,,,
1987-10-06,,,,9.32,9.72,9.81,,,,,
1987-10-07,,,,9.31,9.71,9.79,,,,,
1987-10-08,,,,9.49,9.86,9.86,,,,,
1987-10-09,,,,9.56,9.94,9.96,,,,,
1987-10-13,,,,9.51,9.9,9.92,,,,,
1987-10-14,,,,9.75,10.13,10.12,,,,,
1987-10-15,,,,9.82,10.18,10.24,,,,,
1987-10-16,,,,9.84,10.23,10.24,,,,,
1987-10-19,,,,9.7,10.15,10.25,,,,,
1987-10-20,,,,8.93,9.4,9.49,,,,,
1987-10-21,,,,8.8,9.3,9.44,,,,,
1987-10-22,,,,8.52,8.97,9.15,,,,,
1987-10-23,,,,8.55,8.98,9.11,,,,,
1987-10-26,,,,8.33,8.8,8.94,,,,,
1987-10-27,,,,8.42,8.92,9.04,,,,,
1987-10-28,,,,8.43,9.01,9.14,,,,,
1987-10-29,,,,8.33,8.89,9.08,,,,,
1987-10-30,,,,8.37,8.88,9.03,,,,,
1987-11-02,,,,8.44,8.98,9.13,,,,,
1987-11-03,,,,8.38,8.91,9.03,,,,,
1987-11-04,,,,8.3,8.85,8.92,,,,,
1987-11-05,,,,8.18,8.72,8.8,,,,,
1987-11-06,,,,8.28,8.76,8.85,,,,,
1987-11-09,,,,8.3,8.78,8.86,,,,,
1987-11-10,,,,8.27,8.79,8.88,,,,,
1987-11-12,,,,8.27,8.8,8.88,,,,,
1987-11-13,,,,8.34,8.84,8.93,,,,,
1987-11-16,,,,8.34,8.82,8.9,,,,,
1987-11-17,,,,8.38,8.86,8.94,,,,,
1987-11-18,,,,8.38,8.85,8.94,,,,,
1987-11-19,,,,8.34,8.83,8.92,,,,,
1987-11-20,,,,8.32,8.79,8.88,,,,,
1987-11-23,,,,8.34,8.8,8.89,,,,,
1987-11-24,,,,8.35,8.89,9.0,,,,,
1987-11-25,,,,8.41,8.98,9.06,,,,,
1987-11-27,,,,8.55,9.11,9.18,,,,,
1987-11-30,,,,8.43,8.99,9.1,,,,,
1987-12-01,,,,8.44,9.01,9.15,,,,,
1987-12-02,,,,8.43,9.01,9.15,,,,,
1987-12-03,,,,8.35,8.94,9.09,,,,,
1987-12-04,,,,8.35,8.94,9.12,,,,,
1987-12-07,,,,8.48,9.07,9.22,,,,,
1987-12-08,,,,8.49,9.09,9.26,,,,,
1987-12-09,,,,8.47,9.05,9.22,,,,,
1987-12-10,,,,8.63,9.23,9.4,,,,,
1987-12-11,,,,8.65,9.28,9.45,,,,,
1987-12-14,,,,8.63,9.23,9.41,,,,,
1987-12-15,,,,8.54,9.09,9.24,,,,,
1987-12-16,,,,8.46,9.0,9.14,,,,,
1987-12-17,,,,8.47,9.03,9.15,,,,,
1987-12-18,,,,8.39,8.89,8.96,,,,,
1987-12-21,,,,8.38,8.88,9.01,,,,,
1987-12-22,,,,8.48,8.95,9.05,,,,,
1987-12-23,,,,8.4,8.83,8.91,,,,,
1987-12-24,,,,8.37,8.82,8.9,,,,,
1987-12-28,,,,8.46,8.93,9.01,,,,,
1987-12-29,,,,8.41,8.85,8.95,,,,,
1987-12-30,,,,8.32,8.78,8.9,,,,,
1987-12-31,,,,8.33,8.83,8.95,,,,,
1988-01-04,,,,8.35,8.83,8.95,,,,,
1988-01-05,,,,8.29,8.76,8.88,,,,,
1988-01-06,,,,8.37,8.82,8.97,,,,,
1988-01-07,,,,8.35,8.83,8.97,,,,,
1988-01-08,,,,8.48,8.97,9.12,,,,,
1988-01-11,,,,8.41,8.94,9.1,,,,,
1988-01-12,,,,8.39,8.93,9.1,,,,,
1988-01-13,,,,8.36,8.87,9.05,,,,,
1988-01-14,,,,8.36,8.86,9.05,,,,,
1988-01-15,,,,8.13,8.6,8.76,,,,,
1988-01-19,,,,8.16,8.65,8.81,,,,,
1988-01-20,,,,8.11,8.61,8.78,,,,,
1988-01-21,,,,8.04,8.53,8.7,,,,,
1988-01-22,,,,8.01,8.49,8.67,,,,,
1988-01-25,,,,7.99,8.45,8.62,,,,,
1988-01-26,,,,8.08,8.54,8.71,,,,,
1988-01-27,,,,7.91,8.38,8.55,,,,,
1988-01-28,,,,7.83,8.33,8.49,,,,,
1988-01-29,,,,7.76,8.26,8.42,,,,,
1988-02-01,,,,7.78,8.26,8.42,,,,,
1988-02-02,,,,7.7,8.18,8.32,,,,,
1988-02-03,,,,7.76,8.21,8.39,,,,,
1988-02-04,,,,7.76,8.24,8.46,,,,,
1988-02-05,,,,7.64,8.12,8.36,,,,,
1988-02-08,,,,7.7,8.19,8.41,,,,,
1988-02-09,,,,7.65,8.16,8.4,,,,,
1988-02-10,,,,7.59,8.11,8.35,,,,,
1988-02-11,,,,7.64,8.16,8.4,,,,,
1988-02-12,,,,7.77,8.28,8.5,,,,,
1988-02-16,,,,7.79,8.31,8.53,,,,,
1988-02-17,,,,7.8,8.32,8.54,,,,,
1988-02-18,,,,7.78,8.28,8.51,,,,,
1988-02-19,,,,7.77,8.26,8.5,,,,,
1988-02-22,,,,7.75,8.24,8.48,,,,,
1988-02-23,,,,7.69,8.17,8.4,,,,,
1988-02-24,,,,7.69,8.18,8.41,,,,,
1988-02-25,,,,7.68,8.23,8.45,,,,,
1988-02-26,,,,7.67,8.18,8.42,,,,,
1988-02-29,,,,7.64,8.16,8.39,,,,,
1988-03-01,,,,7.61,8.15,8.4,,,,,
1988-03-02,,,,7.59,8.13,8.37,,,,,
1988-03-03,,,,7.59,8.12,8.36,,,,,
1988-03-04,,,,7.74,8.28,8.52,,,,,
1988-03-07,,,,7.77,8.3,8.54,,,,,
1988-03-08,,,,7.79,8.33,8.58,,,,,
1988-03-09,,,,7.76,8.32,8.58,,,,,
1988-03-10,,,,7.81,8.35,8.6,,,,,
1988-03-11,,,,7.76,8.29,8.55,,,,,
1988-03-14,,,,7.76,8.29,8.55,,,,,
1988-03-15,,,,7.76,8.3,8.56,,,,,
1988-03-16,,,,7.81,8.36,8.63,,,,,
1988-03-17,,,,7.76,8.3,8.57,,,,,
1988-03-18,,,,7.81,8.41,8.69,,,,,
1988-03-21,,,,7.91,8.47,8.74,,,,,
1988-03-22,,,,7.91,8.46,8.73,,,,,
1988-03-23,,,,7.95,8.47,8.76,,,,,
1988-03-24,,,,8.01,8.51,8.77,,,,,
1988-03-25,,,,7.95,8.47,8.72,,,,,
1988-03-28,,,,8.03,8.58,8.83,,,,,
1988-03-29,,,,8.03,8.56,8.81,,,,,
1988-03-30,,,,8.03,8.57,8.83,,,,,
1988-03-31,,,,8.04,8.57,8.82,,,,,
1988-04-04,,,,8.19,8.68,8.92,,,,,
1988-04-05,,,,8.18,8.67,8.9,,,,,
1988-04-06,,,,8.13,8.61,8.83,,,,,
1988-04-07,,,,8.12,8.6,8.82,,,,,
1988-04-08,,,,8.05,8.52,8.74,,,,,
1988-04-11,,,,8.1,8.59,8.82,,,,,
1988-04-12,,,,8.09,8.57,8.79,,,,,
1988-04-13,,,,8.05,8.56,8.77,,,,,
1988-04-14,,,,8.15,8.67,8.91,,,,,
1988-04-15,,,,8.2,8.74,8.97,,,,,
1988-04-18,,,,8.25,8.81,9.03,,,,,
1988-04-19,,,,8.24,8.81,9.06,,,,,
1988-04-20,,,,8.27,8.83,9.06,,,,,
1988-04-21,,,,8.26,8.82,9.06,,,,,
1988-04-22,,,,8.23,8.78,9.03,,,,,
1988-04-25,,,,8.23,8.78,9.03,,,,,
1988-04-26,,,,8.24,8.8,9.04,,,,,
1988-04-27,,,,8.25,8.8,9.05,,,,,
1988-04-28,,,,8.32,8.86,9.11,,,,,
1988-04-29,,,,8.33,8.87,9.11,,,,,
1988-05-02,,,,8.39,8.94,9.17,,,,,
1988-05-03,,,,8.35,8.89,9.12,,,,,
1988-05-04,,,,8.35,8.9,9.13,,,,,
1988-05-05,,,,8.39,8.92,9.12,,,,,
1988-05-06,,,,8.48,9.01,9.18,,,,,
1988-05-09,,,,8.5,9.03,9.18,,,,,
1988-05-10,,,,8.55,9.07,9.2,,,,,
1988-05-11,,,,8.55,9.05,9.22,,,,,
1988-05-12,,,,8.55,9.04,9.17,,,,,
1988-05-13,,,,8.51,9.0,9.11,,,,,
1988-05-16,,,,8.52,9.01,9.13,,,,,
1988-05-17,,,,8.64,9.12,9.22,,,,,
1988-05-18,,,,8.68,9.19,9.31,,,,,
1988-05-19,,,,8.67,9.18,9.3,,,,,
1988-05-20,,,,8.7,9.22,9.35,,,,,
1988-05-23,,,,8.74,9.23,9.36,,,,,
1988-05-24,,,,8.73,9.22,9.34,,,,,
1988-05-25,,,,8.73,9.2,9.31,,,,,
1988-05-26,,,,8.72,9.21,9.32,,,,,
1988-05-27,,,,8.75,9.24,9.33,,,,,
1988-05-31,,,,8.73,9.2,9.3,,,,,
1988-06-01,,,,8.57,9.03,9.12,,,,,
1988-06-02,,,,8.6,9.07,9.16,,,,,
1988-06-03,,,,8.52,8.97,9.07,,,,,
1988-06-06,,,,8.51,8.97,9.06,,,,,
1988-06-07,,,,8.54,9.02,9.12,,,,,
1988-06-08,,,,8.46,8.92,9.02,,,,,
1988-06-09,,,,8.5,8.96,9.06,,,,,
1988-06-10,,,,8.47,8.92,9.04,,,,,
1988-06-13,,,,8.45,8.91,9.02,,,,,
1988-06-14,,,,8.25,8.69,8.81,,,,,
1988-06-15,,,,8.29,8.71,8.83,,,,,
1988-06-16,,,,8.46,8.89,8.98,,,,,
1988-06-17,,,,8.58,9.02,9.12,,,,,
1988-06-20,,,,8.59,9.02,9.09,,,,,
1988-06-21,,,,8.61,9.03,9.1,,,,,
1988-06-22,,,,8.49,8.9,8.94,,,,,
1988-06-23,,,,8.47,8.88,8.9,,,,,
1988-06-24,,,,8.45,8.85,8.87,,,,,
1988-06-27,,,,8.54,8.94,8.96,,,,,
1988-06-28,,,,8.48,8.87,8.89,,,,,
1988-06-29,,,,8.47,8.88,8.92,,,,,
1988-06-30,,,,8.41,8.82,8.87,,,,,
1988-07-01,,,,8.38,8.77,8.84,,,,,
1988-07-05,,,,8.42,8.82,8.88,,,,,
1988-07-06,,,,8.47,8.91,8.98,,,,,
1988-07-07,,,,8.52,8.95,9.0,,,,,
1988-07-08,,,,8.64,9.04,9.1,,,,,
1988-07-11,,,,8.62,9.02,9.06,,,,,
1988-07-12,,,,8.68,9.08,9.11,,,,,
1988-07-13,,,,8.69,9.12,9.2,,,,,
1988-07-14,,,,8.7,9.12,9.19,,,,,
1988-07-15,,,,8.67,9.08,9.16,,,,,
1988-07-18,,,,8.73,9.15,9.24,,,,,
1988-07-19,,,,8.7,9.1,9.21,,,,,
1988-07-20,,,,8.7,9.11,9.24,,,,,
1988-07-21,,,,8.75,9.16,9.27,,,,,
1988-07-22,,,,8.71,9.11,9.21,,,,,
1988-07-25,,,,8.69,9.07,9.16,,,,,
1988-07-26,,,,8.72,9.09,9.19,,,,,
1988-07-27,,,,8.77,9.14,9.26,,,,,
1988-07-28,,,,8.79,9.16,9.27,,,,,
1988-07-29,,,,8.75,9.12,9.23,,,,,
1988-08-01,,,,8.7,9.07,9.17,,,,,
1988-08-02,,,,8.63,9.0,9.08,,,,,
1988-08-03,,,,8.64,9.04,9.1,,,,,
1988-08-04,,,,8.61,8.99,9.04,,,,,
1988-08-05,,,,8.78,9.12,9.14,,,,,
1988-08-08,,,,8.79,9.12,9.13,,,,,
1988-08-09,,,,8.88,9.2,9.21,,,,,
1988-08-10,,,,9.0,9.3,9.36,,,,,
1988-08-11,,,,9.02,9.35,9.4,,,,,
1988-08-12,,,,9.03,9.36,9.42,,,,,
1988-08-15,,,,9.04,9.37,9.44,,,,,
1988-08-16,,,,9.03,9.35,9.4,,,,,
1988-08-17,,,,9.06,9.38,9.43,,,,,
1988-08-18,,,,9.05,9.35,9.41,,,,,
1988-08-19,,,,9.05,9.35,9.41,,,,,
1988-08-22,,,,9.09,9.37,9.44,,,,,
1988-08-23,,,,9.04,9.32,9.39,,,,,
1988-08-24,,,,9.02,9.34,9.4,,,,,
1988-08-25,,,,9.08,9.41,9.46,,,,,
1988-08-26,,,,9.07,9.38,9.43,,,,,
1988-08-29,,,,9.0,9.3,9.36,,,,,
1988-08-30,,,,8.98,9.27,9.33,,,,,
1988-08-31,,,,8.95,9.25,9.31,,,,,
1988-09-01,,,,8.95,9.25,9.31,,,,,
1988-09-02,,,,8.7,9.0,9.05,,,,,
1988-09-06,,,,8.7,8.99,9.05,,,,,
1988-09-07,,,,8.69,8.99,9.04,,,,,
1988-09-08,,,,8.69,8.99,9.05,,,,,
1988-09-09,,,,8.62,8.93,8.99,,,,,
1988-09-12,,,,8.66,8.97,9.04,,,,,
1988-09-13,,,,8.65,8.94,9.01,,,,,
1988-09-14,,,,8.59,8.88,8.96,,,,,
1988-09-15,,,,8.63,8.91,9.0,,,,,
1988-09-16,,,,8.65,8.93,9.01,,,,,
1988-09-19,,,,8.69,8.97,9.07,,,,,
1988-09-20,,,,8.68,8.97,9.06,,,,,
1988-09-21,,,,8.64,8.93,9.02,,,,,
1988-09-22,,,,8.67,8.95,9.05,,,,,
1988-09-23,,,,8.69,8.97,9.05,,,,,
1988-09-26,,,,8.73,9.0,9.09,,,,,
1988-09-27,,,,8.77,9.04,9.11,,,,,
1988-09-28,,,,8.81,9.06,9.15,,,,,
1988-09-29,,,,8.73,8.98,9.08,,,,,
1988-09-30,,,,8.61,8.87,8.98,,,,,
1988-10-03,,,,8.59,8.84,8.96,,,,,
1988-10-04,,,,8.6,8.87,8.97,,,,,
1988-10-05,,,,8.6,8.87,8.98,,,,,
1988-10-06,,,,8.61,8.87,8.97,,,,,
1988-10-07,,,,8.43,8.7,8.81,,,,,
1988-10-11,,,,8.48,8.75,8.86,,,,,
1988-10-12,,,,8.56,8.84,8.94,,,,,
1988-10-13,,,,8.55,8.84,8.94,,,,,
1988-10-14,,,,8.52,8.81,8.9,,,,,
1988-10-17,,,,8.5,8.79,8.88,,,,,
1988-10-18,,,,8.49,8.78,8.87,,,,,
1988-10-19,,,,8.53,8.82,8.91,,,,,
1988-10-20,,,,8.52,8.79,8.85,,,,,
1988-10-21,,,,8.54,8.83,8.89,,,,,
1988-10-24,,,,8.54,8.83,8.93,,,,,
1988-10-25,,,,8.53,8.83,8.93,,,,,
1988-10-26,,,,8.48,8.79,8.92,,,,,
1988-10-27,,,,8.41,8.72,8.84,,,,,
1988-10-28,,,,8.4,8.69,8.8,,,,,
1988-10-31,,,,8.37,8.65,8.74,,,,,
1988-11-01,,,,8.38,8.68,8.76,,,,,
1988-11-02,,,,8.44,8.73,8.81,,,,,
1988-11-03,,,,8.42,8.69,8.76,,,,,
1988-11-04,,,,8.58,8.85,8.91,,,,,
1988-11-07,,,,8.66,8.91,8.96,,,,,
1988-11-08,,,,8.66,8.91,8.97,,,,,
1988-11-09,,,,8.71,8.91,9.01,,,,,
1988-11-10,,,,8.72,8.9,8.99,,,,,
1988-11-14,,,,8.76,8.91,9.01,,,,,
1988-11-15,,,,8.78,8.92,9.01,,,,,
1988-11-16,,,,8.87,9.0,9.1,,,,,
1988-11-17,,,,8.9,9.06,9.14,,,,,
1988-11-18,,,,8.91,9.05,9.12,,,,,
1988-11-21,,,,8.92,9.04,9.11,,,,,
1988-11-22,,,,8.99,9.09,9.12,,,,,
1988-11-23,,,,8.97,9.08,9.11,,,,,
1988-11-25,,,,9.07,9.17,9.18,,,,,
1988-11-28,,,,9.06,9.16,9.15,,,,,
1988-11-29,,,,9.02,9.13,9.13,,,,,
1988-11-30,,,,8.91,9.06,9.07,,,,,
1988-12-01,,,,8.88,9.01,9.02,,,,,
1988-12-02,,,,9.11,9.18,9.18,,,,,
1988-12-05,,,,9.07,9.13,9.13,,,,,
1988-12-06,,,,8.88,8.95,8.95,,,,,
1988-12-07,,,,8.93,9.0,8.98,,,,,
1988-12-08,,,,9.01,9.02,8.97,,,,,
1988-12-09,,,,9.05,9.07,8.97,,,,,
1988-12-12,,,,9.07,9.08,8.94,,,,,
1988-12-13,,,,9.15,9.15,8.98,,,,,
1988-12-14,,,,9.19,9.19,9.06,,,,,
1988-12-15,,,,9.21,9.19,9.07,,,,,
1988-12-16,,,,9.18,9.17,9.05,,,,,
1988-12-19,,,,9.16,9.15,9.05,,,,,
1988-12-20,,,,9.09,9.08,8.96,,,,,
1988-12-21,,,,9.08,9.07,8.96,,,,,
1988-12-22,,,,9.09,9.07,8.94,,,,,
1988-12-23,,,,9.08,9.05,8.92,,,,,
1988-12-27,,,,9.17,9.13,8.96,,,,,
1988-12-28,,,,9.22,9.21,9.01,,,,,
1988-12-29,,,,9.19,9.18,9.01,,,,,
1988-12-30,,,,9.14,9.14,9.0,,,,,
1989-01-03,,,,9.25,9.23,9.09,,,,,
1989-01-04,,,,9.24,9.22,9.08,,,,,
1989-01-05,,,,9.32,9.27,9.1,,,,,
1989-01-06,,,,9.3,9.25,9.06,,,,,
1989-01-09,,,,9.3,9.23,9.05,,,,,
1989-01-10,,,,9.29,9.24,9.05,,,,,
1989-01-11,,,,9.28,9.24,9.05,,,,,
1989-01-12,,,,9.2,9.14,8.98,,,,,
1989-01-13,,,,9.1,9.06,8.89,,,,,
1989-01-17,,,,9.11,9.06,8.89,,,,,
1989-01-18,,,,9.07,8.99,8.84,,,,,
1989-01-19,,,,9.06,9.0,8.86,,,,,
1989-01-20,,,,9.11,9.03,8.89,,,,,
1989-01-23,,,,9.06,9.0,8.87,,,,,
1989-01-24,,,,8.98,8.93,8.78,,,,,
1989-01-25,,,,9.05,8.99,8.82,,,,,
1989-01-26,,,,9.07,8.99,8.81,,,,,
1989-01-27,,,,9.03,8.95,8.76,,,,,
1989-01-30,,,,9.07,9.0,8.83,,,,,
1989-01-31,,,,9.08,9.01,8.84,,,,,
1989-02-01,,,,9.05,8.99,8.83,,,,,
1989-02-02,,,,9.05,8.98,8.82,,,,,
1989-02-03,,,,9.1,9.01,8.84,,,,,
1989-02-06,,,,9.11,9.01,8.85,,,,,
1989-02-07,,,,9.06,8.96,8.8,,,,,
1989-02-08,,,,9.06,8.95,8.82,,,,,
1989-02-09,,,,9.21,9.13,8.99,,,,,
1989-02-10,,,,9.28,9.19,9.05,,,,,
1989-02-13,,,,9.29,9.2,9.06,,,,,
1989-02-14,,,,9.34,9.23,9.1,,,,,
1989-02-15,,,,9.33,9.22,9.09,,,,,
1989-02-16,,,,9.32,9.21,9.06,,,,,
1989-02-17,,,,9.32,9.2,9.05,,,,,
1989-02-21,,,,9.34,9.22,9.05,,,,,
1989-02-22,,,,9.43,9.29,9.12,,,,,
1989-02-23,,,,9.47,9.36,9.17,,,,,
1989-02-24,,,,9.49,9.38,9.18,,,,,
1989-02-27,,,,9.47,9.36,9.17,,,,,
1989-02-28,,,,9.42,9.32,9.14,,,,,
1989-03-01,,,,9.43,9.36,9.18,,,,,
1989-03-02,,,,9.38,9.31,9.13,,,,,
1989-03-03,,,,9.38,9.31,9.13,,,,,
1989-03-06,,,,9.34,9.26,9.09,,,,,
1989-03-07,,,,9.35,9.26,9.09,,,,,
1989-03-08,,,,9.34,9.23,9.05,,,,,
1989-03-09,,,,9.35,9.24,9.07,,,,,
1989-03-10,,,,9.48,9.34,9.15,,,,,
1989-03-13,,,,9.48,9.35,9.15,,,,,
1989-03-14,,,,9.45,9.32,9.13,,,,,
1989-03-15,,,,9.45,9.31,9.13,,,,,
1989-03-16,,,,9.43,9.3,9.12,,,,,
1989-03-17,,,,9.64,9.49,9.3,,,,,
1989-03-20,,,,9.71,9.53,9.31,,,,,
1989-03-21,,,,9.75,9.53,9.3,,,,,
1989-03-22,,,,9.65,9.45,9.25,,,,,
1989-03-23,,,,9.65,9.43,9.23,,,,,
1989-03-27,,,,9.67,9.44,9.23,,,,,
1989-03-28,,,,9.66,9.41,9.2,,,,,
1989-03-29,,,,9.6,9.36,9.15,,,,,
1989-03-30,,,,9.59,9.34,9.14,,,,,
1989-03-31,,,,9.53,9.3,9.11,,,,,
1989-04-03,,,,9.39,9.21,9.07,,,,,
1989-04-04,,,,9.31,9.17,9.03,,,,,
1989-04-05,,,,9.31,9.17,9.02,,,,,
1989-04-06,,,,9.35,9.2,9.04,,,,,
1989-04-07,,,,9.42,9.27,9.11,,,,,
1989-04-10,,,,9.43,9.27,9.1,,,,,
1989-04-11,,,,9.42,9.27,9.1,,,,,
1989-04-12,,,,9.44,9.29,9.11,,,,,
1989-04-13,,,,9.5,9.34,9.15,,,,,
1989-04-14,,,,9.29,9.18,9.04,,,,,
1989-04-17,,,,9.33,9.2,9.06,,,,,
1989-04-18,,,,9.14,9.06,8.94,,,,,
1989-04-19,,,,9.17,9.08,8.96,,,,,
1989-04-20,,,,9.32,9.2,9.03,,,,,
1989-04-21,,,,9.27,9.15,8.99,,,,,
1989-04-24,,,,9.26,9.15,8.99,,,,,
1989-04-25,,,,9.21,9.12,8.97,,,,,
1989-04-26,,,,9.18,9.11,8.96,,,,,
1989-04-27,,,,9.1,9.05,8.92,,,,,
1989-04-28,,,,9.06,9.02,8.91,,,,,
1989-05-01,,,,9.19,9.14,9.0,,,,,
1989-05-02,,,,9.11,9.08,8.95,,,,,
1989-05-03,,,,9.1,9.06,8.95,,,,,
1989-05-04,,,,9.09,9.06,8.99,,,,,
1989-05-05,,,,8.96,8.99,8.95,,,,,
1989-05-08,,,,9.02,9.04,8.99,,,,,
1989-05-09,,,,9.17,9.15,9.08,,,,,
1989-05-10,,,,9.21,9.16,9.12,,,,,
1989-05-11,,,,9.1,9.1,9.07,,,,,
1989-05-12,,,,8.8,8.81,8.84,,,,,
1989-05-15,,,,8.85,8.82,8.85,,,,,
1989-05-16,,,,8.87,8.82,8.84,,,,,
1989-05-17,,,,8.87,8.8,8.81,,,,,
1989-05-18,,,,8.88,8.78,8.78,,,,,
1989-05-19,,,,8.82,8.71,8.72,,,,,
1989-05-22,,,,8.71,8.58,8.6,,,,,
1989-05-23,,,,8.72,8.6,8.62,,,,,
1989-05-24,,,,8.74,8.63,8.63,,,,,
1989-05-25,,,,8.75,8.67,8.66,,,,,
1989-05-26,,,,8.72,8.66,8.63,,,,,
1989-05-30,,,,8.68,8.64,8.63,,,,,
1989-05-31,,,,8.65,8.6,8.6,,,,,
1989-06-01,,,,8.65,8.61,8.61,,,,,
1989-06-02,,,,8.42,8.43,8.48,,,,,
1989-06-05,,,,8.33,8.36,8.44,,,,,
1989-06-06,,,,8.35,8.36,8.41,,,,,
1989-06-07,,,,8.28,8.27,8.34,,,,,
1989-06-08,,,,8.26,8.27,8.31,,,,,
1989-06-09,,,,8.16,8.15,8.15,,,,,
1989-06-12,,,,8.18,8.16,8.13,,,,,
1989-06-13,,,,8.3,8.25,8.21,,,,,
1989-06-14,,,,8.24,8.2,8.17,,,,,
1989-06-15,,,,8.36,8.33,8.3,,,,,
1989-06-16,,,,8.4,8.35,8.31,,,,,
1989-06-19,,,,8.41,8.37,8.34,,,,,
1989-06-20,,,,8.35,8.31,8.28,,,,,
1989-06-21,,,,8.4,8.37,8.33,,,,,
1989-06-22,,,,8.41,8.38,8.34,,,,,
1989-06-23,,,,8.27,8.25,8.2,,,,,
1989-06-26,,,,8.22,8.18,8.16,,,,,
1989-06-27,,,,8.14,8.11,8.08,,,,,
1989-06-28,,,,8.18,8.17,8.13,,,,,
1989-06-29,,,,8.09,8.12,8.09,,,,,
1989-06-30,,,,8.03,8.1,8.05,,,,,
1989-07-03,,,,7.99,8.09,8.07,,,,,
1989-07-05,,,,7.97,8.11,8.14,,,,,
1989-07-06,,,,7.91,8.08,8.1,,,,,
1989-07-07,,,,7.86,8.02,8.04,,,,,
1989-07-10,,,,7.84,7.99,8.02,,,,,
1989-07-11,,,,7.8,8.0,8.04,,,,,
1989-07-12,,,,7.79,8.0,8.04,,,,,
1989-07-13,,,,7.8,8.0,8.05,,,,,
1989-07-14,,,,7.84,8.04,8.09,,,,,
1989-07-17,,,,7.85,8.05,8.11,,,,,
1989-07-18,,,,7.97,8.13,8.17,,,,,
1989-07-19,,,,7.9,8.09,8.14,,,,,
1989-07-20,,,,7.8,8.01,8.1,,,,,
1989-07-21,,,,7.89,8.07,8.16,,,,,
1989-07-24,,,,7.87,8.05,8.14,,,,,
1989-07-25,,,,7.79,8.01,8.12,,,,,
1989-07-26,,,,7.81,8.02,8.11,,,,,
1989-07-27,,,,7.69,7.92,8.03,,,,,
1989-07-28,,,,7.6,7.87,7.99,,,,,
1989-07-31,,,,7.56,7.82,7.92,,,,,
1989-08-01,,,,7.49,7.74,7.83,,,,,
1989-08-02,,,,7.57,7.76,7.84,,,,,
1989-08-03,,,,7.64,7.8,7.9,,,,,
1989-08-04,,,,7.94,8.0,8.08,,,,,
1989-08-07,,,,7.98,8.03,8.08,,,,,
1989-08-08,,,,7.95,8.0,8.08,,,,,
1989-08-09,,,,7.96,8.05,8.12,,,,,
1989-08-10,,,,7.96,8.02,8.08,,,,,
1989-08-11,,,,8.1,8.09,8.13,,,,,
1989-08-14,,,,8.27,8.24,8.23,,,,,
1989-08-15,,,,8.24,8.21,8.19,,,,,
1989-08-16,,,,8.11,8.12,8.13,,,,,
1989-08-17,,,,8.2,8.18,8.16,,,,,
1989-08-18,,,,8.2,8.15,8.15,,,,,
1989-08-21,,,,8.27,8.2,8.18,,,,,
1989-08-22,,,,8.35,8.29,8.25,,,,,
1989-08-23,,,,8.23,8.25,8.19,,,,,
1989-08-24,,,,8.23,8.2,8.16,,,,,
1989-08-25,,,,8.23,8.21,8.18,,,,,
1989-08-28,,,,8.29,8.27,8.23,,,,,
1989-08-29,,,,8.3,8.27,8.21,,,,,
1989-08-30,,,,8.28,8.25,8.2,,,,,
1989-08-31,,,,8.27,8.26,8.21,,,,,
1989-09-01,,,,8.18,8.19,8.14,,,,,
1989-09-05,,,,8.21,8.19,8.14,,,,,
1989-09-06,,,,8.19,8.17,8.11,,,,,
1989-09-07,,,,8.19,8.17,8.11,,,,,
1989-09-08,,,,8.14,8.14,8.07,,,,,
1989-09-11,,,,8.1,8.13,8.07,,,,,
1989-09-12,,,,8.07,8.13,8.09,,,,,
1989-09-13,,,,8.11,8.18,8.15,,,,,
1989-09-14,,,,8.05,8.13,8.12,,,,,
1989-09-15,,,,8.01,8.09,8.08,,,,,
1989-09-18,,,,8.04,8.1,8.09,,,,,
1989-09-19,,,,8.05,8.09,8.09,,,,,
1989-09-20,,,,8.14,8.15,8.15,,,,,
1989-09-21,,,,8.19,8.2,8.19,,,,,
1989-09-22,,,,8.2,8.22,8.2,,,,,
1989-09-25,,,,8.32,8.32,8.3,,,,,
1989-09-26,,,,8.29,8.3,8.25,,,,,
1989-09-27,,,,8.31,8.3,8.25,,,,,
1989-09-28,,,,8.34,8.3,8.25,,,,,
1989-09-29,,,,8.36,8.31,8.24,,,,,
1989-10-02,,,,8.33,8.28,8.22,,,,,
1989-10-03,,,,8.27,8.23,8.19,,,,,
1989-10-04,,,,8.25,8.22,8.16,,,,,
1989-10-05,,,,8.18,8.15,8.09,,,,,
1989-10-06,,,,8.01,8.03,8.01,,,,,
1989-10-10,,,,8.0,8.03,8.01,,,,,
1989-10-11,,,,8.03,8.07,8.05,,,,,
1989-10-12,,,,7.98,8.04,8.02,,,,,
1989-10-13,,,,7.79,7.87,7.88,,,,,
1989-10-16,,,,7.91,7.98,7.98,,,,,
1989-10-17,,,,7.92,8.0,8.01,,,,,
1989-10-18,,,,7.92,8.01,8.03,,,,,
1989-10-19,,,,7.91,7.96,7.97,,,,,
1989-10-20,,,,7.93,7.98,7.98,,,,,
1989-10-23,,,,7.87,7.92,7.94,,,,,
1989-10-24,,,,7.8,7.87,7.87,,,,,
1989-10-25,,,,7.79,7.86,7.88,,,,,
1989-10-26,,,,7.81,7.88,7.89,,,,,
1989-10-27,,,,7.87,7.94,7.95,,,,,
1989-10-30,,,,7.86,7.92,7.93,,,,,
1989-10-31,,,,7.86,7.92,7.92,,,,,
1989-11-01,,,,7.86,7.91,7.89,,,,,
1989-11-02,,,,7.81,7.87,7.88,,,,,
1989-11-03,,,,7.93,7.96,7.92,,,,,
1989-11-06,,,,7.99,8.0,7.97,,,,,
1989-11-07,,,,7.85,7.9,7.88,,,,,
1989-11-08,,,,7.81,7.87,7.88,,,,,
1989-11-09,,,,7.84,7.9,7.91,,,,,
1989-11-10,,,,7.85,7.92,7.9,,,,,
1989-11-13,,,,7.85,7.89,7.89,,,,,
1989-11-14,,,,7.8,7.87,7.9,,,,,
1989-11-15,,,,7.74,7.82,7.87,,,,,
1989-11-16,,,,7.74,7.82,7.87,,,,,
1989-11-17,,,,7.82,7.88,7.94,,,,,
1989-11-20,,,,7.8,7.86,7.92,,,,,
1989-11-21,,,,7.79,7.85,7.91,,,,,
1989-11-22,,,,7.72,7.81,7.88,,,,,
1989-11-24,,,,7.7,7.8,7.88,,,,,
1989-11-27,,,,7.8,7.85,7.92,,,,,
1989-11-28,,,,7.81,7.86,7.91,,,,,
1989-11-29,,,,7.78,7.88,7.93,,,,,
1989-11-30,,,,7.74,7.84,7.9,,,,,
1989-12-01,,,,7.7,7.81,7.88,,,,,
1989-12-04,,,,7.7,7.82,7.88,,,,,
1989-12-05,,,,7.7,7.82,7.88,,,,,
1989-12-06,,,,7.76,7.85,7.91,,,,,
1989-12-07,,,,7.8,7.88,7.93,,,,,
1989-12-08,,,,7.73,7.82,7.88,,,,,
1989-12-11,,,,7.74,7.83,7.89,,,,,
1989-12-12,,,,7.74,7.84,7.9,,,,,
1989-12-13,,,,7.73,7.82,7.88,,,,,
1989-12-14,,,,7.68,7.79,7.85,,,,,
1989-12-15,,,,7.7,7.8,7.86,,,,,
1989-12-18,,,,7.67,7.77,7.83,,,,,
1989-12-19,,,,7.69,7.78,7.85,,,,,
1989-12-20,,,,7.67,7.77,7.84,,,,,
1989-12-21,,,,7.67,7.77,7.86,,,,,
1989-12-22,,,,7.75,7.82,7.88,,,,,
1989-12-26,,,,7.9,7.95,8.0,,,,,
1989-12-27,,,,7.89,7.94,7.98,,,,,
1989-12-28,,,,7.85,7.91,7.97,,,,,
1989-12-29,,,,7.86,7.93,7.98,,,,,
1990-01-02,,,,7.87,7.94,8.0,,,,,
1990-01-03,,,,7.92,7.99,8.04,,,,,
1990-01-04,,,,7.91,7.98,8.04,,,,,
1990-01-05,,,,7.92,7.99,8.06,,,,,
1990-01-08,,,,7.92,8.02,8.09,,,,,
1990-01-09,,,,7.92,8.02,8.1,,,,,
1990-01-10,,,,7.92,8.03,8.11,,,,,
1990-01-11,,,,7.94,8.04,8.11,,,,,
1990-01-12,,,,7.99,8.1,8.17,,,,,
1990-01-16,,,,8.11,8.2,8.25,,,,,
1990-01-17,,,,8.11,8.19,8.25,,,,,
1990-01-18,,,,8.27,8.32,8.35,,,,,
1990-01-19,,,,8.2,8.26,8.29,,,,,
1990-01-22,,,,8.19,8.27,8.31,,,,,
1990-01-23,,,,8.18,8.26,8.29,,,,,
1990-01-24,,,,8.28,8.38,8.41,,,,,
1990-01-25,,,,8.31,8.42,8.46,,,,,
1990-01-26,,,,8.38,8.49,8.55,,,,,
1990-01-29,,,,8.39,8.5,8.54,,,,,
1990-01-30,,,,8.43,8.51,8.55,,,,,
1990-01-31,,,,8.35,8.43,8.46,,,,,
1990-02-01,,,,8.35,8.42,8.44,,,,,
1990-02-02,,,,8.42,8.5,8.51,,,,,
1990-02-05,,,,8.44,8.53,8.53,,,,,
1990-02-06,,,,8.49,8.57,8.58,,,,,
1990-02-07,,,,8.51,8.52,8.57,,,,,
1990-02-08,,,,8.45,8.49,8.5,,,,,
1990-02-09,,,,8.29,8.31,8.36,,,,,
1990-02-12,,,,8.37,8.4,8.43,,,,,
1990-02-13,,,,8.29,8.35,8.39,,,,,
1990-02-14,,,,8.34,8.36,8.41,,,,,
1990-02-15,,,,8.4,8.43,8.47,,,,,
1990-02-16,,,,8.41,8.42,8.46,,,,,
1990-02-20,,,,8.58,8.62,8.66,,,,,
1990-02-21,,,,8.6,8.62,8.66,,,,,
1990-02-22,,,,8.48,8.54,8.56,,,,,
1990-02-23,,,,8.47,8.53,8.56,,,,,
1990-02-26,,,,8.4,8.46,8.49,,,,,
1990-02-27,,,,8.34,8.41,8.45,,,,,
1990-02-28,,,,8.44,8.51,8.54,,,,,
1990-03-01,,,,8.53,8.59,8.61,,,,,
1990-03-02,,,,8.5,8.54,8.55,,,,,
1990-03-05,,,,8.58,8.65,8.66,,,,,
1990-03-06,,,,8.57,8.59,8.59,,,,,
1990-03-07,,,,8.56,8.58,8.58,,,,,
1990-03-08,,,,8.57,8.57,8.56,,,,,
1990-03-09,,,,8.68,8.65,8.63,,,,,
1990-03-12,,,,8.67,8.63,8.62,,,,,
1990-03-13,,,,8.75,8.73,8.72,,,,,
1990-03-14,,,,8.67,8.65,8.61,,,,,
1990-03-15,,,,8.69,8.66,8.63,,,,,
1990-03-16,,,,8.61,8.59,8.55,,,,,
1990-03-19,,,,8.65,8.59,8.54,,,,,
1990-03-20,,,,8.61,8.54,8.47,,,,,
1990-03-21,,,,8.62,8.55,8.47,,,,,
1990-03-22,,,,8.56,8.53,8.49,,,,,
1990-03-23,,,,8.54,8.52,8.48,,,,,
1990-03-26,,,,8.52,8.51,8.47,,,,,
1990-03-27,,,,8.55,8.52,8.48,,,,,
1990-03-28,,,,8.53,8.51,8.47,,,,,
1990-03-29,,,,8.6,8.6,8.58,,,,,
1990-03-30,,,,8.65,8.65,8.63,,,,,
1990-04-02,,,,8.65,8.65,8.63,,,,,
1990-04-03,,,,8.64,8.63,8.61,,,,,
1990-04-04,,,,8.56,8.55,8.52,,,,,
1990-04-05,,,,8.57,8.57,8.52,,,,,
1990-04-06,,,,8.55,8.56,8.52,,,,,
1990-04-09,,,,8.58,8.59,8.55,,,,,
1990-04-10,,,,8.58,8.6,8.57,,,,,
1990-04-11,,,,8.6,8.63,8.58,,,,,
1990-04-12,,,,8.62,8.64,8.6,,,,,
1990-04-16,,,,8.65,8.68,8.64,,,,,
1990-04-17,,,,8.73,8.77,8.74,,,,,
1990-04-18,,,,8.84,8.86,8.85,,,,,
1990-04-19,,,,8.84,8.87,8.86,,,,,
1990-04-20,,,,8.88,8.95,8.93,,,,,
1990-04-23,,,,8.92,8.98,8.96,,,,,
1990-04-24,,,,8.96,9.0,8.98,,,,,
1990-04-25,,,,9.0,9.01,8.98,,,,,
1990-04-26,,,,9.09,9.07,9.04,,,,,
1990-04-27,,,,9.06,9.06,9.04,,,,,
1990-04-30,,,,9.04,9.04,9.0,,,,,
1990-05-01,,,,9.08,9.08,9.04,,,,,
1990-05-02,,,,9.1,9.09,9.05,,,,,
1990-05-03,,,,9.04,9.04,8.99,,,,,
1990-05-04,,,,8.8,8.84,8.83,,,,,
1990-05-07,,,,8.83,8.87,8.85,,,,,
1990-05-08,,,,8.79,8.84,8.81,,,,,
1990-05-09,,,,8.87,8.88,8.9,,,,,
1990-05-10,,,,8.8,8.82,8.81,,,,,
1990-05-11,,,,8.64,8.64,8.64,,,,,
1990-05-14,,,,8.6,8.61,8.58,,,,,
1990-05-15,,,,8.64,8.65,8.62,,,,,
1990-05-16,,,,8.66,8.68,8.64,,,,,
1990-05-17,,,,8.69,8.69,8.65,,,,,
1990-05-18,,,,8.74,8.75,8.7,,,,,
1990-05-21,,,,8.74,8.74,8.69,,,,,
1990-05-22,,,,8.66,8.65,8.61,,,,,
1990-05-23,,,,8.61,8.61,8.59,,,,,
1990-05-24,,,,8.58,8.63,8.6,,,,,
1990-05-25,,,,8.61,8.69,8.67,,,,,
1990-05-29,,,,8.59,8.66,8.64,,,,,
1990-05-30,,,,8.56,8.62,8.6,,,,,
1990-05-31,,,,8.56,8.6,8.58,,,,,
1990-06-01,,,,8.38,8.44,8.43,,,,,
1990-06-04,,,,8.39,8.44,8.43,,,,,
1990-06-05,,,,8.42,8.47,8.46,,,,,
1990-06-06,,,,8.43,8.46,8.44,,,,,
1990-06-07,,,,8.41,8.46,8.43,,,,,
1990-06-08,,,,8.42,8.46,8.44,,,,,
1990-06-11,,,,8.43,8.48,8.45,,,,,
1990-06-12,,,,8.44,8.48,8.45,,,,,
1990-06-13,,,,8.35,8.4,8.39,,,,,
1990-06-14,,,,8.32,8.38,8.36,,,,,
1990-06-15,,,,8.41,8.46,8.43,,,,,
1990-06-18,,,,8.45,8.5,8.47,,,,,
1990-06-19,,,,8.47,8.51,8.48,,,,,
1990-06-20,,,,8.51,8.55,8.52,,,,,
1990-06-21,,,,8.48,8.52,8.5,,,,,
1990-06-22,,,,8.46,8.51,8.49,,,,,
1990-06-25,,,,8.53,8.58,8.56,,,,,
1990-06-26,,,,8.51,8.56,8.53,,,,,
1990-06-27,,,,8.47,8.52,8.49,,,,,
1990-06-28,,,,8.41,8.47,8.45,,,,,
1990-06-29,,,,8.35,8.43,8.41,,,,,
1990-07-02,,,,8.35,8.43,8.41,,,,,
1990-07-03,,,,8.32,8.4,8.4,,,,,
1990-07-05,,,,8.34,8.42,8.42,,,,,
1990-07-06,,,,8.44,8.51,8.51,,,,,
1990-07-09,,,,8.49,8.57,8.55,,,,,
1990-07-10,,,,8.5,8.57,8.56,,,,,
1990-07-11,,,,8.49,8.57,8.56,,,,,
1990-07-12,,,,8.37,8.5,8.5,,,,,
1990-07-13,,,,8.32,8.45,8.46,,,,,
1990-07-16,,,,8.31,8.44,8.46,,,,,
1990-07-17,,,,8.3,8.44,8.46,,,,,
1990-07-18,,,,8.34,8.5,8.55,,,,,
1990-07-19,,,,8.33,8.51,8.56,,,,,
1990-07-20,,,,8.28,8.48,8.54,,,,,
1990-07-23,,,,8.28,8.48,8.54,,,,,
1990-07-24,,,,8.35,8.53,8.59,,,,,
1990-07-25,,,,8.31,8.49,8.55,,,,,
1990-07-26,,,,8.31,8.49,8.54,,,,,
1990-07-27,,,,8.25,8.42,8.48,,,,,
1990-07-30,,,,8.14,8.34,8.4,,,,,
1990-07-31,,,,8.13,8.36,8.42,,,,,
1990-08-01,,,,8.06,8.29,8.36,,,,,
1990-08-02,,,,8.15,8.41,8.46,,,,,
1990-08-03,,,,8.11,8.43,8.55,,,,,
1990-08-06,,,,8.29,8.71,8.82,,,,,
1990-08-07,,,,8.41,8.78,8.86,,,,,
1990-08-08,,,,8.43,8.77,8.87,,,,,
1990-08-09,,,,8.33,8.66,8.75,,,,,
1990-08-10,,,,8.35,8.68,8.79,,,,,
1990-08-13,,,,8.36,8.71,8.83,,,,,
1990-08-14,,,,8.34,8.66,8.78,,,,,
1990-08-15,,,,8.33,8.64,8.76,,,,,
1990-08-16,,,,8.45,8.76,8.91,,,,,
1990-08-17,,,,8.49,8.8,8.94,,,,,
1990-08-20,,,,8.5,8.81,8.92,,,,,
1990-08-21,,,,8.56,8.84,8.94,,,,,
1990-08-22,,,,8.62,8.91,9.03,,,,,
1990-08-23,,,,8.69,9.0,9.11,,,,,
1990-08-24,,,,8.75,9.05,9.17,,,,,
1990-08-27,,,,8.61,8.9,9.02,,,,,
1990-08-28,,,,8.67,8.94,9.07,,,,,
1990-08-29,,,,8.52,8.84,8.95,,,,,
1990-08-30,,,,8.52,8.86,8.98,,,,,
1990-08-31,,,,8.5,8.86,8.99,,,,,
1990-09-04,,,,8.53,8.9,9.03,,,,,
1990-09-05,,,,8.47,8.86,8.98,,,,,
1990-09-06,,,,8.47,8.84,8.96,,,,,
1990-09-07,,,,8.45,8.81,8.92,,,,,
1990-09-10,,,,8.5,8.85,8.98,,,,,
1990-09-11,,,,8.48,8.83,8.96,,,,,
1990-09-12,,,,8.45,8.82,8.96,,,,,
1990-09-13,,,,8.44,8.82,8.96,,,,,
1990-09-14,,,,8.48,8.87,9.01,,,,,
1990-09-17,,,,8.49,8.9,9.06,,,,,
1990-09-18,,,,8.48,8.9,9.05,,,,,
1990-09-19,,,,8.51,8.88,9.02,,,,,
1990-09-20,,,,8.53,8.91,9.05,,,,,
1990-09-21,,,,8.58,8.99,9.13,,,,,
1990-09-24,,,,8.64,9.04,9.18,,,,,
1990-09-25,,,,8.64,9.02,9.15,,,,,
1990-09-26,,,,8.63,9.0,9.14,,,,,
1990-09-27,,,,8.52,8.91,9.05,,,,,
1990-09-28,,,,8.47,8.82,8.96,,,,,
1990-10-01,,,,8.38,8.71,8.84,,,,,
1990-10-02,,,,8.35,8.69,8.84,,,,,
1990-10-03,,,,8.33,8.71,8.85,,,,,
1990-10-04,,,,8.3,8.67,8.81,,,,,
1990-10-05,,,,8.27,8.65,8.79,,,,,
1990-10-09,,,,8.43,8.83,8.98,,,,,
1990-10-10,,,,8.49,8.89,9.03,,,,,
1990-10-11,,,,8.51,8.92,9.08,,,,,
1990-10-12,,,,8.44,8.84,8.98,,,,,
1990-10-15,,,,8.39,8.8,8.95,,,,,
1990-10-16,,,,8.39,8.79,8.94,,,,,
1990-10-17,,,,8.37,8.76,8.89,,,,,
1990-10-18,,,,8.32,8.71,8.85,,,,,
1990-10-19,,,,8.25,8.62,8.75,,,,,
1990-10-22,,,,8.25,8.63,8.76,,,,,
1990-10-23,,,,8.25,8.65,8.79,,,,,
1990-10-24,,,,8.26,8.66,8.79,,,,,
1990-10-25,,,,8.21,8.62,8.74,,,,,
1990-10-26,,,,8.23,8.63,8.76,,,,,
1990-10-29,,,,8.27,8.7,8.84,,,,,
1990-10-30,,,,8.28,8.7,8.83,,,,,
1990-10-31,,,,8.24,8.65,8.78,,,,,
1990-11-01,,,,8.15,8.57,8.7,,,,,
1990-11-02,,,,8.16,8.57,8.7,,,,,
1990-11-05,,,,8.1,8.5,8.63,,,,,
1990-11-06,,,,8.11,8.52,8.64,,,,,
1990-11-07,,,,8.16,8.57,8.71,,,,,
1990-11-08,,,,8.18,8.58,8.73,,,,,
1990-11-09,,,,8.1,8.49,8.63,,,,,
1990-11-13,,,,8.01,8.37,8.52,,,,,
1990-11-14,,,,8.01,8.36,8.51,,,,,
1990-11-15,,,,8.01,8.37,8.53,,,,,
1990-11-16,,,,7.96,8.3,8.46,,,,,
1990-11-19,,,,8.01,8.35,8.51,,,,,
1990-11-20,,,,7.98,8.31,8.47,,,,,
1990-11-21,,,,7.92,8.27,8.44,,,,,
1990-11-23,,,,7.92,8.28,8.44,,,,,
1990-11-26,,,,7.92,8.27,8.42,,,,,
1990-11-27,,,,7.94,8.28,8.44,,,,,
1990-11-28,,,,7.94,8.3,8.46,,,,,
1990-11-29,,,,7.96,8.32,8.47,,,,,
1990-11-30,,,,7.91,8.26,8.4,,,,,
1990-12-03,,,,7.88,8.22,8.36,,,,,
1990-12-04,,,,7.83,8.2,8.37,,,,,
1990-12-05,,,,7.82,8.16,8.32,,,,,
1990-12-06,,,,7.82,8.18,8.35,,,,,
1990-12-07,,,,7.67,8.03,8.19,,,,,
1990-12-10,,,,7.63,7.98,8.14,,,,,
1990-12-11,,,,7.6,7.94,8.1,,,,,
1990-12-12,,,,7.59,7.91,8.07,,,,,
1990-12-13,,,,7.68,7.98,8.14,,,,,
1990-12-14,,,,7.74,8.05,8.2,,,,,
1990-12-17,,,,7.71,8.02,8.18,,,,,
1990-12-18,,,,7.67,7.99,8.15,,,,,
1990-12-19,,,,7.64,8.0,8.19,,,,,
1990-12-20,,,,7.67,8.05,8.22,,,,,
1990-12-21,,,,7.75,8.11,8.28,,,,,
1990-12-24,,,,7.84,8.2,8.36,,,,,
1990-12-26,,,,7.78,8.15,8.3,,,,,
1990-12-27,,,,7.75,8.11,8.25,,,,,
1990-12-28,,,,7.78,8.14,8.31,,,,,
1990-12-31,,,,7.68,8.08,8.26,,,,,
1991-01-02,,,,7.59,7.97,8.14,,,,,
1991-01-03,,,,7.56,7.93,8.11,,,,,
1991-01-04,,,,7.65,8.02,8.2,,,,,
1991-01-07,,,,7.75,8.13,8.32,,,,,
1991-01-08,,,,7.74,8.16,8.37,,,,,
1991-01-09,,,,7.81,8.25,8.46,,,,,
1991-01-10,,,,7.76,8.16,8.37,,,,,
1991-01-11,,,,7.79,8.2,8.39,,,,,
1991-01-14,,,,7.82,8.23,8.41,,,,,
1991-01-15,,,,7.79,8.22,8.41,,,,,
1991-01-16,,,,7.83,8.24,8.4,,,,,
1991-01-17,,,,7.71,8.05,8.18,,,,,
1991-01-18,,,,7.68,8.03,8.17,,,,,
1991-01-22,,,,7.7,8.07,8.23,,,,,
1991-01-23,,,,7.67,8.04,8.21,,,,,
1991-01-24,,,,7.61,8.0,8.18,,,,,
1991-01-25,,,,7.67,8.06,8.24,,,,,
1991-01-28,,,,7.67,8.06,8.23,,,,,
1991-01-29,,,,7.64,8.03,8.2,,,,,
1991-01-30,,,,7.64,8.05,8.23,,,,,
1991-01-31,,,,7.62,8.03,8.21,,,,,
1991-02-01,,,,7.45,7.91,8.09,,,,,
1991-02-04,,,,7.43,7.88,8.05,,,,,
1991-02-05,,,,7.4,7.85,8.02,,,,,
1991-02-06,,,,7.4,7.79,8.02,,,,,
1991-02-07,,,,7.42,7.82,8.01,,,,,
1991-02-08,,,,7.4,7.77,7.95,,,,,
1991-02-11,,,,7.39,7.78,7.97,,,,,
1991-02-12,,,,7.39,7.78,7.96,,,,,
1991-02-13,,,,7.39,7.78,7.97,,,,,
1991-02-14,,,,7.38,7.8,7.99,,,,,
1991-02-15,,,,7.41,7.78,7.97,,,,,
1991-02-19,,,,7.46,7.8,7.99,,,,,
1991-02-20,,,,7.49,7.84,8.02,,,,,
1991-02-21,,,,7.51,7.88,8.04,,,,,
1991-02-22,,,,7.57,7.91,8.07,,,,,
1991-02-25,,,,7.57,7.91,8.05,,,,,
1991-02-26,,,,7.62,7.96,8.14,,,,,
1991-02-27,,,,7.64,7.98,8.15,,,,,
1991-02-28,,,,7.66,8.02,8.19,,,,,
1991-03-01,,,,7.78,8.12,8.28,,,,,
1991-03-04,,,,7.77,8.12,8.29,,,,,
1991-03-05,,,,7.73,8.08,8.25,,,,,
1991-03-06,,,,7.77,8.11,8.29,,,,,
1991-03-07,,,,7.73,8.07,8.23,,,,,
1991-03-08,,,,7.77,8.13,8.3,,,,,
1991-03-11,,,,7.71,8.06,8.23,,,,,
1991-03-12,,,,7.74,8.09,8.26,,,,,
1991-03-13,,,,7.67,8.02,8.2,,,,,
1991-03-14,,,,7.64,8.02,8.2,,,,,
1991-03-15,,,,7.73,8.1,8.3,,,,,
1991-03-18,,,,7.79,8.15,8.34,,,,,
1991-03-19,,,,7.93,8.25,8.42,,,,,
1991-03-20,,,,7.88,8.2,8.37,,,,,
1991-03-21,,,,7.82,8.16,8.34,,,,,
1991-03-22,,,,7.82,8.13,8.33,,,,,
1991-03-25,,,,7.83,8.13,8.32,,,,,
1991-03-26,,,,7.84,8.13,8.31,,,,,
1991-03-27,,,,7.76,8.08,8.26,,,,,
1991-03-28,,,,7.73,8.05,8.24,,,,,
1991-04-01,,,,7.74,8.07,8.25,,,,,
1991-04-02,,,,7.68,8.03,8.22,,,,,
1991-04-03,,,,7.71,8.05,8.24,,,,,
1991-04-04,,,,7.67,8.0,8.19,,,,,
1991-04-05,,,,7.65,7.99,8.18,,,,,
1991-04-08,,,,7.63,7.98,8.16,,,,,
1991-04-09,,,,7.68,8.03,8.2,,,,,
1991-04-10,,,,7.75,8.1,8.27,,,,,
1991-04-11,,,,7.74,8.09,8.27,,,,,
1991-04-12,,,,7.64,7.98,8.16,,,,,
1991-04-15,,,,7.64,7.95,8.12,,,,,
1991-04-16,,,,7.66,7.97,8.13,,,,,
1991-04-17,,,,7.64,7.95,8.11,,,,,
1991-04-18,,,,7.74,8.02,8.18,,,,,
1991-04-19,,,,7.8,8.1,8.24,,,,,
1991-04-22,,,,7.83,8.15,8.3,,,,,
1991-04-23,,,,7.78,8.12,8.28,,,,,
1991-04-24,,,,7.73,8.06,8.22,,,,,
1991-04-25,,,,7.7,8.07,8.24,,,,,
1991-04-26,,,,7.68,8.06,8.22,,,,,
1991-04-29,,,,7.7,8.07,8.23,,,,,
1991-04-30,,,,7.63,8.02,8.2,,,,,
1991-05-01,,,,7.63,8.01,8.18,,,,,
1991-05-02,,,,7.59,7.97,8.14,,,,,
1991-05-03,,,,7.67,8.04,8.22,,,,,
1991-05-06,,,,7.67,8.05,8.23,,,,,
1991-05-07,,,,7.67,8.06,8.24,,,,,
1991-05-08,,,,7.68,8.04,8.24,,,,,
1991-05-09,,,,7.68,8.02,8.21,,,,,
1991-05-10,,,,7.76,8.12,8.33,,,,,
1991-05-13,,,,7.72,8.07,8.27,,,,,
1991-05-14,,,,7.78,8.14,8.36,,,,,
1991-05-15,,,,7.77,8.13,8.34,,,,,
1991-05-16,,,,7.77,8.12,8.33,,,,,
1991-05-17,,,,7.77,8.08,8.28,,,,,
1991-05-20,,,,7.78,8.1,8.3,,,,,
1991-05-21,,,,7.74,8.06,8.26,,,,,
1991-05-22,,,,7.72,8.06,8.28,,,,,
1991-05-23,,,,7.71,8.1,8.31,,,,,
1991-05-24,,,,7.68,8.1,8.31,,,,,
1991-05-28,,,,7.66,8.07,8.28,,,,,
1991-05-29,,,,7.66,8.07,8.29,,,,,
1991-05-30,,,,7.63,8.02,8.22,,,,,
1991-05-31,,,,7.69,8.06,8.26,,,,,
1991-06-03,,,,7.8,8.14,8.34,,,,,
1991-06-04,,,,7.8,8.14,8.34,,,,,
1991-06-05,,,,7.84,8.19,8.39,,,,,
1991-06-06,,,,7.89,8.23,8.42,,,,,
1991-06-07,,,,7.96,8.29,8.48,,,,,
1991-06-10,,,,7.95,8.29,8.48,,,,,
1991-06-11,,,,7.96,8.29,8.48,,,,,
1991-06-12,,,,8.02,8.36,8.55,,,,,
1991-06-13,,,,8.0,8.34,8.53,,,,,
1991-06-14,,,,7.94,8.29,8.47,,,,,
1991-06-17,,,,7.96,8.3,8.49,,,,,
1991-06-18,,,,7.97,8.32,8.52,,,,,
1991-06-19,,,,7.97,8.33,8.52,,,,,
1991-06-20,,,,7.91,8.3,8.48,,,,,
1991-06-21,,,,7.95,8.32,8.51,,,,,
1991-06-24,,,,7.98,8.33,8.51,,,,,
1991-06-25,,,,7.99,8.33,8.51,,,,,
1991-06-26,,,,7.98,8.33,8.51,,,,,
1991-06-27,,,,7.97,8.32,8.49,,,,,
1991-06-28,,,,7.9,8.24,8.42,,,,,
1991-07-01,,,,7.93,8.26,8.44,,,,,
1991-07-02,,,,7.95,8.27,8.44,,,,,
1991-07-03,,,,7.92,8.26,8.42,,,,,
1991-07-05,,,,8.01,8.34,8.49,,,,,
1991-07-08,,,,8.0,8.34,8.51,,,,,
1991-07-09,,,,8.02,8.36,8.53,,,,,
1991-07-10,,,,8.0,8.35,8.53,,,,,
1991-07-11,,,,7.95,8.3,8.47,,,,,
1991-07-12,,,,7.9,8.26,8.44,,,,,
1991-07-15,,,,7.9,8.26,8.44,,,,,
1991-07-16,,,,7.91,8.27,8.46,,,,,
1991-07-17,,,,7.94,8.3,8.49,,,,,
1991-07-18,,,,7.95,8.31,8.5,,,,,
1991-07-19,,,,7.91,8.28,8.48,,,,,
1991-07-22,,,,7.92,8.28,8.48,,,,,
1991-07-23,,,,7.96,8.31,8.5,,,,,
1991-07-24,,,,7.86,8.24,8.42,,,,,
1991-07-25,,,,7.81,8.2,8.38,,,,,
1991-07-26,,,,7.82,8.2,8.39,,,,,
1991-07-29,,,,7.81,8.2,8.39,,,,,
1991-07-30,,,,7.81,8.21,8.39,,,,,
1991-07-31,,,,7.77,8.2,8.36,,,,,
1991-08-01,,,,7.78,8.2,8.38,,,,,
1991-08-02,,,,7.62,8.06,8.25,,,,,
1991-08-05,,,,7.62,8.04,8.24,,,,,
1991-08-06,,,,7.54,7.97,8.18,,,,,
1991-08-07,,,,7.51,7.93,8.17,,,,,
1991-08-08,,,,7.53,7.98,8.22,,,,,
1991-08-09,,,,7.51,7.98,8.23,,,,,
1991-08-12,,,,7.49,7.95,8.21,,,,,
1991-08-13,,,,7.46,7.91,8.17,,,,,
1991-08-14,,,,7.37,7.82,8.08,,,,,
1991-08-15,,,,7.37,7.84,8.09,,,,,
1991-08-16,,,,7.33,7.84,8.09,,,,,
1991-08-19,,,,7.31,7.83,8.11,,,,,
1991-08-20,,,,7.24,7.81,8.09,,,,,
1991-08-21,,,,7.27,7.8,8.07,,,,,
1991-08-22,,,,7.25,7.78,8.05,,,,,
1991-08-23,,,,7.39,7.88,8.13,,,,,
1991-08-26,,,,7.44,7.91,8.15,,,,,
1991-08-27,,,,7.42,7.89,8.14,,,,,
1991-08-28,,,,7.32,7.82,8.06,,,,,
1991-08-29,,,,7.24,7.74,7.99,,,,,
1991-08-30,,,,7.34,7.82,8.06,,,,,
1991-09-03,,,,7.32,7.81,8.05,,,,,
1991-09-04,,,,7.31,7.81,8.06,,,,,
1991-09-05,,,,7.32,7.83,8.09,,,,,
1991-09-06,,,,7.24,7.76,8.02,,,,,
1991-09-09,,,,7.2,7.73,8.0,,,,,
1991-09-10,,,,7.2,7.73,8.01,,,,,
1991-09-11,,,,7.21,7.74,8.02,,,,,
1991-09-12,,,,7.15,7.67,7.96,,,,,
1991-09-13,,,,7.13,7.66,7.95,,,,,
1991-09-16,,,,7.11,7.63,7.93,,,,,
1991-09-17,,,,7.1,7.62,7.92,,,,,
1991-09-18,,,,7.1,7.62,7.92,,,,,
1991-09-19,,,,7.1,7.61,7.92,,,,,
1991-09-20,,,,7.09,7.57,7.89,,,,,
1991-09-23,,,,7.09,7.55,7.88,,,,,
1991-09-24,,,,7.09,7.56,7.89,,,,,
1991-09-25,,,,7.06,7.58,7.91,,,,,
1991-09-26,,,,7.03,7.56,7.89,,,,,
1991-09-27,,,,6.95,7.49,7.83,,,,,
1991-09-30,,,,6.92,7.47,7.82,,,,,
1991-10-01,,,,6.9,7.45,7.81,,,,,
1991-10-02,,,,6.9,7.47,7.83,,,,,
1991-10-03,,,,6.88,7.47,7.84,,,,,
1991-10-04,,,,6.81,7.39,7.79,,,,,
1991-10-07,,,,6.81,7.4,7.79,,,,,
1991-10-08,,,,6.82,7.43,7.82,,,,,
1991-10-09,,,,6.87,7.51,7.91,,,,,
1991-10-10,,,,6.93,7.58,7.98,,,,,
1991-10-11,,,,6.84,7.49,7.9,,,,,
1991-10-15,,,,6.81,7.46,7.87,,,,,
1991-10-16,,,,6.79,7.45,7.88,,,,,
1991-10-17,,,,6.9,7.55,8.0,,,,,
1991-10-18,,,,6.88,7.53,7.97,,,,,
1991-10-21,,,,6.95,7.62,8.06,,,,,
1991-10-22,,,,6.99,7.67,8.1,,,,,
1991-10-23,,,,7.0,7.69,8.09,,,,,
1991-10-24,,,,6.91,7.65,8.03,,,,,
1991-10-25,,,,6.96,7.68,8.05,,,,,
1991-10-28,,,,6.91,7.65,8.03,,,,,
1991-10-29,,,,6.8,7.51,7.91,,,,,
1991-10-30,,,,6.77,7.48,7.9,,,,,
1991-10-31,,,,6.74,7.47,7.91,,,,,
1991-11-01,,,,6.71,7.48,7.93,,,,,
1991-11-04,,,,6.74,7.5,7.95,,,,,
1991-11-05,,,,6.79,7.56,8.02,,,,,
1991-11-06,,,,6.72,7.51,8.01,,,,,
1991-11-07,,,,6.65,7.43,7.92,,,,,
1991-11-08,,,,6.66,7.41,7.88,,,,,
1991-11-12,,,,6.65,7.37,7.8,,,,,
1991-11-13,,,,6.69,7.41,7.88,,,,,
1991-11-14,,,,6.62,7.35,7.82,,,,,
1991-11-15,,,,6.58,7.33,7.84,,,,,
1991-11-18,,,,6.57,7.33,7.84,,,,,
1991-11-19,,,,6.55,7.37,7.9,,,,,
1991-11-20,,,,6.56,7.38,7.92,,,,,
1991-11-21,,,,6.54,7.39,7.96,,,,,
1991-11-22,,,,6.56,7.44,7.99,,,,,
1991-11-25,,,,6.61,7.45,7.99,,,,,
1991-11-26,,,,6.53,7.42,7.95,,,,,
1991-11-27,,,,6.53,7.42,7.97,,,,,
1991-11-29,,,,6.48,7.38,7.94,,,,,
1991-12-02,,,,6.43,7.32,7.92,,,,,
1991-12-03,,,,6.39,7.28,7.9,,,,,
1991-12-04,,,,6.27,7.17,7.84,,,,,
1991-12-05,,,,6.3,7.21,7.86,,,,,
1991-12-06,,,,6.31,7.26,7.78,,,,,
1991-12-09,,,,6.23,7.22,7.78,,,,,
1991-12-10,,,,6.25,7.21,7.79,,,,,
1991-12-11,,,,6.26,7.22,7.81,,,,,
1991-12-12,,,,6.23,7.19,7.77,,,,,
1991-12-13,,,,6.3,7.22,7.79,,,,,
1991-12-16,,,,6.28,7.21,7.77,,,,,
1991-12-17,,,,6.24,7.18,7.75,,,,,
1991-12-18,,,,6.3,7.19,7.76,,,,,
1991-12-19,,,,6.19,7.11,7.68,,,,,
1991-12-20,,,,6.02,6.97,7.59,,,,,
1991-12-23,,,,6.0,6.88,7.53,,,,,
1991-12-24,,,,6.01,6.88,7.53,,,,,
1991-12-26,,,,6.0,6.85,7.51,,,,,
1991-12-27,,,,6.0,6.82,7.52,,,,,
1991-12-30,,,,5.97,6.76,7.45,,,,,
1991-12-31,,,,5.93,6.71,7.41,,,,,
1992-01-02,,,,5.98,6.78,7.46,,,,,
1992-01-03,,,,6.05,6.85,7.48,,,,,
1992-01-06,,,,6.02,6.82,7.44,,,,,
1992-01-07,,,,5.94,6.76,7.39,,,,,
1992-01-08,,,,5.96,6.77,7.41,,,,,
1992-01-09,,,,6.02,6.79,7.42,,,,,
1992-01-10,,,,6.1,6.85,7.47,,,,,
1992-01-13,,,,6.21,6.92,7.49,,,,,
1992-01-14,,,,6.34,7.03,7.54,,,,,
1992-01-15,,,,6.37,7.05,7.57,,,,,
1992-01-16,,,,6.41,7.13,7.65,,,,,
1992-01-17,,,,6.36,7.09,7.61,,,,,
1992-01-21,,,,6.27,7.03,7.57,,,,,
1992-01-22,,,,6.28,7.09,7.62,,,,,
1992-01-23,,,,6.32,7.2,7.71,,,,,
1992-01-24,,,,6.4,7.25,7.71,,,,,
1992-01-27,,,,6.41,7.24,7.71,,,,,
1992-01-28,,,,6.32,7.16,7.66,,,,,
1992-01-29,,,,6.42,7.25,7.75,,,,,
1992-01-30,,,,6.48,7.31,7.79,,,,,
1992-01-31,,,,6.44,7.31,7.77,,,,,
1992-02-03,,,,6.52,7.36,7.82,,,,,
1992-02-04,,,,6.46,7.29,7.76,,,,,
1992-02-05,,,,6.4,7.21,7.74,,,,,
1992-02-06,,,,6.4,7.2,7.75,,,,,
1992-02-07,,,,6.4,7.2,7.77,,,,,
1992-02-10,,,,6.38,7.21,7.79,,,,,
1992-02-11,,,,6.4,7.23,7.79,,,,,
1992-02-12,,,,6.46,7.3,7.81,,,,,
1992-02-13,,,,6.61,7.4,7.92,,,,,
1992-02-14,,,,6.65,7.41,7.91,,,,,
1992-02-18,,,,6.69,7.47,7.97,,,,,
1992-02-19,,,,6.67,7.42,7.93,,,,,
1992-02-20,,,,6.67,7.41,7.91,,,,,
1992-02-21,,,,6.77,7.45,7.95,,,,,
1992-02-24,,,,6.81,7.47,7.97,,,,,
1992-02-25,,,,6.78,7.44,7.94,,,,,
1992-02-26,,,,6.66,7.33,7.85,,,,,
1992-02-27,,,,6.67,7.35,7.86,,,,,
1992-02-28,,,,6.58,7.27,7.8,,,,,
1992-03-02,,,,6.73,7.38,7.9,,,,,
1992-03-03,,,,6.76,7.43,7.93,,,,,
1992-03-04,,,,6.76,7.43,7.9,,,,,
1992-03-05,,,,6.87,7.51,7.95,,,,,
1992-03-06,,,,6.85,7.48,7.93,,,,,
1992-03-09,,,,6.77,7.42,7.88,,,,,
1992-03-10,,,,6.78,7.43,7.89,,,,,
1992-03-11,,,,6.86,7.51,7.96,,,,,
1992-03-12,,,,7.01,7.62,8.04,,,,,
1992-03-13,,,,7.14,7.71,8.06,,,,,
1992-03-16,,,,7.12,7.69,8.07,,,,,
1992-03-17,,,,7.06,7.62,8.02,,,,,
1992-03-18,,,,7.06,7.62,8.01,,,,,
1992-03-19,,,,7.03,7.57,7.98,,,,,
1992-03-20,,,,7.12,7.64,8.05,,,,,
1992-03-23,,,,7.1,7.62,8.04,,,,,
1992-03-24,,,,7.0,7.53,7.94,,,,,
1992-03-25,,,,6.96,7.53,7.94,,,,,
1992-03-26,,,,6.98,7.57,7.99,,,,,
1992-03-27,,,,6.97,7.54,7.94,,,,,
1992-03-30,,,,6.93,7.54,7.95,,,,,
1992-03-31,,,,6.94,7.54,7.96,,,,,
1992-04-01,,,,6.82,7.46,7.9,,,,,
1992-04-02,,,,6.85,7.47,7.92,,,,,
1992-04-03,,,,6.76,7.42,7.88,,,,,
1992-04-06,,,,6.74,7.41,7.88,,,,,
1992-04-07,,,,6.73,7.41,7.9,,,,,
1992-04-08,,,,6.76,7.44,7.94,,,,,
1992-04-09,,,,6.59,7.35,7.85,,,,,
1992-04-10,,,,6.62,7.37,7.89,,,,,
1992-04-13,,,,6.58,7.33,7.86,,,,,
1992-04-14,,,,6.6,7.35,7.88,,,,,
1992-04-15,,,,6.66,7.37,7.87,,,,,
1992-04-16,,,,6.76,7.45,7.93,,,,,
1992-04-20,,,,6.9,7.59,8.02,,,,,
1992-04-21,,,,6.89,7.58,8.03,,,,,
1992-04-22,,,,6.89,7.57,8.04,,,,,
1992-04-23,,,,6.91,7.59,8.06,,,,,
1992-04-24,,,,6.85,7.55,8.06,,,,,
1992-04-27,,,,6.9,7.6,8.1,,,,,
1992-04-28,,,,6.87,7.57,8.06,,,,,
1992-04-29,,,,6.88,7.6,8.08,,,,,
1992-04-30,,,,6.91,7.61,8.06,,,,,
1992-05-01,,,,6.82,7.56,8.01,,,,,
1992-05-04,,,,6.82,7.58,8.03,,,,,
1992-05-05,,,,6.8,7.56,8.01,,,,,
1992-05-06,,,,6.76,7.46,7.97,,,,,
1992-05-07,,,,6.8,7.49,8.0,,,,,
1992-05-08,,,,6.73,7.41,7.9,,,,,
1992-05-11,,,,6.71,7.4,7.9,,,,,
1992-05-12,,,,6.66,7.36,7.86,,,,,
1992-05-13,,,,6.64,7.34,7.85,,,,,
1992-05-14,,,,6.63,7.34,7.87,,,,,
1992-05-15,,,,6.6,7.28,7.81,,,,,
1992-05-18,,,,6.59,7.28,7.82,,,,,
1992-05-19,,,,6.47,7.2,7.77,,,,,
1992-05-20,,,,6.55,7.25,7.79,,,,,
1992-05-21,,,,6.77,7.39,7.86,,,,,
1992-05-22,,,,6.69,7.35,7.83,,,,,
1992-05-26,,,,6.79,7.46,7.92,,,,,
1992-05-27,,,,6.74,7.44,7.91,,,,,
1992-05-28,,,,6.67,7.36,7.87,,,,,
1992-05-29,,,,6.61,7.33,7.84,,,,,
1992-06-01,,,,6.69,7.39,7.9,,,,,
1992-06-02,,,,6.61,7.35,7.87,,,,,
1992-06-03,,,,6.6,7.34,7.88,,,,,
1992-06-04,,,,6.6,7.34,7.88,,,,,
1992-06-05,,,,6.55,7.31,7.84,,,,,
1992-06-08,,,,6.56,7.31,7.84,,,,,
1992-06-09,,,,6.59,7.33,7.88,,,,,
1992-06-10,,,,6.59,7.35,7.9,,,,,
1992-06-11,,,,6.56,7.33,7.88,,,,,
1992-06-12,,,,6.49,7.29,7.85,,,,,
1992-06-15,,,,6.49,7.28,7.85,,,,,
1992-06-16,,,,6.44,7.24,7.84,,,,,
1992-06-17,,,,6.44,7.23,7.82,,,,,
1992-06-18,,,,6.39,7.19,7.8,,,,,
1992-06-19,,,,6.45,7.24,7.83,,,,,
1992-06-22,,,,6.45,7.24,7.84,,,,,
1992-06-23,,,,6.5,7.25,7.85,,,,,
1992-06-24,,,,6.39,7.2,7.83,,,,,
1992-06-25,,,,6.32,7.14,7.78,,,,,
1992-06-26,,,,6.33,7.15,7.79,,,,,
1992-06-29,,,,6.29,7.12,7.78,,,,,
1992-06-30,,,,6.29,7.14,7.79,,,,,
1992-07-01,,,,6.27,7.1,7.76,,,,,
1992-07-02,,,,6.02,6.93,7.63,,,,,
1992-07-06,,,,5.97,6.9,7.62,,,,,
1992-07-07,,,,5.91,6.87,7.61,,,,,
1992-07-08,,,,5.93,6.91,7.61,,,,,
1992-07-09,,,,5.93,6.91,7.61,,,,,
1992-07-10,,,,5.92,6.93,7.64,,,,,
1992-07-13,,,,5.94,6.97,7.67,,,,,
1992-07-14,,,,5.9,6.97,7.69,,,,,
1992-07-15,,,,5.8,6.9,7.64,,,,,
1992-07-16,,,,5.8,6.87,7.62,,,,,
1992-07-17,,,,5.82,6.9,7.68,,,,,
1992-07-20,,,,5.82,6.9,7.66,,,,,
1992-07-21,,,,5.82,6.89,7.67,,,,,
1992-07-22,,,,5.77,6.85,7.62,,,,,
1992-07-23,,,,5.62,6.72,7.54,,,,,
1992-07-24,,,,5.66,6.73,7.57,,,,,
1992-07-27,,,,5.66,6.69,7.53,,,,,
1992-07-28,,,,5.63,6.63,7.44,,,,,
1992-07-29,,,,5.62,6.6,7.43,,,,,
1992-07-30,,,,5.76,6.69,7.46,,,,,
1992-07-31,,,,5.84,6.72,7.46,,,,,
1992-08-03,,,,5.82,6.72,7.46,,,,,
1992-08-04,,,,5.72,6.66,7.43,,,,,
1992-08-05,,,,5.69,6.64,7.43,,,,,
1992-08-06,,,,5.67,6.65,7.45,,,,,
1992-08-07,,,,5.56,6.57,7.4,,,,,
1992-08-10,,,,5.5,6.52,7.37,,,,,
1992-08-11,,,,5.5,6.5,7.33,,,,,
1992-08-12,,,,5.54,6.48,7.33,,,,,
1992-08-13,,,,5.57,6.55,7.36,,,,,
1992-08-14,,,,5.54,6.53,7.33,,,,,
1992-08-17,,,,5.55,6.56,7.37,,,,,
1992-08-18,,,,5.44,6.48,7.33,,,,,
1992-08-19,,,,5.43,6.47,7.33,,,,,
1992-08-20,,,,5.42,6.46,7.32,,,,,
1992-08-21,,,,5.54,6.53,7.36,,,,,
1992-08-24,,,,5.72,6.68,7.44,,,,,
1992-08-25,,,,5.76,6.73,7.47,,,,,
1992-08-26,,,,5.7,6.68,7.43,,,,,
1992-08-27,,,,5.65,6.64,7.42,,,,,
1992-08-28,,,,5.6,6.63,7.42,,,,,
1992-08-31,,,,5.6,6.62,7.42,,,,,
1992-09-01,,,,5.52,6.56,7.38,,,,,
1992-09-02,,,,5.5,6.54,7.37,,,,,
1992-09-03,,,,5.5,6.54,7.37,,,,,
1992-09-04,,,,5.3,6.4,7.29,,,,,
1992-09-08,,,,5.21,6.29,7.23,,,,,
1992-09-09,,,,5.25,6.31,7.25,,,,,
1992-09-10,,,,5.26,6.31,7.24,,,,,
1992-09-11,,,,5.33,6.37,7.3,,,,,
1992-09-14,,,,5.28,6.32,7.26,,,,,
1992-09-15,,,,5.37,6.4,7.33,,,,,
1992-09-16,,,,5.4,6.41,7.35,,,,,
1992-09-17,,,,5.41,6.4,7.34,,,,,
1992-09-18,,,,5.41,6.41,7.32,,,,,
1992-09-21,,,,5.46,6.42,7.35,,,,,
1992-09-22,,,,5.52,6.5,7.45,,,,,
1992-09-23,,,,5.54,6.54,7.48,,,,,
1992-09-24,,,,5.47,6.48,7.42,,,,,
1992-09-25,,,,5.33,6.41,7.35,,,,,
1992-09-28,,,,5.28,6.37,7.34,,,,,
1992-09-29,,,,5.31,6.37,7.36,,,,,
1992-09-30,,,,5.33,6.37,7.38,,,,,
1992-10-01,,,,5.18,6.23,7.3,,,,,
1992-10-02,,,,5.22,6.26,7.33,,,,,
1992-10-05,,,,5.18,6.24,7.34,,,,,
1992-10-06,,,,5.25,6.3,7.41,,,,,
1992-10-07,,,,5.43,6.46,7.48,,,,,
1992-10-08,,,,5.37,6.41,7.45,,,,,
1992-10-09,,,,5.5,6.52,7.52,,,,,
1992-10-13,,,,5.49,6.51,7.53,,,,,
1992-10-14,,,,5.51,6.51,7.5,,,,,
1992-10-15,,,,5.52,6.53,7.51,,,,,
1992-10-16,,,,5.57,6.6,7.54,,,,,
1992-10-19,,,,5.71,6.69,7.57,,,,,
1992-10-20,,,,5.9,6.86,7.65,,,,,
1992-10-21,,,,5.82,6.8,7.63,,,,,
1992-10-22,,,,5.79,6.74,7.61,,,,,
1992-10-23,,,,5.91,6.83,7.65,,,,,
1992-10-26,,,,5.92,6.83,7.66,,,,,
1992-10-27,,,,5.82,6.78,7.62,,,,,
1992-10-28,,,,5.83,6.76,7.64,,,,,
1992-10-29,,,,5.79,6.71,7.6,,,,,
1992-10-30,,,,5.9,6.8,7.63,,,,,
1992-11-02,,,,5.96,6.88,7.66,,,,,
1992-11-03,,,,5.94,6.87,7.65,,,,,
1992-11-04,,,,5.94,6.89,7.69,,,,,
1992-11-05,,,,5.93,6.87,7.69,,,,,
1992-11-06,,,,6.02,6.97,7.76,,,,,
1992-11-09,,,,6.09,7.0,7.75,,,,,
1992-11-10,,,,6.01,6.91,7.68,,,,,
1992-11-12,,,,5.89,6.79,7.57,,,,,
1992-11-13,,,,5.99,6.82,7.57,,,,,
1992-11-16,,,,6.11,6.9,7.56,,,,,
1992-11-17,,,,6.08,6.86,7.55,,,,,
1992-11-18,,,,5.97,6.78,7.51,,,,,
1992-11-19,,,,6.0,6.81,7.54,,,,,
1992-11-20,,,,6.08,6.84,7.54,,,,,
1992-11-23,,,,6.1,6.86,7.56,,,,,
1992-11-24,,,,6.04,6.82,7.53,,,,,
1992-11-25,,,,6.12,6.84,7.54,,,,,
1992-11-27,,,,6.22,6.93,7.59,,,,,
1992-11-30,,,,6.23,6.95,7.59,,,,,
1992-12-01,,,,6.24,6.94,7.57,,,,,
1992-12-02,,,,6.23,6.93,7.57,,,,,
1992-12-03,,,,6.2,6.91,7.57,,,,,
1992-12-04,,,,6.11,6.84,7.5,,,,,
1992-12-07,,,,6.05,6.78,7.45,,,,,
1992-12-08,,,,5.99,6.73,7.44,,,,,
1992-12-09,,,,6.01,6.76,7.44,,,,,
1992-12-10,,,,6.04,6.77,7.42,,,,,
1992-12-11,,,,6.1,6.8,7.44,,,,,
1992-12-14,,,,6.15,6.83,7.45,,,,,
1992-12-15,,,,6.12,6.83,7.45,,,,,
1992-12-16,,,,6.06,6.77,7.44,,,,,
1992-12-17,,,,6.08,6.77,7.43,,,,,
1992-12-18,,,,6.07,6.76,7.43,,,,,
1992-12-21,,,,6.05,6.71,7.38,,,,,
1992-12-22,,,,6.02,6.65,7.34,,,,,
1992-12-23,,,,6.01,6.68,7.36,,,,,
1992-12-24,,,,6.02,6.69,7.36,,,,,
1992-12-28,,,,6.06,6.72,7.4,,,,,
1992-12-29,,,,6.04,6.69,7.37,,,,,
1992-12-30,,,,5.98,6.68,7.39,,,,,
1992-12-31,,,,6.04,6.7,7.4,,,,,
1993-01-04,,,,5.9,6.6,7.33,,,,,
1993-01-05,,,,5.9,6.61,7.33,,,,,
1993-01-06,,,,5.94,6.63,7.34,,,,,
1993-01-07,,,,6.05,6.76,7.45,,,,,
1993-01-08,,,,5.97,6.75,7.47,,,,,
1993-01-11,,,,5.93,6.71,7.47,,,,,
1993-01-12,,,,5.95,6.72,7.48,,,,,
1993-01-13,,,,5.93,6.71,7.45,,,,,
1993-01-14,,,,5.88,6.65,7.41,,,,,
1993-01-15,,,,5.8,6.6,7.35,,,,,
1993-01-19,,,,5.82,6.59,7.31,,,,,
1993-01-20,,,,5.85,6.61,7.32,,,,,
1993-01-21,,,,5.83,6.6,7.31,,,,,
1993-01-22,,,,5.77,6.57,7.3,,,,,
1993-01-25,,,,5.71,6.48,7.22,,,,,
1993-01-26,,,,5.75,6.5,7.26,,,,,
1993-01-27,,,,5.68,6.48,7.25,,,,,
1993-01-28,,,,5.61,6.44,7.23,,,,,
1993-01-29,,,,5.57,6.39,7.21,,,,,
1993-02-01,,,,5.55,6.38,7.21,,,,,
1993-02-02,,,,5.63,6.46,7.25,,,,,
1993-02-03,,,,5.62,6.45,7.23,,,,,
1993-02-04,,,,5.53,6.39,7.19,,,,,
1993-02-05,,,,5.42,6.32,7.17,,,,,
1993-02-08,,,,5.49,6.37,7.18,,,,,
1993-02-09,,,,5.55,6.41,7.2,,,,,
1993-02-10,,,,5.63,6.4,7.26,,,,,
1993-02-11,,,,5.58,6.37,7.15,,,,,
1993-02-12,,,,5.57,6.35,7.13,,,,,
1993-02-16,,,,5.52,6.34,7.14,,,,,
1993-02-17,,,,5.43,6.28,7.11,,,,,
1993-02-18,,,,5.29,6.17,7.02,,,,,
1993-02-19,,,,5.3,6.15,7.01,,,,,
1993-02-22,,,,5.28,6.09,6.95,,,,,
1993-02-23,,,,5.12,5.92,6.83,,,,,
1993-02-24,,,,5.2,6.01,6.88,,,,,
1993-02-25,,,,5.23,6.03,6.89,,,,,
1993-02-26,,,,5.21,6.03,6.9,,,,,
1993-03-01,,,,5.12,5.94,6.83,,,,,
1993-03-02,,,,5.13,5.95,6.84,,,,,
1993-03-03,,,,5.05,5.88,6.78,,,,,
1993-03-04,,,,5.0,5.83,6.73,,,,,
1993-03-05,,,,5.14,5.9,6.76,,,,,
1993-03-08,,,,5.15,5.85,6.72,,,,,
1993-03-09,,,,5.21,5.91,6.73,,,,,
1993-03-10,,,,5.24,5.97,6.75,,,,,
1993-03-11,,,,5.23,5.96,6.75,,,,,
1993-03-12,,,,5.35,6.11,6.86,,,,,
1993-03-15,,,,5.39,6.17,6.91,,,,,
1993-03-16,,,,5.27,6.06,6.87,,,,,
1993-03-17,,,,5.21,6.02,6.86,,,,,
1993-03-18,,,,5.11,5.93,6.8,,,,,
1993-03-19,,,,5.17,5.95,6.81,,,,,
1993-03-22,,,,5.18,5.96,6.81,,,,,
1993-03-23,,,,5.14,5.91,6.77,,,,,
1993-03-24,,,,5.19,5.95,6.81,,,,,
1993-03-25,,,,5.19,5.98,6.83,,,,,
1993-03-26,,,,5.32,6.09,6.94,,,,,
1993-03-29,,,,5.25,6.06,6.9,,,,,
1993-03-30,,,,5.2,6.02,6.91,,,,,
1993-03-31,,,,5.24,6.03,6.93,,,,,
1993-04-01,,,,5.24,6.06,6.97,,,,,
1993-04-02,,,,5.31,6.16,7.06,,,,,
1993-04-05,,,,5.27,6.13,7.04,,,,,
1993-04-06,,,,5.22,6.08,6.97,,,,,
1993-04-07,,,,5.23,6.07,6.96,,,,,
1993-04-08,,,,5.13,5.97,6.85,,,,,
1993-04-12,,,,5.09,5.92,6.79,,,,,
1993-04-13,,,,5.1,5.93,6.8,,,,,
1993-04-14,,,,5.07,5.9,6.76,,,,,
1993-04-15,,,,5.06,5.88,6.73,,,,,
1993-04-16,,,,5.08,5.89,6.76,,,,,
1993-04-19,,,,5.07,5.87,6.73,,,,,
1993-04-20,,,,5.07,5.87,6.76,,,,,
1993-04-21,,,,5.05,5.86,6.75,,,,,
1993-04-22,,,,5.04,5.85,6.75,,,,,
1993-04-23,,,,5.06,5.89,6.79,,,,,
1993-04-26,,,,5.09,5.94,6.83,,,,,
1993-04-27,,,,5.19,6.02,6.9,,,,,
1993-04-28,,,,5.18,6.03,6.91,,,,,
1993-04-29,,,,5.1,5.99,6.88,,,,,
1993-04-30,,,,5.14,6.05,6.95,,,,,
1993-05-03,,,,5.06,5.96,6.86,,,,,
1993-05-04,,,,5.04,5.92,6.81,,,,,
1993-05-05,,,,5.07,5.93,6.82,,,,,
1993-05-06,,,,5.03,5.89,6.8,,,,,
1993-05-07,,,,5.04,5.92,6.85,,,,,
1993-05-10,,,,5.02,5.89,6.81,,,,,
1993-05-11,,,,5.03,5.89,6.82,,,,,
1993-05-12,,,,5.07,5.96,6.86,,,,,
1993-05-13,,,,5.15,6.02,6.96,,,,,
1993-05-14,,,,5.21,6.03,6.95,,,,,
1993-05-17,,,,5.27,6.07,6.97,,,,,
1993-05-18,,,,5.3,6.15,7.02,,,,,
1993-05-19,,,,5.26,6.11,6.98,,,,,
1993-05-20,,,,5.25,6.09,6.99,,,,,
1993-05-21,,,,5.34,6.16,7.03,,,,,
1993-05-24,,,,5.37,6.16,6.99,,,,,
1993-05-25,,,,5.38,6.17,7.01,,,,,
1993-05-26,,,,5.35,6.12,6.94,,,,,
1993-05-27,,,,5.35,6.11,6.93,,,,,
1993-05-28,,,,5.37,6.16,6.98,,,,,
1993-06-01,,,,5.28,6.07,6.88,,,,,
1993-06-02,,,,5.27,6.06,6.88,,,,,
1993-06-03,,,,5.23,6.02,6.86,,,,,
1993-06-04,,,,5.36,6.11,6.91,,,,,
1993-06-07,,,,5.34,6.08,6.88,,,,,
1993-06-08,,,,5.35,6.09,6.91,,,,,
1993-06-09,,,,5.33,6.07,6.87,,,,,
1993-06-10,,,,5.34,6.07,6.88,,,,,
1993-06-11,,,,5.22,5.97,6.8,,,,,
1993-06-14,,,,5.2,5.97,6.81,,,,,
1993-06-15,,,,5.19,5.96,6.83,,,,,
1993-06-16,,,,5.18,5.96,6.82,,,,,
1993-06-17,,,,5.17,5.93,6.81,,,,,
1993-06-18,,,,5.23,5.97,6.82,,,,,
1993-06-21,,,,5.2,5.92,6.78,,,,,
1993-06-22,,,,5.21,5.91,6.78,,,,,
1993-06-23,,,,5.2,5.91,6.77,,,,,
1993-06-24,,,,5.16,5.88,6.74,,,,,
1993-06-25,,,,5.13,5.84,6.71,,,,,
1993-06-28,,,,5.08,5.8,6.67,,,,,
1993-06-29,,,,5.05,5.79,6.67,,,,,
1993-06-30,,,,5.05,5.8,6.68,,,,,
1993-07-01,,,,5.04,5.8,6.69,,,,,
1993-07-02,,,,4.98,5.76,6.67,,,,,
1993-07-06,,,,5.04,5.8,6.68,,,,,
1993-07-07,,,,5.04,5.8,6.68,,,,,
1993-07-08,,,,5.02,5.78,6.66,,,,,
1993-07-09,,,,5.0,5.76,6.64,,,,,
1993-07-12,,,,5.0,5.75,6.62,,,,,
1993-07-13,,,,5.03,5.78,6.62,,,,,
1993-07-14,,,,4.98,5.72,6.56,,,,,
1993-07-15,,,,4.99,5.72,6.55,,,,,
1993-07-16,,,,4.99,5.71,6.54,,,,,
1993-07-19,,,,5.0,5.71,6.54,,,,,
1993-07-20,,,,5.08,5.75,6.55,,,,,
1993-07-21,,,,5.17,5.83,6.62,,,,,
1993-07-22,,,,5.24,5.9,6.65,,,,,
1993-07-23,,,,5.28,5.95,6.71,,,,,
1993-07-26,,,,5.25,5.93,6.68,,,,,
1993-07-27,,,,5.26,5.92,6.68,,,,,
1993-07-28,,,,5.23,5.9,6.66,,,,,
1993-07-29,,,,5.13,5.81,6.57,,,,,
1993-07-30,,,,5.16,5.83,6.57,,,,,
1993-08-02,,,,5.2,5.85,6.56,,,,,
1993-08-03,,,,5.19,5.83,6.53,,,,,
1993-08-04,,,,5.2,5.87,6.54,,,,,
1993-08-05,,,,5.18,5.86,6.53,,,,,
1993-08-06,,,,5.16,5.86,6.53,,,,,
1993-08-09,,,,5.12,5.82,6.47,,,,,
1993-08-10,,,,5.14,5.82,6.45,,,,,
1993-08-11,,,,5.13,5.75,6.44,,,,,
1993-08-12,,,,5.13,5.77,6.37,,,,,
1993-08-13,,,,5.08,5.72,6.35,,,,,
1993-08-16,,,,5.05,5.68,6.31,,,,,
1993-08-17,,,,5.07,5.7,6.31,,,,,
1993-08-18,,,,5.04,5.69,6.26,,,,,
1993-08-19,,,,4.97,5.64,6.21,,,,,
1993-08-20,,,,4.96,5.61,6.22,,,,,
1993-08-23,,,,4.98,5.6,6.22,,,,,
1993-08-24,,,,4.9,5.54,6.2,,,,,
1993-08-25,,,,4.86,5.51,6.18,,,,,
1993-08-26,,,,4.78,5.42,6.09,,,,,
1993-08-27,,,,4.83,5.48,6.13,,,,,
1993-08-30,,,,4.78,5.44,6.12,,,,,
1993-08-31,,,,4.8,5.45,6.09,,,,,
1993-09-01,,,,4.81,5.46,6.09,,,,,
1993-09-02,,,,4.76,5.41,6.04,,,,,
1993-09-03,,,,4.65,5.31,5.95,,,,,
1993-09-07,,,,4.6,5.23,5.88,,,,,
1993-09-08,,,,4.63,5.23,5.86,,,,,
1993-09-09,,,,4.74,5.35,5.96,,,,,
1993-09-10,,,,4.67,5.29,5.89,,,,,
1993-09-13,,,,4.66,5.26,5.86,,,,,
1993-09-14,,,,4.77,5.37,5.97,,,,,
1993-09-15,,,,4.75,5.39,6.0,,,,,
1993-09-16,,,,4.74,5.37,6.01,,,,,
1993-09-17,,,,4.75,5.38,6.04,,,,,
1993-09-20,,,,4.79,5.42,6.08,,,,,
1993-09-21,,,,4.8,5.47,6.14,,,,,
1993-09-22,,,,4.81,5.45,6.1,,,,,
1993-09-23,,,,4.8,5.42,6.06,,,,,
1993-09-24,,,,4.81,5.42,6.06,,,,,
1993-09-27,,,,4.69,5.3,5.97,,,,,
1993-09-28,,,,4.67,5.28,5.94,,,,,
1993-09-29,,,,4.74,5.35,6.0,,,,,
1993-09-30,,,,4.79,5.4,6.04,,,,,
1993-10-01,,,,4.72,5.34,5.98,,,,,
1993-10-04,,,,4.71,5.34,5.99,,,,,
1993-10-05,,,,4.72,5.35,6.01,,,,,
1993-10-06,,,,4.7,5.35,6.01,,,,,
1993-10-07,,,,4.69,5.33,6.01,,,,,
1993-10-08,,,,4.61,5.26,5.92,,,,,
1993-10-12,,,,4.64,5.27,5.92,,,,,
1993-10-13,,,,4.64,5.27,5.92,,,,,
1993-10-14,,,,4.61,5.23,5.86,,,,,
1993-10-15,,,,4.57,5.19,5.78,,,,,
1993-10-18,,,,4.66,5.27,5.85,,,,,
1993-10-19,,,,4.66,5.27,5.85,,,,,
1993-10-20,,,,4.64,5.26,5.83,,,,,
1993-10-21,,,,4.72,5.35,5.92,,,,,
1993-10-22,,,,4.76,5.42,5.98,,,,,
1993-10-25,,,,4.82,5.47,6.02,,,,,
1993-10-26,,,,4.79,5.43,6.0,,,,,
1993-10-27,,,,4.82,5.44,6.0,,,,,
1993-10-28,,,,4.83,5.41,5.97,,,,,
1993-10-29,,,,4.83,5.43,5.96,,,,,
1993-11-01,,,,4.96,5.56,6.02,,,,,
1993-11-02,,,,5.02,5.63,6.07,,,,,
1993-11-03,,,,5.01,5.67,6.11,,,,,
1993-11-04,,,,5.03,5.67,6.19,,,,,
1993-11-05,,,,5.11,5.75,6.22,,,,,
1993-11-08,,,,5.04,5.7,6.22,,,,,
1993-11-09,,,,5.02,5.64,6.16,,,,,
1993-11-10,,,,5.08,5.72,6.21,,,,,
1993-11-12,,,,5.02,5.66,6.15,,,,,
1993-11-15,,,,5.02,5.69,6.17,,,,,
1993-11-16,,,,4.98,5.66,6.17,,,,,
1993-11-17,,,,4.99,5.65,6.19,,,,,
1993-11-18,,,,5.06,5.72,6.23,,,,,
1993-11-19,,,,5.16,5.84,6.34,,,,,
1993-11-22,,,,5.2,5.89,6.36,,,,,
1993-11-23,,,,5.14,5.82,6.3,,,,,
1993-11-24,,,,5.11,5.84,6.31,,,,,
1993-11-26,,,,5.08,5.78,6.26,,,,,
1993-11-29,,,,5.08,5.76,6.23,,,,,
1993-11-30,,,,5.15,5.83,6.29,,,,,
1993-12-01,,,,5.14,5.82,6.28,,,,,
1993-12-02,,,,5.16,5.81,6.27,,,,,
1993-12-03,,,,5.16,5.8,6.25,,,,,
1993-12-06,,,,5.09,5.72,6.17,,,,,
1993-12-07,,,,5.1,5.71,6.17,,,,,
1993-12-08,,,,5.09,5.71,6.17,,,,,
1993-12-09,,,,5.07,5.68,6.15,,,,,
1993-12-10,,,,5.13,5.73,6.19,,,,,
1993-12-13,,,,5.16,5.78,6.24,,,,,
1993-12-14,,,,5.2,5.82,6.29,,,,,
1993-12-15,,,,5.19,5.83,6.29,,,,,
1993-12-16,,,,5.2,5.84,6.31,,,,,
1993-12-17,,,,5.17,5.81,6.29,,,,,
1993-12-20,,,,5.2,5.83,6.3,,,,,
1993-12-21,,,,5.22,5.85,6.32,,,,,
1993-12-22,,,,5.13,5.74,6.22,,,,,
1993-12-23,,,,5.1,5.72,6.22,,,,,
1993-12-27,,,,5.09,5.72,6.23,,,,,
1993-12-28,,,,5.1,5.72,6.24,,,,,
1993-12-29,,,,5.12,5.74,6.25,,,,,
1993-12-30,,,,5.2,5.82,6.34,,,,,
1993-12-31,,,,5.21,5.83,6.35,,,,,
1994-01-03,,,,5.29,5.92,6.41,,,,,
1994-01-04,,,,5.26,5.88,6.37,,,,,
1994-01-05,,,,5.27,5.9,6.4,,,,,
1994-01-06,,,,5.21,5.84,6.36,,,,,
1994-01-07,,,,5.03,5.7,6.24,,,,,
1994-01-10,,,,5.01,5.67,6.24,,,,,
1994-01-11,,,,5.0,5.67,6.25,,,,,
1994-01-12,,,,4.95,5.6,6.17,,,,,
1994-01-13,,,,5.08,5.71,6.26,,,,,
1994-01-14,,,,5.12,5.78,6.3,,,,,
1994-01-18,,,,5.09,5.74,6.28,,,,,
1994-01-19,,,,5.08,5.76,6.3,,,,,
1994-01-20,,,,5.02,5.71,6.27,,,,,
1994-01-21,,,,5.05,5.73,6.29,,,,,
1994-01-24,,,,5.06,5.74,6.3,,,,,
1994-01-25,,,,5.08,5.78,6.34,,,,,
1994-01-26,,,,5.09,5.77,6.33,,,,,
1994-01-27,,,,5.04,5.73,6.27,,,,,
1994-01-28,,,,4.99,5.68,6.21,,,,,
1994-01-31,,,,5.02,5.7,6.23,,,,,
1994-02-01,,,,5.1,5.77,6.31,,,,,
1994-02-02,,,,5.11,5.77,6.29,,,,,
1994-02-03,,,,5.17,5.81,6.31,,,,,
1994-02-04,,,,5.32,5.94,6.37,,,,,
1994-02-07,,,,5.36,5.96,6.38,,,,,
1994-02-08,,,,5.38,6.01,6.44,,,,,
1994-02-09,,,,5.35,5.92,6.43,,,,,
1994-02-10,,,,5.36,5.91,6.45,,,,,
1994-02-11,,,,5.34,5.88,6.41,,,,,
1994-02-14,,,,5.36,5.9,6.45,,,,,
1994-02-15,,,,5.34,5.88,6.45,,,,,
1994-02-16,,,,5.35,5.89,6.46,,,,,
1994-02-17,,,,5.45,6.0,6.54,,,,,
1994-02-18,,,,5.52,6.09,6.63,,,,,
1994-02-22,,,,5.5,6.05,6.6,,,,,
1994-02-23,,,,5.59,6.13,6.65,,,,,
1994-02-24,,,,5.66,6.22,6.75,,,,,
1994-02-25,,,,5.65,6.21,6.73,,,,,
1994-02-28,,,,5.6,6.15,6.67,,,,,
1994-03-01,,,,5.74,6.28,6.79,,,,,
1994-03-02,,,,5.74,6.3,6.79,,,,,
1994-03-03,,,,5.79,6.35,6.84,,,,,
1994-03-04,,,,5.82,6.38,6.85,,,,,
1994-03-07,,,,5.77,6.32,6.8,,,,,
1994-03-08,,,,5.84,6.38,6.85,,,,,
1994-03-09,,,,5.84,6.38,6.85,,,,,
1994-03-10,,,,5.9,6.48,6.94,,,,,
1994-03-11,,,,5.89,6.46,6.91,,,,,
1994-03-14,,,,5.94,6.5,6.93,,,,,
1994-03-15,,,,5.91,6.47,6.9,,,,,
1994-03-16,,,,5.86,6.4,6.82,,,,,
1994-03-17,,,,5.88,6.4,6.82,,,,,
1994-03-18,,,,5.97,6.49,6.9,,,,,
1994-03-21,,,,6.03,6.55,6.94,,,,,
1994-03-22,,,,5.92,6.44,6.85,,,,,
1994-03-23,,,,5.92,6.44,6.85,,,,,
1994-03-24,,,,6.05,6.58,6.98,,,,,
1994-03-25,,,,6.08,6.61,6.99,,,,,
1994-03-28,,,,6.1,6.63,6.98,,,,,
1994-03-29,,,,6.19,6.71,7.06,,,,,
1994-03-30,,,,6.24,6.78,7.1,,,,,
1994-03-31,,,,6.23,6.77,7.11,,,,,
1994-04-04,,,,6.64,7.16,7.43,,,,,
1994-04-05,,,,6.47,6.97,7.28,,,,,
1994-04-06,,,,6.42,6.93,7.25,,,,,
1994-04-07,,,,6.38,6.86,7.21,,,,,
1994-04-08,,,,6.46,6.94,7.26,,,,,
1994-04-11,,,,6.46,6.92,7.24,,,,,
1994-04-12,,,,6.4,6.87,7.2,,,,,
1994-04-13,,,,6.47,6.93,7.26,,,,,
1994-04-14,,,,6.51,6.97,7.29,,,,,
1994-04-15,,,,6.5,6.97,7.29,,,,,
1994-04-18,,,,6.7,7.14,7.41,,,,,
1994-04-19,,,,6.68,7.1,7.37,,,,,
1994-04-20,,,,6.62,7.05,7.33,,,,,
1994-04-21,,,,6.49,6.91,7.22,,,,,
1994-04-22,,,,6.53,6.93,7.21,,,,,
1994-04-25,,,,6.48,6.86,7.14,,,,,
1994-04-26,,,,6.46,6.86,7.12,,,,,
1994-04-28,,,,6.65,7.04,7.29,,,,,
1994-04-29,,,,6.64,7.06,7.31,,,,,
1994-05-02,,,,6.69,7.09,7.33,,,,,
1994-05-03,,,,6.73,7.13,7.35,,,,,
1994-05-04,,,,6.74,7.14,7.35,,,,,
1994-05-05,,,,6.7,7.11,7.33,,,,,
1994-05-06,,,,6.95,7.35,7.53,,,,,
1994-05-09,,,,7.09,7.49,7.63,,,,,
1994-05-10,,,,6.93,7.33,7.5,,,,,
1994-05-11,,,,7.02,7.4,7.6,,,,,
1994-05-12,,,,6.97,7.36,7.57,,,,,
1994-05-13,,,,6.89,7.29,7.5,,,,,
1994-05-16,,,,6.85,7.24,7.46,,,,,
1994-05-17,,,,6.66,7.03,7.27,,,,,
1994-05-18,,,,6.61,7.03,7.27,,,,,
1994-05-19,,,,6.52,6.96,7.24,,,,,
1994-05-20,,,,6.59,7.02,7.3,,,,,
1994-05-23,,,,6.76,7.19,7.44,,,,,
1994-05-24,,,,6.75,7.17,7.41,,,,,
1994-05-25,,,,6.74,7.14,7.37,,,,,
1994-05-26,,,,6.69,7.09,7.37,,,,,
1994-05-27,,,,6.73,7.12,7.4,,,,,
1994-05-31,,,,6.77,7.17,7.44,,,,,
1994-06-01,,,,6.74,7.12,7.39,,,,,
1994-06-02,,,,6.68,7.07,7.35,,,,,
1994-06-03,,,,6.59,6.98,7.26,,,,,
1994-06-06,,,,6.49,6.91,7.21,,,,,
1994-06-07,,,,6.53,6.95,7.26,,,,,
1994-06-08,,,,6.53,6.96,7.28,,,,,
1994-06-09,,,,6.54,6.98,7.28,,,,,
1994-06-10,,,,6.6,7.03,7.32,,,,,
1994-06-13,,,,6.66,7.07,7.36,,,,,
1994-06-14,,,,6.58,7.0,7.31,,,,,
1994-06-15,,,,6.67,7.1,7.41,,,,,
1994-06-16,,,,6.65,7.07,7.38,,,,,
1994-06-17,,,,6.71,7.14,7.45,,,,,
1994-06-20,,,,6.74,7.16,7.46,,,,,
1994-06-21,,,,6.82,7.22,7.51,,,,,
1994-06-22,,,,6.75,7.13,7.41,,,,,
1994-06-23,,,,6.7,7.1,7.4,,,,,
1994-06-24,,,,6.81,7.22,7.52,,,,,
1994-06-27,,,,6.79,7.18,7.46,,,,,
1994-06-28,,,,6.88,7.26,7.53,,,,,
1994-06-29,,,,6.87,7.24,7.51,,,,,
1994-06-30,,,,6.97,7.34,7.63,,,,,
1994-07-01,,,,6.95,7.34,7.62,,,,,
1994-07-05,,,,6.93,7.31,7.6,,,,,
1994-07-06,,,,6.92,7.32,7.61,,,,,
1994-07-07,,,,6.89,7.3,7.6,,,,,
1994-07-08,,,,7.04,7.42,7.7,,,,,
1994-07-11,,,,7.09,7.47,7.73,,,,,
1994-07-12,,,,7.03,7.43,7.69,,,,,
1994-07-13,,,,7.02,7.41,7.68,,,,,
1994-07-14,,,,6.85,7.25,7.54,,,,,
1994-07-15,,,,6.84,7.25,7.55,,,,,
1994-07-18,,,,6.79,7.2,7.51,,,,,
1994-07-19,,,,6.73,7.15,7.47,,,,,
1994-07-20,,,,6.84,7.25,7.55,,,,,
1994-07-21,,,,6.89,7.27,7.55,,,,,
1994-07-22,,,,6.92,7.29,7.56,,,,,
1994-07-25,,,,6.9,7.27,7.53,,,,,
1994-07-26,,,,6.9,7.28,7.55,,,,,
1994-07-27,,,,6.99,7.34,7.6,,,,,
1994-07-28,,,,6.94,7.29,7.55,,,,,
1994-07-29,,,,6.73,7.12,7.39,,,,,
1994-08-01,,,,6.75,7.13,7.41,,,,,
1994-08-02,,,,6.73,7.11,7.4,,,,,
1994-08-03,,,,6.7,7.09,7.38,,,,,
1994-08-04,,,,6.72,7.12,7.4,,,,,
1994-08-05,,,,6.93,7.28,7.54,,,,,
1994-08-08,,,,6.93,7.28,7.53,,,,,
1994-08-09,,,,6.97,7.33,7.57,,,,,
1994-08-10,,,,6.95,7.3,7.58,,,,,
1994-08-11,,,,7.0,7.36,7.56,,,,,
1994-08-12,,,,6.94,7.27,7.48,,,,,
1994-08-15,,,,6.96,7.3,7.51,,,,,
1994-08-16,,,,6.86,7.19,7.39,,,,,
1994-08-17,,,,6.81,7.15,7.39,,,,,
1994-08-18,,,,6.93,7.28,7.5,,,,,
1994-08-19,,,,6.92,7.27,7.5,,,,,
1994-08-22,,,,6.97,7.31,7.56,,,,,
1994-08-23,,,,6.94,7.28,7.54,,,,,
1994-08-24,,,,6.87,7.22,7.47,,,,,
1994-08-25,,,,6.93,7.29,7.55,,,,,
1994-08-26,,,,6.87,7.24,7.49,,,,,
1994-08-29,,,,6.87,7.24,7.5,,,,,
1994-08-30,,,,6.83,7.2,7.47,,,,,
1994-08-31,,,,6.81,7.19,7.46,,,,,
1994-09-01,,,,6.81,7.19,7.46,,,,,
1994-09-02,,,,6.82,7.21,7.5,,,,,
1994-09-06,,,,6.88,7.27,7.55,,,,,
1994-09-07,,,,6.92,7.29,7.58,,,,,
1994-09-08,,,,6.92,7.3,7.58,,,,,
1994-09-09,,,,7.06,7.44,7.71,,,,,
1994-09-12,,,,7.08,7.46,7.72,,,,,
1994-09-13,,,,7.05,7.44,7.7,,,,,
1994-09-14,,,,7.02,7.41,7.68,,,,,
1994-09-15,,,,6.97,7.35,7.64,,,,,
1994-09-16,,,,7.13,7.52,7.78,,,,,
1994-09-19,,,,7.11,7.49,7.75,,,,,
1994-09-20,,,,7.15,7.53,7.78,,,,,
1994-09-21,,,,7.2,7.56,7.8,,,,,
1994-09-22,,,,7.2,7.56,7.79,,,,,
1994-09-23,,,,7.2,7.57,7.8,,,,,
1994-09-26,,,,7.21,7.57,7.8,,,,,
1994-09-27,,,,7.24,7.61,7.85,,,,,
1994-09-28,,,,7.21,7.57,7.81,,,,,
1994-09-29,,,,7.29,7.64,7.86,,,,,
1994-09-30,,,,7.28,7.62,7.82,,,,,
1994-10-03,,,,7.35,7.66,7.86,,,,,
1994-10-04,,,,7.37,7.7,7.89,,,,,
1994-10-05,,,,7.42,7.77,7.95,,,,,
1994-10-06,,,,7.43,7.78,7.95,,,,,
1994-10-07,,,,7.34,7.7,7.91,,,,,
1994-10-11,,,,7.3,7.65,7.86,,,,,
1994-10-12,,,,7.34,7.69,7.89,,,,,
1994-10-13,,,,7.3,7.64,7.84,,,,,
1994-10-14,,,,7.26,7.61,7.83,,,,,
1994-10-17,,,,7.28,7.62,7.83,,,,,
1994-10-18,,,,7.29,7.64,7.86,,,,,
1994-10-19,,,,7.34,7.68,7.9,,,,,
1994-10-20,,,,7.46,7.8,8.0,,,,,
1994-10-21,,,,7.46,7.81,7.99,,,,,
1994-10-24,,,,7.52,7.86,8.04,,,,,
1994-10-25,,,,7.54,7.88,8.06,,,,,
1994-10-26,,,,7.55,7.88,8.06,,,,,
1994-10-27,,,,7.55,7.88,8.05,,,,,
1994-10-28,,,,7.48,7.82,7.96,,,,,
1994-10-31,,,,7.48,7.81,7.97,,,,,
1994-11-01,,,,7.58,7.91,8.06,,,,,
1994-11-02,,,,7.63,7.96,8.09,,,,,
1994-11-03,,,,7.65,7.96,8.11,,,,,
1994-11-04,,,,7.72,8.04,8.16,,,,,
1994-11-07,,,,7.73,8.05,8.16,,,,,
1994-11-08,,,,7.69,8.01,8.12,,,,,
1994-11-09,,,,7.64,7.94,8.09,,,,,
1994-11-10,,,,7.69,7.98,8.15,,,,,
1994-11-14,,,,7.66,7.94,8.09,,,,,
1994-11-15,,,,7.69,7.92,8.05,,,,,
1994-11-16,,,,7.73,7.97,8.09,,,,,
1994-11-17,,,,7.79,8.03,8.14,,,,,
1994-11-18,,,,7.79,8.01,8.14,,,,,
1994-11-21,,,,7.83,8.03,8.14,,,,,
1994-11-22,,,,7.82,8.0,8.11,,,,,
1994-11-23,,,,7.64,7.81,7.96,,,,,
1994-11-25,,,,7.65,7.8,7.94,,,,,
1994-11-28,,,,7.77,7.88,7.99,,,,,
1994-11-29,,,,7.86,7.95,8.05,,,,,
1994-11-30,,,,7.79,7.91,7.99,,,,,
1994-12-01,,,,7.8,7.92,8.02,,,,,
1994-12-02,,,,7.71,7.81,7.92,,,,,
1994-12-05,,,,7.78,7.83,7.94,,,,,
1994-12-06,,,,7.65,7.73,7.84,,,,,
1994-12-07,,,,7.74,7.81,7.9,,,,,
1994-12-08,,,,7.77,7.79,7.88,,,,,
1994-12-09,,,,7.74,7.79,7.86,,,,,
1994-12-12,,,,7.82,7.85,7.92,,,,,
1994-12-13,,,,7.84,7.83,7.86,,,,,
1994-12-14,,,,7.74,7.8,7.86,,,,,
1994-12-15,,,,7.73,7.79,7.86,,,,,
1994-12-16,,,,7.76,7.81,7.86,,,,,
1994-12-19,,,,7.77,7.81,7.84,,,,,
1994-12-20,,,,7.76,7.81,7.85,,,,,
1994-12-21,,,,7.75,7.8,7.84,,,,,
1994-12-22,,,,7.83,7.84,7.87,,,,,
1994-12-23,,,,7.86,7.85,7.85,,,,,
1994-12-27,,,,7.78,7.76,7.76,,,,,
1994-12-28,,,,7.81,7.8,7.83,,,,,
1994-12-29,,,,7.83,7.82,7.85,,,,,
1994-12-30,,,,7.83,7.84,7.89,,,,,
1995-01-03,,,,7.88,7.88,7.93,,,,,
1995-01-04,,,,7.81,7.82,7.85,,,,,
1995-01-05,,,,7.87,7.88,7.91,,,,,
1995-01-06,,,,7.87,7.87,7.87,,,,,
1995-01-09,,,,7.9,7.89,7.9,,,,,
1995-01-10,,,,7.85,7.84,7.87,,,,,
1995-01-11,,,,7.8,7.79,7.85,,,,,
1995-01-12,,,,7.8,7.8,7.88,,,,,
1995-01-13,,,,7.64,7.69,7.8,,,,,
1995-01-17,,,,7.68,7.7,7.78,,,,,
1995-01-18,,,,7.71,7.71,7.78,,,,,
1995-01-19,,,,7.74,7.74,7.82,,,,,
1995-01-20,,,,7.8,7.82,7.9,,,,,
1995-01-23,,,,7.8,7.83,7.91,,,,,
1995-01-24,,,,7.82,7.86,7.93,,,,,
1995-01-25,,,,7.76,7.8,7.88,,,,,
1995-01-26,,,,7.7,7.76,7.85,,,,,
1995-01-27,,,,7.6,7.66,7.75,,,,,
1995-01-30,,,,7.55,7.65,7.76,,,,,
1995-01-31,,,,7.54,7.6,7.71,,,,,
1995-02-01,,,,7.56,7.66,7.75,,,,,
1995-02-02,,,,7.63,7.68,7.76,,,,,
1995-02-03,,,,7.4,7.49,7.61,,,,,
1995-02-06,,,,7.43,7.53,7.64,,,,,
1995-02-07,,,,7.44,7.52,7.65,,,,,
1995-02-08,,,,7.43,7.53,7.66,,,,,
1995-02-09,,,,7.5,7.58,7.65,,,,,
1995-02-10,,,,7.55,7.62,7.68,,,,,
1995-02-13,,,,7.54,7.61,7.67,,,,,
1995-02-14,,,,7.45,7.51,7.61,,,,,
1995-02-15,,,,7.37,7.45,7.58,,,,,
1995-02-16,,,,7.29,7.4,7.57,,,,,
1995-02-17,,,,7.33,7.43,7.59,,,,,
1995-02-21,,,,7.35,7.44,7.61,,,,,
1995-02-22,,,,7.2,7.34,7.54,,,,,
1995-02-23,,,,7.2,7.34,7.56,,,,,
1995-02-24,,,,7.16,7.33,7.54,,,,,
1995-02-27,,,,7.06,7.24,7.49,,,,,
1995-02-28,,,,7.06,7.22,7.46,,,,,
1995-03-01,,,,7.06,7.23,7.45,,,,,
1995-03-02,,,,7.15,7.3,7.5,,,,,
1995-03-03,,,,7.19,7.36,7.56,,,,,
1995-03-06,,,,7.24,7.41,7.59,,,,,
1995-03-07,,,,7.28,7.44,7.64,,,,,
1995-03-08,,,,7.2,7.36,7.56,,,,,
1995-03-09,,,,7.11,7.3,7.53,,,,,
1995-03-10,,,,7.07,7.23,7.46,,,,,
1995-03-13,,,,7.01,7.19,7.45,,,,,
1995-03-14,,,,6.93,7.09,7.35,,,,,
1995-03-15,,,,6.93,7.09,7.36,,,,,
1995-03-16,,,,6.89,7.05,7.33,,,,,
1995-03-17,,,,6.97,7.12,7.37,,,,,
1995-03-20,,,,6.98,7.12,7.4,,,,,
1995-03-21,,,,7.01,7.16,7.43,,,,,
1995-03-22,,,,7.05,7.21,7.46,,,,,
1995-03-23,,,,7.06,7.21,7.47,,,,,
1995-03-24,,,,6.93,7.09,7.38,,,,,
1995-03-27,,,,6.9,7.05,7.33,,,,,
1995-03-28,,,,7.02,7.16,7.41,,,,,
1995-03-29,,,,6.98,7.16,7.4,,,,,
1995-03-30,,,,7.05,7.18,7.43,,,,,
1995-03-31,,,,7.08,7.2,7.44,,,,,
1995-04-03,,,,7.0,7.14,7.39,,,,,
1995-04-04,,,,6.96,7.12,7.38,,,,,
1995-04-05,,,,6.97,7.12,7.38,,,,,
1995-04-06,,,,6.92,7.09,7.36,,,,,
1995-04-07,,,,6.93,7.11,7.39,,,,,
1995-04-10,,,,6.94,7.12,7.39,,,,,
1995-04-11,,,,6.92,7.09,7.37,,,,,
1995-04-12,,,,6.89,7.06,7.36,,,,,
1995-04-13,,,,6.82,7.03,7.34,,,,,
1995-04-17,,,,6.8,7.04,7.39,,,,,
1995-04-18,,,,6.77,7.04,7.4,,,,,
1995-04-19,,,,6.82,7.06,7.37,,,,,
1995-04-20,,,,6.76,7.02,7.35,,,,,
1995-04-21,,,,6.77,7.01,7.34,,,,,
1995-04-24,,,,6.77,7.01,7.32,,,,,
1995-04-25,,,,6.79,7.01,7.33,,,,,
1995-04-26,,,,6.79,7.01,7.32,,,,,
1995-04-27,,,,6.84,7.04,7.33,,,,,
1995-04-28,,,,6.88,7.07,7.34,,,,,
1995-05-01,,,,6.9,7.09,7.35,,,,,
1995-05-02,,,,6.83,7.04,7.33,,,,,
1995-05-03,,,,6.73,6.96,7.25,,,,,
1995-05-04,,,,6.63,6.85,7.15,,,,,
1995-05-05,,,,6.42,6.69,7.02,,,,,
1995-05-08,,,,6.44,6.7,7.02,,,,,
1995-05-09,,,,6.33,6.61,6.94,,,,,
1995-05-10,,,,6.39,6.66,6.97,,,,,
1995-05-11,,,,6.45,6.68,6.99,,,,,
1995-05-12,,,,6.46,6.67,7.0,,,,,
1995-05-15,,,,6.41,6.62,6.95,,,,,
1995-05-16,,,,6.36,6.57,6.87,,,,,
1995-05-17,,,,6.35,6.53,6.86,,,,,
1995-05-18,,,,6.44,6.61,6.91,,,,,
1995-05-19,,,,6.43,6.61,6.91,,,,,
1995-05-22,,,,6.46,6.63,6.92,,,,,
1995-05-23,,,,6.37,6.57,6.87,,,,,
1995-05-24,,,,6.2,6.44,6.77,,,,,
1995-05-25,,,,6.18,6.39,6.73,,,,,
1995-05-26,,,,6.18,6.4,6.75,,,,,
1995-05-30,,,,6.08,6.3,6.67,,,,,
1995-05-31,,,,6.08,6.3,6.67,,,,,
1995-06-01,,,,5.94,6.2,6.61,,,,,
1995-06-02,,,,5.8,6.1,6.52,,,,,
1995-06-05,,,,5.79,6.08,6.51,,,,,
1995-06-06,,,,5.83,6.08,6.51,,,,,
1995-06-07,,,,5.95,6.2,6.53,,,,,
1995-06-08,,,,6.02,6.22,6.57,,,,,
1995-06-09,,,,6.21,6.4,6.72,,,,,
1995-06-12,,,,6.16,6.37,6.71,,,,,
1995-06-13,,,,5.88,6.14,6.56,,,,,
1995-06-14,,,,5.88,6.15,6.57,,,,,
1995-06-15,,,,5.93,6.18,6.61,,,,,
1995-06-16,,,,5.96,6.21,6.62,,,,,
1995-06-19,,,,5.87,6.13,6.56,,,,,
1995-06-20,,,,5.92,6.16,6.57,,,,,
1995-06-21,,,,5.89,6.13,6.55,,,,,
1995-06-22,,,,5.8,6.04,6.48,,,,,
1995-06-23,,,,5.83,6.06,6.51,,,,,
1995-06-26,,,,5.9,6.11,6.54,,,,,
1995-06-27,,,,5.94,6.15,6.56,,,,,
1995-06-28,,,,5.88,6.1,6.52,,,,,
1995-06-29,,,,6.07,6.28,6.65,,,,,
1995-06-30,,,,5.98,6.21,6.63,,,,,
1995-07-03,,,,5.97,6.21,6.63,,,,,
1995-07-05,,,,5.95,6.19,6.61,,,,,
1995-07-06,,,,5.75,6.05,6.51,,,,,
1995-07-07,,,,5.74,6.04,6.52,,,,,
1995-07-10,,,,5.74,6.04,6.51,,,,,
1995-07-11,,,,5.8,6.09,6.57,,,,,
1995-07-12,,,,5.8,6.1,6.55,,,,,
1995-07-13,,,,5.8,6.09,6.55,,,,,
1995-07-14,,,,5.89,6.15,6.6,,,,,
1995-07-17,,,,5.97,6.22,6.67,,,,,
1995-07-18,,,,6.01,6.25,6.73,,,,,
1995-07-19,,,,6.15,6.43,6.89,,,,,
1995-07-20,,,,6.15,6.43,6.87,,,,,
1995-07-21,,,,6.26,6.53,6.96,,,,,
1995-07-24,,,,6.2,6.46,6.9,,,,,
1995-07-25,,,,6.19,6.43,6.84,,,,,
1995-07-26,,,,6.24,6.48,6.9,,,,,
1995-07-27,,,,6.18,6.43,6.84,,,,,
1995-07-28,,,,6.22,6.49,6.91,,,,,
1995-07-31,,,,6.16,6.45,6.86,,,,,
1995-08-01,,,,6.22,6.5,6.92,,,,,
1995-08-02,,,,6.15,6.44,6.86,,,,,
1995-08-03,,,,6.24,6.53,6.93,,,,,
1995-08-04,,,,6.2,6.5,6.9,,,,,
1995-08-07,,,,6.18,6.48,6.89,,,,,
1995-08-08,,,,6.17,6.47,6.89,,,,,
1995-08-09,,,,6.21,6.47,6.93,,,,,
1995-08-10,,,,6.25,6.51,6.9,,,,,
1995-08-11,,,,6.37,6.59,6.98,,,,,
1995-08-14,,,,6.36,6.59,6.96,,,,,
1995-08-15,,,,6.37,6.57,6.92,,,,,
1995-08-16,,,,6.32,6.54,6.89,,,,,
1995-08-17,,,,6.37,6.57,6.9,,,,,
1995-08-18,,,,6.36,6.57,6.91,,,,,
1995-08-21,,,,6.31,6.54,6.87,,,,,
1995-08-22,,,,6.35,6.57,6.89,,,,,
1995-08-23,,,,6.37,6.6,6.92,,,,,
1995-08-24,,,,6.26,6.5,6.84,,,,,
1995-08-25,,,,6.13,6.38,6.72,,,,,
1995-08-28,,,,6.1,6.34,6.7,,,,,
1995-08-29,,,,6.15,6.36,6.72,,,,,
1995-08-30,,,,6.1,6.33,6.7,,,,,
1995-08-31,,,,6.07,6.28,6.65,,,,,
1995-09-01,,,,6.0,6.22,6.61,,,,,
1995-09-05,,,,5.96,6.18,6.57,,,,,
1995-09-06,,,,5.95,6.17,6.57,,,,,
1995-09-07,,,,6.0,6.21,6.6,,,,,
1995-09-08,,,,6.04,6.24,6.6,,,,,
1995-09-11,,,,6.05,6.24,6.6,,,,,
1995-09-12,,,,5.96,6.16,6.51,,,,,
1995-09-13,,,,5.99,6.18,6.52,,,,,
1995-09-14,,,,5.87,6.08,6.45,,,,,
1995-09-15,,,,5.91,6.11,6.47,,,,,
1995-09-18,,,,5.97,6.17,6.53,,,,,
1995-09-19,,,,5.94,6.14,6.49,,,,,
1995-09-20,,,,5.92,6.1,6.46,,,,,
1995-09-21,,,,6.03,6.21,6.56,,,,,
1995-09-22,,,,6.06,6.25,6.59,,,,,
1995-09-25,,,,6.08,6.26,6.58,,,,,
1995-09-26,,,,6.11,6.28,6.58,,,,,
1995-09-27,,,,6.08,6.3,6.61,,,,,
1995-09-28,,,,6.1,6.28,6.59,,,,,
1995-09-29,,,,6.01,6.17,6.49,,,,,
1995-10-02,,,,5.98,6.15,6.48,,,,,
1995-10-03,,,,5.96,6.13,6.46,,,,,
1995-10-04,,,,5.91,6.12,6.44,,,,,
1995-10-05,,,,5.88,6.06,6.43,,,,,
1995-10-06,,,,5.89,6.06,6.43,,,,,
1995-10-10,,,,5.91,6.07,6.43,,,,,
1995-10-11,,,,5.91,6.09,6.44,,,,,
1995-10-12,,,,5.88,6.07,6.41,,,,,
1995-10-13,,,,5.8,5.97,6.3,,,,,
1995-10-16,,,,5.8,5.97,6.32,,,,,
1995-10-17,,,,5.8,5.97,6.3,,,,,
1995-10-18,,,,5.83,5.99,6.32,,,,,
1995-10-19,,,,5.83,5.98,6.31,,,,,
1995-10-20,,,,5.9,6.04,6.35,,,,,
1995-10-23,,,,5.92,6.07,6.38,,,,,
1995-10-24,,,,5.85,6.02,6.33,,,,,
1995-10-25,,,,5.8,6.0,6.32,,,,,
1995-10-26,,,,5.81,6.06,6.38,,,,,
1995-10-27,,,,5.83,6.05,6.35,,,,,
1995-10-30,,,,5.82,6.04,6.35,,,,,
1995-10-31,,,,5.81,6.03,6.34,,,,,
1995-11-01,,,,5.74,5.98,6.29,,,,,
1995-11-02,,,,5.68,5.92,6.25,,,,,
1995-11-03,,,,5.7,5.94,6.28,,,,,
1995-11-06,,,,5.73,5.96,6.29,,,,,
1995-11-07,,,,5.77,5.99,6.31,,,,,
1995-11-08,,,,5.69,5.92,6.25,,,,,
1995-11-09,,,,5.72,5.97,6.29,,,,,
1995-11-10,,,,5.76,6.0,6.33,,,,,
1995-11-13,,,,5.72,5.98,6.28,,,,,
1995-11-14,,,,5.71,5.97,6.3,,,,,
1995-11-15,,,,5.77,6.0,6.3,,,,,
1995-11-16,,,,5.68,5.93,6.24,,,,,
1995-11-17,,,,5.66,5.92,6.23,,,,,
1995-11-20,,,,5.66,5.93,6.25,,,,,
1995-11-21,,,,5.7,5.92,6.27,,,,,
1995-11-22,,,,5.72,5.93,6.28,,,,,
1995-11-24,,,,5.7,5.91,6.25,,,,,
1995-11-27,,,,5.67,5.88,6.23,,,,,
1995-11-28,,,,5.67,5.88,6.24,,,,,
1995-11-29,,,,5.6,5.85,6.22,,,,,
1995-11-30,,,,5.53,5.76,6.14,,,,,
1995-12-01,,,,5.49,5.71,6.1,,,,,
1995-12-04,,,,5.43,5.63,6.01,,,,,
1995-12-05,,,,5.45,5.65,6.04,,,,,
1995-12-06,,,,5.49,5.67,6.03,,,,,
1995-12-07,,,,5.54,5.72,6.07,,,,,
1995-12-08,,,,5.56,5.73,6.06,,,,,
1995-12-11,,,,5.53,5.71,6.04,,,,,
1995-12-12,,,,5.55,5.72,6.05,,,,,
1995-12-13,,,,5.56,5.74,6.07,,,,,
1995-12-14,,,,5.55,5.74,6.08,,,,,
1995-12-15,,,,5.55,5.75,6.09,,,,,
1995-12-18,,,,5.66,5.85,6.2,,,,,
1995-12-19,,,,5.58,5.81,6.14,,,,,
1995-12-20,,,,5.55,5.76,6.11,,,,,
1995-12-21,,,,5.53,5.77,6.11,,,,,
1995-12-22,,,,5.5,5.71,6.06,,,,,
1995-12-26,,,,5.48,5.69,6.04,,,,,
1995-12-27,,,,5.46,5.66,6.01,,,,,
1995-12-28,,,,5.43,5.63,5.98,,,,,
1995-12-29,,,,5.38,5.58,5.96,,,,,
1996-01-02,,,,5.39,5.6,5.97,,,,,
1996-01-03,,,,5.36,5.58,5.96,,,,,
1996-01-04,,,,5.39,5.65,6.03,,,,,
1996-01-05,,,,5.42,5.69,6.05,,,,,
1996-01-08,,,,5.41,5.68,6.04,,,,,
1996-01-09,,,,5.41,5.7,6.06,,,,,
1996-01-10,,,,5.5,5.8,6.16,,,,,
1996-01-11,,,,5.47,5.78,6.16,,,,,
1996-01-12,,,,5.4,5.75,6.16,,,,,
1996-01-16,,,,5.37,5.66,6.09,,,,,
1996-01-17,,,,5.29,5.58,6.0,,,,,
1996-01-18,,,,5.25,5.53,5.98,,,,,
1996-01-19,,,,5.27,5.54,5.97,,,,,
1996-01-22,,,,5.34,5.61,6.04,,,,,
1996-01-23,,,,5.37,5.66,6.09,,,,,
1996-01-24,,,,5.3,5.62,6.02,,,,,
1996-01-25,,,,5.41,5.7,6.11,,,,,
1996-01-26,,,,5.34,5.65,6.04,,,,,
1996-01-29,,,,5.37,5.69,6.09,,,,,
1996-01-30,,,,5.3,5.63,6.04,,,,,
1996-01-31,,,,5.25,5.6,6.03,,,,,
1996-02-01,,,,5.24,5.63,6.08,,,,,
1996-02-02,,,,5.24,5.66,6.15,,,,,
1996-02-05,,,,5.3,5.7,6.15,,,,,
1996-02-06,,,,5.28,5.68,6.14,,,,,
1996-02-07,,,,5.27,5.66,6.15,,,,,
1996-02-08,,,,5.27,5.66,6.09,,,,,
1996-02-09,,,,5.25,5.66,6.11,,,,,
1996-02-12,,,,5.17,5.61,6.05,,,,,
1996-02-13,,,,5.14,5.58,6.02,,,,,
1996-02-14,,,,5.17,5.62,6.07,,,,,
1996-02-15,,,,5.23,5.7,6.16,,,,,
1996-02-16,,,,5.29,5.76,6.23,,,,,
1996-02-20,,,,5.53,6.01,6.39,,,,,
1996-02-21,,,,5.56,5.98,6.39,,,,,
1996-02-22,,,,5.47,5.92,6.36,,,,,
1996-02-23,,,,5.53,5.97,6.42,,,,,
1996-02-26,,,,5.56,6.01,6.45,,,,,
1996-02-27,,,,5.63,6.06,6.47,,,,,
1996-02-28,,,,5.73,6.11,6.48,,,,,
1996-02-29,,,,5.73,6.13,6.48,,,,,
1996-03-01,,,,5.6,5.99,6.38,,,,,
1996-03-04,,,,5.52,5.92,6.34,,,,,
1996-03-05,,,,5.6,5.96,6.39,,,,,
1996-03-06,,,,5.68,6.05,6.44,,,,,
1996-03-07,,,,5.71,6.07,6.46,,,,,
1996-03-08,,,,6.05,6.41,6.7,,,,,
1996-03-11,,,,6.0,6.33,6.63,,,,,
1996-03-12,,,,6.04,6.36,6.66,,,,,
1996-03-13,,,,6.03,6.35,6.68,,,,,
1996-03-14,,,,6.03,6.36,6.68,,,,,
1996-03-15,,,,6.19,6.46,6.75,,,,,
1996-03-18,,,,6.16,6.43,6.71,,,,,
1996-03-19,,,,6.15,6.41,6.7,,,,,
1996-03-20,,,,6.05,6.34,6.65,,,,,
1996-03-21,,,,6.01,6.28,6.62,,,,,
1996-03-22,,,,6.05,6.32,6.65,,,,,
1996-03-25,,,,6.0,6.26,6.58,,,,,
1996-03-26,,,,6.0,6.25,6.59,,,,,
1996-03-27,,,,6.12,6.34,6.68,,,,,
1996-03-28,,,,6.2,6.41,6.73,,,,,
1996-03-29,,,,6.1,6.34,6.67,,,,,
1996-04-01,,,,6.09,6.31,6.66,,,,,
1996-04-02,,,,6.02,6.25,6.62,,,,,
1996-04-03,,,,6.06,6.27,6.63,,,,,
1996-04-04,,,,6.12,6.33,6.66,,,,,
1996-04-05,,,,6.4,6.57,6.83,,,,,
1996-04-08,,,,6.46,6.63,6.88,,,,,
1996-04-09,,,,6.37,6.56,6.84,,,,,
1996-04-10,,,,6.44,6.63,6.91,,,,,
1996-04-11,,,,6.5,6.68,6.95,,,,,
1996-04-12,,,,6.31,6.52,6.81,,,,,
1996-04-15,,,,6.27,6.47,6.79,,,,,
1996-04-16,,,,6.28,6.48,6.78,,,,,
1996-04-17,,,,6.33,6.52,6.81,,,,,
1996-04-18,,,,6.39,6.58,6.84,,,,,
1996-04-19,,,,6.32,6.53,6.8,,,,,
1996-04-22,,,,6.28,6.48,6.75,,,,,
1996-04-23,,,,6.31,6.52,6.78,,,,,
1996-04-24,,,,6.34,6.57,6.81,,,,,
1996-04-25,,,,6.31,6.56,6.81,,,,,
1996-04-26,,,,6.29,6.54,6.79,,,,,
1996-04-29,,,,6.33,6.59,6.83,,,,,
1996-04-30,,,,6.4,6.66,6.89,,,,,
1996-05-01,,,,6.39,6.68,6.91,,,,,
1996-05-02,,,,6.56,6.85,7.05,,,,,
1996-05-03,,,,6.61,6.9,7.12,,,,,
1996-05-06,,,,6.57,6.86,7.07,,,,,
1996-05-07,,,,6.6,6.87,7.08,,,,,
1996-05-08,,,,6.56,6.78,7.0,,,,,
1996-05-09,,,,6.57,6.84,7.02,,,,,
1996-05-10,,,,6.45,6.75,6.93,,,,,
1996-05-13,,,,6.45,6.72,6.9,,,,,
1996-05-14,,,,6.4,6.66,6.85,,,,,
1996-05-15,,,,6.39,6.65,6.84,,,,,
1996-05-16,,,,6.45,6.7,6.9,,,,,
1996-05-17,,,,6.41,6.65,6.84,,,,,
1996-05-20,,,,6.38,6.62,6.82,,,,,
1996-05-21,,,,6.41,6.65,6.85,,,,,
1996-05-22,,,,6.38,6.63,6.81,,,,,
1996-05-23,,,,6.44,6.68,6.87,,,,,
1996-05-24,,,,6.42,6.65,6.84,,,,,
1996-05-28,,,,6.44,6.67,6.85,,,,,
1996-05-29,,,,6.56,6.77,6.94,,,,,
1996-05-30,,,,6.55,6.78,6.92,,,,,
1996-05-31,,,,6.64,6.85,7.0,,,,,
1996-06-03,,,,6.64,6.87,7.01,,,,,
1996-06-04,,,,6.62,6.86,7.0,,,,,
1996-06-05,,,,6.6,6.82,6.96,,,,,
1996-06-06,,,,6.52,6.76,6.91,,,,,
1996-06-07,,,,6.75,6.93,7.05,,,,,
1996-06-10,,,,6.77,6.97,7.1,,,,,
1996-06-11,,,,6.77,6.99,7.13,,,,,
1996-06-12,,,,6.81,7.03,7.18,,,,,
1996-06-13,,,,6.8,7.01,7.15,,,,,
1996-06-14,,,,6.72,6.95,7.1,,,,,
1996-06-17,,,,6.68,6.9,7.06,,,,,
1996-06-18,,,,6.71,6.93,7.09,,,,,
1996-06-19,,,,6.74,6.96,7.12,,,,,
1996-06-20,,,,6.77,6.98,7.12,,,,,
1996-06-21,,,,6.74,6.96,7.11,,,,,
1996-06-24,,,,6.72,6.94,7.09,,,,,
1996-06-25,,,,6.7,6.91,7.06,,,,,
1996-06-26,,,,6.67,6.91,7.05,,,,,
1996-06-27,,,,6.59,6.83,6.99,,,,,
1996-06-28,,,,6.47,6.73,6.9,,,,,
1996-07-01,,,,6.49,6.74,6.91,,,,,
1996-07-02,,,,6.56,6.8,6.94,,,,,
1996-07-03,,,,6.53,6.78,6.94,,,,,
1996-07-05,,,,6.82,7.06,7.19,,,,,
1996-07-08,,,,6.81,7.05,7.19,,,,,
1996-07-09,,,,6.78,7.0,7.15,,,,,
1996-07-10,,,,6.71,6.95,7.1,,,,,
1996-07-11,,,,6.67,6.9,7.07,,,,,
1996-07-12,,,,6.65,6.85,7.03,,,,,
1996-07-15,,,,6.67,6.89,7.07,,,,,
1996-07-16,,,,6.61,6.84,7.03,,,,,
1996-07-17,,,,6.61,6.83,7.02,,,,,
1996-07-18,,,,6.5,6.72,6.92,,,,,
1996-07-19,,,,6.55,6.78,6.97,,,,,
1996-07-22,,,,6.62,6.84,7.01,,,,,
1996-07-23,,,,6.6,6.8,6.97,,,,,
1996-07-24,,,,6.63,6.87,7.04,,,,,
1996-07-25,,,,6.65,6.87,7.04,,,,,
1996-07-26,,,,6.62,6.85,7.02,,,,,
1996-07-29,,,,6.69,6.93,7.09,,,,,
1996-07-30,,,,6.65,6.89,7.05,,,,,
1996-07-31,,,,6.57,6.8,6.98,,,,,
1996-08-01,,,,6.41,6.65,6.84,,,,,
1996-08-02,,,,6.26,6.51,6.74,,,,,
1996-08-05,,,,6.28,6.53,6.75,,,,,
1996-08-06,,,,6.29,6.54,6.76,,,,,
1996-08-07,,,,6.3,6.55,6.78,,,,,
1996-08-08,,,,6.29,6.56,6.76,,,,,
1996-08-09,,,,6.25,6.5,6.7,,,,,
1996-08-12,,,,6.24,6.49,6.7,,,,,
1996-08-13,,,,6.32,6.57,6.78,,,,,
1996-08-14,,,,6.33,6.58,6.78,,,,,
1996-08-15,,,,6.37,6.62,6.82,,,,,
1996-08-16,,,,6.31,6.56,6.77,,,,,
1996-08-19,,,,6.34,6.59,6.8,,,,,
1996-08-20,,,,6.34,6.59,6.8,,,,,
1996-08-21,,,,6.35,6.61,6.83,,,,,
1996-08-22,,,,6.38,6.62,6.84,,,,,
1996-08-23,,,,6.48,6.72,6.93,,,,,
1996-08-26,,,,6.57,6.8,7.0,,,,,
1996-08-27,,,,6.55,6.78,6.97,,,,,
1996-08-28,,,,6.56,6.79,6.99,,,,,
1996-08-29,,,,6.61,6.86,7.05,,,,,
1996-08-30,,,,6.73,6.96,7.13,,,,,
1996-09-03,,,,6.71,6.92,7.07,,,,,
1996-09-04,,,,6.74,6.94,7.1,,,,,
1996-09-05,,,,6.76,6.98,7.15,,,,,
1996-09-06,,,,6.72,6.94,7.12,,,,,
1996-09-09,,,,6.67,6.9,7.08,,,,,
1996-09-10,,,,6.7,6.94,7.13,,,,,
1996-09-11,,,,6.7,6.94,7.12,,,,,
1996-09-12,,,,6.64,6.88,7.08,,,,,
1996-09-13,,,,6.48,6.74,6.95,,,,,
1996-09-16,,,,6.49,6.73,6.95,,,,,
1996-09-17,,,,6.57,6.81,7.0,,,,,
1996-09-18,,,,6.61,6.83,7.02,,,,,
1996-09-19,,,,6.65,6.87,7.05,,,,,
1996-09-20,,,,6.62,6.85,7.04,,,,,
1996-09-23,,,,6.6,6.83,7.02,,,,,
1996-09-24,,,,6.52,6.77,6.99,,,,,
1996-09-25,,,,6.46,6.71,6.93,,,,,
1996-09-26,,,,6.41,6.66,6.88,,,,,
1996-09-27,,,,6.43,6.68,6.91,,,,,
1996-09-30,,,,6.46,6.72,6.93,,,,,
1996-10-01,,,,6.39,6.65,6.88,,,,,
1996-10-02,,,,6.35,6.61,6.84,,,,,
1996-10-03,,,,6.35,6.61,6.84,,,,,
1996-10-04,,,,6.2,6.48,6.74,,,,,
1996-10-07,,,,6.25,6.53,6.78,,,,,
1996-10-08,,,,6.26,6.53,6.79,,,,,
1996-10-09,,,,6.31,6.55,6.83,,,,,
1996-10-10,,,,6.37,6.61,6.89,,,,,
1996-10-11,,,,6.29,6.55,6.84,,,,,
1996-10-15,,,,6.3,6.56,6.85,,,,,
1996-10-16,,,,6.31,6.57,6.86,,,,,
1996-10-17,,,,6.25,6.51,6.81,,,,,
1996-10-18,,,,6.25,6.5,6.79,,,,,
1996-10-21,,,,6.27,6.52,6.81,,,,,
1996-10-22,,,,6.31,6.56,6.85,,,,,
1996-10-23,,,,6.31,6.56,6.84,,,,,
1996-10-24,,,,6.29,6.57,6.85,,,,,
1996-10-25,,,,6.26,6.54,6.82,,,,,
1996-10-28,,,,6.29,6.56,6.83,,,,,
1996-10-29,,,,6.12,6.4,6.7,,,,,
1996-10-30,,,,6.12,6.4,6.69,,,,,
1996-10-31,,,,6.1,6.37,6.66,,,,,
1996-11-01,,,,6.11,6.38,6.68,,,,,
1996-11-04,,,,6.1,6.36,6.67,,,,,
1996-11-05,,,,6.03,6.28,6.6,,,,,
1996-11-06,,,,6.05,6.3,6.61,,,,,
1996-11-07,,,,6.01,6.26,6.48,,,,,
1996-11-08,,,,6.04,6.29,6.51,,,,,
1996-11-12,,,,5.98,6.19,6.44,,,,,
1996-11-13,,,,5.99,6.2,6.46,,,,,
1996-11-14,,,,5.93,6.15,6.42,,,,,
1996-11-15,,,,5.96,6.19,6.46,,,,,
1996-11-18,,,,5.97,6.2,6.46,,,,,
1996-11-19,,,,5.94,6.17,6.44,,,,,
1996-11-20,,,,5.92,6.14,6.41,,,,,
1996-11-21,,,,5.94,6.15,6.42,,,,,
1996-11-22,,,,5.94,6.15,6.44,,,,,
1996-11-25,,,,5.92,6.13,6.42,,,,,
1996-11-26,,,,5.91,6.13,6.43,,,,,
1996-11-27,,,,5.91,6.14,6.44,,,,,
1996-11-29,,,,5.84,6.06,6.36,,,,,
1996-12-02,,,,5.85,6.08,6.36,,,,,
1996-12-03,,,,5.84,6.06,6.35,,,,,
1996-12-04,,,,5.89,6.11,6.4,,,,,
1996-12-05,,,,5.99,6.22,6.5,,,,,
1996-12-06,,,,6.02,6.26,6.53,,,,,
1996-12-09,,,,5.97,6.21,6.48,,,,,
1996-12-10,,,,5.99,6.23,6.49,,,,,
1996-12-11,,,,6.14,6.38,6.61,,,,,
1996-12-12,,,,6.14,6.4,6.64,,,,,
1996-12-13,,,,6.06,6.33,6.58,,,,,
1996-12-16,,,,6.13,6.39,6.63,,,,,
1996-12-17,,,,6.17,6.42,6.66,,,,,
1996-12-18,,,,6.21,6.46,6.69,,,,,
1996-12-19,,,,6.13,6.36,6.6,,,,,
1996-12-20,,,,6.12,6.35,6.59,,,,,
1996-12-23,,,,6.12,6.34,6.58,,,,,
1996-12-24,,,,6.13,6.36,6.59,,,,,
1996-12-26,,,,6.13,6.35,6.59,,,,,
1996-12-27,,,,6.09,6.3,6.54,,,,,
1996-12-30,,,,6.1,6.31,6.54,,,,,
1996-12-31,,,,6.21,6.43,6.65,,,,,
1997-01-02,,,,6.3,6.54,6.75,,,,,
1997-01-03,,,,6.28,6.52,6.74,,,,,
1997-01-06,,,,6.3,6.54,6.77,,,,,
1997-01-07,,,,6.32,6.57,6.8,,,,,
1997-01-08,,,,6.34,6.6,6.83,,,,,
1997-01-09,,,,6.27,6.52,6.76,,,,,
1997-01-10,,,,6.4,6.63,6.86,,,,,
1997-01-13,,,,6.4,6.63,6.85,,,,,
1997-01-14,,,,6.3,6.53,6.77,,,,,
1997-01-15,,,,6.3,6.53,6.79,,,,,
1997-01-16,,,,6.33,6.57,6.83,,,,,
1997-01-17,,,,6.32,6.56,6.83,,,,,
1997-01-21,,,,6.29,6.52,6.78,,,,,
1997-01-22,,,,6.32,6.56,6.83,,,,,
1997-01-23,,,,6.35,6.6,6.85,,,,,
1997-01-24,,,,6.39,6.64,6.89,,,,,
1997-01-27,,,,6.42,6.69,6.94,,,,,
1997-01-28,,,,6.38,6.64,6.91,,,,,
1997-01-29,,,,6.38,6.63,6.9,,,,,
1997-01-30,,,,6.35,6.61,6.88,,,,,
1997-01-31,,,,6.26,6.53,6.8,,,,,
1997-02-03,,,,6.21,6.47,6.74,,,,,
1997-02-04,,,,6.19,6.45,6.72,,,,,
1997-02-05,,,,6.21,6.47,6.75,,,,,
1997-02-06,,,,6.22,6.49,6.76,,,,,
1997-02-07,,,,6.17,6.43,6.72,,,,,
1997-02-10,,,,6.16,6.43,6.71,,,,,
1997-02-11,,,,6.18,6.43,6.71,,,,,
1997-02-12,,,,6.19,6.39,6.72,,,,,
1997-02-13,,,,6.12,6.32,6.58,,,,,
1997-02-14,,,,6.07,6.28,6.53,,,,,
1997-02-18,,,,6.08,6.28,6.55,,,,,
1997-02-19,,,,6.1,6.3,6.57,,,,,
1997-02-20,,,,6.17,6.38,6.64,,,,,
1997-02-21,,,,6.16,6.36,6.63,,,,,
1997-02-24,,,,6.19,6.39,6.66,,,,,
1997-02-25,,,,6.2,6.4,6.66,,,,,
1997-02-26,,,,6.37,6.56,6.8,,,,,
1997-02-27,,,,6.4,6.58,6.82,,,,,
1997-02-28,,,,6.39,6.56,6.8,,,,,
1997-03-03,,,,6.41,6.58,6.83,,,,,
1997-03-04,,,,6.44,6.6,6.86,,,,,
1997-03-05,,,,6.43,6.6,6.85,,,,,
1997-03-06,,,,6.45,6.62,6.89,,,,,
1997-03-07,,,,6.39,6.57,6.83,,,,,
1997-03-10,,,,6.4,6.56,6.83,,,,,
1997-03-11,,,,6.4,6.57,6.84,,,,,
1997-03-12,,,,6.43,6.6,6.87,,,,,
1997-03-13,,,,6.55,6.72,6.98,,,,,
1997-03-14,,,,6.53,6.71,6.95,,,,,
1997-03-17,,,,6.55,6.72,6.96,,,,,
1997-03-18,,,,6.56,6.72,6.96,,,,,
1997-03-19,,,,6.58,6.74,6.99,,,,,
1997-03-20,,,,6.61,6.75,6.97,,,,,
1997-03-21,,,,6.61,6.74,6.96,,,,,
1997-03-24,,,,6.58,6.72,6.94,,,,,
1997-03-25,,,,6.63,6.75,6.95,,,,,
1997-03-26,,,,6.66,6.8,7.0,,,,,
1997-03-27,,,,6.76,6.9,7.09,,,,,
1997-03-31,,,,6.77,6.92,7.1,,,,,
1997-04-01,,,,6.74,6.9,7.09,,,,,
1997-04-02,,,,6.73,6.88,7.08,,,,,
1997-04-03,,,,6.72,6.86,7.08,,,,,
1997-04-04,,,,6.78,6.92,7.14,,,,,
1997-04-07,,,,6.73,6.87,7.08,,,,,
1997-04-08,,,,6.76,6.91,7.11,,,,,
1997-04-09,,,,6.77,6.91,7.11,,,,,
1997-04-10,,,,6.78,6.91,7.11,,,,,
1997-04-11,,,,6.85,6.98,7.17,,,,,
1997-04-14,,,,6.86,6.98,7.17,,,,,
1997-04-15,,,,6.76,6.88,7.1,,,,,
1997-04-16,,,,6.79,6.9,7.11,,,,,
1997-04-17,,,,6.75,6.86,7.07,,,,,
1997-04-18,,,,6.73,6.84,7.06,,,,,
1997-04-21,,,,6.76,6.87,7.09,,,,,
1997-04-22,,,,6.73,6.84,7.05,,,,,
1997-04-23,,,,6.78,6.89,7.09,,,,,
1997-04-24,,,,6.83,6.93,7.13,,,,,
1997-04-25,,,,6.83,6.94,7.14,,,,,
1997-04-28,,,,6.81,6.92,7.12,,,,,
1997-04-29,,,,6.64,6.77,6.99,,,,,
1997-04-30,,,,6.57,6.72,6.95,,,,,
1997-05-01,,,,6.55,6.69,6.93,,,,,
1997-05-02,,,,6.54,6.68,6.9,,,,,
1997-05-05,,,,6.54,6.67,6.9,,,,,
1997-05-06,,,,6.56,6.67,6.89,,,,,
1997-05-07,,,,6.63,6.76,6.96,,,,,
1997-05-08,,,,6.59,6.72,6.92,,,,,
1997-05-09,,,,6.51,6.67,6.89,,,,,
1997-05-12,,,,6.5,6.65,6.88,,,,,
1997-05-13,,,,6.6,6.71,6.92,,,,,
1997-05-14,,,,6.54,6.68,6.9,,,,,
1997-05-15,,,,6.52,6.67,6.88,,,,,
1997-05-16,,,,6.55,6.7,6.91,,,,,
1997-05-19,,,,6.57,6.71,6.92,,,,,
1997-05-20,,,,6.54,6.7,6.92,,,,,
1997-05-21,,,,6.57,6.74,6.97,,,,,
1997-05-22,,,,6.61,6.76,7.0,,,,,
1997-05-23,,,,6.59,6.74,6.99,,,,,
1997-05-27,,,,6.64,6.79,7.03,,,,,
1997-05-28,,,,6.65,6.8,7.03,,,,,
1997-05-29,,,,6.61,6.75,6.99,,,,,
1997-05-30,,,,6.51,6.67,6.92,,,,,
1997-06-02,,,,6.52,6.66,6.9,,,,,
1997-06-03,,,,6.49,6.63,6.88,,,,,
1997-06-04,,,,6.49,6.62,6.88,,,,,
1997-06-05,,,,6.49,6.62,6.88,,,,,
1997-06-06,,,,6.39,6.51,6.78,,,,,
1997-06-09,,,,6.44,6.55,6.83,,,,,
1997-06-10,,,,6.46,6.57,6.84,,,,,
1997-06-11,,,,6.45,6.56,6.83,,,,,
1997-06-12,,,,6.35,6.48,6.77,,,,,
1997-06-13,,,,6.3,6.43,6.73,,,,,
1997-06-16,,,,6.28,6.4,6.7,,,,,
1997-06-17,,,,6.31,6.43,6.72,,,,,
1997-06-18,,,,6.29,6.4,6.69,,,,,
1997-06-19,,,,6.29,6.4,6.68,,,,,
1997-06-20,,,,6.27,6.37,6.65,,,,,
1997-06-23,,,,6.3,6.4,6.69,,,,,
1997-06-24,,,,6.31,6.42,6.7,,,,,
1997-06-25,,,,6.34,6.45,6.74,,,,,
1997-06-26,,,,6.36,6.5,6.78,,,,,
1997-06-27,,,,6.35,6.46,6.75,,,,,
1997-06-30,,,,6.4,6.51,6.8,,,,,
1997-07-01,,,,6.33,6.45,6.74,,,,,
1997-07-02,,,,6.3,6.42,6.72,,,,,
1997-07-03,,,,6.2,6.31,6.63,,,,,
1997-07-07,,,,6.17,6.27,6.58,,,,,
1997-07-08,,,,6.17,6.27,6.59,,,,,
1997-07-09,,,,6.15,6.25,6.56,,,,,
1997-07-10,,,,6.15,6.26,6.56,,,,,
1997-07-11,,,,6.13,6.23,6.53,,,,,
1997-07-14,,,,6.16,6.26,6.55,,,,,
1997-07-15,,,,6.16,6.26,6.55,,,,,
1997-07-16,,,,6.11,6.2,6.48,,,,,
1997-07-17,,,,6.11,6.19,6.49,,,,,
1997-07-18,,,,6.16,6.24,6.52,,,,,
1997-07-21,,,,6.18,6.27,6.55,,,,,
1997-07-22,,,,6.07,6.15,6.43,,,,,
1997-07-23,,,,6.06,6.14,6.42,,,,,
1997-07-24,,,,6.06,6.16,6.43,,,,,
1997-07-25,,,,6.08,6.18,6.45,,,,,
1997-07-28,,,,6.06,6.16,6.43,,,,,
1997-07-29,,,,6.0,6.11,6.38,,,,,
1997-07-30,,,,5.95,6.05,6.33,,,,,
1997-07-31,,,,5.9,6.02,6.3,,,,,
1997-08-01,,,,6.08,6.2,6.46,,,,,
1997-08-04,,,,6.12,6.23,6.48,,,,,
1997-08-05,,,,6.13,6.23,6.49,,,,,
1997-08-06,,,,6.11,6.21,6.48,,,,,
1997-08-07,,,,6.14,6.24,6.51,,,,,
1997-08-08,,,,6.23,6.38,6.64,,,,,
1997-08-11,,,,6.2,6.36,6.64,,,,,
1997-08-12,,,,6.22,6.39,6.66,,,,,
1997-08-13,,,,6.19,6.36,6.64,,,,,
1997-08-14,,,,6.13,6.27,6.56,,,,,
1997-08-15,,,,6.1,6.27,6.57,,,,,
1997-08-18,,,,6.06,6.21,6.53,,,,,
1997-08-19,,,,6.07,6.21,6.51,,,,,
1997-08-20,,,,6.1,6.24,6.54,,,,,
1997-08-21,,,,6.15,6.3,6.6,,,,,
1997-08-22,,,,6.21,6.38,6.67,,,,,
1997-08-25,,,,6.25,6.39,6.67,,,,,
1997-08-26,,,,6.24,6.38,6.66,,,,,
1997-08-27,,,,6.23,6.38,6.66,,,,,
1997-08-28,,,,6.18,6.3,6.57,,,,,
1997-08-29,,,,6.22,6.34,6.61,,,,,
1997-09-02,,,,6.2,6.31,6.58,,,,,
1997-09-03,,,,6.21,6.33,6.6,,,,,
1997-09-04,,,,6.22,6.33,6.61,,,,,
1997-09-05,,,,6.24,6.37,6.65,,,,,
1997-09-08,,,,6.23,6.33,6.62,,,,,
1997-09-09,,,,6.24,6.34,6.63,,,,,
1997-09-10,,,,6.26,6.37,6.66,,,,,
1997-09-11,,,,6.27,6.39,6.68,,,,,
1997-09-12,,,,6.17,6.29,6.59,,,,,
1997-09-15,,,,6.17,6.28,6.58,,,,,
1997-09-16,,,,6.0,6.11,6.41,,,,,
1997-09-17,,,,5.99,6.1,6.39,,,,,
1997-09-18,,,,6.02,6.11,6.4,,,,,
1997-09-19,,,,6.01,6.09,6.38,,,,,
1997-09-22,,,,5.99,6.06,6.35,,,,,
1997-09-23,,,,6.02,6.1,6.38,,,,,
1997-09-24,,,,5.97,6.04,6.32,,,,,
1997-09-25,,,,6.04,6.13,6.4,,,,,
1997-09-26,,,,5.99,6.08,6.37,,,,,
1997-09-29,,,,5.99,6.1,6.39,,,,,
1997-09-30,,,,6.0,6.12,6.41,,,,,
1997-10-01,,,,5.93,6.04,6.33,,,,,
1997-10-02,,,,5.91,6.01,6.31,,,,,
1997-10-03,,,,5.89,6.01,6.3,,,,,
1997-10-06,,,,5.85,5.96,6.27,,,,,
1997-10-07,,,,5.82,5.94,6.24,,,,,
1997-10-08,,,,5.96,6.08,6.37,,,,,
1997-10-09,,,,5.98,6.09,6.38,,,,,
1997-10-10,,,,6.03,6.15,6.44,,,,,
1997-10-14,,,,5.97,6.07,6.36,,,,,
1997-10-15,,,,6.0,6.1,6.39,,,,,
1997-10-16,,,,6.0,6.09,6.39,,,,,
1997-10-17,,,,6.08,6.17,6.44,,,,,
1997-10-20,,,,6.07,6.15,6.42,,,,,
1997-10-21,,,,6.07,6.14,6.42,,,,,
1997-10-22,,,,6.06,6.12,6.41,,,,,
1997-10-23,,,,5.95,6.04,6.33,,,,,
1997-10-24,,,,5.94,6.01,6.3,,,,,
1997-10-27,,,,5.79,5.91,6.24,,,,,
1997-10-28,,,,5.89,5.98,6.29,,,,,
1997-10-29,,,,5.78,5.91,6.23,,,,,
1997-10-30,,,,5.73,5.84,6.17,,,,,
1997-10-31,,,,5.72,5.84,6.15,,,,,
1997-11-03,,,,5.79,5.91,6.21,,,,,
1997-11-04,,,,5.83,5.95,6.25,,,,,
1997-11-05,,,,5.84,5.95,6.24,,,,,
1997-11-06,,,,5.79,5.9,6.15,,,,,
1997-11-07,,,,5.81,5.9,6.14,,,,,
1997-11-10,,,,5.82,5.91,6.15,,,,,
1997-11-12,,,,5.81,5.89,6.13,,,,,
1997-11-13,,,,5.79,5.87,6.11,,,,,
1997-11-14,,,,5.8,5.86,6.09,,,,,
1997-11-17,,,,5.79,5.85,6.07,,,,,
1997-11-18,,,,5.8,5.85,6.07,,,,,
1997-11-19,,,,5.77,5.82,6.03,,,,,
1997-11-20,,,,5.8,5.84,6.05,,,,,
1997-11-21,,,,5.77,5.82,6.04,,,,,
1997-11-24,,,,5.81,5.86,6.08,,,,,
1997-11-25,,,,5.8,5.85,6.06,,,,,
1997-11-26,,,,5.82,5.86,6.06,,,,,
1997-11-28,,,,5.83,5.86,6.04,,,,,
1997-12-01,,,,5.83,5.86,6.04,,,,,
1997-12-02,,,,5.83,5.86,6.03,,,,,
1997-12-03,,,,5.8,5.83,6.02,,,,,
1997-12-04,,,,5.78,5.84,6.04,,,,,
1997-12-05,,,,5.87,5.92,6.09,,,,,
1997-12-08,,,,5.92,5.96,6.14,,,,,
1997-12-09,,,,5.9,5.95,6.14,,,,,
1997-12-10,,,,5.85,5.9,6.1,,,,,
1997-12-11,,,,5.77,5.82,6.02,,,,,
1997-12-12,,,,5.71,5.74,5.94,,,,,
1997-12-15,,,,5.74,5.78,5.97,,,,,
1997-12-16,,,,5.74,5.77,5.96,,,,,
1997-12-17,,,,5.77,5.81,5.99,,,,,
1997-12-18,,,,5.74,5.76,5.94,,,,,
1997-12-19,,,,5.7,5.72,5.92,,,,,
1997-12-22,,,,5.71,5.72,5.89,,,,,
1997-12-23,,,,5.71,5.73,5.9,,,,,
1997-12-24,,,,5.72,5.76,5.91,,,,,
1997-12-26,,,,5.72,5.75,5.9,,,,,
1997-12-29,,,,5.73,5.76,5.93,,,,,
1997-12-30,,,,5.76,5.8,5.98,,,,,
1997-12-31,,,,5.71,5.75,5.93,,,,,
1998-01-02,,,,5.63,5.67,5.86,,,,,
1998-01-05,,,,5.46,5.52,5.74,,,,,
1998-01-06,,,,5.41,5.49,5.73,,,,,
1998-01-07,,,,5.45,5.55,5.8,,,,,
1998-01-08,,,,5.34,5.49,5.75,,,,,
1998-01-09,,,,5.22,5.4,5.71,,,,,
1998-01-12,,,,5.24,5.39,5.7,,,,,
1998-01-13,,,,5.28,5.41,5.71,,,,,
1998-01-14,,,,5.33,5.45,5.74,,,,,
1998-01-15,,,,5.34,5.48,5.74,,,,,
1998-01-16,,,,5.42,5.54,5.81,,,,,
1998-01-20,,,,5.45,5.57,5.83,,,,,
1998-01-21,,,,5.41,5.54,5.81,,,,,
1998-01-22,,,,5.39,5.56,5.85,,,,,
1998-01-23,,,,5.53,5.7,5.98,,,,,
1998-01-26,,,,5.49,5.63,5.9,,,,,
1998-01-27,,,,5.57,5.7,5.95,,,,,
1998-01-28,,,,5.54,5.69,5.94,,,,,
1998-01-29,,,,5.43,5.58,5.85,,,,,
1998-01-30,,,,5.39,5.53,5.82,,,,,
1998-02-02,,,,5.43,5.57,5.87,,,,,
1998-02-03,,,,5.41,5.56,5.86,,,,,
1998-02-04,,,,5.41,5.57,5.87,,,,,
1998-02-05,,,,5.46,5.62,5.92,,,,,
1998-02-06,,,,5.48,5.62,5.92,,,,,
1998-02-09,,,,5.51,5.65,5.94,,,,,
1998-02-10,,,,5.49,5.64,5.93,,,,,
1998-02-11,,,,5.46,5.53,5.86,,,,,
1998-02-12,,,,5.46,5.52,5.87,,,,,
1998-02-13,,,,5.44,5.49,5.85,,,,,
1998-02-17,,,,5.41,5.44,5.8,,,,,
1998-02-18,,,,5.44,5.49,5.84,,,,,
1998-02-19,,,,5.47,5.51,5.85,,,,,
1998-02-20,,,,5.49,5.54,5.87,,,,,
1998-02-23,,,,5.53,5.58,5.91,,,,,
1998-02-24,,,,5.66,5.69,5.97,,,,,
1998-02-25,,,,5.6,5.63,5.93,,,,,
1998-02-26,,,,5.62,5.65,5.95,,,,,
1998-02-27,,,,5.59,5.62,5.92,,,,,
1998-03-02,,,,5.67,5.72,6.03,,,,,
1998-03-03,,,,5.72,5.77,6.07,,,,,
1998-03-04,,,,5.71,5.76,6.05,,,,,
1998-03-05,,,,5.71,5.78,6.07,,,,,
1998-03-06,,,,5.65,5.73,6.02,,,,,
1998-03-09,,,,5.61,5.67,5.97,,,,,
1998-03-10,,,,5.62,5.67,5.97,,,,,
1998-03-11,,,,5.57,5.63,5.93,,,,,
1998-03-12,,,,5.52,5.56,5.87,,,,,
1998-03-13,,,,5.54,5.58,5.89,,,,,
1998-03-16,,,,5.52,5.54,5.86,,,,,
1998-03-17,,,,5.53,5.56,5.89,,,,,
1998-03-18,,,,5.55,5.58,5.91,,,,,
1998-03-19,,,,5.56,5.58,5.9,,,,,
1998-03-20,,,,5.56,5.57,5.89,,,,,
1998-03-23,,,,5.56,5.57,5.88,,,,,
1998-03-24,,,,5.57,5.58,5.88,,,,,
1998-03-25,,,,5.62,5.64,5.94,,,,,
1998-03-26,,,,5.66,5.68,5.96,,,,,
1998-03-27,,,,5.67,5.68,5.96,,,,,
1998-03-30,,,,5.7,5.72,5.98,,,,,
1998-03-31,,,,5.64,5.67,5.94,,,,,
1998-04-01,,,,5.59,5.62,5.9,,,,,
1998-04-02,,,,5.54,5.56,5.85,,,,,
1998-04-03,,,,5.44,5.47,5.78,,,,,
1998-04-06,,,,5.49,5.51,5.82,,,,,
1998-04-07,,,,5.5,5.53,5.84,,,,,
1998-04-08,,,,5.54,5.58,5.9,,,,,
1998-04-09,,,,5.56,5.59,5.88,,,,,
1998-04-13,,,,5.64,5.66,5.94,,,,,
1998-04-14,,,,5.6,5.63,5.91,,,,,
1998-04-15,,,,5.59,5.6,5.89,,,,,
1998-04-16,,,,5.57,5.59,5.87,,,,,
1998-04-17,,,,5.57,5.59,5.88,,,,,
1998-04-20,,,,5.61,5.65,5.92,,,,,
1998-04-21,,,,5.66,5.68,5.96,,,,,
1998-04-22,,,,5.66,5.68,5.96,,,,,
1998-04-23,,,,5.66,5.69,5.98,,,,,
1998-04-24,,,,5.65,5.67,5.95,,,,,
1998-04-27,,,,5.77,5.8,6.07,,,,,
1998-04-28,,,,5.78,5.8,6.07,,,,,
1998-04-29,,,,5.78,5.81,6.08,,,,,
1998-04-30,,,,5.65,5.68,5.95,,,,,
1998-05-01,,,,5.63,5.67,5.94,,,,,
1998-05-04,,,,5.63,5.67,5.94,,,,,
1998-05-05,,,,5.66,5.7,5.98,,,,,
1998-05-06,,,,5.6,5.67,5.94,,,,,
1998-05-07,,,,5.6,5.67,5.95,,,,,
1998-05-08,,,,5.65,5.71,5.98,,,,,
1998-05-11,,,,5.72,5.79,6.04,,,,,
1998-05-12,,,,5.65,5.7,5.96,,,,,
1998-05-13,,,,5.63,5.64,5.95,,,,,
1998-05-14,,,,5.66,5.67,5.98,,,,,
1998-05-15,,,,5.67,5.68,5.97,,,,,
1998-05-18,,,,5.63,5.64,5.92,,,,,
1998-05-19,,,,5.63,5.65,5.94,,,,,
1998-05-20,,,,5.6,5.61,5.89,,,,,
1998-05-21,,,,5.66,5.65,5.93,,,,,
1998-05-22,,,,5.65,5.64,5.9,,,,,
1998-05-26,,,,5.6,5.59,5.85,,,,,
1998-05-27,,,,5.57,5.56,5.83,,,,,
1998-05-28,,,,5.56,5.58,5.83,,,,,
1998-05-29,,,,5.56,5.56,5.81,,,,,
1998-06-01,,,,5.53,5.53,5.78,,,,,
1998-06-02,,,,5.56,5.56,5.8,,,,,
1998-06-03,,,,5.57,5.57,5.8,,,,,
1998-06-04,,,,5.6,5.59,5.82,,,,,
1998-06-05,,,,5.6,5.58,5.79,,,,,
1998-06-08,,,,5.6,5.58,5.79,,,,,
1998-06-09,,,,5.61,5.59,5.79,,,,,
1998-06-10,,,,5.55,5.51,5.7,,,,,
1998-06-11,,,,5.46,5.44,5.65,,,,,
1998-06-12,,,,5.43,5.43,5.66,,,,,
1998-06-15,,,,5.42,5.38,5.61,,,,,
1998-06-16,,,,5.49,5.45,5.65,,,,,
1998-06-17,,,,5.57,5.54,5.74,,,,,
1998-06-18,,,,5.55,5.5,5.7,,,,,
1998-06-19,,,,5.52,5.47,5.67,,,,,
1998-06-22,,,,5.52,5.46,5.66,,,,,
1998-06-23,,,,5.51,5.45,5.64,,,,,
1998-06-24,,,,5.48,5.46,5.66,,,,,
1998-06-25,,,,5.5,5.46,5.66,,,,,
1998-06-26,,,,5.49,5.46,5.64,,,,,
1998-06-29,,,,5.5,5.47,5.65,,,,,
1998-06-30,,,,5.47,5.44,5.62,,,,,
1998-07-01,,,,5.43,5.44,5.63,,,,,
1998-07-02,,,,5.43,5.42,5.6,,,,,
1998-07-06,,,,5.4,5.39,5.57,,,,,
1998-07-07,,,,5.43,5.42,5.6,,,,,
1998-07-08,,,,5.43,5.43,5.63,,,,,
1998-07-09,,,,5.4,5.41,5.6,,,,,
1998-07-10,,,,5.4,5.42,5.63,,,,,
1998-07-13,,,,5.45,5.46,5.68,,,,,
1998-07-14,,,,5.47,5.49,5.72,,,,,
1998-07-15,,,,5.46,5.48,5.7,,,,,
1998-07-16,,,,5.48,5.5,5.72,,,,,
1998-07-17,,,,5.49,5.51,5.75,,,,,
1998-07-20,,,,5.47,5.48,5.71,,,,,
1998-07-21,,,,5.46,5.45,5.67,,,,,
1998-07-22,,,,5.47,5.46,5.68,,,,,
1998-07-23,,,,5.46,5.45,5.66,,,,,
1998-07-24,,,,5.48,5.45,5.68,,,,,
1998-07-27,,,,5.49,5.47,5.7,,,,,
1998-07-28,,,,5.49,5.5,5.74,,,,,
1998-07-29,,,,5.52,5.52,5.77,,,,,
1998-07-30,,,,5.52,5.5,5.73,,,,,
1998-07-31,,,,5.52,5.5,5.72,,,,,
1998-08-03,,,,5.46,5.46,5.67,,,,,
1998-08-04,,,,5.44,5.43,5.65,,,,,
1998-08-05,,,,5.43,5.43,5.66,,,,,
1998-08-06,,,,5.43,5.44,5.67,,,,,
1998-08-07,,,,5.39,5.4,5.63,,,,,
1998-08-10,,,,5.39,5.41,5.63,,,,,
1998-08-11,,,,5.33,5.37,5.6,,,,,
1998-08-12,,,,5.34,5.4,5.62,,,,,
1998-08-13,,,,5.38,5.44,5.6,,,,,
1998-08-14,,,,5.34,5.4,5.55,,,,,
1998-08-17,,,,5.33,5.4,5.56,,,,,
1998-08-18,,,,5.35,5.41,5.56,,,,,
1998-08-19,,,,5.35,5.42,5.56,,,,,
1998-08-20,,,,5.32,5.38,5.52,,,,,
1998-08-21,,,,5.24,5.32,5.46,,,,,
1998-08-24,,,,5.19,5.3,5.48,,,,,
1998-08-25,,,,5.13,5.25,5.44,,,,,
1998-08-26,,,,5.11,5.26,5.44,,,,,
1998-08-27,,,,4.97,5.12,5.38,,,,,
1998-08-28,,,,4.94,5.09,5.37,,,,,
1998-08-31,,,,4.91,5.05,5.3,,,,,
1998-09-01,,,,4.91,5.05,5.34,,,,,
1998-09-02,,,,4.96,5.1,5.34,,,,,
1998-09-03,,,,4.91,5.03,5.31,,,,,
1998-09-04,,,,4.9,5.02,5.29,,,,,
1998-09-08,,,,4.89,5.04,5.34,,,,,
1998-09-09,,,,4.79,4.95,5.28,,,,,
1998-09-10,,,,4.55,4.76,5.18,,,,,
1998-09-11,,,,4.65,4.85,5.23,,,,,
1998-09-14,,,,4.65,4.87,5.23,,,,,
1998-09-15,,,,4.68,4.9,5.25,,,,,
1998-09-16,,,,4.69,4.88,5.23,,,,,
1998-09-17,,,,4.6,4.8,5.18,,,,,
1998-09-18,,,,4.5,4.7,5.15,,,,,
1998-09-21,,,,4.51,4.69,5.12,,,,,
1998-09-22,,,,4.57,4.73,5.16,,,,,
1998-09-23,,,,4.48,4.69,5.16,,,,,
1998-09-24,,,,4.43,4.64,5.15,,,,,
1998-09-25,,,,4.4,4.6,5.13,,,,,
1998-09-28,,,,4.4,4.61,5.15,,,,,
1998-09-29,,,,4.4,4.59,5.1,,,,,
1998-09-30,,,,4.23,4.44,4.98,,,,,
1998-10-01,,,,4.1,4.33,4.9,,,,,
1998-10-02,,,,4.08,4.31,4.85,,,,,
1998-10-05,,,,3.95,4.16,4.7,,,,,
1998-10-06,,,,4.05,4.24,4.75,,,,,
1998-10-07,,,,4.13,4.34,4.83,,,,,
1998-10-08,,,,4.29,4.56,4.99,,,,,
1998-10-09,,,,4.46,4.77,5.13,,,,,
1998-10-13,,,,4.37,4.73,5.1,,,,,
1998-10-14,,,,4.23,4.58,5.0,,,,,
1998-10-15,,,,4.23,4.58,5.02,,,,,
1998-10-16,,,,4.04,4.44,4.96,,,,,
1998-10-19,,,,4.06,4.47,4.98,,,,,
1998-10-20,,,,4.14,4.57,5.06,,,,,
1998-10-21,,,,4.17,4.59,5.08,,,,,
1998-10-22,,,,4.19,4.62,5.13,,,,,
1998-10-23,,,,4.28,4.7,5.16,,,,,
1998-10-26,,,,4.32,4.73,5.13,,,,,
1998-10-27,,,,4.23,4.63,5.08,,,,,
1998-10-28,,,,4.18,4.6,5.13,,,,,
1998-10-29,,,,4.13,4.54,5.09,,,,,
1998-10-30,,,,4.24,4.64,5.15,,,,,
1998-11-02,,,,4.39,4.77,5.23,,,,,
1998-11-03,,,,4.33,4.78,5.22,,,,,
1998-11-04,,,,4.48,4.83,5.34,,,,,
1998-11-05,,,,4.48,4.82,5.29,,,,,
1998-11-06,,,,4.58,4.93,5.37,,,,,
1998-11-09,,,,4.55,4.88,5.28,,,,,
1998-11-10,,,,4.5,4.81,5.27,,,,,
1998-11-12,,,,4.47,4.77,5.25,,,,,
1998-11-13,,,,4.53,4.82,5.26,,,,,
1998-11-16,,,,4.55,4.85,5.28,,,,,
1998-11-17,,,,4.57,4.87,5.3,,,,,
1998-11-18,,,,4.58,4.85,5.25,,,,,
1998-11-19,,,,4.63,4.85,5.25,,,,,
1998-11-20,,,,4.6,4.82,5.22,,,,,
1998-11-23,,,,4.6,4.84,5.25,,,,,
1998-11-24,,,,4.63,4.85,5.23,,,,,
1998-11-25,,,,4.63,4.83,5.19,,,,,
1998-11-27,,,,4.6,4.81,5.16,,,,,
1998-11-30,,,,4.51,4.74,5.08,,,,,
1998-12-01,,,,4.43,4.67,5.06,,,,,
1998-12-02,,,,4.31,4.59,5.03,,,,,
1998-12-03,,,,4.31,4.58,5.02,,,,,
1998-12-04,,,,4.38,4.62,5.05,,,,,
1998-12-07,,,,4.47,4.69,5.05,,,,,
1998-12-08,,,,4.4,4.6,5.0,,,,,
1998-12-09,,,,4.37,4.56,4.97,,,,,
1998-12-10,,,,4.33,4.53,4.95,,,,,
1998-12-11,,,,4.39,4.61,5.02,,,,,
1998-12-14,,,,4.35,4.58,4.99,,,,,
1998-12-15,,,,4.39,4.62,5.03,,,,,
1998-12-16,,,,4.34,4.58,5.01,,,,,
1998-12-17,,,,4.34,4.58,5.01,,,,,
1998-12-18,,,,4.38,4.58,5.01,,,,,
1998-12-21,,,,4.45,4.64,5.07,,,,,
1998-12-22,,,,4.5,4.7,5.13,,,,,
1998-12-23,,,,4.65,4.81,5.2,,,,,
1998-12-24,,,,4.74,4.86,5.23,,,,,
1998-12-28,,,,4.66,4.78,5.17,,,,,
1998-12-29,,,,4.6,4.71,5.12,,,,,
1998-12-30,,,,4.55,4.65,5.09,,,,,
1998-12-31,,,,4.56,4.65,5.09,,,,,
1999-01-04,,,,4.57,4.69,5.15,,,,,
1999-01-05,,,,4.62,4.74,5.21,,,,,
1999-01-06,,,,4.61,4.73,5.17,,,,,
1999-01-07,,,,4.62,4.77,5.23,,,,,
1999-01-08,,,,4.72,4.86,5.26,,,,,
1999-01-11,,,,4.76,4.9,5.29,,,,,
1999-01-12,,,,4.68,4.82,5.23,,,,,
1999-01-13,,,,4.6,4.74,5.16,,,,,
1999-01-14,,,,4.48,4.63,5.07,,,,,
1999-01-15,,,,4.54,4.66,5.1,,,,,
1999-01-19,,,,4.6,4.71,5.14,,,,,
1999-01-20,,,,4.65,4.76,5.18,,,,,
1999-01-21,,,,4.6,4.7,5.14,,,,,
1999-01-22,,,,4.54,4.64,5.09,,,,,
1999-01-25,,,,4.55,4.67,5.12,,,,,
1999-01-26,,,,4.58,4.69,5.12,,,,,
1999-01-27,,,,4.57,4.68,5.14,,,,,
1999-01-28,,,,4.57,4.67,5.11,,,,,
1999-01-29,,,,4.55,4.66,5.09,,,,,
1999-02-01,,,,4.65,4.75,5.19,,,,,
1999-02-02,,,,4.7,4.79,5.24,,,,,
1999-02-03,,,,4.74,4.83,5.25,,,,,
1999-02-04,,,,4.82,4.89,5.3,,,,,
1999-02-05,,,,4.88,4.94,5.34,,,,,
1999-02-08,,,,4.86,4.94,5.35,,,,,
1999-02-09,,,,4.78,4.91,5.33,,,,,
1999-02-10,,,,4.79,4.9,5.34,,,,,
1999-02-11,,,,4.83,4.93,5.29,,,,,
1999-02-12,,,,4.96,5.06,5.42,,,,,
1999-02-16,,,,4.96,5.03,5.35,,,,,
1999-02-17,,,,4.91,4.98,5.32,,,,,
1999-02-18,,,,4.96,5.04,5.37,,,,,
1999-02-19,,,,4.99,5.07,5.38,,,,,
1999-02-22,,,,4.95,5.03,5.36,,,,,
1999-02-23,,,,5.04,5.1,5.42,,,,,
1999-02-24,,,,5.12,5.18,5.51,,,,,
1999-02-25,,,,5.23,5.32,5.61,,,,,
1999-02-26,,,,5.21,5.29,5.57,,,,,
1999-03-01,,,,5.32,5.4,5.67,,,,,
1999-03-02,,,,5.27,5.35,5.63,,,,,
1999-03-03,,,,5.29,5.39,5.68,,,,,
1999-03-04,,,,5.32,5.41,5.69,,,,,
1999-03-05,,,,5.24,5.34,5.6,,,,,
1999-03-08,,,,5.21,5.29,5.6,,,,,
1999-03-09,,,,5.11,5.18,5.54,,,,,
1999-03-10,,,,5.13,5.2,5.56,,,,,
1999-03-11,,,,5.13,5.21,5.57,,,,,
1999-03-12,,,,5.08,5.16,5.54,,,,,
1999-03-15,,,,5.07,5.15,5.51,,,,,
1999-03-16,,,,5.03,5.11,5.48,,,,,
1999-03-17,,,,5.05,5.14,5.51,,,,,
1999-03-18,,,,5.02,5.11,5.49,,,,,
1999-03-19,,,,5.07,5.17,5.53,,,,,
1999-03-22,,,,5.13,5.21,5.57,,,,,
1999-03-23,,,,5.11,5.2,5.57,,,,,
1999-03-24,,,,5.07,5.17,5.54,,,,,
1999-03-25,,,,5.12,5.21,5.59,,,,,
1999-03-26,,,,5.1,5.21,5.61,,,,,
1999-03-29,,,,5.15,5.28,5.65,,,,,
1999-03-30,,,,5.09,5.21,5.59,,,,,
1999-03-31,,,,5.12,5.25,5.63,,,,,
1999-04-01,,,,5.15,5.27,5.67,,,,,
1999-04-02,,,,5.07,5.2,5.59,,,,,
1999-04-05,,,,5.07,5.2,5.59,,,,,
1999-04-06,,,,5.01,5.13,5.52,,,,,
1999-04-07,,,,5.04,5.14,5.51,,,,,
1999-04-08,,,,4.94,5.03,5.44,,,,,
1999-04-09,,,,4.96,5.05,5.46,,,,,
1999-04-12,,,,4.98,5.06,5.45,,,,,
1999-04-13,,,,5.02,5.12,5.5,,,,,
1999-04-14,,,,5.04,5.13,5.51,,,,,
1999-04-15,,,,5.08,5.18,5.53,,,,,
1999-04-16,,,,5.13,5.23,5.57,,,,,
1999-04-19,,,,5.08,5.18,5.55,,,,,
1999-04-20,,,,5.06,5.16,5.52,,,,,
1999-04-21,,,,5.07,5.17,5.52,,,,,
1999-04-22,,,,5.15,5.25,5.61,,,,,
1999-04-23,,,,5.15,5.26,5.6,,,,,
1999-04-26,,,,5.14,5.23,5.57,,,,,
1999-04-27,,,,5.12,5.22,5.55,,,,,
1999-04-28,,,,5.16,5.27,5.58,,,,,
1999-04-29,,,,5.09,5.22,5.53,,,,,
1999-04-30,,,,5.24,5.36,5.68,,,,,
1999-05-03,,,,5.25,5.38,5.67,,,,,
1999-05-04,,,,5.3,5.42,5.72,,,,,
1999-05-05,,,,5.27,5.4,5.71,,,,,
1999-05-06,,,,5.39,5.52,5.8,,,,,
1999-05-07,,,,5.4,5.54,5.82,,,,,
1999-05-10,,,,5.38,5.54,5.79,,,,,
1999-05-11,,,,5.4,5.59,5.85,,,,,
1999-05-12,,,,5.39,5.51,5.83,,,,,
1999-05-13,,,,5.29,5.41,5.75,,,,,
1999-05-14,,,,5.48,5.62,5.92,,,,,
1999-05-17,,,,5.53,5.66,5.91,,,,,
1999-05-18,,,,5.58,5.68,5.9,,,,,
1999-05-19,,,,5.54,5.6,5.81,,,,,
1999-05-20,,,,5.53,5.6,5.83,,,,,
1999-05-21,,,,5.46,5.52,5.78,,,,,
1999-05-24,,,,5.43,5.5,5.77,,,,,
1999-05-25,,,,5.44,5.49,5.76,,,,,
1999-05-26,,,,5.49,5.55,5.8,,,,,
1999-05-27,,,,5.59,5.62,5.85,,,,,
1999-05-28,,,,5.6,5.64,5.84,,,,,
1999-06-01,,,,5.74,5.78,5.94,,,,,
1999-06-02,,,,5.75,5.8,5.94,,,,,
1999-06-03,,,,5.75,5.8,5.96,,,,,
1999-06-04,,,,5.75,5.82,5.97,,,,,
1999-06-07,,,,5.73,5.81,5.97,,,,,
1999-06-08,,,,5.74,5.83,6.0,,,,,
1999-06-09,,,,5.79,5.87,6.02,,,,,
1999-06-10,,,,5.85,5.92,6.05,,,,,
1999-06-11,,,,5.92,6.02,6.13,,,,,
1999-06-14,,,,5.89,5.98,6.11,,,,,
1999-06-15,,,,5.87,5.98,6.11,,,,,
1999-06-16,,,,5.84,5.94,6.08,,,,,
1999-06-17,,,,5.67,5.79,5.95,,,,,
1999-06-18,,,,5.75,5.84,5.98,,,,,
1999-06-21,,,,5.81,5.9,6.03,,,,,
1999-06-22,,,,5.84,5.94,6.07,,,,,
1999-06-23,,,,5.9,6.0,6.13,,,,,
1999-06-24,,,,5.93,6.05,6.17,,,,,
1999-06-25,,,,5.91,6.02,6.16,,,,,
1999-06-28,,,,5.86,5.96,6.1,,,,,
1999-06-29,,,,5.84,5.93,6.07,,,,,
1999-06-30,,,,5.67,5.81,5.98,,,,,
1999-07-01,,,,5.73,5.85,6.02,,,,,
1999-07-02,,,,5.7,5.82,6.0,,,,,
1999-07-06,,,,5.77,5.88,6.05,,,,,
1999-07-07,,,,5.79,5.92,6.08,,,,,
1999-07-08,,,,5.72,5.85,6.01,,,,,
1999-07-09,,,,5.72,5.84,6.01,,,,,
1999-07-12,,,,5.62,5.74,5.92,,,,,
1999-07-13,,,,5.6,5.71,5.9,,,,,
1999-07-14,,,,5.63,5.74,5.92,,,,,
1999-07-15,,,,5.63,5.72,5.91,,,,,
1999-07-16,,,,5.57,5.68,5.9,,,,,
1999-07-19,,,,5.56,5.66,5.9,,,,,
1999-07-20,,,,5.54,5.65,5.89,,,,,
1999-07-21,,,,5.55,5.66,5.91,,,,,
1999-07-22,,,,5.66,5.78,5.97,,,,,
1999-07-23,,,,5.72,5.84,6.02,,,,,
1999-07-26,,,,5.73,5.86,6.04,,,,,
1999-07-27,,,,5.7,5.82,6.01,,,,,
1999-07-28,,,,5.7,5.81,6.01,,,,,
1999-07-29,,,,5.79,5.88,6.07,,,,,
1999-07-30,,,,5.82,5.92,6.11,,,,,
1999-08-02,,,,5.85,5.92,6.13,,,,,
1999-08-03,,,,5.86,5.95,6.15,,,,,
1999-08-04,,,,5.86,5.96,6.12,,,,,
1999-08-05,,,,5.77,5.88,6.05,,,,,
1999-08-06,,,,5.94,6.02,6.16,,,,,
1999-08-09,,,,6.04,6.13,6.23,,,,,
1999-08-10,,,,6.0,6.16,6.25,,,,,
1999-08-11,,,,5.96,6.05,6.22,,,,,
1999-08-12,,,,5.97,6.08,6.18,,,,,
1999-08-13,,,,5.88,5.98,6.09,,,,,
1999-08-16,,,,5.88,5.98,6.1,,,,,
1999-08-17,,,,5.8,5.89,6.02,,,,,
1999-08-18,,,,5.79,5.88,6.01,,,,,
1999-08-19,,,,5.81,5.9,6.03,,,,,
1999-08-20,,,,5.79,5.88,5.99,,,,,
1999-08-23,,,,5.79,5.89,5.98,,,,,
1999-08-24,,,,5.73,5.85,5.95,,,,,
1999-08-25,,,,5.63,5.73,5.87,,,,,
1999-08-26,,,,5.67,5.75,5.88,,,,,
1999-08-27,,,,5.75,5.85,5.96,,,,,
1999-08-30,,,,5.86,5.95,6.07,,,,,
1999-08-31,,,,5.88,5.98,6.07,,,,,
1999-09-01,,,,5.88,5.99,6.08,,,,,
1999-09-02,,,,5.9,6.03,6.15,,,,,
1999-09-03,,,,5.78,5.89,6.03,,,,,
1999-09-07,,,,5.83,5.95,6.07,,,,,
1999-09-08,,,,5.82,5.93,6.07,,,,,
1999-09-09,,,,5.85,5.97,6.1,,,,,
1999-09-10,,,,5.78,5.89,6.03,,,,,
1999-09-13,,,,5.8,5.92,6.06,,,,,
1999-09-14,,,,5.85,5.96,6.11,,,,,
1999-09-15,,,,5.81,5.94,6.11,,,,,
1999-09-16,,,,5.77,5.9,6.08,,,,,
1999-09-17,,,,5.76,5.87,6.05,,,,,
1999-09-20,,,,5.81,5.91,6.08,,,,,
1999-09-21,,,,5.83,5.94,6.1,,,,,
1999-09-22,,,,5.81,5.92,6.1,,,,,
1999-09-23,,,,5.76,5.87,6.05,,,,,
1999-09-24,,,,5.65,5.75,5.95,,,,,
1999-09-27,,,,5.73,5.83,6.02,,,,,
1999-09-28,,,,5.78,5.89,6.07,,,,,
1999-09-29,,,,5.86,5.97,6.13,,,,,
1999-09-30,,,,5.78,5.9,6.06,,,,,
1999-10-01,,,,5.9,6.0,6.15,,,,,
1999-10-04,,,,5.85,5.95,6.1,,,,,
1999-10-05,,,,5.94,6.02,6.17,,,,,
1999-10-06,,,,5.98,6.04,6.17,,,,,
1999-10-07,,,,5.99,6.05,6.19,,,,,
1999-10-08,,,,5.97,6.04,6.2,,,,,
1999-10-12,,,,5.99,6.07,6.23,,,,,
1999-10-13,,,,6.04,6.12,6.29,,,,,
1999-10-14,,,,6.09,6.17,6.32,,,,,
1999-10-15,,,,5.99,6.09,6.26,,,,,
1999-10-18,,,,6.03,6.12,6.3,,,,,
1999-10-19,,,,6.09,6.18,6.35,,,,,
1999-10-20,,,,6.11,6.19,6.34,,,,,
1999-10-21,,,,6.11,6.2,6.36,,,,,
1999-10-22,,,,6.13,6.21,6.36,,,,,
1999-10-25,,,,6.14,6.22,6.36,,,,,
1999-10-26,,,,6.17,6.24,6.38,,,,,
1999-10-27,,,,6.13,6.19,6.33,,,,,
1999-10-28,,,,6.05,6.12,6.25,,,,,
1999-10-29,,,,5.97,6.02,6.16,,,,,
1999-11-01,,,,6.0,6.06,6.19,,,,,
1999-11-02,,,,5.98,6.04,6.15,,,,,
1999-11-03,,,,5.97,6.01,6.14,,,,,
1999-11-04,,,,5.91,5.95,6.09,,,,,
1999-11-05,,,,5.88,5.92,6.05,,,,,
1999-11-08,,,,5.9,5.95,6.06,,,,,
1999-11-09,,,,5.87,5.97,6.07,,,,,
1999-11-10,,,,5.9,6.0,6.09,,,,,
1999-11-12,,,,5.85,5.93,6.03,,,,,
1999-11-15,,,,5.87,5.94,6.04,,,,,
1999-11-16,,,,5.91,5.97,6.06,,,,,
1999-11-17,,,,5.98,6.04,6.13,,,,,
1999-11-18,,,,5.99,6.06,6.17,,,,,
1999-11-19,,,,6.0,6.07,6.17,,,,,
1999-11-22,,,,6.02,6.09,6.2,,,,,
1999-11-23,,,,6.02,6.08,6.2,,,,,
1999-11-24,,,,6.02,6.09,6.22,,,,,
1999-11-26,,,,6.06,6.12,6.24,,,,,
1999-11-29,,,,6.14,6.21,6.31,,,,,
1999-11-30,,,,6.11,6.18,6.29,,,,,
1999-12-01,,,,6.14,6.21,6.3,,,,,
1999-12-02,,,,6.16,6.24,6.31,,,,,
1999-12-03,,,,6.08,6.17,6.27,,,,,
1999-12-06,,,,6.07,6.16,6.25,,,,,
1999-12-07,,,,6.03,6.11,6.21,,,,,
1999-12-08,,,,6.06,6.15,6.23,,,,,
1999-12-09,,,,6.03,6.14,6.22,,,,,
1999-12-10,,,,5.98,6.08,6.17,,,,,
1999-12-13,,,,6.01,6.11,6.2,,,,,
1999-12-14,,,,6.12,6.22,6.31,,,,,
1999-12-15,,,,6.14,6.25,6.34,,,,,
1999-12-16,,,,6.2,6.31,6.39,,,,,
1999-12-17,,,,6.22,6.3,6.38,,,,,
1999-12-20,,,,6.28,6.36,6.44,,,,,
1999-12-21,,,,6.29,6.38,6.46,,,,,
1999-12-22,,,,6.31,6.39,6.47,,,,,
1999-12-23,,,,6.33,6.41,6.48,,,,,
1999-12-27,,,,6.32,6.4,6.46,,,,,
1999-12-28,,,,6.35,6.43,6.48,,,,,
1999-12-29,,,,6.32,6.4,6.45,,,,,
1999-12-30,,,,6.3,6.39,6.43,,,,,
1999-12-31,,,,6.36,6.45,6.48,,,,,
2000-01-03,,,,6.5,6.58,6.61,,,,,
2000-01-04,,,,6.4,6.49,6.53,,,,,
2000-01-05,,,,6.51,6.62,6.64,,,,,
2000-01-06,,,,6.46,6.57,6.58,,,,,
2000-01-07,,,,6.42,6.52,6.55,,,,,
2000-01-10,,,,6.49,6.57,6.59,,,,,
2000-01-11,,,,6.57,6.67,6.68,,,,,
2000-01-12,,,,6.63,6.72,6.71,,,,,
2000-01-13,,,,6.54,6.63,6.65,,,,,
2000-01-14,,,,6.59,6.69,6.69,,,,,
2000-01-18,,,,6.65,6.75,6.75,,,,,
2000-01-19,,,,6.62,6.73,6.72,,,,,
2000-01-20,,,,6.67,6.79,6.74,,,,,
2000-01-21,,,,6.67,6.79,6.71,,,,,
2000-01-24,,,,6.59,6.69,6.65,,,,,
2000-01-25,,,,6.6,6.7,6.64,,,,,
2000-01-26,,,,6.62,6.69,6.6,,,,,
2000-01-27,,,,6.67,6.68,6.53,,,,,
2000-01-28,,,,6.68,6.66,6.45,,,,,
2000-01-31,,,,6.71,6.68,6.49,,,,,
2000-02-01,,,,6.68,6.62,6.43,,,,,
2000-02-02,,,,6.69,6.6,6.32,,,,,
2000-02-03,,,,6.56,6.49,6.17,,,,,
2000-02-04,,,,6.64,6.53,6.23,,,,,
2000-02-07,,,,6.76,6.64,6.34,,,,,
2000-02-08,,,,6.74,6.59,6.22,,,,,
2000-02-09,,,,6.77,6.56,6.32,,,,,
2000-02-10,,,,6.78,6.67,6.35,,,,,
2000-02-11,,,,6.77,6.63,6.29,,,,,
2000-02-14,,,,6.72,6.56,6.22,,,,,
2000-02-15,,,,6.74,6.56,6.26,,,,,
2000-02-16,,,,6.75,6.56,6.27,,,,,
2000-02-17,,,,6.76,6.58,6.23,,,,,
2000-02-18,,,,6.72,6.49,6.16,,,,,
2000-02-22,,,,6.62,6.36,6.08,,,,,
2000-02-23,,,,6.66,6.44,6.14,,,,,
2000-02-24,,,,6.56,6.36,6.13,,,,,
2000-02-25,,,,6.5,6.36,6.17,,,,,
2000-02-28,,,,6.53,6.37,6.16,,,,,
2000-02-29,,,,6.61,6.42,6.15,,,,,
2000-03-01,,,,6.59,6.39,6.16,,,,,
2000-03-02,,,,6.59,6.4,6.15,,,,,
2000-03-03,,,,6.6,6.39,6.13,,,,,
2000-03-06,,,,6.64,6.42,6.16,,,,,
2000-03-07,,,,6.6,6.39,6.16,,,,,
2000-03-08,,,,6.59,6.38,6.17,,,,,
2000-03-09,,,,6.56,6.35,6.16,,,,,
2000-03-10,,,,6.61,6.39,6.19,,,,,
2000-03-13,,,,6.57,6.36,6.17,,,,,
2000-03-14,,,,6.52,6.31,6.11,,,,,
2000-03-15,,,,6.5,6.29,6.07,,,,,
2000-03-16,,,,6.47,6.26,6.05,,,,,
2000-03-17,,,,6.45,6.2,6.01,,,,,
2000-03-20,,,,6.45,6.18,5.99,,,,,
2000-03-21,,,,6.44,6.13,5.97,,,,,
2000-03-22,,,,6.41,6.13,5.97,,,,,
2000-03-23,,,,6.39,6.08,5.92,,,,,
2000-03-24,,,,6.51,6.2,6.0,,,,,
2000-03-27,,,,6.51,6.21,5.99,,,,,
2000-03-28,,,,6.46,6.17,5.98,,,,,
2000-03-29,,,,6.46,6.18,5.99,,,,,
2000-03-30,,,,6.35,6.06,5.89,,,,,
2000-03-31,,,,6.32,6.03,5.84,,,,,
2000-04-03,,,,6.3,6.0,5.84,,,,,
2000-04-04,,,,6.16,5.9,5.77,,,,,
2000-04-05,,,,6.17,5.9,5.81,,,,,
2000-04-06,,,,6.2,5.93,5.8,,,,,
2000-04-07,,,,6.18,5.86,5.71,,,,,
2000-04-10,,,,6.11,5.8,5.69,,,,,
2000-04-11,,,,6.19,5.89,5.77,,,,,
2000-04-12,,,,6.27,5.97,5.84,,,,,
2000-04-13,,,,6.24,5.94,5.81,,,,,
2000-04-14,,,,6.11,5.85,5.79,,,,,
2000-04-17,,,,6.23,6.01,5.92,,,,,
2000-04-18,,,,6.27,6.05,5.92,,,,,
2000-04-19,,,,6.23,5.99,5.85,,,,,
2000-04-20,,,,6.24,5.99,5.83,,,,,
2000-04-24,,,,6.23,6.0,5.86,,,,,
2000-04-25,,,,6.39,6.14,5.95,,,,,
2000-04-26,,,,6.4,6.14,5.95,,,,,
2000-04-27,,,,6.51,6.23,6.0,,,,,
2000-04-28,,,,6.56,6.23,5.97,,,,,
2000-05-01,,,,6.59,6.29,5.98,,,,,
2000-05-02,,,,6.6,6.32,6.03,,,,,
2000-05-03,,,,6.66,6.4,6.11,,,,,
2000-05-04,,,,6.7,6.46,6.19,,,,,
2000-05-05,,,,6.77,6.51,6.2,,,,,
2000-05-08,,,,6.83,6.57,6.25,,,,,
2000-05-09,,,,6.75,6.53,6.22,,,,,
2000-05-10,,,,6.69,6.47,6.18,,,,,
2000-05-11,,,,6.67,6.43,6.16,,,,,
2000-05-12,,,,6.76,6.51,6.2,,,,,
2000-05-15,,,,6.73,6.47,6.17,,,,,
2000-05-16,,,,6.72,6.43,6.12,,,,,
2000-05-17,,,,6.74,6.48,6.18,,,,,
2000-05-18,,,,6.79,6.56,6.24,,,,,
2000-05-19,,,,6.71,6.51,6.22,,,,,
2000-05-22,,,,6.66,6.44,6.18,,,,,
2000-05-23,,,,6.68,6.45,6.17,,,,,
2000-05-24,,,,6.71,6.47,6.19,,,,,
2000-05-25,,,,6.64,6.39,6.11,,,,,
2000-05-26,,,,6.57,6.33,6.06,,,,,
2000-05-30,,,,6.62,6.38,6.09,,,,,
2000-05-31,,,,6.54,6.29,6.02,,,,,
2000-06-01,,,,6.44,6.2,5.95,,,,,
2000-06-02,,,,6.37,6.15,5.94,,,,,
2000-06-05,,,,6.33,6.12,5.91,,,,,
2000-06-06,,,,6.35,6.14,5.91,,,,,
2000-06-07,,,,6.35,6.13,5.89,,,,,
2000-06-08,,,,6.37,6.13,5.89,,,,,
2000-06-09,,,,6.36,6.13,5.89,,,,,
2000-06-12,,,,6.33,6.09,5.88,,,,,
2000-06-13,,,,6.32,6.11,5.94,,,,,
2000-06-14,,,,6.26,6.06,5.91,,,,,
2000-06-15,,,,6.26,6.05,5.93,,,,,
2000-06-16,,,,6.19,5.99,5.88,,,,,
2000-06-19,,,,6.2,6.0,5.89,,,,,
2000-06-20,,,,6.23,6.03,5.9,,,,,
2000-06-21,,,,6.32,6.11,5.96,,,,,
2000-06-22,,,,6.32,6.12,5.98,,,,,
2000-06-23,,,,6.37,6.19,6.04,,,,,
2000-06-26,,,,6.29,6.11,5.99,,,,,
2000-06-27,,,,6.29,6.1,5.95,,,,,
2000-06-28,,,,6.28,6.11,5.97,,,,,
2000-06-29,,,,6.21,6.04,5.88,,,,,
2000-06-30,,,,6.18,6.03,5.9,,,,,
2000-07-03,,,,6.12,6.0,5.87,,,,,
2000-07-05,,,,6.12,5.99,5.86,,,,,
2000-07-06,,,,6.16,6.05,5.91,,,,,
2000-07-07,,,,6.11,6.01,5.87,,,,,
2000-07-10,,,,6.13,6.04,5.88,,,,,
2000-07-11,,,,6.16,6.06,5.89,,,,,
2000-07-12,,,,6.2,6.09,5.89,,,,,
2000-07-13,,,,6.15,6.01,5.81,,,,,
2000-07-14,,,,6.25,6.1,5.88,,,,,
2000-07-17,,,,6.31,6.17,5.93,,,,,
2000-07-18,,,,6.3,6.16,5.92,,,,,
2000-07-19,,,,6.31,6.16,5.92,,,,,
2000-07-20,,,,6.15,6.01,5.81,,,,,
2000-07-21,,,,6.14,6.01,5.79,,,,,
2000-07-24,,,,6.18,6.04,5.81,,,,,
2000-07-25,,,,6.17,6.04,5.81,,,,,
2000-07-26,,,,6.16,6.04,5.82,,,,,
2000-07-27,,,,6.14,6.02,5.78,,,,,
2000-07-28,,,,6.16,6.04,5.78,,,,,
2000-07-31,,,,6.16,6.04,5.79,,,,,
2000-08-01,,,,6.12,6.0,5.74,,,,,
2000-08-02,,,,6.09,5.98,5.77,,,,,
2000-08-03,,,,6.07,5.95,5.74,,,,,
2000-08-04,,,,6.02,5.91,5.72,,,,,
2000-08-07,,,,6.07,5.97,5.76,,,,,
2000-08-08,,,,6.03,5.93,5.73,,,,,
2000-08-09,,,,6.03,5.81,5.73,,,,,
2000-08-10,,,,6.0,5.76,5.68,,,,,
2000-08-11,,,,6.07,5.79,5.72,,,,,
2000-08-14,,,,6.07,5.78,5.7,,,,,
2000-08-15,,,,6.11,5.81,5.72,,,,,
2000-08-16,,,,6.13,5.83,5.73,,,,,
2000-08-17,,,,6.13,5.81,5.72,,,,,
2000-08-18,,,,6.09,5.78,5.69,,,,,
2000-08-21,,,,6.1,5.79,5.71,,,,,
2000-08-22,,,,6.07,5.78,5.71,,,,,
2000-08-23,,,,6.02,5.73,5.68,,,,,
2000-08-24,,,,6.0,5.73,5.67,,,,,
2000-08-25,,,,6.0,5.73,5.67,,,,,
2000-08-28,,,,6.05,5.78,5.72,,,,,
2000-08-29,,,,6.08,5.81,5.75,,,,,
2000-08-30,,,,6.07,5.81,5.74,,,,,
2000-08-31,,,,5.98,5.73,5.67,,,,,
2000-09-01,,,,5.92,5.68,5.67,,,,,
2000-09-05,,,,5.92,5.69,5.67,,,,,
2000-09-06,,,,5.95,5.72,5.71,,,,,
2000-09-07,,,,5.97,5.76,5.72,,,,,
2000-09-08,,,,5.95,5.73,5.7,,,,,
2000-09-11,,,,5.97,5.77,5.73,,,,,
2000-09-12,,,,5.97,5.78,5.76,,,,,
2000-09-13,,,,5.94,5.74,5.73,,,,,
2000-09-14,,,,5.96,5.79,5.81,,,,,
2000-09-15,,,,5.93,5.84,5.9,,,,,
2000-09-18,,,,5.93,5.88,5.96,,,,,
2000-09-19,,,,5.93,5.86,5.92,,,,,
2000-09-20,,,,5.98,5.91,5.97,,,,,
2000-09-21,,,,5.96,5.88,5.93,,,,,
2000-09-22,,,,5.93,5.85,5.92,,,,,
2000-09-25,,,,5.94,5.84,5.9,,,,,
2000-09-26,,,,5.9,5.81,5.86,,,,,
2000-09-27,,,,5.89,5.83,5.9,,,,,
2000-09-28,,,,5.9,5.82,5.89,,,,,
2000-09-29,,,,5.85,5.8,5.88,,,,,
2000-10-02,,,,5.86,5.83,5.93,,,,,
2000-10-03,,,,5.88,5.87,5.94,,,,,
2000-10-04,,,,5.94,5.9,5.95,,,,,
2000-10-05,,,,5.92,5.87,5.91,,,,,
2000-10-06,,,,5.88,5.82,5.85,,,,,
2000-10-10,,,,5.86,5.8,5.83,,,,,
2000-10-11,,,,5.82,5.77,5.83,,,,,
2000-10-12,,,,5.74,5.73,5.82,,,,,
2000-10-13,,,,5.73,5.73,5.8,,,,,
2000-10-16,,,,5.77,5.74,5.81,,,,,
2000-10-17,,,,5.68,5.68,5.77,,,,,
2000-10-18,,,,5.68,5.66,5.77,,,,,
2000-10-19,,,,5.69,5.66,5.76,,,,,
2000-10-20,,,,5.69,5.64,5.73,,,,,
2000-10-23,,,,5.66,5.59,5.68,,,,,
2000-10-24,,,,5.7,5.63,5.71,,,,,
2000-10-25,,,,5.74,5.67,5.75,,,,,
2000-10-26,,,,5.75,5.69,5.74,,,,,
2000-10-27,,,,5.79,5.72,5.74,,,,,
2000-10-30,,,,5.83,5.74,5.76,,,,,
2000-10-31,,,,5.83,5.77,5.79,,,,,
2000-11-01,,,,5.79,5.74,5.78,,,,,
2000-11-02,,,,5.78,5.74,5.79,,,,,
2000-11-03,,,,5.86,5.83,5.86,,,,,
2000-11-06,,,,5.91,5.87,5.89,,,,,
2000-11-07,,,,5.84,5.87,5.9,,,,,
2000-11-08,,,,5.83,5.87,5.89,,,,,
2000-11-09,,,,5.76,5.82,5.85,,,,,
2000-11-10,,,,5.76,5.82,5.88,,,,,
2000-11-13,,,,5.72,5.77,5.85,,,,,
2000-11-14,,,,5.72,5.76,5.81,,,,,
2000-11-15,,,,5.69,5.72,5.77,,,,,
2000-11-16,,,,5.66,5.68,5.75,,,,,
2000-11-17,,,,5.67,5.71,5.78,,,,,
2000-11-20,,,,5.65,5.68,5.76,,,,,
2000-11-21,,,,5.65,5.67,5.74,,,,,
2000-11-22,,,,5.6,5.62,5.68,,,,,
2000-11-24,,,,5.63,5.63,5.67,,,,,
2000-11-27,,,,5.63,5.64,5.71,,,,,
2000-11-28,,,,5.57,5.59,5.67,,,,,
2000-11-29,,,,5.51,5.55,5.66,,,,,
2000-11-30,,,,5.42,5.48,5.6,,,,,
2000-12-01,,,,5.46,5.52,5.64,,,,,
2000-12-04,,,,5.45,5.53,5.66,,,,,
2000-12-05,,,,5.36,5.43,5.59,,,,,
2000-12-06,,,,5.26,5.32,5.52,,,,,
2000-12-07,,,,5.26,5.32,5.51,,,,,
2000-12-08,,,,5.32,5.35,5.55,,,,,
2000-12-11,,,,5.33,5.37,5.54,,,,,
2000-12-12,,,,5.33,5.36,5.53,,,,,
2000-12-13,,,,5.24,5.29,5.48,,,,,
2000-12-14,,,,5.19,5.23,5.45,,,,,
2000-12-15,,,,5.15,5.2,5.44,,,,,
2000-12-18,,,,5.1,5.17,5.44,,,,,
2000-12-19,,,,5.12,5.19,5.47,,,,,
2000-12-20,,,,5.0,5.08,5.42,,,,,
2000-12-21,,,,4.94,5.03,5.41,,,,,
2000-12-22,,,,4.93,5.02,5.4,,,,,
2000-12-26,,,,4.92,5.04,5.41,,,,,
2000-12-27,,,,4.99,5.11,5.45,,,,,
2000-12-28,,,,5.02,5.13,5.44,,,,,
2000-12-29,,,,4.99,5.12,5.46,,,,,
2001-01-02,,,,4.76,4.92,5.35,,,,,
2001-01-03,,,,4.94,5.14,5.49,,,,,
2001-01-04,,,,4.82,5.03,5.44,,,,,
2001-01-05,,,,4.66,4.93,5.41,,,,,
2001-01-08,,,,4.65,4.94,5.42,,,,,
2001-01-09,,,,4.73,4.98,5.43,,,,,
2001-01-10,,,,4.83,5.1,5.49,,,,,
2001-01-11,,,,4.85,5.14,5.55,,,,,
2001-01-12,,,,4.97,5.25,5.63,,,,,
2001-01-16,,,,4.96,5.24,5.6,,,,,
2001-01-17,,,,4.87,5.19,5.52,,,,,
2001-01-18,,,,4.74,5.12,5.47,,,,,
2001-01-19,,,,4.84,5.19,5.56,,,,,
2001-01-22,,,,4.87,5.25,5.61,,,,,
2001-01-23,,,,4.96,5.3,5.65,,,,,
2001-01-24,,,,4.98,5.33,5.67,,,,,
2001-01-25,,,,4.94,5.29,5.61,,,,,
2001-01-26,,,,4.93,5.29,5.64,,,,,
2001-01-29,,,,4.97,5.32,5.69,,,,,
2001-01-30,,,,4.91,5.24,5.59,,,,,
2001-01-31,,,,4.85,5.19,5.54,,,,,
2001-02-01,,,,4.78,5.1,5.46,,,,,
2001-02-02,,,,4.86,5.17,5.51,,,,,
2001-02-05,,,,4.88,5.18,5.48,,,,,
2001-02-06,,,,4.92,5.22,5.51,,,,,
2001-02-07,,,,4.91,5.1,5.52,,,,,
2001-02-08,,,,4.93,5.1,5.44,,,,,
2001-02-09,,,,4.85,5.03,5.38,,,,,
2001-02-12,,,,4.86,5.05,5.42,,,,,
2001-02-13,,,,4.9,5.07,5.43,,,,,
2001-02-14,,,,4.99,5.13,5.44,,,,,
2001-02-15,,,,5.06,5.19,5.5,,,,,
2001-02-16,,,,4.94,5.11,5.46,,,,,
2001-02-20,,,,4.94,5.11,5.46,,,,,
2001-02-21,,,,4.96,5.14,5.49,,,,,
2001-02-22,,,,4.94,5.15,5.52,,,,,
2001-02-23,,,,4.86,5.1,5.49,,,,,
2001-02-26,,,,4.81,5.05,5.45,,,,,
2001-02-27,,,,4.75,4.96,5.34,,,,,
2001-02-28,,,,4.7,4.92,5.34,,,,,
2001-03-01,,,,4.67,4.87,5.29,,,,,
2001-03-02,,,,4.75,4.95,5.38,,,,,
2001-03-05,,,,4.78,4.98,5.36,,,,,
2001-03-06,,,,4.78,4.99,5.38,,,,,
2001-03-07,,,,4.72,4.92,5.32,,,,,
2001-03-08,,,,4.7,4.89,5.3,,,,,
2001-03-09,,,,4.75,4.95,5.32,,,,,
2001-03-12,,,,4.72,4.92,5.31,,,,,
2001-03-13,,,,4.75,4.95,5.34,,,,,
2001-03-14,,,,4.62,4.84,5.28,,,,,
2001-03-15,,,,4.55,4.81,5.29,,,,,
2001-03-16,,,,4.54,4.78,5.28,,,,,
2001-03-19,,,,4.58,4.82,5.3,,,,,
2001-03-20,,,,4.52,4.78,5.27,,,,,
2001-03-21,,,,4.49,4.77,5.28,,,,,
2001-03-22,,,,4.44,4.73,5.25,,,,,
2001-03-23,,,,4.52,4.8,5.3,,,,,
2001-03-26,,,,4.56,4.85,5.36,,,,,
2001-03-27,,,,4.73,5.0,5.45,,,,,
2001-03-28,,,,4.68,4.97,5.47,,,,,
2001-03-29,,,,4.67,4.98,5.48,,,,,
2001-03-30,,,,4.62,4.93,5.46,,,,,
2001-04-02,,,,4.66,4.98,5.49,,,,,
2001-04-03,,,,4.6,4.94,5.48,,,,,
2001-04-04,,,,4.58,4.94,5.5,,,,,
2001-04-05,,,,4.63,4.98,5.53,,,,,
2001-04-06,,,,4.52,4.89,5.46,,,,,
2001-04-09,,,,4.56,4.93,5.5,,,,,
2001-04-10,,,,4.7,5.09,5.63,,,,,
2001-04-11,,,,4.75,5.12,5.6,,,,,
2001-04-12,,,,4.83,5.17,5.61,,,,,
2001-04-16,,,,4.94,5.28,5.7,,,,,
2001-04-17,,,,4.87,5.21,5.65,,,,,
2001-04-18,,,,4.75,5.14,5.65,,,,,
2001-04-19,,,,4.86,5.27,5.77,,,,,
2001-04-20,,,,4.88,5.29,5.79,,,,,
2001-04-23,,,,4.78,5.2,5.73,,,,,
2001-04-24,,,,4.78,5.22,5.75,,,,,
2001-04-25,,,,4.88,5.28,5.78,,,,,
2001-04-26,,,,4.79,5.2,5.71,,,,,
2001-04-27,,,,4.94,5.34,5.81,,,,,
2001-04-30,,,,4.97,5.35,5.78,,,,,
2001-05-01,,,,4.94,5.3,5.75,,,,,
2001-05-02,,,,4.95,5.31,5.71,,,,,
2001-05-03,,,,4.87,5.22,5.64,,,,,
2001-05-04,,,,4.83,5.21,5.65,,,,,
2001-05-07,,,,4.82,5.21,5.68,,,,,
2001-05-08,,,,4.68,5.24,5.72,,,,,
2001-05-09,,,,4.65,5.2,5.67,,,,,
2001-05-10,,,,4.76,5.31,5.75,,,,,
2001-05-11,,,,4.99,5.51,5.88,,,,,
2001-05-14,,,,4.94,5.46,5.85,,,,,
2001-05-15,,,,4.95,5.5,5.89,,,,,
2001-05-16,,,,4.95,5.48,5.86,,,,,
2001-05-17,,,,4.99,5.46,5.8,,,,,
2001-05-18,,,,4.99,5.41,5.76,,,,,
2001-05-21,,,,4.99,5.41,5.75,,,,,
2001-05-22,,,,4.99,5.42,5.78,,,,,
2001-05-23,,,,4.96,5.41,5.79,,,,,
2001-05-24,,,,5.05,5.52,5.87,,,,,
2001-05-25,,,,5.04,5.52,5.86,,,,,
2001-05-29,,,,5.06,5.54,5.86,,,,,
2001-05-30,,,,5.07,5.54,5.86,,,,,
2001-05-31,,,,4.94,5.43,5.78,,,,,
2001-06-01,,,,4.94,5.39,5.71,,,,,
2001-06-04,,,,4.93,5.35,5.69,,,,,
2001-06-05,,,,4.84,5.29,5.66,,,,,
2001-06-06,,,,4.83,5.27,5.65,,,,,
2001-06-07,,,,4.88,5.33,5.72,,,,,
2001-06-08,,,,4.93,5.38,5.73,,,,,
2001-06-11,,,,4.87,5.32,5.69,,,,,
2001-06-12,,,,4.82,5.27,5.65,,,,,
2001-06-13,,,,4.81,5.28,5.66,,,,,
2001-06-14,,,,4.76,5.26,5.65,,,,,
2001-06-15,,,,4.74,5.27,5.68,,,,,
2001-06-18,,,,4.73,5.27,5.7,,,,,
2001-06-19,,,,4.72,5.26,5.69,,,,,
2001-06-20,,,,4.72,5.24,5.67,,,,,
2001-06-21,,,,4.7,5.22,5.64,,,,,
2001-06-22,,,,4.63,5.14,5.58,,,,,
2001-06-25,,,,4.65,5.16,5.59,,,,,
2001-06-26,,,,4.74,5.24,5.65,,,,,
2001-06-27,,,,4.82,5.26,5.62,,,,,
2001-06-28,,,,4.92,5.35,5.68,,,,,
2001-06-29,,,,4.97,5.42,5.75,,,,,
2001-07-02,,,,4.88,5.37,5.7,,,,,
2001-07-03,,,,4.91,5.41,5.73,,,,,
2001-07-05,,,,4.95,5.44,5.76,,,,,
2001-07-06,,,,4.9,5.41,5.75,,,,,
2001-07-09,,,,4.88,5.37,5.7,,,,,
2001-07-10,,,,4.82,5.32,5.68,,,,,
2001-07-11,,,,4.81,5.31,5.69,,,,,
2001-07-12,,,,4.8,5.27,5.65,,,,,
2001-07-13,,,,4.82,5.27,5.64,,,,,
2001-07-16,,,,4.76,5.21,5.59,,,,,
2001-07-17,,,,4.78,5.22,5.59,,,,,
2001-07-18,,,,4.66,5.12,5.52,,,,,
2001-07-19,,,,4.69,5.13,5.53,,,,,
2001-07-20,,,,4.7,5.15,5.54,,,,,
2001-07-23,,,,4.68,5.13,5.53,,,,,
2001-07-24,,,,4.67,5.13,5.52,,,,,
2001-07-25,,,,4.74,5.2,5.58,,,,,
2001-07-26,,,,4.71,5.19,5.59,,,,,
2001-07-27,,,,4.64,5.13,5.55,,,,,
2001-07-30,,,,4.63,5.11,5.53,,,,,
2001-07-31,,,,4.57,5.07,5.51,,,,,
2001-08-01,,,,4.62,5.11,5.53,,,,,
2001-08-02,,,,4.69,5.17,5.57,,,,,
2001-08-03,,,,4.72,5.2,5.59,,,,,
2001-08-06,,,,4.71,5.19,5.59,,,,,
2001-08-07,,,,4.72,5.2,5.6,,,,,
2001-08-08,,,,4.61,4.99,5.52,,,,,
2001-08-09,,,,4.66,5.04,5.54,,,,,
2001-08-10,,,,4.61,4.99,5.52,,,,,
2001-08-13,,,,4.57,4.97,5.52,,,,,
2001-08-14,,,,4.59,4.97,5.51,,,,,
2001-08-15,,,,4.62,5.0,5.52,,,,,
2001-08-16,,,,4.58,4.95,5.48,,,,,
2001-08-17,,,,4.49,4.84,5.43,,,,,
2001-08-20,,,,4.55,4.91,5.46,,,,,
2001-08-21,,,,4.5,4.87,5.44,,,,,
2001-08-22,,,,4.53,4.91,5.44,,,,,
2001-08-23,,,,4.52,4.89,5.41,,,,,
2001-08-24,,,,4.55,4.93,5.45,,,,,
2001-08-27,,,,4.57,4.94,5.47,,,,,
2001-08-28,,,,4.48,4.85,5.41,,,,,
2001-08-29,,,,4.43,4.78,5.36,,,,,
2001-08-30,,,,4.42,4.79,5.37,,,,,
2001-08-31,,,,4.46,4.85,5.39,,,,,
2001-09-04,,,,4.63,4.99,5.5,,,,,
2001-09-05,,,,4.61,4.97,5.48,,,,,
2001-09-06,,,,4.48,4.86,5.41,,,,,
2001-09-07,,,,4.39,4.8,5.39,,,,,
2001-09-10,,,,4.41,4.84,5.43,,,,,
2001-09-13,,,,4.03,4.64,5.39,,,,,
2001-09-14,,,,3.92,4.57,5.35,,,,,
2001-09-17,,,,3.99,4.63,5.41,,,,,
2001-09-18,,,,4.01,4.72,5.55,,,,,
2001-09-19,,,,3.9,4.69,5.56,,,,,
2001-09-20,,,,3.97,4.75,5.62,,,,,
2001-09-21,,,,3.94,4.7,5.59,,,,,
2001-09-24,,,,4.0,4.73,5.58,,,,,
2001-09-25,,,,3.97,4.72,5.58,,,,,
2001-09-26,,,,3.91,4.65,5.5,,,,,
2001-09-27,,,,3.87,4.58,5.45,,,,,
2001-09-28,,,,3.93,4.6,5.42,,,,,
2001-10-01,,,,3.9,4.55,5.38,,,,,
2001-10-02,,,,3.87,4.53,5.34,,,,,
2001-10-03,,,,3.86,4.5,5.32,,,,,
2001-10-04,,,,3.88,4.53,5.31,,,,,
2001-10-05,,,,3.87,4.52,5.31,,,,,
2001-10-09,,,,3.96,4.62,5.39,,,,,
2001-10-10,,,,3.96,4.61,5.36,,,,,
2001-10-11,,,,4.03,4.69,5.41,,,,,
2001-10-12,,,,4.01,4.68,5.42,,,,,
2001-10-15,,,,3.97,4.62,5.38,,,,,
2001-10-16,,,,3.93,4.59,5.35,,,,,
2001-10-17,,,,3.93,4.59,5.32,,,,,
2001-10-18,,,,3.93,4.58,5.32,,,,,
2001-10-19,,,,3.96,4.63,5.36,,,,,
2001-10-22,,,,3.98,4.63,5.36,,,,,
2001-10-23,,,,4.01,4.66,5.38,,,,,
2001-10-24,,,,3.96,4.61,5.32,,,,,
2001-10-25,,,,3.89,4.56,5.28,,,,,
2001-10-26,,,,3.88,4.53,5.27,,,,,
2001-10-29,,,,3.82,4.5,5.25,,,,,
2001-10-30,,,,3.76,4.44,5.22,,,,,
2001-10-31,,,,3.66,4.3,4.89,,,,,
2001-11-01,,,,3.66,4.24,4.79,,,,,
2001-11-02,,,,3.77,4.37,4.96,,,,,
2001-11-05,,,,3.71,4.31,4.86,,,,,
2001-11-06,,,,3.54,4.3,4.86,,,,,
2001-11-07,,,,3.47,4.22,4.79,,,,,
2001-11-08,,,,3.58,4.32,4.87,,,,,
2001-11-09,,,,3.62,4.34,4.88,,,,,
2001-11-13,,,,3.69,4.41,4.92,,,,,
2001-11-14,,,,3.83,4.54,5.02,,,,,
2001-11-15,,,,4.1,4.79,5.22,,,,,
2001-11-16,,,,4.24,4.91,5.3,,,,,
2001-11-19,,,,4.12,4.8,5.22,,,,,
2001-11-20,,,,4.17,4.88,5.3,,,,,
2001-11-21,,,,4.31,4.98,5.35,,,,,
2001-11-23,,,,4.4,5.04,5.39,,,,,
2001-11-26,,,,4.41,5.05,5.39,,,,,
2001-11-27,,,,4.32,4.98,5.37,,,,,
2001-11-28,,,,4.33,4.98,5.36,,,,,
2001-11-29,,,,4.1,4.79,5.24,,,,,
2001-11-30,,,,4.08,4.78,5.27,,,,,
2001-12-03,,,,4.04,4.75,5.26,,,,,
2001-12-04,,,,3.99,4.7,5.22,,,,,
2001-12-05,,,,4.24,4.92,5.35,,,,,
2001-12-06,,,,4.38,5.04,5.47,,,,,
2001-12-07,,,,4.5,5.2,5.6,,,,,
2001-12-10,,,,4.46,5.17,5.58,,,,,
2001-12-11,,,,4.38,5.13,5.55,,,,,
2001-12-12,,,,4.29,5.02,5.47,,,,,
2001-12-13,,,,4.4,5.13,5.53,,,,,
2001-12-14,,,,4.52,5.24,5.59,,,,,
2001-12-17,,,,4.54,5.26,5.61,,,,,
2001-12-18,,,,4.46,5.16,5.52,,,,,
2001-12-19,,,,4.38,5.08,5.45,,,,,
2001-12-20,,,,4.42,5.08,5.43,,,,,
2001-12-21,,,,4.45,5.12,5.45,,,,,
2001-12-24,,,,4.49,5.18,5.49,,,,,
2001-12-26,,,,4.55,5.22,5.52,,,,,
2001-12-27,,,,4.46,5.13,5.49,,,,,
2001-12-28,,,,4.46,5.15,5.54,,,,,
2001-12-31,,,,4.38,5.07,5.48,,,,,
2002-01-02,,,,4.52,5.2,5.56,,,,,
2002-01-03,,,,4.48,5.16,5.54,,,,,
2002-01-04,,,,4.5,5.18,5.57,,,,,
2002-01-07,,,,4.39,5.09,5.49,,,,,
2002-01-08,,,,4.39,5.1,5.51,,,,,
2002-01-09,,,,4.38,5.1,5.51,,,,,
2002-01-10,,,,4.27,5.0,5.42,,,,,
2002-01-11,,,,4.14,4.92,5.37,,,,,
2002-01-14,,,,4.15,4.91,5.38,,,,,
2002-01-15,,,,4.14,4.88,5.34,,,,,
2002-01-16,,,,4.16,4.88,5.36,,,,,
2002-01-17,,,,4.28,4.98,5.41,,,,,
2002-01-18,,,,4.23,4.94,5.36,,,,,
2002-01-22,,,,4.27,4.96,5.39,,,,,
2002-01-23,,,,4.36,5.05,5.48,,,,,
2002-01-24,,,,4.4,5.07,5.47,,,,,
2002-01-25,,,,4.46,5.1,5.47,,,,,
2002-01-28,,,,4.48,5.12,5.47,,,,,
2002-01-29,,,,4.35,5.02,5.4,,,,,
2002-01-30,,,,4.37,5.02,5.41,,,,,
2002-01-31,,,,4.42,5.07,5.44,,,,,
2002-02-01,,,,4.37,5.02,5.4,,,,,
2002-02-04,,,,4.29,4.94,5.35,,,,,
2002-02-05,,,,4.29,4.92,5.35,,,,,
2002-02-06,,,,4.3,4.92,5.38,,,,,
2002-02-07,,,,4.33,4.93,5.42,,,,,
2002-02-08,,,,4.28,4.9,5.39,,,,,
2002-02-11,,,,4.29,4.91,5.41,,,,,
2002-02-12,,,,4.36,4.97,5.45,,,,,
2002-02-13,,,,4.4,5.01,5.47,,,,,
2002-02-14,,,,4.35,4.95,5.42,,,,,
2002-02-15,,,,4.27,4.86,5.37,,,,,
2002-02-19,,,,4.28,4.88,5.54,,,,,
2002-02-20,,,,4.28,4.88,5.53,,,,,
2002-02-21,,,,4.27,4.88,5.53,,,,,
2002-02-22,,,,4.23,4.84,5.48,,,,,
2002-02-25,,,,4.26,4.86,5.51,,,,,
2002-02-26,,,,4.33,4.93,5.53,,,,,
2002-02-27,,,,4.22,4.84,5.51,,,,,
2002-02-28,,,,4.27,4.88,5.54,,,,,
2002-03-01,,,,4.43,4.98,5.6,,,,,
2002-03-04,,,,4.43,5.02,5.61,,,,,
2002-03-05,,,,4.44,5.02,5.6,,,,,
2002-03-06,,,,4.45,5.06,5.67,,,,,
2002-03-07,,,,4.65,5.22,5.76,,,,,
2002-03-08,,,,4.77,5.33,5.83,,,,,
2002-03-11,,,,4.77,5.33,5.81,,,,,
2002-03-12,,,,4.75,5.32,5.84,,,,,
2002-03-13,,,,4.69,5.28,5.83,,,,,
2002-03-14,,,,4.83,5.4,5.9,,,,,
2002-03-15,,,,4.8,5.35,5.86,,,,,
2002-03-18,,,,4.79,5.32,5.83,,,,,
2002-03-19,,,,4.78,5.33,5.86,,,,,
2002-03-20,,,,4.87,5.4,5.89,,,,,
2002-03-21,,,,4.88,5.39,5.87,,,,,
2002-03-22,,,,4.9,5.4,5.89,,,,,
2002-03-25,,,,4.92,5.41,5.91,,,,,
2002-03-26,,,,4.85,5.35,5.84,,,,,
2002-03-27,,,,4.85,5.35,5.86,,,,,
2002-03-28,,,,4.91,5.42,5.91,,,,,
2002-04-01,,,,4.93,5.44,5.92,,,,,
2002-04-02,,,,4.84,5.36,5.86,,,,,
2002-04-03,,,,4.76,5.3,5.82,,,,,
2002-04-04,,,,4.76,5.28,5.82,,,,,
2002-04-05,,,,4.68,5.22,5.79,,,,,
2002-04-08,,,,4.7,5.25,5.82,,,,,
2002-04-09,,,,4.67,5.22,5.79,,,,,
2002-04-10,,,,4.68,5.24,5.78,,,,,
2002-04-11,,,,4.66,5.22,5.78,,,,,
2002-04-12,,,,4.6,5.18,5.79,,,,,
2002-04-15,,,,4.57,5.15,5.76,,,,,
2002-04-16,,,,4.62,5.2,5.78,,,,,
2002-04-17,,,,4.64,5.24,5.85,,,,,
2002-04-18,,,,4.64,5.23,5.86,,,,,
2002-04-19,,,,4.62,5.21,5.8,,,,,
2002-04-22,,,,4.62,5.19,5.78,,,,,
2002-04-23,,,,4.62,5.18,5.78,,,,,
2002-04-24,,,,4.53,5.11,5.72,,,,,
2002-04-25,,,,4.52,5.1,5.72,,,,,
2002-04-26,,,,4.49,5.08,5.73,,,,,
2002-04-29,,,,4.55,5.13,5.75,,,,,
2002-04-30,,,,4.53,5.11,5.72,,,,,
2002-05-01,,,,4.49,5.08,5.69,,,,,
2002-05-02,,,,4.54,5.13,5.72,,,,,
2002-05-03,,,,4.48,5.08,5.65,,,,,
2002-05-06,,,,4.5,5.1,5.66,,,,,
2002-05-07,,,,4.43,5.09,5.66,,,,,
2002-05-08,,,,4.58,5.24,5.77,,,,,
2002-05-09,,,,4.53,5.2,5.78,,,,,
2002-05-10,,,,4.46,5.15,5.72,,,,,
2002-05-13,,,,4.54,5.23,5.79,,,,,
2002-05-14,,,,4.64,5.32,5.84,,,,,
2002-05-15,,,,4.59,5.28,5.82,,,,,
2002-05-16,,,,4.52,5.2,5.8,,,,,
2002-05-17,,,,4.6,5.27,5.84,,,,,
2002-05-20,,,,4.53,5.21,5.78,,,,,
2002-05-21,,,,4.49,5.18,5.79,,,,,
2002-05-22,,,,4.43,5.13,5.75,,,,,
2002-05-23,,,,4.46,5.16,5.78,,,,,
2002-05-24,,,,4.47,5.16,5.78,,,,,
2002-05-28,,,,4.46,5.16,5.78,,,,,
2002-05-29,,,,4.41,5.11,5.77,,,,,
2002-05-30,,,,4.36,5.06,5.74,,,,,
2002-05-31,,,,4.37,5.08,5.75,,,,,
2002-06-03,,,,4.36,5.06,5.76,,,,,
2002-06-04,,,,4.31,5.04,5.75,,,,,
2002-06-05,,,,4.35,5.08,5.79,,,,,
2002-06-06,,,,4.3,5.04,5.77,,,,,
2002-06-07,,,,4.36,5.1,5.81,,,,,
2002-06-10,,,,4.34,5.07,5.76,,,,,
2002-06-11,,,,4.29,5.02,5.71,,,,,
2002-06-12,,,,4.24,4.98,5.68,,,,,
2002-06-13,,,,4.2,4.94,5.65,,,,,
2002-06-14,,,,4.1,4.83,5.59,,,,,
2002-06-17,,,,4.14,4.89,5.63,,,,,
2002-06-18,,,,4.13,4.88,5.62,,,,,
2002-06-19,,,,4.01,4.76,5.58,,,,,
2002-06-20,,,,4.11,4.85,5.64,,,,,
2002-06-21,,,,4.06,4.79,5.56,,,,,
2002-06-24,,,,4.13,4.87,5.62,,,,,
2002-06-25,,,,4.13,4.88,5.64,,,,,
2002-06-26,,,,3.99,4.75,5.6,,,,,
2002-06-27,,,,4.08,4.84,5.68,,,,,
2002-06-28,,,,4.09,4.86,5.7,,,,,
2002-07-01,,,,4.08,4.85,5.67,,,,,
2002-07-02,,,,3.99,4.77,5.64,,,,,
2002-07-03,,,,4.0,4.78,5.62,,,,,
2002-07-05,,,,4.13,4.9,5.7,,,,,
2002-07-08,,,,4.07,4.84,5.66,,,,,
2002-07-09,,,,3.98,4.78,5.6,,,,,
2002-07-10,,,,3.85,4.66,5.53,,,,,
2002-07-11,,,,3.86,4.66,5.57,,,,,
2002-07-12,,,,3.82,4.63,5.55,,,,,
2002-07-15,,,,3.85,4.66,5.57,,,,,
2002-07-16,,,,3.93,4.75,5.63,,,,,
2002-07-17,,,,3.89,4.71,5.62,,,,,
2002-07-18,,,,3.82,4.66,5.62,,,,,
2002-07-19,,,,3.76,4.61,5.55,,,,,
2002-07-22,,,,3.65,4.51,5.5,,,,,
2002-07-23,,,,3.59,4.47,5.49,,,,,
2002-07-24,,,,3.6,4.49,5.57,,,,,
2002-07-25,,,,3.51,4.43,5.54,,,,,
2002-07-26,,,,3.46,4.43,5.52,,,,,
2002-07-29,,,,3.68,4.62,5.62,,,,,
2002-07-30,,,,3.71,4.65,5.59,,,,,
2002-07-31,,,,3.53,4.51,5.51,,,,,
2002-08-01,,,,3.46,4.47,5.51,,,,,
2002-08-02,,,,3.27,4.33,5.44,,,,,
2002-08-05,,,,3.21,4.29,5.41,,,,,
2002-08-06,,,,3.36,4.42,5.45,,,,,
2002-08-07,,,,3.24,4.35,5.44,,,,,
2002-08-08,,,,3.35,4.4,5.44,,,,,
2002-08-09,,,,3.28,4.27,5.35,,,,,
2002-08-12,,,,3.24,4.22,5.29,,,,,
2002-08-13,,,,3.15,4.12,5.22,,,,,
2002-08-14,,,,3.19,4.06,5.08,,,,,
2002-08-15,,,,3.28,4.17,5.17,,,,,
2002-08-16,,,,3.41,4.32,5.24,,,,,
2002-08-19,,,,3.4,4.29,5.21,,,,,
2002-08-20,,,,3.25,4.17,5.14,,,,,
2002-08-21,,,,3.28,4.2,5.19,,,,,
2002-08-22,,,,3.37,4.3,5.27,,,,,
2002-08-23,,,,3.31,4.25,5.25,,,,,
2002-08-26,,,,3.29,4.22,5.22,,,,,
2002-08-27,,,,3.37,4.29,5.25,,,,,
2002-08-28,,,,3.31,4.22,5.21,,,,,
2002-08-29,,,,3.24,4.16,5.18,,,,,
2002-08-30,,,,3.22,4.14,5.11,,,,,
2002-09-03,,,,3.04,3.98,5.02,,,,,
2002-09-04,,,,3.02,3.96,4.98,,,,,
2002-09-05,,,,2.95,3.91,4.98,,,,,
2002-09-06,,,,3.1,4.05,5.07,,,,,
2002-09-09,,,,3.11,4.05,5.04,,,,,
2002-09-10,,,,3.08,4.0,5.03,,,,,
2002-09-11,,,,3.15,4.07,5.08,,,,,
2002-09-12,,,,3.07,3.98,5.03,,,,,
2002-09-13,,,,3.0,3.92,4.97,,,,,
2002-09-16,,,,3.0,3.9,4.95,,,,,
2002-09-17,,,,2.97,3.87,4.96,,,,,
2002-09-18,,,,2.96,3.86,4.95,,,,,
2002-09-19,,,,2.87,3.79,4.9,,,,,
2002-09-20,,,,2.86,3.79,4.95,,,,,
2002-09-23,,,,2.76,3.7,4.88,,,,,
2002-09-24,,,,2.76,3.69,4.84,,,,,
2002-09-25,,,,2.83,3.77,4.91,,,,,
2002-09-26,,,,2.86,3.79,4.93,,,,,
2002-09-27,,,,2.74,3.69,4.91,,,,,
2002-09-30,,,,2.63,3.63,4.88,,,,,
2002-10-01,,,,2.75,3.72,5.01,,,,,
2002-10-02,,,,2.74,3.71,4.98,,,,,
2002-10-03,,,,2.74,3.7,4.99,,,,,
2002-10-04,,,,2.73,3.69,5.0,,,,,
2002-10-07,,,,2.67,3.64,4.98,,,,,
2002-10-08,,,,2.7,3.65,4.99,,,,,
2002-10-09,,,,2.65,3.61,4.95,,,,,
2002-10-10,,,,2.68,3.68,4.98,,,,,
2002-10-11,,,,2.83,3.83,5.06,,,,,
2002-10-15,,,,3.11,4.07,5.22,,,,,
2002-10-16,,,,3.11,4.06,5.23,,,,,
2002-10-17,,,,3.2,4.16,5.31,,,,,
2002-10-18,,,,3.17,4.14,5.32,,,,,
2002-10-21,,,,3.28,4.24,5.36,,,,,
2002-10-22,,,,3.29,4.27,5.36,,,,,
2002-10-23,,,,3.26,4.26,5.39,,,,,
2002-10-24,,,,3.18,4.16,5.35,,,,,
2002-10-25,,,,3.1,4.12,5.31,,,,,
2002-10-28,,,,3.03,4.1,5.35,,,,,
2002-10-29,,,,2.89,3.97,5.28,,,,,
2002-10-30,,,,2.87,3.99,5.3,,,,,
2002-10-31,,,,2.81,3.93,5.28,,,,,
2002-11-01,,,,2.92,4.01,5.3,,,,,
2002-11-04,,,,3.0,4.07,5.31,,,,,
2002-11-05,,,,3.0,4.1,5.33,,,,,
2002-11-06,,,,3.01,4.09,5.35,,,,,
2002-11-07,,,,2.86,3.88,5.17,,,,,
2002-11-08,,,,2.87,3.85,5.05,,,,,
2002-11-12,,,,2.83,3.84,5.05,,,,,
2002-11-13,,,,2.82,3.84,5.01,,,,,
2002-11-14,,,,3.01,4.03,5.16,,,,,
2002-11-15,,,,3.05,4.05,5.12,,,,,
2002-11-18,,,,3.04,4.02,5.1,,,,,
2002-11-19,,,,3.02,3.99,5.06,,,,,
2002-11-20,,,,3.13,4.08,5.14,,,,,
2002-11-21,,,,3.2,4.14,5.2,,,,,
2002-11-22,,,,3.26,4.18,5.22,,,,,
2002-11-25,,,,3.26,4.19,5.23,,,,,
2002-11-26,,,,3.14,4.08,5.15,,,,,
2002-11-27,,,,3.34,4.26,5.28,,,,,
2002-11-29,,,,3.28,4.22,5.23,,,,,
2002-12-02,,,,3.31,4.22,5.22,,,,,
2002-12-03,,,,3.33,4.24,5.23,,,,,
2002-12-04,,,,3.25,4.18,5.19,,,,,
2002-12-05,,,,3.19,4.13,5.16,,,,,
2002-12-06,,,,3.13,4.09,5.15,,,,,
2002-12-09,,,,3.08,4.06,5.12,,,,,
2002-12-10,,,,3.07,4.06,5.09,,,,,
2002-12-11,,,,3.02,4.01,5.04,,,,,
2002-12-12,,,,3.03,4.01,5.07,,,,,
2002-12-13,,,,3.08,4.07,5.15,,,,,
2002-12-16,,,,3.14,4.15,5.21,,,,,
2002-12-17,,,,3.11,4.13,5.24,,,,,
2002-12-18,,,,3.03,4.06,5.2,,,,,
2002-12-19,,,,2.91,3.96,5.15,,,,,
2002-12-20,,,,2.93,3.97,5.12,,,,,
2002-12-23,,,,2.95,3.98,5.13,,,,,
2002-12-24,,,,2.92,3.95,5.11,,,,,
2002-12-26,,,,2.89,3.93,5.11,,,,,
2002-12-27,,,,2.79,3.83,5.06,,,,,
2002-12-30,,,,2.76,3.82,5.02,,,,,
2002-12-31,,,,2.78,3.83,5.03,,,,,
2003-01-02,1.75,2.43,,3.05,4.07,5.18,1.3,1.64,1.98,1.75,2.43
2003-01-03,1.75,2.43,,3.03,4.05,5.18,1.28,1.62,1.96,1.75,2.43
2003-01-06,1.79,2.46,,3.1,4.09,5.2,1.31,1.63,1.95,1.79,2.46
2003-01-07,1.76,2.42,,3.04,4.04,5.18,1.28,1.62,1.96,1.76,2.42
2003-01-08,1.68,2.29,,3.01,4.0,5.13,1.33,1.71,2.09,1.68,2.29
2003-01-09,1.82,2.41,,3.23,4.19,5.27,1.41,1.78,2.15,1.82,2.41
2003-01-10,1.8,2.41,,3.2,4.16,5.24,1.4,1.75,2.1,1.8,2.41
2003-01-13,1.77,2.38,,3.17,4.15,5.23,1.4,1.77,2.14,1.77,2.38
2003-01-14,1.72,2.34,,3.1,4.1,5.19,1.38,1.76,2.14,1.72,2.34
2003-01-15,1.69,2.3,,3.1,4.1,5.17,1.41,1.8,2.19,1.69,2.3
2003-01-16,1.71,2.31,,3.11,4.1,5.16,1.4,1.79,2.18,1.71,2.31
2003-01-17,1.6,2.25,,3.05,4.05,5.13,1.45,1.8,2.15,1.6,2.25
2003-01-21,1.62,2.23,,3.0,4.01,5.11,1.38,1.78,2.18,1.62,2.23
2003-01-22,1.6,2.23,,2.94,3.95,5.07,1.34,1.72,2.1,1.6,2.23
2003-01-23,1.55,2.2,,2.97,3.98,5.08,1.42,1.78,2.14,1.55,2.2
2003-01-24,1.47,2.14,,2.93,3.94,5.05,1.46,1.8,2.14,1.47,2.14
2003-01-27,1.5,2.16,,2.97,3.98,5.06,1.47,1.82,2.17,1.5,2.16
2003-01-28,1.52,2.19,,2.99,4.0,5.06,1.47,1.81,2.15,1.52,2.19
2003-01-29,1.55,2.21,,3.07,4.06,5.11,1.52,1.85,2.18,1.55,2.21
2003-01-30,1.56,2.2,,3.02,4.0,5.06,1.46,1.8,2.14,1.56,2.2
2003-01-31,1.53,2.19,,3.02,4.0,5.03,1.49,1.81,2.13,1.53,2.19
2003-02-03,1.53,2.2,,3.05,4.01,5.01,1.52,1.81,2.1,1.53,2.2
2003-02-04,1.45,2.12,,2.99,3.96,4.99,1.54,1.84,2.14,1.45,2.12
2003-02-05,1.46,2.12,,3.07,4.02,5.02,1.61,1.9,2.19,1.46,2.12
2003-02-06,1.4,2.09,,3.02,3.97,4.99,1.62,1.88,2.14,1.4,2.09
2003-02-07,1.37,2.07,,2.97,3.96,4.98,1.6,1.89,2.18,1.37,2.07
2003-02-10,1.37,2.06,,3.03,3.99,5.04,1.66,1.93,2.2,1.37,2.06
2003-02-11,1.38,2.05,,3.0,3.98,5.06,1.62,1.93,2.24,1.38,2.05
2003-02-12,1.32,2.04,,2.92,3.93,5.08,1.6,1.89,2.18,1.32,2.04
2003-02-13,1.29,2.01,,2.85,3.89,5.04,1.56,1.88,2.2,1.29,2.01
2003-02-14,1.29,2.03,,2.91,3.95,5.09,1.62,1.92,2.22,1.29,2.03
2003-02-18,1.29,2.05,,2.92,3.94,5.1,1.63,1.89,2.15,1.29,2.05
2003-02-19,1.25,1.99,,2.87,3.88,5.04,1.62,1.89,2.16,1.25,1.99
2003-02-20,1.13,1.91,,2.82,3.85,5.04,1.69,1.94,2.19,1.13,1.91
2003-02-21,1.13,1.93,,2.86,3.9,5.08,1.73,1.97,2.21,1.13,1.93
2003-02-24,1.04,1.87,,2.82,3.86,5.05,1.78,1.99,2.2,1.04,1.87
2003-02-25,1.0,1.84,,2.77,3.81,5.01,1.77,1.97,2.17,1.0,1.84
2003-02-26,1.01,1.84,,2.75,3.78,4.97,1.74,1.94,2.14,1.01,1.84
2003-02-27,0.98,1.82,,2.75,3.76,4.98,1.77,1.94,2.11,0.98,1.82
2003-02-28,0.94,1.77,,2.69,3.71,4.9,1.75,1.94,2.13,0.94,1.77
2003-03-03,0.93,1.77,,2.66,3.68,4.92,1.73,1.91,2.09,0.93,1.77
2003-03-04,0.9,1.77,,2.62,3.65,4.91,1.72,1.88,2.04,0.9,1.77
2003-03-05,0.9,1.75,,2.58,3.63,4.9,1.68,1.88,2.08,0.9,1.75
2003-03-06,0.9,1.74,,2.63,3.67,4.93,1.73,1.93,2.13,0.9,1.74
2003-03-07,0.82,1.72,,2.56,3.63,4.9,1.74,1.91,2.08,0.82,1.72
2003-03-10,0.79,1.69,,2.51,3.59,4.9,1.72,1.9,2.08,0.79,1.69
2003-03-11,0.78,1.68,,2.54,3.6,4.9,1.76,1.92,2.08,0.78,1.68
2003-03-12,0.78,1.68,,2.57,3.6,4.85,1.79,1.92,2.05,0.78,1.68
2003-03-13,0.88,1.73,,2.75,3.74,4.95,1.87,2.01,2.15,0.88,1.73
2003-03-14,1.15,1.89,,2.72,3.72,4.93,1.57,1.83,2.09,1.15,1.89
2003-03-17,1.15,1.97,,2.82,3.82,5.0,1.67,1.85,2.03,1.15,1.97
2003-03-18,1.3,2.08,,2.93,3.91,5.07,1.63,1.83,2.03,1.3,2.08
2003-03-19,1.39,2.15,,2.98,3.98,5.14,1.59,1.83,2.07,1.39,2.15
2003-03-20,1.35,2.2,,3.02,4.01,5.17,1.67,1.81,1.95,1.35,2.2
2003-03-21,1.42,2.29,,3.12,4.11,5.23,1.7,1.82,1.94,1.42,2.29
2003-03-24,1.32,2.18,,2.98,3.98,5.15,1.66,1.8,1.94,1.32,2.18
2003-03-25,1.33,2.17,,2.97,3.97,5.15,1.64,1.8,1.96,1.33,2.17
2003-03-26,1.29,2.15,,2.94,3.96,5.17,1.65,1.81,1.97,1.29,2.15
2003-03-27,1.21,2.1,,2.92,3.95,5.17,1.71,1.85,1.99,1.21,2.1
2003-03-28,1.14,2.09,,2.86,3.92,5.16,1.72,1.83,1.94,1.14,2.09
2003-03-31,1.13,2.03,,2.78,3.83,5.07,1.65,1.8,1.95,1.13,2.03
2003-04-01,1.14,2.02,,2.78,3.84,5.06,1.64,1.82,2.0,1.14,2.02
2003-04-02,1.23,2.11,,2.89,3.94,5.15,1.66,1.83,2.0,1.23,2.11
2003-04-03,1.23,2.12,,2.87,3.93,5.16,1.64,1.81,1.98,1.23,2.12
2003-04-04,1.25,2.16,,2.88,3.96,5.2,1.63,1.8,1.97,1.25,2.16
2003-04-07,1.38,2.21,,2.99,4.03,5.24,1.61,1.82,2.03,1.38,2.21
2003-04-08,1.34,2.18,,2.91,3.95,5.16,1.57,1.77,1.97,1.34,2.18
2003-04-09,1.32,2.13,,2.87,3.93,5.15,1.55,1.8,2.05,1.32,2.13
2003-04-10,1.25,2.16,,2.89,3.95,5.17,1.64,1.79,1.94,1.25,2.16
2003-04-11,1.33,2.23,,2.95,4.0,5.19,1.62,1.77,1.92,1.33,2.23
2003-04-14,1.36,2.22,,3.02,4.04,5.2,1.66,1.82,1.98,1.36,2.22
2003-04-15,1.34,2.18,,2.96,3.98,5.19,1.62,1.8,1.98,1.34,2.18
2003-04-16,1.37,2.2,,2.95,3.96,5.13,1.58,1.76,1.94,1.37,2.2
2003-04-17,1.41,2.22,,2.99,3.98,5.12,1.58,1.76,1.94,1.41,2.22
2003-04-21,1.46,2.25,,3.03,4.0,5.13,1.57,1.75,1.93,1.46,2.25
2003-04-22,1.5,2.27,,3.01,4.01,5.12,1.51,1.74,1.97,1.5,2.27
2003-04-23,1.48,2.26,,3.02,4.02,5.1,1.54,1.76,1.98,1.48,2.26
2003-04-24,1.46,2.22,,2.92,3.93,5.05,1.46,1.71,1.96,1.46,2.22
2003-04-25,1.42,2.18,,2.88,3.91,5.04,1.46,1.73,2.0,1.42,2.18
2003-04-28,1.42,2.16,,2.9,3.92,5.04,1.48,1.76,2.04,1.42,2.16
2003-04-29,1.47,2.22,,2.94,3.96,5.07,1.47,1.74,2.01,1.47,2.22
2003-04-30,1.4,2.16,,2.85,3.89,5.0,1.45,1.73,2.01,1.4,2.16
2003-05-01,1.52,2.13,,2.82,3.88,5.01,1.3,1.75,2.2,1.52,2.13
2003-05-02,1.56,2.19,,2.9,3.94,5.05,1.34,1.75,2.16,1.56,2.19
2003-05-05,1.37,2.19,,2.87,3.92,5.03,1.5,1.73,1.96,1.37,2.19
2003-05-06,1.34,2.17,,2.76,3.84,5.02,1.42,1.67,1.92,1.34,2.17
2003-05-07,1.26,2.02,,2.64,3.72,4.96,1.38,1.7,2.02,1.26,2.02
2003-05-08,1.28,2.0,,2.62,3.7,4.96,1.34,1.7,2.06,1.28,2.0
2003-05-09,1.21,2.0,,2.61,3.69,4.95,1.4,1.69,1.98,1.21,2.0
2003-05-12,1.21,1.96,,2.58,3.64,4.91,1.37,1.68,1.99,1.21,1.96
2003-05-13,1.19,1.94,,2.58,3.63,4.92,1.39,1.69,1.99,1.19,1.94
2003-05-14,1.15,1.87,,2.47,3.53,4.76,1.32,1.66,2.0,1.15,1.87
2003-05-15,1.13,1.86,,2.52,3.53,4.69,1.39,1.67,1.95,1.13,1.86
2003-05-16,1.12,1.84,,2.43,3.46,4.67,1.31,1.62,1.93,1.12,1.84
2003-05-19,1.07,1.85,,2.41,3.46,4.67,1.34,1.61,1.88,1.07,1.85
2003-05-20,0.99,1.73,,2.34,3.38,4.59,1.35,1.65,1.95,0.99,1.73
2003-05-21,1.03,1.73,,2.37,3.39,4.54,1.34,1.66,1.98,1.03,1.73
2003-05-22,1.02,1.71,,2.32,3.34,4.5,1.3,1.63,1.96,1.02,1.71
2003-05-23,1.02,1.72,,2.33,3.34,4.44,1.31,1.62,1.93,1.02,1.72
2003-05-27,1.09,1.8,,2.34,3.41,4.57,1.25,1.61,1.97,1.09,1.8
2003-05-28,1.12,1.83,,2.35,3.44,4.63,1.23,1.61,1.99,1.12,1.83
2003-05-29,1.04,1.76,,2.27,3.34,4.56,1.23,1.58,1.93,1.04,1.76
2003-05-30,1.04,1.77,,2.3,3.37,4.59,1.26,1.6,1.94,1.04,1.77
2003-06-02,1.08,1.83,,2.37,3.43,4.64,1.29,1.6,1.91,1.08,1.83
2003-06-03,1.0,1.76,,2.25,3.34,4.59,1.25,1.58,1.91,1.0,1.76
2003-06-04,0.94,1.73,,2.19,3.3,4.58,1.25,1.57,1.89,0.94,1.73
2003-06-05,0.94,1.75,,2.25,3.34,4.63,1.31,1.59,1.87,0.94,1.75
2003-06-06,0.96,1.76,,2.29,3.37,4.66,1.33,1.61,1.89,0.96,1.76
2003-06-09,0.88,1.68,,2.2,3.29,4.6,1.32,1.61,1.9,0.88,1.68
2003-06-10,0.81,1.61,,2.12,3.2,4.51,1.31,1.59,1.87,0.81,1.61
2003-06-11,0.8,1.62,,2.16,3.21,4.49,1.36,1.59,1.82,0.8,1.62
2003-06-12,0.78,1.57,,2.1,3.18,4.47,1.32,1.61,1.9,0.78,1.57
2003-06-13,0.71,1.51,,2.08,3.13,4.42,1.37,1.62,1.87,0.71,1.51
2003-06-16,0.79,1.59,,2.14,3.18,4.47,1.35,1.59,1.83,0.79,1.59
2003-06-17,0.91,1.7,,2.26,3.27,4.55,1.35,1.57,1.79,0.91,1.7
2003-06-18,0.98,1.79,,2.34,3.37,4.64,1.36,1.58,1.8,0.98,1.79
2003-06-19,0.89,1.74,,2.28,3.35,4.66,1.39,1.61,1.83,0.89,1.74
2003-06-20,0.92,1.77,,2.31,3.4,4.7,1.39,1.63,1.87,0.92,1.77
2003-06-23,0.88,1.71,,2.24,3.32,4.64,1.36,1.61,1.86,0.88,1.71
2003-06-24,0.84,1.68,,2.21,3.29,4.6,1.37,1.61,1.85,0.84,1.68
2003-06-25,0.87,1.71,,2.32,3.38,4.69,1.45,1.67,1.89,0.87,1.71
2003-06-26,1.02,1.85,,2.49,3.55,4.81,1.47,1.7,1.93,1.02,1.85
2003-06-27,1.04,1.9,,2.52,3.58,4.83,1.48,1.68,1.88,1.04,1.9
2003-06-30,1.01,1.9,,2.46,3.54,4.81,1.45,1.64,1.83,1.01,1.9
2003-07-01,1.03,1.92,,2.48,3.56,4.86,1.45,1.64,1.83,1.03,1.92
2003-07-02,1.04,1.96,,2.47,3.56,4.83,1.43,1.6,1.77,1.04,1.96
2003-07-03,1.11,2.09,,2.55,3.67,4.93,1.44,1.58,1.72,1.11,2.09
2003-07-07,1.19,2.14,,2.63,3.74,4.98,1.44,1.6,1.76,1.19,2.14
2003-07-08,1.24,2.12,,2.65,3.75,4.95,1.41,1.63,1.85,1.24,2.12
2003-07-09,1.17,2.0,,2.63,3.73,4.93,1.46,1.73,2.0,1.17,2.0
2003-07-10,1.14,1.94,,2.59,3.7,4.94,1.45,1.76,2.07,1.14,1.94
2003-07-11,1.1,1.88,,2.52,3.66,4.94,1.42,1.78,2.14,1.1,1.88
2003-07-14,1.13,1.92,,2.6,3.74,4.98,1.47,1.82,2.17,1.13,1.92
2003-07-15,1.28,2.06,,2.81,3.94,5.12,1.53,1.88,2.23,1.28,2.06
2003-07-16,1.31,2.08,,2.87,3.97,5.1,1.56,1.89,2.22,1.31,2.08
2003-07-17,1.31,2.05,,2.88,3.98,5.08,1.57,1.93,2.29,1.31,2.05
2003-07-18,1.28,2.04,,2.93,4.0,5.09,1.65,1.96,2.27,1.28,2.04
2003-07-21,1.47,2.21,,3.1,4.19,5.25,1.63,1.98,2.33,1.47,2.21
2003-07-22,1.48,2.19,,3.07,4.17,5.23,1.59,1.98,2.37,1.48,2.19
2003-07-23,1.37,2.11,,3.04,4.12,5.2,1.67,2.01,2.35,1.37,2.11
2003-07-24,1.41,2.18,,3.08,4.2,5.25,1.67,2.02,2.37,1.41,2.18
2003-07-25,1.34,2.14,,3.1,4.22,5.31,1.76,2.08,2.4,1.34,2.14
2003-07-28,1.49,2.27,,3.21,4.31,5.39,1.72,2.04,2.36,1.49,2.27
2003-07-29,1.63,2.38,,3.33,4.42,5.46,1.7,2.04,2.38,1.63,2.38
2003-07-30,1.54,2.32,,3.27,4.34,5.43,1.73,2.02,2.31,1.54,2.32
2003-07-31,1.63,2.41,,3.38,4.49,5.56,1.75,2.08,2.41,1.63,2.41
2003-08-01,1.62,2.4,,3.37,4.44,5.47,1.75,2.04,2.33,1.62,2.4
2003-08-04,1.52,2.34,,3.24,4.35,5.47,1.72,2.01,2.3,1.52,2.34
2003-08-05,1.62,2.43,,3.37,4.47,5.51,1.75,2.04,2.33,1.62,2.43
2003-08-06,1.53,2.34,,3.25,4.32,5.42,1.72,1.98,2.24,1.53,2.34
2003-08-07,1.41,2.29,,3.19,4.3,5.4,1.78,2.01,2.24,1.41,2.29
2003-08-08,1.43,2.27,,3.17,4.27,5.4,1.74,2.0,2.26,1.43,2.27
2003-08-11,1.44,2.31,,3.26,4.38,5.47,1.82,2.07,2.32,1.44,2.31
2003-08-12,1.42,2.29,,3.23,4.37,5.49,1.81,2.08,2.35,1.42,2.29
2003-08-13,1.55,2.41,,3.43,4.58,5.6,1.88,2.17,2.46,1.55,2.41
2003-08-14,1.53,2.38,,3.42,4.55,5.57,1.89,2.17,2.45,1.53,2.38
2003-08-15,1.5,2.36,,3.42,4.55,5.57,1.92,2.19,2.46,1.5,2.36
2003-08-18,1.49,2.33,,3.37,4.49,5.5,1.88,2.16,2.44,1.49,2.33
2003-08-19,1.4,2.24,,3.27,4.38,5.41,1.87,2.14,2.41,1.4,2.24
2003-08-20,1.41,2.26,,3.35,4.45,5.42,1.94,2.19,2.44,1.41,2.26
2003-08-21,1.45,2.29,,3.51,4.53,5.43,2.06,2.24,2.42,1.45,2.29
2003-08-22,1.42,2.26,,3.47,4.48,5.4,2.05,2.22,2.39,1.42,2.26
2003-08-25,1.49,2.31,,3.52,4.53,5.4,2.03,2.22,2.41,1.49,2.31
2003-08-26,1.47,2.28,,3.5,4.5,5.39,2.03,2.22,2.41,1.47,2.28
2003-08-27,1.54,2.36,,3.55,4.54,5.4,2.01,2.18,2.35,1.54,2.36
2003-08-28,1.44,2.29,,3.42,4.42,5.34,1.98,2.13,2.28,1.44,2.29
2003-08-29,1.47,2.29,,3.46,4.45,5.3,1.99,2.16,2.33,1.47,2.29
2003-09-02,1.63,2.43,,3.63,4.61,5.38,2.0,2.18,2.36,1.63,2.43
2003-09-03,1.58,2.4,,3.61,4.6,5.41,2.03,2.2,2.37,1.58,2.4
2003-09-04,1.49,2.32,,3.5,4.52,5.4,2.01,2.2,2.39,1.49,2.32
2003-09-05,1.31,2.17,,3.28,4.35,5.32,1.97,2.18,2.39,1.31,2.17
2003-09-08,1.38,2.24,,3.32,4.41,5.36,1.94,2.17,2.4,1.38,2.24
2003-09-09,1.34,2.21,,3.28,4.37,5.36,1.94,2.16,2.38,1.34,2.21
2003-09-10,1.28,2.18,,3.18,4.28,5.3,1.9,2.1,2.3,1.28,2.18
2003-09-11,1.32,2.22,,3.24,4.35,5.35,1.92,2.13,2.34,1.32,2.22
2003-09-12,1.27,2.18,,3.15,4.27,5.33,1.88,2.09,2.3,1.27,2.18
2003-09-15,1.25,2.18,,3.12,4.28,5.35,1.87,2.1,2.33,1.25,2.18
2003-09-16,1.32,2.26,,3.12,4.29,5.34,1.8,2.03,2.26,1.32,2.26
2003-09-17,1.29,2.2,,3.06,4.2,5.26,1.77,2.0,2.23,1.29,2.2
2003-09-18,1.3,2.18,,3.09,4.19,5.23,1.79,2.01,2.23,1.3,2.18
2003-09-19,1.3,2.17,,3.11,4.17,5.2,1.81,2.0,2.19,1.3,2.17
2003-09-22,1.32,2.21,,3.16,4.26,5.28,1.84,2.05,2.26,1.32,2.21
2003-09-23,1.29,2.19,,3.13,4.24,5.24,1.84,2.05,2.26,1.29,2.19
2003-09-24,1.21,2.13,,3.07,4.16,5.17,1.86,2.03,2.2,1.21,2.13
2003-09-25,1.14,2.07,,3.05,4.12,5.17,1.91,2.05,2.19,1.14,2.07
2003-09-26,1.04,1.99,,2.95,4.04,5.11,1.91,2.05,2.19,1.04,1.99
2003-09-29,1.07,2.03,,2.98,4.09,5.16,1.91,2.06,2.21,1.07,2.03
2003-09-30,0.99,1.95,,2.85,3.96,5.07,1.86,2.01,2.16,0.99,1.95
2003-10-01,1.0,1.96,,2.84,3.96,5.05,1.84,2.0,2.16,1.0,1.96
2003-10-02,1.07,2.01,,2.9,4.03,5.1,1.83,2.02,2.21,1.07,2.01
2003-10-03,1.23,2.16,,3.12,4.21,5.23,1.89,2.05,2.21,1.23,2.16
2003-10-06,1.19,2.11,,3.06,4.17,5.21,1.87,2.06,2.25,1.19,2.11
2003-10-07,1.24,2.17,,3.15,4.27,5.29,1.91,2.1,2.29,1.24,2.17
2003-10-08,1.25,2.18,,3.14,4.27,5.33,1.89,2.09,2.29,1.25,2.18
2003-10-09,1.25,2.2,,3.17,4.32,5.35,1.92,2.12,2.32,1.25,2.2
2003-10-10,1.18,2.14,,3.15,4.29,5.34,1.97,2.15,2.33,1.18,2.14
2003-10-14,1.23,2.18,,3.23,4.37,5.4,2.0,2.19,2.38,1.23,2.18
2003-10-15,1.28,2.2,,3.3,4.43,5.41,2.02,2.23,2.44,1.28,2.2
2003-10-16,1.32,2.21,,3.4,4.47,5.41,2.08,2.26,2.44,1.32,2.21
2003-10-17,1.26,2.14,,3.33,4.41,5.37,2.07,2.27,2.47,1.26,2.14
2003-10-20,1.27,2.13,,3.33,4.41,5.35,2.06,2.28,2.5,1.27,2.13
2003-10-21,1.27,2.12,,3.31,4.38,5.33,2.04,2.26,2.48,1.27,2.12
2003-10-22,1.24,2.07,,3.21,4.29,5.3,1.97,2.22,2.47,1.24,2.07
2003-10-23,1.23,2.03,,3.24,4.34,5.36,2.01,2.31,2.61,1.23,2.03
2003-10-24,1.14,1.92,,3.13,4.24,5.27,1.99,2.32,2.65,1.14,1.92
2003-10-27,1.19,1.96,,3.21,4.3,5.3,2.02,2.34,2.66,1.19,1.96
2003-10-28,1.11,1.91,,3.11,4.23,5.27,2.0,2.32,2.64,1.11,1.91
2003-10-29,1.17,1.98,,3.2,4.31,5.32,2.03,2.33,2.63,1.17,1.98
2003-10-30,1.24,1.97,,3.29,4.36,5.33,2.05,2.39,2.73,1.24,1.97
2003-10-31,1.21,1.93,,3.27,4.33,5.28,2.06,2.4,2.74,1.21,1.93
2003-11-03,1.27,1.97,,3.34,4.4,5.3,2.07,2.43,2.79,1.27,1.97
2003-11-04,1.22,1.93,,3.28,4.33,5.27,2.06,2.4,2.74,1.22,1.93
2003-11-05,1.34,2.02,,3.35,4.38,5.32,2.01,2.36,2.71,1.34,2.02
2003-11-06,1.41,2.08,,3.43,4.45,5.37,2.02,2.37,2.72,1.41,2.08
2003-11-07,1.42,2.1,,3.47,4.48,5.38,2.05,2.38,2.71,1.42,2.1
2003-11-10,1.4,2.09,,3.49,4.49,5.39,2.09,2.4,2.71,1.4,2.09
2003-11-12,1.36,2.04,,3.45,4.44,5.34,2.09,2.4,2.71,1.36,2.04
2003-11-13,1.24,1.94,,3.29,4.3,5.24,2.05,2.36,2.67,1.24,1.94
2003-11-14,1.17,1.87,,3.19,4.22,5.21,2.02,2.35,2.68,1.17,1.87
2003-11-17,1.12,1.82,,3.14,4.18,5.17,2.02,2.36,2.7,1.12,1.82
2003-11-18,1.14,1.83,,3.14,4.17,5.15,2.0,2.34,2.68,1.14,1.83
2003-11-19,1.22,1.91,,3.22,4.24,5.22,2.0,2.33,2.66,1.22,1.91
2003-11-20,1.23,1.92,,3.14,4.16,5.16,1.91,2.24,2.57,1.23,1.92
2003-11-21,1.23,1.93,,3.15,4.15,5.13,1.92,2.22,2.52,1.23,1.93
2003-11-24,1.26,1.99,,3.24,4.23,5.19,1.98,2.24,2.5,1.26,1.99
2003-11-25,1.21,1.92,,3.2,4.19,5.17,1.99,2.27,2.55,1.21,1.92
2003-11-26,1.26,1.96,,3.27,4.25,5.2,2.01,2.29,2.57,1.26,1.96
2003-11-28,1.36,2.03,,3.38,4.34,5.23,2.02,2.31,2.6,1.36,2.03
2003-12-01,1.42,2.08,,3.46,4.4,5.28,2.04,2.32,2.6,1.42,2.08
2003-12-02,1.38,2.05,,3.43,4.38,5.25,2.05,2.33,2.61,1.38,2.05
2003-12-03,1.4,2.08,,3.46,4.41,5.28,2.06,2.33,2.6,1.4,2.08
2003-12-04,1.35,2.04,,3.42,4.38,5.27,2.07,2.34,2.61,1.35,2.04
2003-12-05,1.2,1.92,,3.23,4.23,5.2,2.03,2.31,2.59,1.2,1.92
2003-12-08,1.22,1.96,,3.28,4.29,5.26,2.06,2.33,2.6,1.22,1.96
2003-12-09,1.24,2.0,,3.33,4.32,5.26,2.09,2.32,2.55,1.24,2.0
2003-12-10,1.19,1.97,,3.28,4.3,5.28,2.09,2.33,2.57,1.19,1.97
2003-12-11,1.1,1.9,,3.21,4.27,5.27,2.11,2.37,2.63,1.1,1.9
2003-12-12,1.13,1.91,,3.23,4.26,5.23,2.1,2.35,2.6,1.13,1.91
2003-12-15,1.18,1.98,,3.26,4.28,5.24,2.08,2.3,2.52,1.18,1.98
2003-12-16,1.19,1.99,,3.21,4.24,5.23,2.02,2.25,2.48,1.19,1.99
2003-12-17,1.18,1.96,,3.18,4.19,5.16,2.0,2.23,2.46,1.18,1.96
2003-12-18,1.2,1.94,,3.17,4.16,5.1,1.97,2.22,2.47,1.2,1.94
2003-12-19,1.18,1.95,,3.16,4.15,5.11,1.98,2.2,2.42,1.18,1.95
2003-12-22,1.21,1.98,,3.19,4.18,5.13,1.98,2.2,2.42,1.21,1.98
2003-12-23,1.26,2.03,,3.3,4.28,5.2,2.04,2.25,2.46,1.26,2.03
2003-12-24,1.19,1.96,,3.2,4.2,5.15,2.01,2.24,2.47,1.19,1.96
2003-12-26,1.16,1.94,,3.17,4.17,5.15,2.01,2.23,2.45,1.16,1.94
2003-12-29,1.21,1.99,,3.23,4.24,5.18,2.02,2.25,2.48,1.21,1.99
2003-12-30,1.23,2.01,,3.26,4.29,5.23,2.03,2.28,2.53,1.23,2.01
2003-12-31,1.22,2.0,,3.25,4.27,5.23,2.03,2.27,2.51,1.22,2.0
2004-01-02,1.28,2.06,,3.36,4.38,5.3,2.08,2.32,2.56,1.28,2.06
2004-01-05,1.3,2.06,,3.39,4.41,5.28,2.09,2.35,2.61,1.3,2.06
2004-01-06,1.21,1.97,,3.26,4.29,5.26,2.05,2.32,2.59,1.21,1.97
2004-01-07,1.2,1.94,,3.25,4.27,5.22,2.05,2.33,2.61,1.2,1.94
2004-01-08,1.25,1.99,,3.24,4.27,5.2,1.99,2.28,2.57,1.25,1.99
2004-01-09,1.12,1.89,,3.05,4.11,5.14,1.93,2.22,2.51,1.12,1.89
2004-01-12,1.11,1.89,,3.04,4.11,5.12,1.93,2.22,2.51,1.11,1.89
2004-01-13,1.03,1.83,,2.98,4.05,5.11,1.95,2.22,2.49,1.03,1.83
2004-01-14,1.05,1.85,,2.96,4.01,5.06,1.91,2.16,2.41,1.05,1.85
2004-01-15,1.01,1.82,,2.97,3.99,5.03,1.96,2.17,2.38,1.01,1.82
2004-01-16,1.02,1.83,,3.03,4.04,5.04,2.01,2.21,2.41,1.02,1.83
2004-01-20,1.01,1.84,,3.05,4.08,5.09,2.04,2.24,2.44,1.01,1.84
2004-01-21,0.96,1.79,,3.02,4.05,5.06,2.06,2.26,2.46,0.96,1.79
2004-01-22,0.94,1.76,,2.96,3.99,5.02,2.02,2.23,2.44,0.94,1.76
2004-01-23,1.01,1.82,,3.06,4.09,5.08,2.05,2.27,2.49,1.01,1.82
2004-01-26,1.07,1.89,,3.13,4.16,5.14,2.06,2.27,2.48,1.07,1.89
2004-01-27,0.98,1.84,,3.07,4.11,5.09,2.09,2.27,2.45,0.98,1.84
2004-01-28,1.09,1.92,,3.22,4.22,5.14,2.13,2.3,2.47,1.09,1.92
2004-01-29,1.07,1.91,,3.22,4.22,5.13,2.15,2.31,2.47,1.07,1.91
2004-01-30,1.01,1.85,,3.17,4.16,5.11,2.16,2.31,2.46,1.01,1.85
2004-02-02,0.96,1.84,,3.18,4.18,5.13,2.22,2.34,2.46,0.96,1.84
2004-02-03,0.93,1.81,,3.12,4.13,5.11,2.19,2.32,2.45,0.93,1.81
2004-02-04,0.95,1.82,,3.15,4.15,5.11,2.2,2.33,2.46,0.95,1.82
2004-02-05,0.99,1.85,,3.21,4.2,5.13,2.22,2.35,2.48,0.99,1.85
2004-02-06,0.95,1.79,,3.12,4.12,5.08,2.17,2.33,2.49,0.95,1.79
2004-02-09,0.92,1.76,,3.08,4.09,5.06,2.16,2.33,2.5,0.92,1.76
2004-02-10,0.96,1.79,,3.13,4.13,5.08,2.17,2.34,2.51,0.96,1.79
2004-02-11,0.88,1.75,,3.03,4.05,5.06,2.15,2.3,2.45,0.88,1.75
2004-02-12,0.9,1.77,,3.07,4.1,5.1,2.17,2.33,2.49,0.9,1.77
2004-02-13,0.85,1.74,,3.01,4.05,5.08,2.16,2.31,2.46,0.85,1.74
2004-02-17,0.84,1.75,,3.02,4.05,5.07,2.18,2.3,2.42,0.84,1.75
2004-02-18,0.84,1.75,,3.03,4.05,5.07,2.19,2.3,2.41,0.84,1.75
2004-02-19,0.82,1.76,,3.02,4.05,5.04,2.2,2.29,2.38,0.82,1.76
2004-02-20,0.84,1.79,,3.08,4.1,5.09,2.24,2.31,2.38,0.84,1.79
2004-02-23,0.8,1.76,,3.03,4.05,5.11,2.23,2.29,2.35,0.8,1.76
2004-02-24,0.78,1.74,,3.01,4.04,5.06,2.23,2.3,2.37,0.78,1.74
2004-02-25,0.74,1.71,,2.98,4.02,5.02,2.24,2.31,2.38,0.74,1.71
2004-02-26,0.72,1.69,,3.01,4.05,5.05,2.29,2.36,2.43,0.72,1.69
2004-02-27,0.63,1.61,,3.01,3.99,5.01,2.38,2.38,2.38,0.63,1.61
2004-03-01,0.58,1.55,,2.98,4.0,4.99,2.4,2.45,2.5,0.58,1.55
2004-03-02,0.62,1.58,,3.04,4.05,5.06,2.42,2.47,2.52,0.62,1.58
2004-03-03,0.64,1.59,,3.06,4.07,5.02,2.42,2.48,2.54,0.64,1.59
2004-03-04,0.67,1.6,,3.02,4.04,4.99,2.35,2.44,2.53,0.67,1.6
2004-03-05,0.53,1.46,,2.81,3.85,4.91,2.28,2.39,2.5,0.53,1.46
2004-03-08,0.49,1.43,,2.74,3.78,4.87,2.25,2.35,2.45,0.49,1.43
2004-03-09,0.48,1.4,,2.68,3.73,4.85,2.2,2.33,2.46,0.48,1.4
2004-03-10,0.53,1.45,,2.71,3.74,4.83,2.18,2.29,2.4,0.53,1.45
2004-03-11,0.57,1.5,,2.72,3.74,4.87,2.15,2.24,2.33,0.57,1.5
2004-03-12,0.59,1.52,,2.73,3.78,4.89,2.14,2.26,2.38,0.59,1.52
2004-03-15,0.54,1.47,,2.74,3.78,4.88,2.2,2.31,2.42,0.54,1.47
2004-03-16,0.45,1.4,,2.65,3.7,4.82,2.2,2.3,2.4,0.45,1.4
2004-03-17,0.39,1.36,,2.66,3.71,4.83,2.27,2.35,2.43,0.39,1.36
2004-03-18,0.4,1.37,,2.72,3.76,4.87,2.32,2.39,2.46,0.4,1.37
2004-03-19,0.48,1.44,,2.75,3.8,4.89,2.27,2.36,2.45,0.48,1.44
2004-03-22,0.45,1.42,,2.69,3.74,4.84,2.24,2.32,2.4,0.45,1.42
2004-03-23,0.45,1.41,,2.69,3.73,4.83,2.24,2.32,2.4,0.45,1.41
2004-03-24,0.41,1.38,,2.68,3.73,4.83,2.27,2.35,2.43,0.41,1.38
2004-03-25,0.44,1.4,,2.7,3.75,4.86,2.26,2.35,2.44,0.44,1.4
2004-03-26,0.51,1.47,,2.81,3.85,4.91,2.3,2.38,2.46,0.51,1.47
2004-03-29,0.55,1.5,,2.86,3.91,4.96,2.31,2.41,2.51,0.55,1.5
2004-03-30,0.57,1.52,,2.86,3.91,4.96,2.29,2.39,2.49,0.57,1.52
2004-03-31,0.51,1.48,,2.8,3.86,4.93,2.29,2.38,2.47,0.51,1.48
2004-04-01,0.53,1.48,,2.87,3.91,5.01,2.34,2.43,2.52,0.53,1.48
2004-04-02,0.77,1.69,,3.15,4.15,5.13,2.38,2.46,2.54,0.77,1.69
2004-04-05,0.84,1.75,,3.24,4.24,5.18,2.4,2.49,2.58,0.84,1.75
2004-04-06,0.82,1.73,,3.19,4.19,5.17,2.37,2.46,2.55,0.82,1.73
2004-04-07,0.91,1.82,,3.19,4.19,5.18,2.28,2.37,2.46,0.91,1.82
2004-04-08,0.88,1.8,,3.22,4.21,5.17,2.34,2.41,2.48,0.88,1.8
2004-04-12,0.91,1.81,,3.26,4.25,5.19,2.35,2.44,2.53,0.91,1.81
2004-04-13,0.98,1.88,,3.37,4.35,5.25,2.39,2.47,2.55,0.98,1.88
2004-04-14,1.01,1.91,,3.44,4.4,5.26,2.43,2.49,2.55,1.01,1.91
2004-04-15,1.03,1.93,,3.45,4.42,5.33,2.42,2.49,2.56,1.03,1.93
2004-04-16,0.95,1.87,,3.39,4.37,5.31,2.44,2.5,2.56,0.95,1.87
2004-04-19,0.96,1.87,,3.42,4.39,5.33,2.46,2.52,2.58,0.96,1.87
2004-04-20,1.07,1.97,,3.45,4.43,5.35,2.38,2.46,2.54,1.07,1.97
2004-04-21,1.07,1.96,,3.52,4.45,5.36,2.45,2.49,2.53,1.07,1.96
2004-04-22,1.1,1.98,,3.46,4.4,5.33,2.36,2.42,2.48,1.1,1.98
2004-04-23,1.29,2.12,,3.58,4.48,5.38,2.29,2.36,2.43,1.29,2.12
2004-04-26,1.2,2.03,,3.57,4.46,5.36,2.37,2.43,2.49,1.2,2.03
2004-04-27,1.14,2.0,,3.52,4.43,5.35,2.38,2.43,2.48,1.14,2.0
2004-04-28,1.26,2.1,,3.6,4.5,5.39,2.34,2.4,2.46,1.26,2.1
2004-04-29,1.32,2.15,,3.66,4.55,5.41,2.34,2.4,2.46,1.32,2.15
2004-04-30,1.29,2.11,,3.63,4.53,5.39,2.34,2.42,2.5,1.29,2.11
2004-05-03,1.28,2.09,,3.63,4.53,5.41,2.35,2.44,2.53,1.28,2.09
2004-05-04,1.26,2.1,,3.66,4.56,5.45,2.4,2.46,2.52,1.26,2.1
2004-05-05,1.29,2.1,,3.71,4.61,5.46,2.42,2.51,2.6,1.29,2.1
2004-05-06,1.34,2.15,,3.72,4.63,5.46,2.38,2.48,2.58,1.34,2.15
2004-05-07,1.5,2.24,,3.96,4.79,5.53,2.46,2.55,2.64,1.5,2.24
2004-05-10,1.53,2.25,,3.95,4.81,5.54,2.42,2.56,2.7,1.53,2.25
2004-05-11,1.49,2.21,,3.94,4.79,5.53,2.45,2.58,2.71,1.49,2.21
2004-05-12,1.42,2.17,,3.96,4.83,5.57,2.54,2.66,2.78,1.42,2.17
2004-05-13,1.43,2.18,,4.01,4.85,5.61,2.58,2.67,2.76,1.43,2.18
2004-05-14,1.41,2.16,,3.92,4.79,5.59,2.51,2.63,2.75,1.41,2.16
2004-05-17,1.33,2.07,,3.83,4.7,5.52,2.5,2.63,2.76,1.33,2.07
2004-05-18,1.33,2.05,,3.87,4.74,5.56,2.54,2.69,2.84,1.33,2.05
2004-05-19,1.32,2.03,,3.93,4.79,5.57,2.61,2.76,2.91,1.32,2.03
2004-05-20,1.25,1.96,,3.86,4.72,5.52,2.61,2.76,2.91,1.25,1.96
2004-05-21,1.34,2.04,,3.91,4.76,5.53,2.57,2.72,2.87,1.34,2.04
2004-05-24,1.27,2.01,,3.9,4.75,5.53,2.63,2.74,2.85,1.27,2.01
2004-05-25,1.29,2.03,,3.89,4.73,5.5,2.6,2.7,2.8,1.29,2.03
2004-05-26,1.23,1.99,,3.81,4.67,5.46,2.58,2.68,2.78,1.23,1.99
2004-05-27,1.19,1.97,,3.74,4.6,5.45,2.55,2.63,2.71,1.19,1.97
2004-05-28,1.26,2.0,,3.81,4.66,5.42,2.55,2.66,2.77,1.26,2.0
2004-06-01,1.22,1.97,,3.86,4.71,5.48,2.64,2.74,2.84,1.22,1.97
2004-06-02,1.29,2.04,,3.91,4.74,5.5,2.62,2.7,2.78,1.29,2.04
2004-06-03,1.31,2.05,,3.89,4.71,5.49,2.58,2.66,2.74,1.31,2.05
2004-06-04,1.37,2.11,,3.97,4.78,5.54,2.6,2.67,2.74,1.37,2.11
2004-06-07,1.37,2.11,,3.95,4.78,5.5,2.58,2.67,2.76,1.37,2.11
2004-06-08,1.43,2.15,,3.96,4.78,5.53,2.53,2.63,2.73,1.43,2.15
2004-06-09,1.47,2.2,,4.01,4.82,5.53,2.54,2.62,2.7,1.47,2.2
2004-06-10,1.45,2.18,,4.0,4.81,5.51,2.55,2.63,2.71,1.45,2.18
2004-06-14,1.55,2.26,,4.1,4.89,5.58,2.55,2.63,2.71,1.55,2.26
2004-06-15,1.38,2.16,,3.9,4.69,5.45,2.52,2.53,2.54,1.38,2.16
2004-06-16,1.43,2.18,,3.96,4.74,5.45,2.53,2.56,2.59,1.43,2.18
2004-06-17,1.42,2.16,,3.93,4.71,5.41,2.51,2.55,2.59,1.42,2.16
2004-06-18,1.4,2.15,,3.94,4.72,5.46,2.54,2.57,2.6,1.4,2.15
2004-06-21,1.4,2.16,,3.91,4.7,5.45,2.51,2.54,2.57,1.4,2.16
2004-06-22,1.41,2.17,,3.92,4.72,5.47,2.51,2.55,2.59,1.41,2.17
2004-06-23,1.42,2.18,,3.9,4.71,5.45,2.48,2.53,2.58,1.42,2.18
2004-06-24,1.4,2.15,,3.85,4.66,5.44,2.45,2.51,2.57,1.4,2.15
2004-06-25,1.43,2.16,,3.85,4.66,5.41,2.42,2.5,2.58,1.43,2.16
2004-06-28,1.52,2.23,,3.97,4.76,5.49,2.45,2.53,2.61,1.52,2.23
2004-06-29,1.5,2.2,,3.92,4.7,5.44,2.42,2.5,2.58,1.5,2.2
2004-06-30,1.38,2.1,,3.81,4.62,5.41,2.43,2.52,2.61,1.38,2.1
2004-07-01,1.3,2.04,,3.74,4.57,5.35,2.44,2.53,2.62,1.3,2.04
2004-07-02,1.21,1.96,,3.62,4.48,5.3,2.41,2.52,2.63,1.21,1.96
2004-07-06,1.23,1.97,,3.65,4.49,5.32,2.42,2.52,2.62,1.23,1.97
2004-07-07,1.23,2.0,,3.67,4.5,5.32,2.44,2.5,2.56,1.23,2.0
2004-07-08,1.22,2.02,,3.65,4.49,5.32,2.43,2.47,2.51,1.22,2.02
2004-07-09,1.23,2.02,,3.64,4.49,5.31,2.41,2.47,2.53,1.23,2.02
2004-07-12,1.24,2.02,,3.62,4.46,5.26,2.38,2.44,2.5,1.24,2.02
2004-07-13,1.26,2.03,,3.66,4.5,5.29,2.4,2.47,2.54,1.26,2.03
2004-07-14,1.27,2.02,,3.68,4.5,5.32,2.41,2.48,2.55,1.27,2.02
2004-07-15,1.27,2.01,,3.69,4.5,5.28,2.42,2.49,2.56,1.27,2.01
2004-07-16,1.19,1.94,,3.56,4.38,5.22,2.37,2.44,2.51,1.19,1.94
2004-07-19,1.21,1.96,,3.57,4.38,5.22,2.36,2.42,2.48,1.21,1.96
2004-07-20,1.32,2.05,,3.68,4.47,5.25,2.36,2.42,2.48,1.32,2.05
2004-07-21,1.35,2.05,,3.72,4.5,5.31,2.37,2.45,2.53,1.35,2.05
2004-07-22,1.34,2.03,,3.71,4.48,5.3,2.37,2.45,2.53,1.34,2.03
2004-07-23,1.31,2.0,,3.69,4.45,5.27,2.38,2.45,2.52,1.31,2.0
2004-07-26,1.37,2.05,,3.73,4.49,5.27,2.36,2.44,2.52,1.37,2.05
2004-07-27,1.47,2.15,,3.85,4.62,5.42,2.38,2.47,2.56,1.47,2.15
2004-07-28,1.42,2.11,,3.82,4.61,5.42,2.4,2.5,2.6,1.42,2.11
2004-07-29,1.37,2.07,,3.8,4.6,5.37,2.43,2.53,2.63,1.37,2.07
2004-07-30,1.3,2.01,,3.71,4.5,5.31,2.41,2.49,2.57,1.3,2.01
2004-08-02,1.26,2.0,,3.68,4.48,5.26,2.42,2.48,2.54,1.26,2.0
2004-08-03,1.24,1.98,,3.67,4.45,5.24,2.43,2.47,2.51,1.24,1.98
2004-08-04,1.27,2.0,,3.66,4.45,5.24,2.39,2.45,2.51,1.27,2.0
2004-08-05,1.23,1.96,,3.64,4.43,5.22,2.41,2.47,2.53,1.23,1.96
2004-08-06,1.06,1.82,,3.4,4.24,5.13,2.34,2.42,2.5,1.06,1.82
2004-08-09,1.08,1.85,,3.45,4.28,5.15,2.37,2.43,2.49,1.08,1.85
2004-08-10,1.17,1.9,,3.52,4.32,5.17,2.35,2.42,2.49,1.17,1.9
2004-08-11,1.13,1.86,,3.51,4.3,5.16,2.38,2.44,2.5,1.13,1.86
2004-08-12,1.07,1.81,,3.47,4.27,5.17,2.4,2.46,2.52,1.07,1.81
2004-08-13,1.01,1.77,,3.42,4.22,5.11,2.41,2.45,2.49,1.01,1.77
2004-08-16,1.06,1.82,,3.45,4.26,5.13,2.39,2.44,2.49,1.06,1.82
2004-08-17,1.06,1.82,,3.39,4.21,5.13,2.33,2.39,2.45,1.06,1.82
2004-08-18,1.09,1.83,,3.41,4.23,5.11,2.32,2.4,2.48,1.09,1.83
2004-08-19,1.0,1.76,,3.39,4.22,5.14,2.39,2.46,2.53,1.0,1.76
2004-08-20,1.06,1.79,,3.42,4.24,5.14,2.36,2.45,2.54,1.06,1.79
2004-08-23,1.13,1.86,,3.46,4.28,5.15,2.33,2.42,2.51,1.13,1.86
2004-08-24,1.16,1.87,,3.46,4.28,5.15,2.3,2.41,2.52,1.16,1.87
2004-08-25,1.17,1.88,,3.46,4.26,5.13,2.29,2.38,2.47,1.17,1.88
2004-08-26,1.14,1.86,,3.42,4.22,5.1,2.28,2.36,2.44,1.14,1.86
2004-08-27,1.14,1.86,,3.43,4.23,5.1,2.29,2.37,2.45,1.14,1.86
2004-08-30,1.12,1.83,,3.4,4.19,5.07,2.28,2.36,2.44,1.12,1.83
2004-08-31,1.06,1.78,,3.33,4.13,5.01,2.27,2.35,2.43,1.06,1.78
2004-09-01,1.04,1.77,,3.32,4.13,5.01,2.28,2.36,2.44,1.04,1.77
2004-09-02,1.08,1.83,,3.4,4.2,5.07,2.32,2.37,2.42,1.08,1.83
2004-09-03,1.16,1.88,,3.52,4.3,5.14,2.36,2.42,2.48,1.16,1.88
2004-09-07,1.14,1.86,,3.48,4.26,5.1,2.34,2.4,2.46,1.14,1.86
2004-09-08,1.1,1.82,,3.4,4.18,5.04,2.3,2.36,2.42,1.1,1.82
2004-09-09,1.11,1.83,,3.41,4.22,5.07,2.3,2.39,2.48,1.11,1.83
2004-09-10,1.14,1.83,,3.4,4.19,5.05,2.26,2.36,2.46,1.14,1.83
2004-09-13,1.11,1.81,,3.38,4.16,5.02,2.27,2.35,2.43,1.11,1.81
2004-09-14,1.11,1.81,,3.35,4.15,5.01,2.24,2.34,2.44,1.11,1.81
2004-09-15,1.16,1.86,,3.39,4.18,5.04,2.23,2.32,2.41,1.16,1.86
2004-09-16,1.12,1.81,,3.29,4.08,4.95,2.17,2.27,2.37,1.12,1.81
2004-09-17,1.17,1.85,,3.35,4.14,4.99,2.18,2.29,2.4,1.17,1.85
2004-09-20,1.09,1.8,,3.28,4.07,4.94,2.19,2.27,2.35,1.09,1.8
2004-09-21,1.14,1.8,,3.28,4.05,4.94,2.14,2.25,2.36,1.14,1.8
2004-09-22,1.09,1.73,,3.26,4.0,4.88,2.17,2.27,2.37,1.09,1.73
2004-09-23,1.11,1.76,,3.3,4.02,4.86,2.19,2.26,2.33,1.11,1.76
2004-09-24,1.13,1.78,,3.33,4.04,4.87,2.2,2.26,2.32,1.13,1.78
2004-09-27,1.04,1.72,,3.29,4.01,4.84,2.25,2.29,2.33,1.04,1.72
2004-09-28,1.0,1.7,,3.28,4.02,4.9,2.28,2.32,2.36,1.0,1.7
2004-09-29,1.07,1.76,,3.37,4.1,4.97,2.3,2.34,2.38,1.07,1.76
2004-09-30,1.05,1.77,,3.38,4.14,4.97,2.33,2.37,2.41,1.05,1.77
2004-10-01,1.09,1.83,,3.44,4.21,5.06,2.35,2.38,2.41,1.09,1.83
2004-10-04,1.13,1.86,,3.44,4.19,5.04,2.31,2.33,2.35,1.13,1.86
2004-10-05,1.11,1.84,,3.44,4.18,5.04,2.33,2.34,2.35,1.11,1.84
2004-10-06,1.18,1.9,,3.51,4.23,5.04,2.33,2.33,2.33,1.18,1.9
2004-10-07,1.18,1.89,,3.53,4.26,5.08,2.35,2.37,2.39,1.18,1.89
2004-10-08,1.07,1.78,,3.39,4.15,4.98,2.32,2.37,2.42,1.07,1.78
2004-10-12,1.04,1.75,,3.35,4.12,4.95,2.31,2.37,2.43,1.04,1.75
2004-10-13,1.0,1.72,,3.32,4.09,4.98,2.32,2.37,2.42,1.0,1.72
2004-10-14,0.94,1.68,,3.26,4.03,4.93,2.32,2.35,2.38,0.94,1.68
2004-10-15,0.97,1.7,,3.31,4.07,4.92,2.34,2.37,2.4,0.97,1.7
2004-10-18,0.99,1.71,,3.31,4.07,4.92,2.32,2.36,2.4,0.99,1.71
2004-10-19,0.99,1.7,,3.32,4.07,4.91,2.33,2.37,2.41,0.99,1.7
2004-10-20,0.92,1.66,,3.26,4.01,4.85,2.34,2.35,2.36,0.92,1.66
2004-10-21,0.85,1.62,,3.29,4.01,4.84,2.44,2.39,2.34,0.85,1.62
2004-10-22,0.83,1.64,,3.26,4.0,4.87,2.43,2.36,2.29,0.83,1.64
2004-10-25,0.83,1.63,,3.25,3.99,4.86,2.42,2.36,2.3,0.83,1.63
2004-10-26,0.81,1.63,,3.26,4.01,4.87,2.45,2.38,2.31,0.81,1.63
2004-10-27,0.9,1.73,,3.37,4.11,4.96,2.47,2.38,2.29,0.9,1.73
2004-10-28,0.85,1.68,,3.34,4.09,4.91,2.49,2.41,2.33,0.85,1.68
2004-10-29,0.81,1.63,,3.3,4.05,4.87,2.49,2.42,2.35,0.81,1.63
2004-11-01,0.84,1.67,,3.36,4.11,4.92,2.52,2.44,2.36,0.84,1.67
2004-11-02,0.78,1.61,,3.34,4.1,4.91,2.56,2.49,2.42,0.78,1.61
2004-11-03,0.78,1.61,,3.35,4.09,4.9,2.57,2.48,2.39,0.78,1.61
2004-11-04,0.84,1.65,,3.37,4.1,4.89,2.53,2.45,2.37,0.84,1.65
2004-11-05,0.91,1.71,,3.51,4.21,4.99,2.6,2.5,2.4,0.91,1.71
2004-11-08,0.92,1.72,,3.51,4.22,4.98,2.59,2.5,2.41,0.92,1.72
2004-11-09,0.96,1.74,,3.53,4.22,5.02,2.57,2.48,2.39,0.96,1.74
2004-11-10,0.97,1.75,,3.56,4.25,5.05,2.59,2.5,2.41,0.97,1.75
2004-11-12,0.94,1.71,,3.53,4.2,4.96,2.59,2.49,2.39,0.94,1.71
2004-11-15,0.91,1.67,,3.53,4.2,4.98,2.62,2.53,2.44,0.91,1.67
2004-11-16,0.92,1.68,,3.56,4.21,4.96,2.64,2.53,2.42,0.92,1.68
2004-11-17,0.86,1.63,,3.47,4.14,4.89,2.61,2.51,2.41,0.86,1.63
2004-11-18,0.88,1.64,,3.48,4.12,4.86,2.6,2.48,2.36,0.88,1.64
2004-11-19,0.93,1.67,,3.57,4.2,4.93,2.64,2.53,2.42,0.93,1.67
2004-11-22,0.89,1.62,,3.56,4.18,4.89,2.67,2.56,2.45,0.89,1.62
2004-11-23,0.93,1.65,,3.58,4.19,4.89,2.65,2.54,2.43,0.93,1.65
2004-11-24,0.93,1.64,,3.61,4.2,4.89,2.68,2.56,2.44,0.93,1.64
2004-11-26,0.94,1.66,,3.64,4.24,4.94,2.7,2.58,2.46,0.94,1.66
2004-11-29,0.98,1.74,,3.72,4.34,5.03,2.74,2.6,2.46,0.98,1.74
2004-11-30,0.96,1.75,,3.72,4.36,5.07,2.76,2.61,2.46,0.96,1.75
2004-12-01,0.99,1.79,,3.72,4.38,5.08,2.73,2.59,2.45,0.99,1.79
2004-12-02,1.03,1.83,,3.75,4.4,5.11,2.72,2.57,2.42,1.03,1.83
2004-12-03,0.93,1.73,,3.61,4.27,4.99,2.68,2.54,2.4,0.93,1.73
2004-12-06,0.93,1.7,,3.59,4.24,4.96,2.66,2.54,2.42,0.93,1.7
2004-12-07,0.94,1.69,,3.6,4.23,4.95,2.66,2.54,2.42,0.94,1.69
2004-12-08,0.87,1.62,,3.53,4.14,4.84,2.66,2.52,2.38,0.87,1.62
2004-12-09,0.9,1.64,,3.54,4.19,4.88,2.64,2.55,2.46,0.9,1.64
2004-12-10,0.93,1.66,,3.52,4.16,4.87,2.59,2.5,2.41,0.93,1.66
2004-12-13,0.92,1.65,,3.54,4.16,4.85,2.62,2.51,2.4,0.92,1.65
2004-12-14,0.89,1.62,,3.53,4.14,4.83,2.64,2.52,2.4,0.89,1.62
2004-12-15,0.83,1.57,,3.48,4.09,4.76,2.65,2.52,2.39,0.83,1.57
2004-12-16,0.9,1.64,,3.58,4.19,4.88,2.68,2.55,2.42,0.9,1.64
2004-12-17,0.9,1.64,,3.59,4.21,4.89,2.69,2.57,2.45,0.9,1.64
2004-12-20,0.89,1.62,,3.59,4.21,4.88,2.7,2.59,2.48,0.89,1.62
2004-12-21,0.86,1.59,,3.57,4.18,4.83,2.71,2.59,2.47,0.86,1.59
2004-12-22,0.89,1.63,,3.57,4.21,4.86,2.68,2.58,2.48,0.89,1.63
2004-12-23,0.88,1.62,,3.58,4.23,4.9,2.7,2.61,2.52,0.88,1.62
2004-12-27,0.94,1.67,,3.65,4.3,4.97,2.71,2.63,2.55,0.94,1.67
2004-12-28,0.95,1.69,,3.66,4.31,4.95,2.71,2.62,2.53,0.95,1.69
2004-12-29,0.99,1.73,,3.69,4.33,4.97,2.7,2.6,2.5,0.99,1.73
2004-12-30,0.97,1.7,,3.64,4.27,4.94,2.67,2.57,2.47,0.97,1.7
2004-12-31,0.99,1.68,,3.63,4.24,4.86,2.64,2.56,2.48,0.99,1.68
2005-01-03,1.02,1.7,,3.64,4.23,4.85,2.62,2.53,2.44,1.02,1.7
2005-01-04,1.1,1.78,,3.72,4.29,4.91,2.62,2.51,2.4,1.1,1.78
2005-01-05,1.13,1.79,,3.73,4.29,4.88,2.6,2.5,2.4,1.13,1.79
2005-01-06,1.12,1.76,,3.71,4.29,4.89,2.59,2.53,2.47,1.12,1.76
2005-01-07,1.16,1.8,,3.73,4.29,4.88,2.57,2.49,2.41,1.16,1.8
2005-01-10,1.13,1.77,,3.75,4.29,4.86,2.62,2.52,2.42,1.13,1.77
2005-01-11,1.13,1.76,,3.73,4.26,4.84,2.6,2.5,2.4,1.13,1.76
2005-01-12,1.12,1.73,,3.72,4.25,4.8,2.6,2.52,2.44,1.12,1.73
2005-01-13,1.08,1.7,,3.68,4.2,4.77,2.6,2.5,2.4,1.08,1.7
2005-01-14,1.13,1.72,,3.71,4.23,4.78,2.58,2.51,2.44,1.13,1.72
2005-01-18,1.15,1.71,,3.72,4.21,4.72,2.57,2.5,2.43,1.15,1.71
2005-01-19,1.17,1.7,,3.73,4.2,4.7,2.56,2.5,2.44,1.17,1.7
2005-01-20,1.16,1.7,,3.68,4.17,4.71,2.52,2.47,2.42,1.16,1.7
2005-01-21,1.14,1.69,,3.65,4.16,4.7,2.51,2.47,2.43,1.14,1.69
2005-01-24,1.13,1.68,,3.65,4.14,4.63,2.52,2.46,2.4,1.13,1.68
2005-01-25,1.16,1.74,,3.71,4.2,4.71,2.55,2.46,2.37,1.16,1.74
2005-01-26,1.15,1.72,,3.73,4.21,4.7,2.58,2.49,2.4,1.15,1.72
2005-01-27,1.16,1.72,,3.75,4.22,4.71,2.59,2.5,2.41,1.16,1.72
2005-01-28,1.11,1.65,,3.69,4.16,4.64,2.58,2.51,2.44,1.11,1.65
2005-01-31,1.13,1.65,,3.71,4.14,4.62,2.58,2.49,2.4,1.13,1.65
2005-02-01,1.15,1.67,,3.71,4.15,4.63,2.56,2.48,2.4,1.15,1.67
2005-02-02,1.18,1.7,,3.73,4.15,4.61,2.55,2.45,2.35,1.18,1.7
2005-02-03,1.2,1.73,,3.76,4.18,4.58,2.56,2.45,2.34,1.2,1.73
2005-02-04,1.11,1.65,,3.68,4.09,4.48,2.57,2.44,2.31,1.11,1.65
2005-02-07,1.11,1.62,,3.67,4.07,4.43,2.56,2.45,2.34,1.11,1.62
2005-02-08,1.07,1.57,,3.68,4.05,4.39,2.61,2.48,2.35,1.07,1.57
2005-02-09,0.95,1.49,,3.58,4.0,4.4,2.63,2.51,2.39,0.95,1.49
2005-02-10,0.99,1.57,,3.65,4.07,4.5,2.66,2.5,2.34,0.99,1.57
2005-02-11,1.0,1.57,,3.7,4.1,4.52,2.7,2.53,2.36,1.0,1.57
2005-02-14,0.98,1.54,,3.7,4.08,4.45,2.72,2.54,2.36,0.98,1.54
2005-02-15,1.06,1.61,,3.71,4.1,4.48,2.65,2.49,2.33,1.06,1.61
2005-02-16,1.1,1.65,,3.78,4.16,4.53,2.68,2.51,2.34,1.1,1.65
2005-02-17,1.08,1.65,,3.78,4.19,4.58,2.7,2.54,2.38,1.08,1.65
2005-02-18,1.08,1.67,,3.86,4.27,4.65,2.78,2.6,2.42,1.08,1.67
2005-02-22,1.07,1.67,,3.88,4.29,4.71,2.81,2.62,2.43,1.07,1.67
2005-02-23,1.06,1.64,,3.87,4.27,4.69,2.81,2.63,2.45,1.06,1.64
2005-02-24,1.1,1.65,,3.91,4.29,4.67,2.81,2.64,2.47,1.1,1.65
2005-02-25,1.11,1.64,,3.91,4.27,4.61,2.8,2.63,2.46,1.11,1.64
2005-02-28,1.18,1.7,,4.0,4.36,4.71,2.82,2.66,2.5,1.18,1.7
2005-03-01,1.17,1.69,,4.02,4.38,4.69,2.85,2.69,2.53,1.17,1.69
2005-03-02,1.14,1.69,,4.0,4.38,4.71,2.86,2.69,2.52,1.14,1.69
2005-03-03,1.15,1.69,,4.02,4.39,4.71,2.87,2.7,2.53,1.15,1.69
2005-03-04,1.12,1.65,,3.97,4.32,4.66,2.85,2.67,2.49,1.12,1.65
2005-03-07,1.13,1.63,,3.99,4.31,4.63,2.86,2.68,2.5,1.13,1.63
2005-03-08,1.16,1.67,,4.05,4.38,4.67,2.89,2.71,2.53,1.16,1.67
2005-03-09,1.23,1.77,,4.16,4.52,4.84,2.93,2.75,2.57,1.23,1.77
2005-03-10,1.25,1.76,,4.13,4.48,4.74,2.88,2.72,2.56,1.25,1.76
2005-03-11,1.34,1.82,,4.22,4.56,4.8,2.88,2.74,2.6,1.34,1.82
2005-03-14,1.34,1.82,,4.2,4.52,4.77,2.86,2.7,2.54,1.34,1.82
2005-03-15,1.34,1.82,,4.22,4.54,4.8,2.88,2.72,2.56,1.34,1.82
2005-03-16,1.29,1.79,,4.18,4.52,4.78,2.89,2.73,2.57,1.29,1.79
2005-03-17,1.23,1.73,,4.14,4.47,4.75,2.91,2.74,2.57,1.23,1.73
2005-03-18,1.26,1.77,,4.18,4.51,4.8,2.92,2.74,2.56,1.26,1.77
2005-03-21,1.28,1.8,,4.18,4.53,4.85,2.9,2.73,2.56,1.28,1.8
2005-03-22,1.37,1.87,,4.31,4.63,4.88,2.94,2.76,2.58,1.37,1.87
2005-03-23,1.44,1.92,,4.3,4.61,4.86,2.86,2.69,2.52,1.44,1.92
2005-03-24,1.45,1.9,,4.3,4.6,4.84,2.85,2.7,2.55,1.45,1.9
2005-03-28,1.48,1.94,,4.33,4.64,4.88,2.85,2.7,2.55,1.48,1.94
2005-03-29,1.45,1.91,,4.3,4.6,4.85,2.85,2.69,2.53,1.45,1.91
2005-03-30,1.42,1.89,,4.26,4.56,4.77,2.84,2.67,2.5,1.42,1.89
2005-03-31,1.31,1.79,,4.18,4.5,4.76,2.87,2.71,2.55,1.31,1.79
2005-04-01,1.28,1.77,,4.13,4.46,4.72,2.85,2.69,2.53,1.28,1.77
2005-04-04,1.28,1.79,,4.13,4.47,4.73,2.85,2.68,2.51,1.28,1.79
2005-04-05,1.32,1.81,,4.15,4.48,4.75,2.83,2.67,2.51,1.32,1.81
2005-04-06,1.3,1.8,,4.09,4.44,4.73,2.79,2.64,2.49,1.3,1.8
2005-04-07,1.36,1.85,,4.13,4.49,4.78,2.77,2.64,2.51,1.36,1.85
2005-04-08,1.37,1.84,,4.17,4.5,4.77,2.8,2.66,2.52,1.37,1.84
2005-04-11,1.35,1.82,,4.13,4.45,4.73,2.78,2.63,2.48,1.35,1.82
2005-04-12,1.29,1.73,,4.05,4.38,4.66,2.76,2.65,2.54,1.29,1.73
2005-04-13,1.31,1.74,,4.03,4.38,4.68,2.72,2.64,2.56,1.31,1.74
2005-04-14,1.26,1.72,,3.99,4.37,4.73,2.73,2.65,2.57,1.26,1.72
2005-04-15,1.2,1.67,,3.9,4.27,4.66,2.7,2.6,2.5,1.2,1.67
2005-04-18,1.19,1.66,,3.9,4.27,4.62,2.71,2.61,2.51,1.19,1.66
2005-04-19,1.13,1.62,,3.85,4.21,4.53,2.72,2.59,2.46,1.13,1.62
2005-04-20,1.11,1.6,,3.86,4.22,4.59,2.75,2.62,2.49,1.11,1.6
2005-04-21,1.17,1.66,,3.97,4.32,4.62,2.8,2.66,2.52,1.17,1.66
2005-04-22,1.11,1.61,,3.92,4.26,4.6,2.81,2.65,2.49,1.11,1.61
2005-04-25,1.15,1.63,,3.94,4.26,4.54,2.79,2.63,2.47,1.15,1.63
2005-04-26,1.17,1.66,,3.96,4.28,4.59,2.79,2.62,2.45,1.17,1.66
2005-04-27,1.17,1.65,,3.92,4.25,4.57,2.75,2.6,2.45,1.17,1.65
2005-04-28,1.11,1.58,,3.85,4.19,4.52,2.74,2.61,2.48,1.11,1.58
2005-04-29,1.17,1.61,,3.9,4.21,4.53,2.73,2.6,2.47,1.17,1.61
2005-05-02,1.18,1.61,,3.88,4.21,4.53,2.7,2.6,2.5,1.18,1.61
2005-05-03,1.24,1.64,,3.9,4.21,4.49,2.66,2.57,2.48,1.24,1.64
2005-05-04,1.21,1.63,,3.87,4.2,4.6,2.66,2.57,2.48,1.21,1.63
2005-05-05,1.18,1.62,,3.82,4.19,4.6,2.64,2.57,2.5,1.18,1.62
2005-05-06,1.27,1.69,,3.95,4.28,4.62,2.68,2.59,2.5,1.27,1.69
2005-05-09,1.28,1.69,,3.99,4.29,4.64,2.71,2.6,2.49,1.28,1.69
2005-05-10,1.24,1.65,,3.93,4.23,4.6,2.69,2.58,2.47,1.24,1.65
2005-05-11,1.24,1.64,,3.91,4.21,4.54,2.67,2.57,2.47,1.24,1.64
2005-05-12,1.27,1.66,,3.87,4.18,4.54,2.6,2.52,2.44,1.27,1.66
2005-05-13,1.3,1.66,,3.83,4.12,4.48,2.53,2.46,2.39,1.3,1.66
2005-05-16,1.3,1.66,,3.83,4.13,4.49,2.53,2.47,2.41,1.3,1.66
2005-05-17,1.28,1.64,,3.82,4.12,4.47,2.54,2.48,2.42,1.28,1.64
2005-05-18,1.28,1.65,,3.77,4.07,4.42,2.49,2.42,2.35,1.28,1.65
2005-05-19,1.34,1.69,,3.84,4.11,4.44,2.5,2.42,2.34,1.34,1.69
2005-05-20,1.33,1.67,,3.88,4.13,4.44,2.55,2.46,2.37,1.33,1.67
2005-05-23,1.33,1.65,,3.83,4.07,4.38,2.5,2.42,2.34,1.33,1.65
2005-05-24,1.3,1.62,,3.78,4.04,4.35,2.48,2.42,2.36,1.3,1.62
2005-05-25,1.31,1.66,,3.81,4.08,4.4,2.5,2.42,2.34,1.31,1.66
2005-05-26,1.35,1.69,,3.82,4.08,4.45,2.47,2.39,2.31,1.35,1.69
2005-05-27,1.32,1.67,,3.82,4.08,4.45,2.5,2.41,2.32,1.32,1.67
2005-05-31,1.29,1.63,,3.76,4.0,4.36,2.47,2.37,2.27,1.29,1.63
2005-06-01,1.19,1.54,,3.63,3.91,4.27,2.44,2.37,2.3,1.19,1.54
2005-06-02,1.23,1.55,,3.65,3.89,4.2,2.42,2.34,2.26,1.23,1.55
2005-06-03,1.31,1.61,,3.73,3.98,4.26,2.42,2.37,2.32,1.31,1.61
2005-06-06,1.3,1.6,,3.73,3.96,4.23,2.43,2.36,2.29,1.3,1.6
2005-06-07,1.31,1.6,,3.7,3.92,4.18,2.39,2.32,2.25,1.31,1.6
2005-06-08,1.34,1.63,,3.73,3.95,4.24,2.39,2.32,2.25,1.34,1.63
2005-06-09,1.37,1.64,,3.76,3.98,4.23,2.39,2.34,2.29,1.37,1.64
2005-06-10,1.47,1.74,,3.84,4.05,4.3,2.37,2.31,2.25,1.47,1.74
2005-06-13,1.49,1.76,,3.87,4.09,4.39,2.38,2.33,2.28,1.49,1.76
2005-06-14,1.5,1.79,,3.89,4.13,4.41,2.39,2.34,2.29,1.5,1.79
2005-06-15,1.52,1.79,,3.9,4.12,4.44,2.38,2.33,2.28,1.52,1.79
2005-06-16,1.48,1.75,,3.87,4.09,4.36,2.39,2.34,2.29,1.48,1.75
2005-06-17,1.45,1.72,,3.88,4.09,4.35,2.43,2.37,2.31,1.45,1.72
2005-06-20,1.46,1.74,,3.88,4.11,4.34,2.42,2.37,2.32,1.46,1.74
2005-06-21,1.44,1.72,,3.84,4.06,4.32,2.4,2.34,2.28,1.44,1.72
2005-06-22,1.4,1.68,,3.72,3.95,4.23,2.32,2.27,2.22,1.4,1.68
2005-06-23,1.4,1.68,,3.74,3.96,4.27,2.34,2.28,2.22,1.4,1.68
2005-06-24,1.37,1.65,,3.69,3.92,4.23,2.32,2.27,2.22,1.37,1.65
2005-06-27,1.34,1.62,,3.69,3.9,4.25,2.35,2.28,2.21,1.34,1.62
2005-06-28,1.4,1.67,,3.76,3.97,4.22,2.36,2.3,2.24,1.4,1.67
2005-06-29,1.42,1.69,,3.77,3.99,4.24,2.35,2.3,2.25,1.42,1.69
2005-06-30,1.41,1.67,,3.72,3.94,4.19,2.31,2.27,2.23,1.41,1.67
2005-07-01,1.5,1.75,,3.84,4.06,4.28,2.34,2.31,2.28,1.5,1.75
2005-07-05,1.55,1.8,,3.9,4.11,4.34,2.35,2.31,2.27,1.55,1.8
2005-07-06,1.52,1.78,,3.86,4.08,4.31,2.34,2.3,2.26,1.52,1.78
2005-07-07,1.5,1.77,,3.83,4.05,4.28,2.33,2.28,2.23,1.5,1.77
2005-07-08,1.56,1.83,,3.89,4.11,4.33,2.33,2.28,2.23,1.56,1.83
2005-07-11,1.55,1.81,,3.91,4.11,4.3,2.36,2.3,2.24,1.55,1.81
2005-07-12,1.57,1.83,,3.94,4.15,4.36,2.37,2.32,2.27,1.57,1.83
2005-07-13,1.61,1.87,,3.96,4.17,4.38,2.35,2.3,2.25,1.61,1.87
2005-07-14,1.71,1.94,,3.98,4.19,4.4,2.27,2.25,2.23,1.71,1.94
2005-07-15,1.75,1.95,,3.98,4.18,4.39,2.23,2.23,2.23,1.75,1.95
2005-07-18,1.79,1.98,,4.01,4.22,4.44,2.22,2.24,2.26,1.79,1.98
2005-07-19,1.74,1.92,,3.99,4.2,4.41,2.25,2.28,2.31,1.74,1.92
2005-07-20,1.72,1.9,,3.99,4.17,4.37,2.27,2.27,2.27,1.72,1.9
2005-07-21,1.77,1.95,,4.09,4.28,4.48,2.32,2.33,2.34,1.77,1.95
2005-07-22,1.72,1.89,,4.04,4.23,4.39,2.32,2.34,2.36,1.72,1.89
2005-07-25,1.76,1.94,,4.06,4.25,4.44,2.3,2.31,2.32,1.76,1.94
2005-07-26,1.76,1.92,,4.06,4.24,4.44,2.3,2.32,2.34,1.76,1.92
2005-07-27,1.78,1.92,,4.09,4.27,4.42,2.31,2.35,2.39,1.78,1.92
2005-07-28,1.73,1.86,,4.04,4.2,4.38,2.31,2.34,2.37,1.73,1.86
2005-07-29,1.8,1.92,,4.12,4.28,4.42,2.32,2.36,2.4,1.8,1.92
2005-08-01,1.79,1.95,,4.16,4.32,4.46,2.37,2.37,2.37,1.79,1.95
2005-08-02,1.8,1.99,,4.17,4.34,4.52,2.37,2.35,2.33,1.8,1.99
2005-08-03,1.75,1.93,,4.13,4.3,4.48,2.38,2.37,2.36,1.75,1.93
2005-08-04,1.77,1.94,,4.15,4.32,4.5,2.38,2.38,2.38,1.77,1.94
2005-08-05,1.83,2.0,,4.24,4.4,4.56,2.41,2.4,2.39,1.83,2.0
2005-08-08,1.85,2.02,,4.28,4.42,4.58,2.43,2.4,2.37,1.85,2.02
2005-08-09,1.86,2.02,,4.25,4.41,4.56,2.39,2.39,2.39,1.86,2.02
2005-08-10,1.85,2.01,,4.24,4.4,4.56,2.39,2.39,2.39,1.85,2.01
2005-08-11,1.8,1.97,,4.18,4.32,4.51,2.38,2.35,2.32,1.8,1.97
2005-08-12,1.73,1.91,,4.11,4.24,4.42,2.38,2.33,2.28,1.73,1.91
2005-08-15,1.74,1.92,,4.15,4.27,4.45,2.41,2.35,2.29,1.74,1.92
2005-08-16,1.68,1.87,,4.1,4.23,4.41,2.42,2.36,2.3,1.68,1.87
2005-08-17,1.73,1.91,,4.15,4.28,4.49,2.42,2.37,2.32,1.73,1.91
2005-08-18,1.68,1.86,,4.08,4.21,4.4,2.4,2.35,2.3,1.68,1.86
2005-08-19,1.66,1.85,,4.08,4.21,4.4,2.42,2.36,2.3,1.66,1.85
2005-08-22,1.67,1.86,,4.08,4.22,4.4,2.41,2.36,2.31,1.67,1.86
2005-08-23,1.65,1.85,,4.07,4.2,4.39,2.42,2.35,2.28,1.65,1.85
2005-08-24,1.64,1.83,,4.06,4.19,4.38,2.42,2.36,2.3,1.64,1.83
2005-08-25,1.62,1.8,,4.06,4.18,4.37,2.44,2.38,2.32,1.62,1.8
2005-08-26,1.65,1.81,,4.09,4.2,4.38,2.44,2.39,2.34,1.65,1.81
2005-08-29,1.63,1.79,,4.08,4.2,4.37,2.45,2.41,2.37,1.63,1.79
2005-08-30,1.52,1.71,,4.03,4.16,4.34,2.51,2.45,2.39,1.52,1.71
2005-08-31,1.43,1.65,,3.87,4.02,4.23,2.44,2.37,2.3,1.43,1.65
2005-09-01,1.38,1.61,,3.85,4.02,4.28,2.47,2.41,2.35,1.38,1.61
2005-09-02,1.32,1.59,,3.85,4.03,4.26,2.53,2.44,2.35,1.32,1.59
2005-09-06,1.4,1.65,,3.89,4.09,4.36,2.49,2.44,2.39,1.4,1.65
2005-09-07,1.43,1.69,,3.93,4.15,4.43,2.5,2.46,2.42,1.43,1.69
2005-09-08,1.38,1.68,,3.94,4.15,4.43,2.56,2.47,2.38,1.38,1.68
2005-09-09,1.32,1.64,,3.94,4.14,4.36,2.62,2.5,2.38,1.32,1.64
2005-09-12,1.37,1.69,,3.98,4.18,4.45,2.61,2.49,2.37,1.37,1.69
2005-09-13,1.34,1.67,,3.93,4.14,4.38,2.59,2.47,2.35,1.34,1.67
2005-09-14,1.36,1.68,,3.96,4.17,4.41,2.6,2.49,2.38,1.36,1.68
2005-09-15,1.37,1.71,,3.99,4.22,4.51,2.62,2.51,2.4,1.37,1.71
2005-09-16,1.4,1.73,,4.05,4.26,4.56,2.65,2.53,2.41,1.4,1.73
2005-09-19,1.35,1.7,,4.02,4.25,4.55,2.67,2.55,2.43,1.35,1.7
2005-09-20,1.43,1.74,,4.06,4.26,4.49,2.63,2.52,2.41,1.43,1.74
2005-09-21,1.36,1.68,,4.01,4.19,4.47,2.65,2.51,2.37,1.36,1.68
2005-09-22,1.36,1.67,,3.99,4.19,4.47,2.63,2.52,2.41,1.36,1.67
2005-09-23,1.43,1.74,,4.07,4.25,4.47,2.64,2.51,2.38,1.43,1.74
2005-09-26,1.48,1.78,,4.11,4.3,4.56,2.63,2.52,2.41,1.48,1.78
2005-09-27,1.47,1.77,,4.13,4.3,4.56,2.66,2.53,2.4,1.47,1.77
2005-09-28,1.44,1.73,,4.11,4.26,4.46,2.67,2.53,2.39,1.44,1.73
2005-09-29,1.45,1.75,,4.14,4.29,4.5,2.69,2.54,2.39,1.45,1.75
2005-09-30,1.46,1.78,,4.18,4.34,4.53,2.72,2.56,2.4,1.46,1.78
2005-10-03,1.54,1.84,,4.25,4.39,4.58,2.71,2.55,2.39,1.54,1.84
2005-10-04,1.56,1.87,,4.24,4.38,4.61,2.68,2.51,2.34,1.56,1.87
2005-10-05,1.57,1.86,,4.23,4.36,4.54,2.66,2.5,2.34,1.57,1.86
2005-10-06,1.64,1.91,,4.23,4.37,4.55,2.59,2.46,2.33,1.64,1.91
2005-10-07,1.64,1.9,,4.23,4.35,4.53,2.59,2.45,2.31,1.64,1.9
2005-10-11,1.67,1.92,,4.27,4.39,4.56,2.6,2.47,2.34,1.67,1.92
2005-10-12,1.71,1.96,,4.32,4.45,4.62,2.61,2.49,2.37,1.71,1.96
2005-10-13,1.73,1.96,,4.32,4.48,4.66,2.59,2.52,2.45,1.73,1.96
2005-10-14,1.71,1.98,,4.34,4.48,4.67,2.63,2.5,2.37,1.71,1.98
2005-10-17,1.68,1.94,,4.36,4.5,4.68,2.68,2.56,2.44,1.68,1.94
2005-10-18,1.66,1.92,,4.34,4.49,4.64,2.68,2.57,2.46,1.66,1.92
2005-10-19,1.66,1.92,,4.32,4.47,4.66,2.66,2.55,2.44,1.66,1.92
2005-10-20,1.68,1.92,,4.33,4.46,4.62,2.65,2.54,2.43,1.68,1.92
2005-10-21,1.66,1.89,,4.26,4.39,4.58,2.6,2.5,2.4,1.66,1.89
2005-10-24,1.71,1.93,,4.32,4.45,4.63,2.61,2.52,2.43,1.71,1.93
2005-10-25,1.81,2.05,,4.41,4.54,4.7,2.6,2.49,2.38,1.81,2.05
2005-10-26,1.84,2.06,,4.46,4.6,4.77,2.62,2.54,2.46,1.84,2.06
2005-10-27,1.81,2.01,,4.43,4.57,4.74,2.62,2.56,2.5,1.81,2.01
2005-10-28,1.82,2.01,,4.46,4.58,4.74,2.64,2.57,2.5,1.82,2.01
2005-10-31,1.81,2.0,,4.45,4.57,4.73,2.64,2.57,2.5,1.81,2.0
2005-11-01,1.84,2.0,,4.47,4.58,4.74,2.63,2.58,2.53,1.84,2.0
2005-11-02,1.87,2.02,,4.5,4.61,4.74,2.63,2.59,2.55,1.87,2.02
2005-11-03,1.91,2.03,,4.55,4.65,4.79,2.64,2.62,2.6,1.91,2.03
2005-11-04,1.9,2.06,,4.56,4.66,4.84,2.66,2.6,2.54,1.9,2.06
2005-11-07,1.91,2.03,,4.55,4.65,4.82,2.64,2.62,2.6,1.91,2.03
2005-11-08,1.9,2.01,,4.49,4.57,4.75,2.59,2.56,2.53,1.9,2.01
2005-11-09,1.99,2.08,,4.55,4.64,4.78,2.56,2.56,2.56,1.99,2.08
2005-11-10,2.02,2.07,,4.49,4.55,4.74,2.47,2.48,2.49,2.02,2.07
2005-11-14,2.1,2.14,,4.54,4.61,4.75,2.44,2.47,2.5,2.1,2.14
2005-11-15,2.08,2.12,,4.51,4.56,4.7,2.43,2.44,2.45,2.08,2.12
2005-11-16,2.03,2.07,,4.43,4.49,4.63,2.4,2.42,2.44,2.03,2.07
2005-11-17,2.0,2.04,,4.39,4.46,4.6,2.39,2.42,2.45,2.0,2.04
2005-11-18,2.05,2.09,,4.43,4.5,4.68,2.38,2.41,2.44,2.05,2.09
2005-11-21,1.99,2.08,,4.39,4.46,4.62,2.4,2.38,2.36,1.99,2.08
2005-11-22,1.93,2.03,,4.34,4.43,4.65,2.41,2.4,2.39,1.93,2.03
2005-11-23,1.97,2.08,,4.38,4.47,4.7,2.41,2.39,2.37,1.97,2.08
2005-11-25,1.94,2.05,,4.34,4.43,4.66,2.4,2.38,2.36,1.94,2.05
2005-11-28,1.94,2.04,,4.32,4.41,4.58,2.38,2.37,2.36,1.94,2.04
2005-11-29,2.03,2.11,,4.4,4.48,4.65,2.37,2.37,2.37,2.03,2.11
2005-11-30,2.07,2.12,,4.42,4.49,4.66,2.35,2.37,2.39,2.07,2.12
2005-12-01,2.08,2.15,,4.45,4.52,4.68,2.37,2.37,2.37,2.08,2.15
2005-12-02,2.09,2.16,,4.45,4.52,4.68,2.36,2.36,2.36,2.09,2.16
2005-12-05,2.09,2.17,,4.5,4.57,4.72,2.41,2.4,2.39,2.09,2.17
2005-12-06,2.06,2.12,,4.42,4.49,4.68,2.36,2.37,2.38,2.06,2.12
2005-12-07,2.12,2.18,,4.43,4.52,4.67,2.31,2.34,2.37,2.12,2.18
2005-12-08,2.08,2.14,,4.36,4.47,4.62,2.28,2.33,2.38,2.08,2.14
2005-12-09,2.13,2.18,,4.44,4.54,4.72,2.31,2.36,2.41,2.13,2.18
2005-12-12,2.12,2.17,,4.46,4.56,4.69,2.34,2.39,2.44,2.12,2.17
2005-12-13,2.1,2.16,,4.44,4.54,4.68,2.34,2.38,2.42,2.1,2.16
2005-12-14,2.04,2.1,,4.36,4.45,4.63,2.32,2.35,2.38,2.04,2.1
2005-12-15,2.06,2.12,,4.38,4.47,4.62,2.32,2.35,2.38,2.06,2.12
2005-12-16,2.08,2.11,,4.36,4.45,4.63,2.28,2.34,2.4,2.08,2.11
2005-12-19,2.09,2.11,,4.37,4.45,4.62,2.28,2.34,2.4,2.09,2.11
2005-12-20,2.1,2.12,,4.4,4.47,4.63,2.3,2.35,2.4,2.1,2.12
2005-12-21,2.13,2.14,,4.42,4.49,4.65,2.29,2.35,2.41,2.13,2.14
2005-12-22,2.1,2.11,,4.38,4.44,4.59,2.28,2.33,2.38,2.1,2.11
2005-12-23,2.06,2.07,,4.32,4.38,4.52,2.26,2.31,2.36,2.06,2.07
2005-12-27,2.05,2.05,,4.3,4.34,4.48,2.25,2.29,2.33,2.05,2.05
2005-12-28,2.09,2.1,,4.32,4.38,4.51,2.23,2.28,2.33,2.09,2.1
2005-12-29,2.07,2.07,,4.33,4.37,4.49,2.26,2.3,2.34,2.07,2.07
2005-12-30,2.05,2.06,,4.35,4.39,4.51,2.3,2.33,2.36,2.05,2.06
2006-01-03,2.0,2.03,,4.3,4.37,4.52,2.3,2.34,2.38,2.0,2.03
2006-01-04,1.97,2.01,,4.28,4.36,4.55,2.31,2.35,2.39,1.97,2.01
2006-01-05,2.01,2.04,,4.29,4.36,4.51,2.28,2.32,2.36,2.01,2.04
2006-01-06,1.99,2.05,,4.32,4.38,4.53,2.33,2.33,2.33,1.99,2.05
2006-01-09,1.97,2.05,,4.32,4.38,4.53,2.35,2.33,2.31,1.97,2.05
2006-01-10,1.98,2.06,,4.36,4.43,4.62,2.38,2.37,2.36,1.98,2.06
2006-01-11,2.0,2.07,,4.39,4.46,4.61,2.39,2.39,2.39,2.0,2.07
2006-01-12,1.94,2.01,,4.35,4.42,4.56,2.41,2.41,2.41,1.94,2.01
2006-01-13,1.9,1.97,,4.28,4.36,4.49,2.38,2.39,2.4,1.9,1.97
2006-01-17,1.87,1.95,,4.27,4.34,4.52,2.4,2.39,2.38,1.87,1.95
2006-01-18,1.88,1.97,,4.28,4.34,4.53,2.4,2.37,2.34,1.88,1.97
2006-01-19,1.9,1.97,,4.31,4.38,4.51,2.41,2.41,2.41,1.9,1.97
2006-01-20,1.84,1.94,,4.31,4.37,4.54,2.47,2.43,2.39,1.84,1.94
2006-01-23,1.84,1.94,,4.3,4.36,4.54,2.46,2.42,2.38,1.84,1.94
2006-01-24,1.87,1.97,,4.32,4.4,4.53,2.45,2.43,2.41,1.87,1.97
2006-01-25,1.98,2.03,,4.41,4.49,4.62,2.43,2.46,2.49,1.98,2.03
2006-01-26,1.97,2.01,,4.44,4.53,4.66,2.47,2.52,2.57,1.97,2.01
2006-01-27,1.93,2.02,,4.45,4.52,4.7,2.52,2.5,2.48,1.93,2.02
2006-01-30,1.92,2.03,,4.46,4.54,4.67,2.54,2.51,2.48,1.92,2.03
2006-01-31,1.89,2.0,,4.47,4.53,4.69,2.58,2.53,2.48,1.89,2.0
2006-02-01,1.94,2.02,,4.51,4.57,4.69,2.57,2.55,2.53,1.94,2.02
2006-02-02,1.96,2.04,,4.51,4.57,4.68,2.55,2.53,2.51,1.96,2.04
2006-02-03,1.93,2.0,,4.5,4.54,4.64,2.57,2.54,2.51,1.93,2.0
2006-02-06,1.93,2.0,,4.51,4.55,4.61,2.58,2.55,2.52,1.93,2.0
2006-02-07,1.95,2.02,,4.52,4.57,4.64,2.57,2.55,2.53,1.95,2.02
2006-02-08,2.01,2.07,,4.55,4.56,4.67,2.54,2.49,2.44,2.01,2.07
2006-02-09,2.0,2.05,,4.55,4.54,4.51,2.55,2.49,2.43,2.0,2.05
2006-02-10,2.02,2.09,,4.59,4.59,4.55,2.57,2.5,2.43,2.02,2.09
2006-02-13,2.03,2.08,,4.58,4.58,4.56,2.55,2.5,2.45,2.03,2.08
2006-02-14,2.09,2.14,,4.61,4.62,4.6,2.52,2.48,2.44,2.09,2.14
2006-02-15,2.08,2.13,,4.6,4.61,4.58,2.52,2.48,2.44,2.08,2.13
2006-02-16,2.03,2.1,,4.59,4.59,4.57,2.56,2.49,2.42,2.03,2.1
2006-02-17,1.95,2.03,,4.55,4.54,4.51,2.6,2.51,2.42,1.95,2.03
2006-02-21,1.97,2.04,,4.59,4.57,4.53,2.62,2.53,2.44,1.97,2.04
2006-02-22,1.93,2.01,,4.57,4.53,4.48,2.64,2.52,2.4,1.93,2.01
2006-02-23,1.97,2.03,,4.63,4.56,4.51,2.66,2.53,2.4,1.97,2.03
2006-02-24,1.94,2.02,,4.64,4.58,4.52,2.7,2.56,2.42,1.94,2.02
2006-02-27,1.96,2.04,,4.66,4.59,4.55,2.7,2.55,2.4,1.96,2.04
2006-02-28,1.93,2.02,,4.61,4.55,4.51,2.68,2.53,2.38,1.93,2.02
2006-03-01,1.92,2.02,,4.63,4.59,4.56,2.71,2.57,2.43,1.92,2.02
2006-03-02,1.94,2.05,,4.68,4.64,4.62,2.74,2.59,2.44,1.94,2.05
2006-03-03,1.95,2.07,,4.71,4.68,4.66,2.76,2.61,2.46,1.95,2.07
2006-03-06,2.03,2.14,,4.76,4.74,4.72,2.73,2.6,2.47,2.03,2.14
2006-03-07,2.05,2.16,,4.76,4.74,4.72,2.71,2.58,2.45,2.05,2.16
2006-03-08,2.09,2.2,,4.75,4.73,4.72,2.66,2.53,2.4,2.09,2.2
2006-03-09,2.09,2.2,,4.75,4.74,4.72,2.66,2.54,2.42,2.09,2.2
2006-03-10,2.15,2.23,,4.77,4.76,4.74,2.62,2.53,2.44,2.15,2.23
2006-03-13,2.17,2.24,,4.78,4.77,4.77,2.61,2.53,2.45,2.17,2.24
2006-03-14,2.07,2.17,,4.68,4.71,4.71,2.61,2.54,2.47,2.07,2.17
2006-03-15,2.07,2.18,,4.69,4.73,4.75,2.62,2.55,2.48,2.07,2.18
2006-03-16,1.98,2.12,,4.6,4.65,4.7,2.62,2.53,2.44,1.98,2.12
2006-03-17,2.0,2.16,,4.62,4.68,4.72,2.62,2.52,2.42,2.0,2.16
2006-03-20,2.01,2.15,,4.61,4.66,4.7,2.6,2.51,2.42,2.01,2.15
2006-03-21,2.11,2.23,,4.68,4.71,4.74,2.57,2.48,2.39,2.11,2.23
2006-03-22,2.13,2.23,,4.69,4.7,4.73,2.56,2.47,2.38,2.13,2.23
2006-03-23,2.15,2.24,,4.73,4.73,4.75,2.58,2.49,2.4,2.15,2.24
2006-03-24,2.11,2.2,,4.66,4.67,4.7,2.55,2.47,2.39,2.11,2.2
2006-03-27,2.14,2.23,,4.69,4.7,4.73,2.55,2.47,2.39,2.14,2.23
2006-03-28,2.22,2.3,,4.79,4.79,4.8,2.57,2.49,2.41,2.22,2.3
2006-03-29,2.24,2.32,,4.79,4.81,4.84,2.55,2.49,2.43,2.24,2.32
2006-03-30,2.25,2.35,,4.83,4.86,4.89,2.58,2.51,2.44,2.25,2.35
2006-03-31,2.24,2.35,,4.82,4.86,4.9,2.58,2.51,2.44,2.24,2.35
2006-04-03,2.26,2.36,,4.85,4.88,4.9,2.59,2.52,2.45,2.26,2.36
2006-04-04,2.27,2.38,,4.82,4.87,4.91,2.55,2.49,2.43,2.27,2.38
2006-04-05,2.23,2.34,,4.79,4.84,4.9,2.56,2.5,2.44,2.23,2.34
2006-04-06,2.25,2.38,,4.84,4.9,4.96,2.59,2.52,2.45,2.25,2.38
2006-04-07,2.31,2.43,,4.89,4.97,5.04,2.58,2.54,2.5,2.31,2.43
2006-04-10,2.29,2.41,,4.89,4.97,5.04,2.6,2.56,2.52,2.29,2.41
2006-04-11,2.23,2.37,,4.86,4.93,5.0,2.63,2.56,2.49,2.23,2.37
2006-04-12,2.25,2.41,,4.91,4.98,5.05,2.66,2.57,2.48,2.25,2.41
2006-04-13,2.31,2.48,,4.97,5.05,5.11,2.66,2.57,2.48,2.31,2.48
2006-04-17,2.25,2.43,,4.93,5.01,5.08,2.68,2.58,2.48,2.25,2.43
2006-04-18,2.18,2.38,,4.87,4.99,5.07,2.69,2.61,2.53,2.18,2.38
2006-04-19,2.16,2.38,,4.91,5.04,5.13,2.75,2.66,2.57,2.16,2.38
2006-04-20,2.2,2.42,,4.92,5.04,5.14,2.72,2.62,2.52,2.2,2.42
2006-04-21,2.19,2.39,,4.92,5.01,5.1,2.73,2.62,2.51,2.19,2.39
2006-04-24,2.21,2.39,,4.9,4.99,5.07,2.69,2.6,2.51,2.21,2.39
2006-04-25,2.38,2.47,,4.98,5.07,5.16,2.6,2.6,2.6,2.38,2.47
2006-04-26,2.39,2.51,,5.02,5.12,5.18,2.63,2.61,2.59,2.39,2.51
2006-04-27,2.33,2.45,,4.95,5.09,5.18,2.62,2.64,2.66,2.33,2.45
2006-04-28,2.25,2.39,,4.92,5.07,5.17,2.67,2.68,2.69,2.25,2.39
2006-05-01,2.27,2.42,,4.99,5.14,5.23,2.72,2.72,2.72,2.27,2.42
2006-05-02,2.27,2.43,,4.98,5.12,5.2,2.71,2.69,2.67,2.27,2.43
2006-05-03,2.3,2.47,,5.01,5.15,5.24,2.71,2.68,2.65,2.3,2.47
2006-05-04,2.34,2.49,,5.03,5.16,5.23,2.69,2.67,2.65,2.34,2.49
2006-05-05,2.29,2.45,,4.99,5.12,5.2,2.7,2.67,2.64,2.29,2.45
2006-05-08,2.32,2.45,,5.01,5.12,5.19,2.69,2.67,2.65,2.32,2.45
2006-05-09,2.29,2.43,,5.01,5.13,5.2,2.72,2.7,2.68,2.29,2.43
2006-05-10,2.3,2.43,,5.03,5.13,5.19,2.73,2.7,2.67,2.3,2.43
2006-05-11,2.26,2.43,,5.04,5.14,5.23,2.78,2.71,2.64,2.26,2.43
2006-05-12,2.3,2.47,,5.08,5.19,5.29,2.78,2.72,2.66,2.3,2.47
2006-05-15,2.33,2.47,,5.04,5.15,5.26,2.71,2.68,2.65,2.33,2.47
2006-05-16,2.3,2.44,,4.99,5.1,5.22,2.69,2.66,2.63,2.3,2.44
2006-05-17,2.32,2.47,,5.03,5.16,5.28,2.71,2.69,2.67,2.32,2.47
2006-05-18,2.27,2.41,,4.96,5.08,5.18,2.69,2.67,2.65,2.27,2.41
2006-05-19,2.31,2.43,,4.96,5.05,5.14,2.65,2.62,2.59,2.31,2.43
2006-05-22,2.31,2.43,,4.94,5.04,5.13,2.63,2.61,2.59,2.31,2.43
2006-05-23,2.3,2.44,,4.98,5.07,5.16,2.68,2.63,2.58,2.3,2.44
2006-05-24,2.29,2.42,,4.93,5.03,5.13,2.64,2.61,2.58,2.29,2.42
2006-05-25,2.33,2.46,,4.97,5.07,5.17,2.64,2.61,2.58,2.33,2.46
2006-05-26,2.3,2.44,,4.95,5.06,5.16,2.65,2.62,2.59,2.3,2.44
2006-05-30,2.32,2.45,,4.99,5.09,5.19,2.67,2.64,2.61,2.32,2.45
2006-05-31,2.36,2.48,,5.04,5.12,5.21,2.68,2.64,2.6,2.36,2.48
2006-06-01,2.34,2.46,,5.03,5.11,5.2,2.69,2.65,2.61,2.34,2.46
2006-06-02,2.24,2.37,,4.9,5.0,5.1,2.66,2.63,2.6,2.24,2.37
2006-06-05,2.29,2.4,,4.95,5.02,5.1,2.66,2.62,2.58,2.29,2.4
2006-06-06,2.33,2.44,,4.95,5.01,5.08,2.62,2.57,2.52,2.33,2.44
2006-06-07,2.38,2.48,,4.97,5.02,5.09,2.59,2.54,2.49,2.38,2.48
2006-06-08,2.37,2.47,,4.95,5.0,5.06,2.58,2.53,2.48,2.37,2.47
2006-06-09,2.35,2.45,,4.95,4.98,5.03,2.6,2.53,2.46,2.35,2.45
2006-06-12,2.37,2.45,,4.95,4.99,5.03,2.58,2.54,2.5,2.37,2.45
2006-06-13,2.37,2.44,,4.93,4.97,5.01,2.56,2.53,2.5,2.37,2.44
2006-06-14,2.42,2.5,,5.03,5.05,5.09,2.61,2.55,2.49,2.42,2.5
2006-06-15,2.44,2.52,,5.08,5.1,5.13,2.64,2.58,2.52,2.44,2.52
2006-06-16,2.47,2.54,,5.1,5.13,5.17,2.63,2.59,2.55,2.47,2.54
2006-06-19,2.51,2.58,,5.12,5.14,5.18,2.61,2.56,2.51,2.51,2.58
2006-06-20,2.52,2.58,,5.13,5.15,5.19,2.61,2.57,2.53,2.52,2.58
2006-06-21,2.53,2.59,,5.14,5.16,5.19,2.61,2.57,2.53,2.53,2.59
2006-06-22,2.56,2.61,,5.18,5.2,5.23,2.62,2.59,2.56,2.56,2.61
2006-06-23,2.58,2.64,,5.21,5.23,5.26,2.63,2.59,2.55,2.58,2.64
2006-06-26,2.61,2.67,,5.22,5.25,5.28,2.61,2.58,2.55,2.61,2.67
2006-06-27,2.58,2.63,,5.19,5.21,5.24,2.61,2.58,2.55,2.58,2.63
2006-06-28,2.64,2.68,,5.23,5.25,5.28,2.59,2.57,2.55,2.64,2.68
2006-06-29,2.57,2.61,,5.17,5.22,5.26,2.6,2.61,2.62,2.57,2.61
2006-06-30,2.47,2.54,,5.1,5.15,5.19,2.63,2.61,2.59,2.47,2.54
2006-07-03,2.49,2.56,,5.11,5.15,5.2,2.62,2.59,2.56,2.49,2.56
2006-07-05,2.57,2.63,,5.19,5.23,5.27,2.62,2.6,2.58,2.57,2.63
2006-07-06,2.52,2.59,,5.15,5.19,5.23,2.63,2.6,2.57,2.52,2.59
2006-07-07,2.47,2.55,,5.1,5.14,5.18,2.63,2.59,2.55,2.47,2.55
2006-07-10,2.49,2.56,,5.1,5.13,5.17,2.61,2.57,2.53,2.49,2.56
2006-07-11,2.48,2.53,,5.07,5.1,5.14,2.59,2.57,2.55,2.48,2.53
2006-07-12,2.49,2.54,,5.08,5.1,5.14,2.59,2.56,2.53,2.49,2.54
2006-07-13,2.46,2.51,,5.04,5.08,5.12,2.58,2.57,2.56,2.46,2.51
2006-07-14,2.44,2.5,,5.02,5.07,5.11,2.58,2.57,2.56,2.44,2.5
2006-07-17,2.45,2.49,,5.04,5.07,5.1,2.59,2.58,2.57,2.45,2.49
2006-07-18,2.52,2.55,,5.1,5.13,5.16,2.58,2.58,2.58,2.52,2.55
2006-07-19,2.45,2.49,,5.02,5.06,5.1,2.57,2.57,2.57,2.45,2.49
2006-07-20,2.4,2.45,,4.98,5.03,5.08,2.58,2.58,2.58,2.4,2.45
2006-07-21,2.42,2.49,,4.99,5.05,5.1,2.57,2.56,2.55,2.42,2.49
2006-07-24,2.44,2.49,,4.99,5.05,5.11,2.55,2.56,2.57,2.44,2.49
2006-07-25,2.45,2.48,,5.02,5.07,5.13,2.57,2.59,2.61,2.45,2.48
2006-07-26,2.41,2.44,,4.99,5.04,5.1,2.58,2.6,2.62,2.41,2.44
2006-07-27,2.41,2.47,,4.98,5.07,5.11,2.57,2.6,2.63,2.41,2.47
2006-07-28,2.38,2.41,,4.92,5.0,5.07,2.54,2.59,2.64,2.38,2.41
2006-07-31,2.37,2.41,,4.91,4.99,5.07,2.54,2.58,2.62,2.37,2.41
2006-08-01,2.35,2.4,,4.9,4.99,5.07,2.55,2.59,2.63,2.35,2.4
2006-08-02,2.3,2.36,,4.88,4.96,5.05,2.58,2.6,2.62,2.3,2.36
2006-08-03,2.31,2.35,,4.9,4.96,5.04,2.59,2.61,2.63,2.31,2.35
2006-08-04,2.25,2.3,,4.84,4.91,5.0,2.59,2.61,2.63,2.25,2.3
2006-08-07,2.25,2.29,,4.86,4.93,5.0,2.61,2.64,2.67,2.25,2.29
2006-08-08,2.23,2.27,,4.85,4.93,5.02,2.62,2.66,2.7,2.23,2.27
2006-08-09,2.21,2.28,,4.86,4.92,5.05,2.65,2.64,2.63,2.21,2.28
2006-08-10,2.24,2.3,,4.86,4.93,5.06,2.62,2.63,2.64,2.24,2.3
2006-08-11,2.27,2.33,,4.91,4.97,5.09,2.64,2.64,2.64,2.27,2.33
2006-08-14,2.31,2.36,,4.95,5.0,5.12,2.64,2.64,2.64,2.31,2.36
2006-08-15,2.27,2.32,,4.88,4.93,5.05,2.61,2.61,2.61,2.27,2.32
2006-08-16,2.25,2.28,,4.81,4.87,5.0,2.56,2.59,2.62,2.25,2.28
2006-08-17,2.27,2.28,,4.82,4.87,5.0,2.55,2.59,2.63,2.27,2.28
2006-08-18,2.23,2.26,,4.78,4.84,4.97,2.55,2.58,2.61,2.23,2.26
2006-08-21,2.22,2.23,,4.77,4.82,4.96,2.55,2.59,2.63,2.22,2.23
2006-08-22,2.21,2.22,,4.77,4.82,4.95,2.56,2.6,2.64,2.21,2.22
2006-08-23,2.25,2.25,,4.77,4.82,4.95,2.52,2.57,2.62,2.25,2.25
2006-08-24,2.29,2.28,,4.78,4.81,4.94,2.49,2.53,2.57,2.29,2.28
2006-08-25,2.26,2.24,,4.76,4.79,4.93,2.5,2.55,2.6,2.26,2.24
2006-08-28,2.31,2.28,,4.77,4.8,4.94,2.46,2.52,2.58,2.31,2.28
2006-08-29,2.3,2.29,,4.77,4.79,4.93,2.47,2.5,2.53,2.3,2.29
2006-08-30,2.31,2.28,,4.72,4.76,4.91,2.41,2.48,2.55,2.31,2.28
2006-08-31,2.26,2.24,,4.7,4.74,4.88,2.44,2.5,2.56,2.26,2.24
2006-09-01,2.28,2.25,,4.68,4.73,4.87,2.4,2.48,2.56,2.28,2.25
2006-09-05,2.34,2.31,,4.73,4.78,4.93,2.39,2.47,2.55,2.34,2.31
2006-09-06,2.34,2.32,,4.75,4.8,4.95,2.41,2.48,2.55,2.34,2.32
2006-09-07,2.38,2.34,,4.74,4.8,4.94,2.36,2.46,2.56,2.38,2.34
2006-09-08,2.39,2.35,,4.71,4.78,4.92,2.32,2.43,2.54,2.39,2.35
2006-09-11,2.43,2.38,,4.74,4.8,4.95,2.31,2.42,2.53,2.43,2.38
2006-09-12,2.41,2.36,,4.71,4.78,4.91,2.3,2.42,2.54,2.41,2.36
2006-09-13,2.39,2.35,,4.7,4.77,4.9,2.31,2.42,2.53,2.39,2.35
2006-09-14,2.39,2.35,,4.74,4.79,4.92,2.35,2.44,2.53,2.39,2.35
2006-09-15,2.45,2.38,,4.76,4.8,4.92,2.31,2.42,2.53,2.45,2.38
2006-09-18,2.46,2.39,,4.77,4.81,4.93,2.31,2.42,2.53,2.46,2.39
2006-09-19,2.42,2.35,,4.69,4.74,4.86,2.27,2.39,2.51,2.42,2.35
2006-09-20,2.48,2.39,,4.7,4.73,4.85,2.22,2.34,2.46,2.48,2.39
2006-09-21,2.4,2.31,,4.6,4.65,4.78,2.2,2.34,2.48,2.4,2.31
2006-09-22,2.35,2.27,,4.55,4.6,4.74,2.2,2.33,2.46,2.35,2.27
2006-09-25,2.32,2.24,,4.51,4.56,4.7,2.19,2.32,2.45,2.32,2.24
2006-09-26,2.32,2.25,,4.55,4.59,4.71,2.23,2.34,2.45,2.32,2.25
2006-09-27,2.32,2.26,,4.56,4.6,4.73,2.24,2.34,2.44,2.32,2.26
2006-09-28,2.33,2.27,,4.57,4.63,4.76,2.24,2.36,2.48,2.33,2.27
2006-09-29,2.34,2.27,,4.59,4.64,4.77,2.25,2.37,2.49,2.34,2.27
2006-10-02,2.31,2.27,,4.56,4.62,4.76,2.25,2.35,2.45,2.31,2.27
2006-10-03,2.35,2.29,,4.56,4.62,4.76,2.21,2.33,2.45,2.35,2.29
2006-10-04,2.33,2.27,,4.5,4.57,4.72,2.17,2.3,2.43,2.33,2.27
2006-10-05,2.38,2.31,,4.55,4.61,4.76,2.17,2.3,2.43,2.38,2.31
2006-10-06,2.46,2.37,,4.64,4.7,4.84,2.18,2.33,2.48,2.46,2.37
2006-10-10,2.51,2.42,,4.71,4.75,4.88,2.2,2.33,2.46,2.51,2.42
2006-10-11,2.54,2.45,,4.75,4.78,4.91,2.21,2.33,2.45,2.54,2.45
2006-10-12,2.54,2.44,,4.74,4.79,4.91,2.2,2.35,2.5,2.54,2.44
2006-10-13,2.57,2.47,,4.77,4.81,4.94,2.2,2.34,2.48,2.57,2.47
2006-10-16,2.56,2.45,,4.76,4.79,4.92,2.2,2.34,2.48,2.56,2.45
2006-10-17,2.56,2.46,,4.73,4.78,4.91,2.17,2.32,2.47,2.56,2.46
2006-10-18,2.58,2.46,,4.74,4.77,4.89,2.16,2.31,2.46,2.58,2.46
2006-10-19,2.61,2.49,,4.75,4.79,4.91,2.14,2.3,2.46,2.61,2.49
2006-10-20,2.61,2.49,,4.76,4.79,4.91,2.15,2.3,2.45,2.61,2.49
2006-10-23,2.65,2.53,,4.8,4.83,4.95,2.15,2.3,2.45,2.65,2.53
2006-10-24,2.63,2.52,,4.81,4.83,4.95,2.18,2.31,2.44,2.63,2.52
2006-10-25,2.55,2.44,,4.75,4.78,4.89,2.2,2.34,2.48,2.55,2.44
2006-10-26,2.52,2.41,,4.69,4.73,4.84,2.17,2.32,2.47,2.52,2.41
2006-10-27,2.48,2.37,,4.64,4.68,4.8,2.16,2.31,2.46,2.48,2.37
2006-10-30,2.51,2.39,,4.64,4.68,4.78,2.13,2.29,2.45,2.51,2.39
2006-10-31,2.47,2.34,,4.57,4.61,4.72,2.1,2.27,2.44,2.47,2.34
2006-11-01,2.41,2.29,,4.52,4.57,4.68,2.11,2.28,2.45,2.41,2.29
2006-11-02,2.44,2.32,,4.55,4.6,4.72,2.11,2.28,2.45,2.44,2.32
2006-11-03,2.52,2.4,,4.7,4.72,4.81,2.18,2.32,2.46,2.52,2.4
2006-11-06,2.48,2.36,,4.69,4.71,4.79,2.21,2.35,2.49,2.48,2.36
2006-11-07,2.44,2.32,,4.63,4.66,4.76,2.19,2.34,2.49,2.44,2.32
2006-11-08,2.41,2.29,,4.61,4.64,4.73,2.2,2.35,2.5,2.41,2.29
2006-11-09,2.41,2.28,,4.6,4.62,4.73,2.19,2.34,2.49,2.41,2.28
2006-11-10,2.37,2.25,,4.57,4.59,4.69,2.2,2.34,2.48,2.37,2.25
2006-11-13,2.42,2.29,,4.6,4.61,4.71,2.18,2.32,2.46,2.42,2.29
2006-11-14,2.41,2.28,,4.57,4.57,4.66,2.16,2.29,2.42,2.41,2.28
2006-11-15,2.45,2.3,,4.62,4.61,4.69,2.17,2.31,2.45,2.45,2.3
2006-11-16,2.53,2.38,,4.67,4.66,4.74,2.14,2.28,2.42,2.53,2.38
2006-11-17,2.48,2.33,,4.6,4.61,4.69,2.12,2.28,2.44,2.48,2.33
2006-11-20,2.47,2.33,,4.6,4.6,4.68,2.13,2.27,2.41,2.47,2.33
2006-11-21,2.43,2.31,,4.58,4.58,4.66,2.15,2.27,2.39,2.43,2.31
2006-11-22,2.42,2.3,,4.57,4.57,4.65,2.15,2.27,2.39,2.42,2.3
2006-11-24,2.38,2.27,,4.55,4.55,4.63,2.17,2.28,2.39,2.38,2.27
2006-11-27,2.33,2.24,,4.54,4.54,4.62,2.21,2.3,2.39,2.33,2.24
2006-11-28,2.28,2.21,,4.5,4.51,4.59,2.22,2.3,2.38,2.28,2.21
2006-11-29,2.28,2.22,,4.51,4.52,4.61,2.23,2.3,2.37,2.28,2.22
2006-11-30,2.21,2.16,,4.45,4.46,4.56,2.24,2.3,2.36,2.21,2.16
2006-12-01,2.12,2.1,,4.39,4.43,4.54,2.27,2.33,2.39,2.12,2.1
2006-12-04,2.13,2.11,,4.39,4.43,4.55,2.26,2.32,2.38,2.13,2.11
2006-12-05,2.12,2.11,,4.39,4.45,4.57,2.27,2.34,2.41,2.12,2.11
2006-12-06,2.17,2.14,,4.44,4.48,4.6,2.27,2.34,2.41,2.17,2.14
2006-12-07,2.18,2.15,,4.45,4.49,4.6,2.27,2.34,2.41,2.18,2.15
2006-12-08,2.25,2.21,,4.53,4.56,4.66,2.28,2.35,2.42,2.25,2.21
2006-12-11,2.21,2.17,,4.5,4.52,4.63,2.29,2.35,2.41,2.21,2.17
2006-12-12,2.18,2.15,,4.45,4.49,4.6,2.27,2.34,2.41,2.18,2.15
2006-12-13,2.26,2.22,,4.54,4.58,4.69,2.28,2.36,2.44,2.26,2.22
2006-12-14,2.26,2.23,,4.58,4.6,4.72,2.32,2.37,2.42,2.26,2.23
2006-12-15,2.32,2.29,,4.57,4.6,4.72,2.25,2.31,2.37,2.32,2.29
2006-12-18,2.35,2.31,,4.57,4.6,4.72,2.22,2.29,2.36,2.35,2.31
2006-12-19,2.34,2.31,,4.57,4.6,4.73,2.23,2.29,2.35,2.34,2.31
2006-12-20,2.35,2.32,,4.57,4.6,4.73,2.22,2.28,2.34,2.35,2.32
2006-12-21,2.33,2.29,,4.52,4.55,4.7,2.19,2.26,2.33,2.33,2.29
2006-12-22,2.38,2.35,,4.59,4.63,4.76,2.21,2.28,2.35,2.38,2.35
2006-12-26,2.37,2.34,,4.58,4.61,4.73,2.21,2.27,2.33,2.37,2.34
2006-12-27,2.44,2.39,,4.64,4.66,4.78,2.2,2.27,2.34,2.44,2.39
2006-12-28,2.46,2.41,,4.69,4.7,4.81,2.23,2.29,2.35,2.46,2.41
2006-12-29,2.44,2.41,,4.7,4.71,4.81,2.26,2.3,2.34,2.44,2.41
2007-01-02,2.41,2.38,,4.68,4.68,4.79,2.27,2.3,2.33,2.41,2.38
2007-01-03,2.39,2.36,,4.66,4.67,4.77,2.27,2.31,2.35,2.39,2.36
2007-01-04,2.39,2.36,,4.61,4.62,4.72,2.22,2.26,2.3,2.39,2.36
2007-01-05,2.41,2.38,,4.65,4.65,4.74,2.24,2.27,2.3,2.41,2.38
2007-01-08,2.42,2.38,,4.66,4.66,4.74,2.24,2.28,2.32,2.42,2.38
2007-01-09,2.43,2.39,,4.65,4.66,4.74,2.22,2.27,2.32,2.43,2.39
2007-01-10,2.46,2.42,,4.68,4.69,4.77,2.22,2.27,2.32,2.46,2.42
2007-01-11,2.5,2.43,,4.73,4.74,4.82,2.23,2.31,2.39,2.5,2.43
2007-01-12,2.53,2.49,,4.76,4.77,4.86,2.23,2.28,2.33,2.53,2.49
2007-01-16,2.52,2.48,,4.74,4.75,4.85,2.22,2.27,2.32,2.52,2.48
2007-01-17,2.54,2.5,,4.78,4.79,4.88,2.24,2.29,2.34,2.54,2.5
2007-01-18,2.52,2.47,,4.75,4.75,4.85,2.23,2.28,2.33,2.52,2.47
2007-01-19,2.53,2.47,,4.78,4.78,4.87,2.25,2.31,2.37,2.53,2.47
2007-01-22,2.48,2.44,,4.77,4.76,4.84,2.29,2.32,2.35,2.48,2.44
2007-01-23,2.5,2.46,,4.81,4.81,4.9,2.31,2.35,2.39,2.5,2.46
2007-01-24,2.47,2.44,,4.81,4.81,4.91,2.34,2.37,2.4,2.47,2.44
2007-01-25,2.52,2.48,,4.85,4.87,4.96,2.33,2.39,2.45,2.52,2.48
2007-01-26,2.51,2.48,,4.87,4.88,4.98,2.36,2.4,2.44,2.51,2.48
2007-01-29,2.52,2.5,,4.89,4.9,4.99,2.37,2.4,2.43,2.52,2.5
2007-01-30,2.47,2.46,,4.86,4.88,4.98,2.39,2.42,2.45,2.47,2.46
2007-01-31,2.4,2.4,,4.82,4.83,4.93,2.42,2.43,2.44,2.4,2.4
2007-02-01,2.43,2.42,,4.84,4.84,4.93,2.41,2.42,2.43,2.43,2.42
2007-02-02,2.4,2.42,,4.82,4.83,4.93,2.42,2.41,2.4,2.4,2.42
2007-02-05,2.4,2.41,,4.8,4.81,4.91,2.4,2.4,2.4,2.4,2.41
2007-02-06,2.38,2.4,,4.76,4.77,4.87,2.38,2.37,2.36,2.38,2.4
2007-02-07,2.38,2.4,,4.74,4.74,4.86,2.36,2.34,2.32,2.38,2.4
2007-02-08,2.37,2.39,,4.73,4.73,4.81,2.36,2.34,2.32,2.37,2.39
2007-02-09,2.41,2.43,,4.78,4.79,4.87,2.37,2.36,2.35,2.41,2.43
2007-02-12,2.46,2.46,,4.8,4.8,4.88,2.34,2.34,2.34,2.46,2.46
2007-02-13,2.45,2.46,,4.81,4.82,4.9,2.36,2.36,2.36,2.45,2.46
2007-02-14,2.38,2.38,,4.72,4.74,4.83,2.34,2.36,2.38,2.38,2.38
2007-02-15,2.38,2.38,,4.68,4.7,4.81,2.3,2.32,2.34,2.38,2.38
2007-02-16,2.36,2.36,,4.68,4.69,4.79,2.32,2.33,2.34,2.36,2.36
2007-02-20,2.35,2.36,,4.67,4.68,4.78,2.32,2.32,2.32,2.35,2.36
2007-02-21,2.34,2.33,,4.68,4.69,4.79,2.34,2.36,2.38,2.34,2.33
2007-02-22,2.33,2.35,,4.72,4.73,4.83,2.39,2.38,2.37,2.33,2.35
2007-02-23,2.26,2.3,,4.67,4.68,4.79,2.41,2.38,2.35,2.26,2.3
2007-02-26,2.21,2.26,,4.62,4.63,4.73,2.41,2.37,2.33,2.21,2.26
2007-02-27,2.07,2.14,,4.46,4.5,4.62,2.39,2.36,2.33,2.07,2.14
2007-02-28,2.12,2.2,,4.52,4.56,4.68,2.4,2.36,2.32,2.12,2.2
2007-03-01,2.11,2.19,,4.5,4.56,4.68,2.39,2.37,2.35,2.11,2.19
2007-03-02,2.06,2.15,,4.46,4.52,4.65,2.4,2.37,2.34,2.06,2.15
2007-03-05,2.06,2.17,,4.45,4.51,4.64,2.39,2.34,2.29,2.06,2.17
2007-03-06,2.08,2.19,,4.48,4.53,4.66,2.4,2.34,2.28,2.08,2.19
2007-03-07,2.05,2.16,,4.45,4.5,4.64,2.4,2.34,2.28,2.05,2.16
2007-03-08,2.06,2.17,,4.45,4.51,4.65,2.39,2.34,2.29,2.06,2.17
2007-03-09,2.13,2.25,,4.55,4.59,4.72,2.42,2.34,2.26,2.13,2.25
2007-03-12,2.1,2.22,,4.5,4.56,4.69,2.4,2.34,2.28,2.1,2.22
2007-03-13,2.01,2.15,,4.41,4.5,4.66,2.4,2.35,2.3,2.01,2.15
2007-03-14,2.03,2.18,,4.44,4.53,4.69,2.41,2.35,2.29,2.03,2.18
2007-03-15,2.04,2.17,,4.46,4.54,4.69,2.42,2.37,2.32,2.04,2.17
2007-03-16,2.03,2.16,,4.47,4.55,4.7,2.44,2.39,2.34,2.03,2.16
2007-03-19,2.04,2.18,,4.5,4.58,4.72,2.46,2.4,2.34,2.04,2.18
2007-03-20,2.02,2.17,,4.47,4.56,4.71,2.45,2.39,2.33,2.02,2.17
2007-03-21,1.99,2.14,,4.43,4.53,4.7,2.44,2.39,2.34,1.99,2.14
2007-03-22,2.02,2.17,,4.49,4.6,4.78,2.47,2.43,2.39,2.02,2.17
2007-03-23,2.03,2.19,,4.52,4.62,4.8,2.49,2.43,2.37,2.03,2.19
2007-03-26,2.0,2.16,,4.48,4.6,4.79,2.48,2.44,2.4,2.0,2.16
2007-03-27,1.99,2.16,,4.5,4.62,4.81,2.51,2.46,2.41,1.99,2.16
2007-03-28,1.98,2.17,,4.5,4.62,4.83,2.52,2.45,2.38,1.98,2.17
2007-03-29,2.0,2.18,,4.53,4.64,4.83,2.53,2.46,2.39,2.0,2.18
2007-03-30,2.03,2.21,,4.54,4.65,4.84,2.51,2.44,2.37,2.03,2.21
2007-04-02,2.04,2.21,,4.54,4.65,4.84,2.5,2.44,2.38,2.04,2.21
2007-04-03,2.09,2.25,,4.56,4.67,4.85,2.47,2.42,2.37,2.09,2.25
2007-04-04,2.06,2.23,,4.55,4.66,4.85,2.49,2.43,2.37,2.06,2.23
2007-04-05,2.06,2.22,,4.57,4.68,4.87,2.51,2.46,2.41,2.06,2.22
2007-04-06,2.12,2.27,,4.67,4.76,4.92,2.55,2.49,2.43,2.12,2.27
2007-04-09,2.14,2.27,,4.66,4.75,4.92,2.52,2.48,2.44,2.14,2.27
2007-04-10,2.12,2.27,,4.63,4.73,4.91,2.51,2.46,2.41,2.12,2.27
2007-04-11,2.14,2.28,,4.66,4.74,4.92,2.52,2.46,2.4,2.14,2.28
2007-04-12,2.14,2.28,,4.66,4.74,4.91,2.52,2.46,2.4,2.14,2.28
2007-04-13,2.18,2.31,,4.68,4.76,4.93,2.5,2.45,2.4,2.18,2.31
2007-04-16,2.18,2.3,,4.67,4.74,4.89,2.49,2.44,2.39,2.18,2.3
2007-04-17,2.17,2.29,,4.61,4.69,4.85,2.44,2.4,2.36,2.17,2.29
2007-04-18,2.15,2.26,,4.56,4.66,4.81,2.41,2.4,2.39,2.15,2.26
2007-04-19,2.13,2.27,,4.57,4.68,4.84,2.44,2.41,2.38,2.13,2.27
2007-04-20,2.13,2.27,,4.57,4.68,4.85,2.44,2.41,2.38,2.13,2.27
2007-04-23,2.09,2.25,,4.55,4.66,4.83,2.46,2.41,2.36,2.09,2.25
2007-04-24,2.09,2.21,,4.51,4.63,4.8,2.42,2.42,2.42,2.09,2.21
2007-04-25,2.1,2.22,,4.55,4.66,4.83,2.45,2.44,2.43,2.1,2.22
2007-04-26,2.13,2.26,,4.59,4.69,4.87,2.46,2.43,2.4,2.13,2.26
2007-04-27,2.12,2.25,,4.59,4.71,4.89,2.47,2.46,2.45,2.12,2.25
2007-04-30,2.06,2.2,,4.51,4.63,4.81,2.45,2.43,2.41,2.06,2.2
2007-05-01,2.07,2.19,,4.54,4.64,4.81,2.47,2.45,2.43,2.07,2.19
2007-05-02,2.08,2.22,,4.55,4.65,4.82,2.47,2.43,2.39,2.08,2.22
2007-05-03,2.14,2.25,,4.59,4.68,4.84,2.45,2.43,2.41,2.14,2.25
2007-05-04,2.13,2.24,,4.55,4.65,4.8,2.42,2.41,2.4,2.13,2.24
2007-05-07,2.18,2.27,,4.55,4.64,4.79,2.37,2.37,2.37,2.18,2.27
2007-05-08,2.16,2.27,,4.54,4.63,4.8,2.38,2.36,2.34,2.16,2.27
2007-05-09,2.2,2.29,,4.58,4.67,4.83,2.38,2.38,2.38,2.2,2.29
2007-05-10,2.15,2.27,,4.56,4.65,4.83,2.41,2.38,2.35,2.15,2.27
2007-05-11,2.2,2.3,,4.58,4.67,4.85,2.38,2.37,2.36,2.2,2.3
2007-05-14,2.2,2.32,,4.61,4.69,4.86,2.41,2.37,2.33,2.2,2.32
2007-05-15,2.28,2.37,,4.63,4.71,4.88,2.35,2.34,2.33,2.28,2.37
2007-05-16,2.28,2.38,,4.62,4.71,4.88,2.34,2.33,2.32,2.28,2.38
2007-05-17,2.32,2.41,,4.68,4.76,4.91,2.36,2.35,2.34,2.32,2.41
2007-05-18,2.37,2.46,,4.74,4.81,4.96,2.37,2.35,2.33,2.37,2.46
2007-05-21,2.36,2.43,,4.71,4.79,4.94,2.35,2.36,2.37,2.36,2.43
2007-05-22,2.42,2.48,,4.76,4.83,4.98,2.34,2.35,2.36,2.42,2.48
2007-05-23,2.44,2.5,,4.79,4.86,5.01,2.35,2.36,2.37,2.44,2.5
2007-05-24,2.43,2.48,,4.79,4.86,5.0,2.36,2.38,2.4,2.43,2.48
2007-05-25,2.43,2.49,,4.8,4.86,5.01,2.37,2.37,2.37,2.43,2.49
2007-05-29,2.5,2.54,,4.82,4.88,5.01,2.32,2.34,2.36,2.5,2.54
2007-05-30,2.5,2.52,,4.83,4.88,5.01,2.33,2.36,2.39,2.5,2.52
2007-05-31,2.53,2.54,,4.86,4.9,5.01,2.33,2.36,2.39,2.53,2.54
2007-06-01,2.58,2.57,,4.92,4.95,5.06,2.34,2.38,2.42,2.58,2.57
2007-06-04,2.55,2.55,,4.91,4.93,5.02,2.36,2.38,2.4,2.55,2.55
2007-06-05,2.61,2.6,,4.96,4.98,5.07,2.35,2.38,2.41,2.61,2.6
2007-06-06,2.57,2.58,,4.94,4.97,5.08,2.37,2.39,2.41,2.57,2.58
2007-06-07,2.67,2.7,,5.05,5.11,5.2,2.38,2.41,2.44,2.67,2.7
2007-06-08,2.68,2.69,,5.06,5.12,5.22,2.38,2.43,2.48,2.68,2.69
2007-06-11,2.69,2.72,,5.07,5.14,5.24,2.38,2.42,2.46,2.69,2.72
2007-06-12,2.79,2.83,,5.18,5.26,5.35,2.39,2.43,2.47,2.79,2.83
2007-06-13,2.74,2.75,,5.13,5.2,5.28,2.39,2.45,2.51,2.74,2.75
2007-06-14,2.74,2.77,,5.16,5.23,5.3,2.42,2.46,2.5,2.74,2.77
2007-06-15,2.68,2.73,,5.1,5.16,5.26,2.42,2.43,2.44,2.68,2.73
2007-06-18,2.68,2.73,,5.07,5.15,5.26,2.39,2.42,2.45,2.68,2.73
2007-06-19,2.62,2.67,,5.0,5.09,5.2,2.38,2.42,2.46,2.62,2.67
2007-06-20,2.68,2.73,,5.05,5.14,5.24,2.37,2.41,2.45,2.68,2.73
2007-06-21,2.69,2.74,,5.06,5.16,5.28,2.37,2.42,2.47,2.69,2.74
2007-06-22,2.63,2.7,,5.02,5.14,5.25,2.39,2.44,2.49,2.63,2.7
2007-06-25,2.6,2.67,,4.97,5.09,5.2,2.37,2.42,2.47,2.6,2.67
2007-06-26,2.64,2.7,,4.99,5.1,5.22,2.35,2.4,2.45,2.64,2.7
2007-06-27,2.64,2.7,,4.97,5.09,5.2,2.33,2.39,2.45,2.64,2.7
2007-06-28,2.66,2.73,,5.02,5.12,5.22,2.36,2.39,2.42,2.66,2.73
2007-06-29,2.59,2.65,,4.92,5.03,5.12,2.33,2.38,2.43,2.59,2.65
2007-07-02,2.56,2.61,,4.9,5.0,5.09,2.34,2.39,2.44,2.56,2.61
2007-07-03,2.61,2.68,,4.95,5.05,5.14,2.34,2.37,2.4,2.61,2.68
2007-07-05,2.69,2.76,,5.05,5.16,5.24,2.36,2.4,2.44,2.69,2.76
2007-07-06,2.72,2.79,,5.1,5.19,5.28,2.38,2.4,2.42,2.72,2.79
2007-07-09,2.68,2.75,,5.07,5.16,5.25,2.39,2.41,2.43,2.68,2.75
2007-07-10,2.57,2.64,,4.93,5.03,5.14,2.36,2.39,2.42,2.57,2.64
2007-07-11,2.63,2.71,,4.98,5.09,5.18,2.35,2.38,2.41,2.63,2.71
2007-07-12,2.67,2.74,,5.03,5.13,5.22,2.36,2.39,2.42,2.67,2.74
2007-07-13,2.67,2.73,,5.01,5.11,5.19,2.34,2.38,2.42,2.67,2.73
2007-07-16,2.66,2.69,,4.95,5.05,5.14,2.29,2.36,2.43,2.66,2.69
2007-07-17,2.71,2.73,,4.98,5.08,5.16,2.27,2.35,2.43,2.71,2.73
2007-07-18,2.61,2.64,,4.91,5.02,5.1,2.3,2.38,2.46,2.61,2.64
2007-07-19,2.63,2.65,,4.94,5.04,5.12,2.31,2.39,2.47,2.63,2.65
2007-07-20,2.57,2.6,,4.85,4.96,5.07,2.28,2.36,2.44,2.57,2.6
2007-07-23,2.62,2.63,,4.86,4.97,5.07,2.24,2.34,2.44,2.62,2.63
2007-07-24,2.58,2.58,,4.82,4.94,5.05,2.24,2.36,2.48,2.58,2.58
2007-07-25,2.55,2.56,,4.8,4.92,5.04,2.25,2.36,2.47,2.55,2.56
2007-07-26,2.43,2.47,,4.61,4.79,4.95,2.18,2.32,2.46,2.43,2.47
2007-07-27,2.45,2.48,,4.6,4.8,4.95,2.15,2.32,2.49,2.45,2.48
2007-07-30,2.47,2.49,,4.64,4.82,4.97,2.17,2.33,2.49,2.47,2.49
2007-07-31,2.43,2.44,,4.6,4.78,4.92,2.17,2.34,2.51,2.43,2.44
2007-08-01,2.43,2.44,,4.6,4.76,4.9,2.17,2.32,2.47,2.43,2.44
2007-08-02,2.47,2.46,,4.62,4.77,4.91,2.15,2.31,2.47,2.47,2.46
2007-08-03,2.41,2.44,,4.52,4.71,4.87,2.11,2.27,2.43,2.41,2.44
2007-08-06,2.44,2.46,,4.52,4.72,4.89,2.08,2.26,2.44,2.44,2.46
2007-08-07,2.51,2.51,,4.6,4.77,4.92,2.09,2.26,2.43,2.51,2.51
2007-08-08,2.58,2.58,,4.69,4.84,5.01,2.11,2.26,2.41,2.58,2.58
2007-08-09,2.5,2.54,,4.58,4.79,5.02,2.08,2.25,2.42,2.5,2.54
2007-08-10,2.52,2.56,,4.59,4.81,5.03,2.07,2.25,2.43,2.52,2.56
2007-08-13,2.5,2.52,,4.57,4.78,5.01,2.07,2.26,2.45,2.5,2.52
2007-08-14,2.44,2.49,,4.51,4.73,4.99,2.07,2.24,2.41,2.44,2.49
2007-08-15,2.37,2.46,,4.41,4.69,5.0,2.04,2.23,2.42,2.37,2.46
2007-08-16,2.27,2.39,,4.26,4.6,4.92,1.99,2.21,2.43,2.27,2.39
2007-08-17,2.32,2.45,,4.35,4.68,5.0,2.03,2.23,2.43,2.32,2.45
2007-08-20,2.33,2.44,,4.32,4.64,4.98,1.99,2.2,2.41,2.33,2.44
2007-08-21,2.28,2.38,,4.27,4.6,4.95,1.99,2.22,2.45,2.28,2.38
2007-08-22,2.33,2.42,,4.34,4.63,4.96,2.01,2.21,2.41,2.33,2.42
2007-08-23,2.33,2.39,,4.36,4.62,4.93,2.03,2.23,2.43,2.33,2.39
2007-08-24,2.39,2.4,,4.42,4.63,4.88,2.03,2.23,2.43,2.39,2.4
2007-08-27,2.36,2.38,,4.39,4.6,4.87,2.03,2.22,2.41,2.36,2.38
2007-08-28,2.29,2.33,,4.25,4.53,4.86,1.96,2.2,2.44,2.29,2.33
2007-08-29,2.32,2.38,,4.31,4.57,4.88,1.99,2.19,2.39,2.32,2.38
2007-08-30,2.26,2.32,,4.21,4.51,4.83,1.95,2.19,2.43,2.26,2.32
2007-08-31,2.28,2.34,,4.25,4.54,4.83,1.97,2.2,2.43,2.28,2.34
2007-09-04,2.29,2.36,,4.26,4.56,4.84,1.97,2.2,2.43,2.29,2.36
2007-09-05,2.19,2.29,,4.16,4.48,4.78,1.97,2.19,2.41,2.19,2.29
2007-09-06,2.23,2.32,,4.2,4.51,4.79,1.97,2.19,2.41,2.23,2.32
2007-09-07,2.07,2.19,,4.03,4.38,4.7,1.96,2.19,2.42,2.07,2.19
2007-09-10,2.02,2.14,,4.0,4.34,4.65,1.98,2.2,2.42,2.02,2.14
2007-09-11,2.06,2.16,,4.07,4.37,4.65,2.01,2.21,2.41,2.06,2.16
2007-09-12,2.07,2.18,,4.11,4.41,4.68,2.04,2.23,2.42,2.07,2.18
2007-09-13,2.15,2.24,,4.22,4.49,4.75,2.07,2.25,2.43,2.15,2.24
2007-09-14,2.11,2.2,,4.18,4.47,4.72,2.07,2.27,2.47,2.11,2.2
2007-09-17,2.13,2.21,,4.21,4.48,4.72,2.08,2.27,2.46,2.13,2.21
2007-09-18,2.09,2.19,,4.19,4.5,4.77,2.1,2.31,2.52,2.09,2.19
2007-09-19,2.08,2.21,,4.2,4.53,4.83,2.12,2.32,2.52,2.08,2.21
2007-09-20,2.22,2.34,,4.35,4.69,4.96,2.13,2.35,2.57,2.22,2.34
2007-09-21,2.18,2.31,,4.31,4.64,4.89,2.13,2.33,2.53,2.18,2.31
2007-09-24,2.21,2.33,,4.31,4.63,4.88,2.1,2.3,2.5,2.21,2.33
2007-09-25,2.19,2.34,,4.26,4.63,4.89,2.07,2.29,2.51,2.19,2.34
2007-09-26,2.19,2.34,,4.27,4.63,4.9,2.08,2.29,2.5,2.19,2.34
2007-09-27,2.11,2.27,,4.22,4.58,4.84,2.11,2.31,2.51,2.11,2.27
2007-09-28,2.12,2.27,,4.23,4.59,4.83,2.11,2.32,2.53,2.12,2.27
2007-10-01,2.11,2.26,,4.24,4.56,4.79,2.13,2.3,2.47,2.11,2.26
2007-10-02,2.08,2.23,,4.2,4.54,4.77,2.12,2.31,2.5,2.08,2.23
2007-10-03,2.11,2.25,,4.24,4.55,4.79,2.13,2.3,2.47,2.11,2.25
2007-10-04,2.09,2.24,,4.22,4.54,4.77,2.13,2.3,2.47,2.09,2.24
2007-10-05,2.19,2.34,,4.33,4.65,4.87,2.14,2.31,2.48,2.19,2.34
2007-10-09,2.2,2.34,,4.38,4.67,4.87,2.18,2.33,2.48,2.2,2.34
2007-10-10,2.19,2.33,,4.37,4.65,4.86,2.18,2.32,2.46,2.19,2.33
2007-10-11,2.17,2.32,,4.36,4.66,4.87,2.19,2.34,2.49,2.17,2.32
2007-10-12,2.22,2.36,,4.42,4.7,4.91,2.2,2.34,2.48,2.22,2.36
2007-10-15,2.18,2.34,,4.4,4.69,4.91,2.22,2.35,2.48,2.18,2.34
2007-10-16,2.11,2.31,,4.34,4.66,4.9,2.23,2.35,2.47,2.11,2.31
2007-10-17,2.01,2.22,,4.22,4.57,4.82,2.21,2.35,2.49,2.01,2.22
2007-10-18,1.96,2.2,,4.17,4.52,4.78,2.21,2.32,2.43,1.96,2.2
2007-10-19,1.84,2.09,,4.03,4.41,4.68,2.19,2.32,2.45,1.84,2.09
2007-10-22,1.88,2.11,,4.08,4.42,4.68,2.2,2.31,2.42,1.88,2.11
2007-10-23,1.89,2.11,,4.06,4.41,4.69,2.17,2.3,2.43,1.89,2.11
2007-10-24,1.83,2.07,,3.99,4.36,4.64,2.16,2.29,2.42,1.83,2.07
2007-10-25,1.79,2.04,,4.01,4.37,4.66,2.22,2.33,2.44,1.79,2.04
2007-10-26,1.8,2.05,,4.04,4.41,4.68,2.24,2.36,2.48,1.8,2.05
2007-10-29,1.79,2.04,,4.04,4.39,4.66,2.25,2.35,2.45,1.79,2.04
2007-10-30,1.81,2.06,,4.06,4.4,4.68,2.25,2.34,2.43,1.81,2.06
2007-10-31,1.9,2.14,,4.16,4.48,4.74,2.26,2.34,2.42,1.9,2.14
2007-11-01,1.74,2.0,,4.02,4.36,4.64,2.28,2.36,2.44,1.74,2.0
2007-11-02,1.62,1.92,,3.93,4.31,4.61,2.31,2.39,2.47,1.62,1.92
2007-11-05,1.61,1.94,,3.96,4.35,4.63,2.35,2.41,2.47,1.61,1.94
2007-11-06,1.59,1.93,,3.99,4.38,4.66,2.4,2.45,2.5,1.59,1.93
2007-11-07,1.54,1.91,,3.92,4.34,4.67,2.38,2.43,2.48,1.54,1.91
2007-11-08,1.47,1.88,,3.81,4.28,4.67,2.34,2.4,2.46,1.47,1.88
2007-11-09,1.4,1.82,,3.77,4.23,4.61,2.37,2.41,2.45,1.4,1.82
2007-11-13,1.46,1.86,,3.84,4.26,4.61,2.38,2.4,2.42,1.46,1.86
2007-11-14,1.5,1.88,,3.86,4.28,4.61,2.36,2.4,2.44,1.5,1.88
2007-11-15,1.39,1.81,,3.71,4.17,4.54,2.32,2.36,2.4,1.39,1.81
2007-11-16,1.37,1.8,,3.68,4.15,4.52,2.31,2.35,2.39,1.37,1.8
2007-11-19,1.26,1.7,,3.57,4.07,4.47,2.31,2.37,2.43,1.26,1.7
2007-11-20,1.2,1.68,,3.52,4.06,4.49,2.32,2.38,2.44,1.2,1.68
2007-11-21,1.11,1.62,,3.4,4.0,4.46,2.29,2.38,2.47,1.11,1.62
2007-11-23,1.14,1.63,,3.42,4.01,4.43,2.28,2.38,2.48,1.14,1.63
2007-11-26,0.96,1.45,,3.23,3.83,4.26,2.27,2.38,2.49,0.96,1.45
2007-11-27,1.11,1.58,,3.38,3.95,4.36,2.27,2.37,2.47,1.11,1.58
2007-11-28,1.25,1.71,,3.5,4.03,4.41,2.25,2.32,2.39,1.25,1.71
2007-11-29,1.16,1.61,,3.42,3.94,4.35,2.26,2.33,2.4,1.16,1.61
2007-11-30,1.17,1.63,,3.41,3.97,4.4,2.24,2.34,2.44,1.17,1.63
2007-12-03,1.08,1.57,,3.28,3.89,4.34,2.2,2.32,2.44,1.08,1.57
2007-12-04,1.11,1.59,,3.28,3.89,4.34,2.17,2.3,2.43,1.11,1.59
2007-12-05,1.15,1.66,,3.28,3.92,4.39,2.13,2.26,2.39,1.15,1.66
2007-12-06,1.25,1.77,,3.39,4.02,4.49,2.14,2.25,2.36,1.25,1.77
2007-12-07,1.37,1.86,,3.51,4.12,4.58,2.14,2.26,2.38,1.37,1.86
2007-12-10,1.4,1.89,,3.54,4.15,4.6,2.14,2.26,2.38,1.4,1.89
2007-12-11,1.22,1.73,,3.32,3.98,4.47,2.1,2.25,2.4,1.22,1.73
2007-12-12,1.26,1.78,,3.41,4.05,4.51,2.15,2.27,2.39,1.26,1.78
2007-12-13,1.35,1.87,,3.54,4.18,4.61,2.19,2.31,2.43,1.35,1.87
2007-12-14,1.39,1.9,,3.63,4.24,4.66,2.24,2.34,2.44,1.39,1.9
2007-12-17,1.32,1.86,,3.57,4.2,4.62,2.25,2.34,2.43,1.32,1.86
2007-12-18,1.27,1.8,,3.53,4.14,4.55,2.26,2.34,2.42,1.27,1.8
2007-12-19,1.21,1.73,,3.46,4.06,4.47,2.25,2.33,2.41,1.21,1.73
2007-12-20,1.22,1.74,,3.45,4.04,4.46,2.23,2.3,2.37,1.22,1.74
2007-12-21,1.32,1.84,,3.58,4.18,4.58,2.26,2.34,2.42,1.32,1.84
2007-12-24,1.37,1.88,,3.65,4.23,4.62,2.28,2.35,2.42,1.37,1.88
2007-12-26,1.43,1.95,,3.72,4.3,4.68,2.29,2.35,2.41,1.43,1.95
2007-12-27,1.31,1.85,,3.64,4.21,4.61,2.33,2.36,2.39,1.31,1.85
2007-12-28,1.23,1.78,,3.52,4.11,4.51,2.29,2.33,2.37,1.23,1.78
2007-12-31,1.18,1.73,,3.45,4.04,4.45,2.27,2.31,2.35,1.18,1.73
2008-01-02,1.0,1.59,,3.28,3.91,4.35,2.28,2.32,2.36,1.0,1.59
2008-01-03,0.98,1.58,,3.26,3.91,4.37,2.28,2.33,2.38,0.98,1.58
2008-01-04,0.93,1.56,,3.18,3.88,4.36,2.25,2.32,2.39,0.93,1.56
2008-01-07,0.94,1.57,,3.16,3.86,4.34,2.22,2.29,2.36,0.94,1.57
2008-01-08,0.95,1.57,,3.16,3.86,4.35,2.21,2.29,2.37,0.95,1.57
2008-01-09,0.94,1.56,,3.1,3.82,4.32,2.16,2.26,2.36,0.94,1.56
2008-01-10,1.04,1.68,,3.16,3.91,4.44,2.12,2.23,2.34,1.04,1.68
2008-01-11,0.91,1.56,,3.06,3.82,4.39,2.15,2.26,2.37,0.91,1.56
2008-01-14,0.89,1.53,,3.08,3.81,4.37,2.19,2.28,2.37,0.89,1.53
2008-01-15,0.84,1.45,,3.0,3.72,4.28,2.16,2.27,2.38,0.84,1.45
2008-01-16,0.89,1.5,,3.0,3.74,4.32,2.11,2.24,2.37,0.89,1.5
2008-01-17,0.84,1.43,,2.9,3.66,4.25,2.06,2.23,2.4,0.84,1.43
2008-01-18,0.82,1.42,,2.86,3.66,4.28,2.04,2.24,2.44,0.82,1.42
2008-01-22,0.67,1.28,,2.64,3.52,4.23,1.97,2.24,2.51,0.67,1.28
2008-01-23,0.72,1.31,,2.64,3.51,4.23,1.92,2.2,2.48,0.72,1.31
2008-01-24,0.86,1.44,,2.85,3.68,4.36,1.99,2.24,2.49,0.86,1.44
2008-01-25,0.76,1.34,,2.81,3.61,4.28,2.05,2.27,2.49,0.76,1.34
2008-01-28,0.75,1.33,,2.8,3.61,4.29,2.05,2.28,2.51,0.75,1.33
2008-01-29,0.77,1.37,,2.87,3.69,4.34,2.1,2.32,2.54,0.77,1.37
2008-01-30,0.84,1.45,,2.96,3.78,4.44,2.12,2.33,2.54,0.84,1.45
2008-01-31,0.67,1.33,,2.82,3.67,4.35,2.15,2.34,2.53,0.67,1.33
2008-02-01,0.66,1.31,,2.75,3.62,4.32,2.09,2.31,2.53,0.66,1.31
2008-02-04,0.74,1.38,,2.78,3.68,4.37,2.04,2.3,2.56,0.74,1.38
2008-02-05,0.68,1.34,,2.66,3.61,4.33,1.98,2.27,2.56,0.68,1.34
2008-02-06,0.71,1.36,,2.67,3.61,4.37,1.96,2.25,2.54,0.71,1.36
2008-02-07,0.8,1.47,,2.79,3.74,4.51,1.99,2.27,2.55,0.8,1.47
2008-02-08,0.67,1.36,,2.69,3.64,4.43,2.02,2.28,2.54,0.67,1.36
2008-02-11,0.62,1.32,,2.67,3.62,4.41,2.05,2.3,2.55,0.62,1.32
2008-02-12,0.65,1.36,,2.71,3.66,4.46,2.06,2.3,2.54,0.65,1.36
2008-02-13,0.68,1.42,,2.71,3.7,4.52,2.03,2.28,2.53,0.68,1.42
2008-02-14,0.78,1.57,,2.81,3.85,4.67,2.03,2.28,2.53,0.78,1.57
2008-02-15,0.68,1.48,,2.76,3.76,4.58,2.08,2.28,2.48,0.68,1.48
2008-02-19,0.78,1.56,,2.93,3.89,4.66,2.15,2.33,2.51,0.78,1.56
2008-02-20,0.77,1.55,,3.02,3.93,4.65,2.25,2.38,2.51,0.77,1.55
2008-02-21,0.63,1.43,,2.8,3.77,4.54,2.17,2.34,2.51,0.63,1.43
2008-02-22,0.64,1.44,,2.81,3.79,4.58,2.17,2.35,2.53,0.64,1.44
2008-02-25,0.71,1.53,,2.98,3.91,4.67,2.27,2.38,2.49,0.71,1.53
2008-02-26,0.6,1.44,,2.92,3.88,4.66,2.32,2.44,2.56,0.6,1.44
2008-02-27,0.57,1.42,,2.89,3.85,4.65,2.32,2.43,2.54,0.57,1.42
2008-02-28,0.39,1.26,,2.73,3.71,4.55,2.34,2.45,2.56,0.39,1.26
2008-02-29,0.2,1.1,,2.5,3.53,4.41,2.3,2.43,2.56,0.2,1.1
2008-03-03,0.19,1.08,,2.48,3.54,4.42,2.29,2.46,2.63,0.19,1.08
2008-03-04,0.2,1.15,,2.53,3.63,4.52,2.33,2.48,2.63,0.2,1.15
2008-03-05,0.23,1.16,,2.59,3.7,4.6,2.36,2.54,2.72,0.23,1.16
2008-03-06,0.13,1.07,,2.5,3.62,4.57,2.37,2.55,2.73,0.13,1.07
2008-03-07,0.08,1.01,,2.45,3.56,4.55,2.37,2.55,2.73,0.08,1.01
2008-03-10,0.01,0.9,,2.37,3.46,4.45,2.36,2.56,2.76,0.01,0.9
2008-03-11,0.2,1.05,,2.61,3.6,4.53,2.41,2.55,2.69,0.2,1.05
2008-03-12,0.12,0.95,,2.49,3.49,4.4,2.37,2.54,2.71,0.12,0.95
2008-03-13,0.15,1.05,,2.53,3.56,4.47,2.38,2.51,2.64,0.15,1.05
2008-03-14,0.12,1.01,,2.37,3.44,4.35,2.25,2.43,2.61,0.12,1.01
2008-03-17,0.13,1.05,,2.23,3.34,4.29,2.1,2.29,2.48,0.13,1.05
2008-03-18,0.21,1.08,,2.42,3.48,4.35,2.21,2.4,2.59,0.21,1.08
2008-03-19,0.22,1.04,,2.36,3.38,4.22,2.14,2.34,2.54,0.22,1.04
2008-03-20,0.22,1.02,,2.36,3.34,4.17,2.14,2.32,2.5,0.22,1.02
2008-03-24,0.47,1.24,,2.64,3.56,4.33,2.17,2.32,2.47,0.47,1.24
2008-03-25,0.48,1.25,,2.61,3.51,4.3,2.13,2.26,2.39,0.48,1.25
2008-03-26,0.42,1.24,,2.55,3.51,4.33,2.13,2.27,2.41,0.42,1.24
2008-03-27,0.4,1.23,,2.61,3.56,4.38,2.21,2.33,2.45,0.4,1.23
2008-03-28,0.3,1.13,,2.51,3.47,4.33,2.21,2.34,2.47,0.3,1.13
2008-03-31,0.27,1.11,,2.46,3.45,4.3,2.19,2.34,2.49,0.27,1.11
2008-04-01,0.44,1.22,,2.65,3.57,4.4,2.21,2.35,2.49,0.44,1.22
2008-04-02,0.51,1.26,,2.72,3.6,4.38,2.21,2.34,2.47,0.51,1.26
2008-04-03,0.54,1.28,,2.75,3.61,4.4,2.21,2.33,2.45,0.54,1.28
2008-04-04,0.45,1.18,,2.63,3.5,4.32,2.18,2.32,2.46,0.45,1.18
2008-04-07,0.52,1.23,,2.75,3.57,4.36,2.23,2.34,2.45,0.52,1.23
2008-04-08,0.53,1.26,,2.72,3.58,4.37,2.19,2.32,2.45,0.53,1.26
2008-04-09,0.42,1.19,,2.59,3.49,4.31,2.17,2.3,2.43,0.42,1.19
2008-04-10,0.47,1.26,,2.66,3.55,4.34,2.19,2.29,2.39,0.47,1.26
2008-04-11,0.4,1.19,,2.57,3.49,4.3,2.17,2.3,2.43,0.4,1.19
2008-04-14,0.43,1.23,,2.6,3.53,4.35,2.17,2.3,2.43,0.43,1.23
2008-04-15,0.48,1.28,,2.68,3.6,4.42,2.2,2.32,2.44,0.48,1.28
2008-04-16,0.6,1.41,,2.82,3.72,4.54,2.22,2.31,2.4,0.6,1.41
2008-04-17,0.68,1.44,,2.9,3.75,4.54,2.22,2.31,2.4,0.68,1.44
2008-04-18,0.71,1.45,,2.95,3.77,4.51,2.24,2.32,2.4,0.71,1.45
2008-04-21,0.7,1.44,,2.95,3.75,4.48,2.25,2.31,2.37,0.7,1.44
2008-04-22,0.72,1.43,,2.96,3.74,4.46,2.24,2.31,2.38,0.72,1.43
2008-04-23,0.73,1.44,,2.98,3.77,4.49,2.25,2.33,2.41,0.73,1.44
2008-04-24,0.89,1.56,,3.15,3.87,4.56,2.26,2.31,2.36,0.89,1.56
2008-04-25,0.89,1.6,,3.2,3.91,4.61,2.31,2.31,2.31,0.89,1.6
2008-04-28,0.84,1.56,,3.14,3.86,4.57,2.3,2.3,2.3,0.84,1.56
2008-04-29,0.82,1.56,,3.11,3.85,4.55,2.29,2.29,2.29,0.82,1.56
2008-04-30,0.77,1.5,,3.03,3.77,4.49,2.26,2.27,2.28,0.77,1.5
2008-05-01,0.79,1.52,,3.06,3.78,4.49,2.27,2.26,2.25,0.79,1.52
2008-05-02,0.86,1.53,,3.18,3.89,4.57,2.32,2.36,2.4,0.86,1.53
2008-05-05,0.85,1.53,,3.14,3.88,4.58,2.29,2.35,2.41,0.85,1.53
2008-05-06,0.84,1.55,,3.15,3.93,4.64,2.31,2.38,2.45,0.84,1.55
2008-05-07,0.8,1.51,,3.09,3.87,4.61,2.29,2.36,2.43,0.8,1.51
2008-05-08,0.69,1.43,,2.99,3.79,4.5,2.3,2.36,2.42,0.69,1.43
2008-05-09,0.66,1.39,,2.98,3.77,4.53,2.32,2.38,2.44,0.66,1.39
2008-05-12,0.7,1.41,,3.0,3.78,4.53,2.3,2.37,2.44,0.7,1.41
2008-05-13,0.85,1.51,,3.17,3.9,4.62,2.32,2.39,2.46,0.85,1.51
2008-05-14,0.86,1.49,,3.22,3.92,4.63,2.36,2.43,2.5,0.86,1.49
2008-05-15,0.75,1.4,,3.1,3.83,4.56,2.35,2.43,2.51,0.75,1.4
2008-05-16,0.75,1.41,,3.12,3.85,4.58,2.37,2.44,2.51,0.75,1.41
2008-05-19,0.69,1.36,,3.09,3.83,4.56,2.4,2.47,2.54,0.69,1.36
2008-05-20,0.6,1.31,,3.02,3.78,4.53,2.42,2.47,2.52,0.6,1.31
2008-05-21,0.62,1.3,,3.09,3.81,4.55,2.47,2.51,2.55,0.62,1.3
2008-05-22,0.77,1.41,,3.24,3.92,4.63,2.47,2.51,2.55,0.77,1.41
2008-05-23,0.73,1.36,,3.15,3.85,4.57,2.42,2.49,2.56,0.73,1.36
2008-05-27,0.85,1.46,,3.25,3.93,4.65,2.4,2.47,2.54,0.85,1.46
2008-05-28,0.97,1.58,,3.36,4.03,4.71,2.39,2.45,2.51,0.97,1.58
2008-05-29,1.01,1.62,,3.41,4.08,4.76,2.4,2.46,2.52,1.01,1.62
2008-05-30,1.01,1.58,,3.41,4.06,4.72,2.4,2.48,2.56,1.01,1.58
2008-06-02,0.88,1.51,,3.28,3.98,4.68,2.4,2.47,2.54,0.88,1.51
2008-06-03,0.85,1.51,,3.21,3.92,4.63,2.36,2.41,2.46,0.85,1.51
2008-06-04,0.94,1.59,,3.26,3.98,4.71,2.32,2.39,2.46,0.94,1.59
2008-06-05,0.97,1.63,,3.34,4.06,4.75,2.37,2.43,2.49,0.97,1.63
2008-06-06,0.75,1.47,,3.2,3.94,4.65,2.45,2.47,2.49,0.75,1.47
2008-06-09,0.93,1.54,,3.41,4.02,4.64,2.48,2.48,2.48,0.93,1.54
2008-06-10,1.06,1.62,,3.54,4.11,4.7,2.48,2.49,2.5,1.06,1.62
2008-06-11,0.98,1.62,,3.49,4.1,4.72,2.51,2.48,2.45,0.98,1.62
2008-06-12,1.14,1.73,,3.68,4.23,4.77,2.54,2.5,2.46,1.14,1.73
2008-06-13,1.17,1.77,,3.73,4.27,4.79,2.56,2.5,2.44,1.17,1.77
2008-06-16,1.15,1.76,,3.73,4.25,4.77,2.58,2.49,2.4,1.15,1.76
2008-06-17,1.11,1.75,,3.66,4.23,4.78,2.55,2.48,2.41,1.11,1.75
2008-06-18,1.0,1.68,,3.57,4.16,4.72,2.57,2.48,2.39,1.0,1.68
2008-06-19,1.12,1.75,,3.67,4.22,4.76,2.55,2.47,2.39,1.12,1.75
2008-06-20,1.04,1.72,,3.57,4.16,4.71,2.53,2.44,2.35,1.04,1.72
2008-06-23,1.09,1.75,,3.65,4.19,4.71,2.56,2.44,2.32,1.09,1.75
2008-06-24,0.95,1.64,,3.52,4.1,4.65,2.57,2.46,2.35,0.95,1.64
2008-06-25,0.97,1.65,,3.54,4.12,4.65,2.57,2.47,2.37,0.97,1.65
2008-06-26,0.8,1.55,,3.44,4.07,4.62,2.64,2.52,2.4,0.8,1.55
2008-06-27,0.74,1.48,,3.36,3.99,4.53,2.62,2.51,2.4,0.74,1.48
2008-06-30,0.71,1.48,,3.34,3.99,4.53,2.63,2.51,2.39,0.71,1.48
2008-07-01,0.67,1.49,,3.33,4.01,4.55,2.66,2.52,2.38,0.67,1.49
2008-07-02,0.61,1.43,,3.31,3.99,4.51,2.7,2.56,2.42,0.61,1.43
2008-07-03,0.56,1.42,,3.28,3.99,4.53,2.72,2.57,2.42,0.56,1.42
2008-07-07,0.6,1.43,,3.23,3.95,4.51,2.63,2.52,2.41,0.6,1.43
2008-07-08,0.67,1.45,,3.19,3.91,4.46,2.52,2.46,2.4,0.67,1.45
2008-07-09,0.57,1.39,,3.11,3.85,4.42,2.54,2.46,2.38,0.57,1.39
2008-07-10,0.53,1.4,,3.1,3.83,4.42,2.57,2.43,2.29,0.53,1.4
2008-07-11,0.67,1.48,,3.27,3.96,4.52,2.6,2.48,2.36,0.67,1.48
2008-07-14,0.62,1.43,,3.2,3.9,4.47,2.58,2.47,2.36,0.62,1.43
2008-07-15,0.57,1.4,,3.12,3.87,4.48,2.55,2.47,2.39,0.57,1.4
2008-07-16,0.64,1.48,,3.2,3.97,4.59,2.56,2.49,2.42,0.64,1.48
2008-07-17,0.81,1.6,,3.35,4.07,4.65,2.54,2.47,2.4,0.81,1.6
2008-07-18,0.92,1.65,,3.42,4.11,4.66,2.5,2.46,2.42,0.92,1.65
2008-07-21,0.94,1.66,,3.41,4.09,4.64,2.47,2.43,2.39,0.94,1.66
2008-07-22,1.06,1.71,,3.48,4.14,4.67,2.42,2.43,2.44,1.06,1.71
2008-07-23,1.22,1.8,,3.51,4.16,4.69,2.29,2.36,2.43,1.22,1.8
2008-07-24,1.09,1.69,,3.37,4.03,4.6,2.28,2.34,2.4,1.09,1.69
2008-07-25,1.21,1.79,,3.45,4.13,4.69,2.24,2.34,2.44,1.21,1.79
2008-07-28,1.09,1.7,,3.34,4.06,4.63,2.25,2.36,2.47,1.09,1.7
2008-07-29,1.21,1.76,,3.39,4.09,4.64,2.18,2.33,2.48,1.21,1.76
2008-07-30,1.14,1.71,,3.36,4.07,4.64,2.22,2.36,2.5,1.14,1.71
2008-07-31,1.09,1.65,,3.25,3.99,4.59,2.16,2.34,2.52,1.09,1.65
2008-08-01,1.06,1.63,,3.23,3.97,4.57,2.17,2.34,2.51,1.06,1.63
2008-08-04,1.09,1.64,,3.23,3.98,4.58,2.14,2.34,2.54,1.09,1.64
2008-08-05,1.18,1.74,,3.28,4.04,4.63,2.1,2.3,2.5,1.18,1.74
2008-08-06,1.22,1.79,,3.3,4.06,4.68,2.08,2.27,2.46,1.22,1.79
2008-08-07,1.07,1.68,,3.16,3.92,4.56,2.09,2.24,2.39,1.07,1.68
2008-08-08,1.17,1.72,,3.21,3.94,4.55,2.04,2.22,2.4,1.17,1.72
2008-08-11,1.26,1.8,,3.27,3.99,4.61,2.01,2.19,2.37,1.26,1.8
2008-08-12,1.17,1.72,,3.16,3.91,4.55,1.99,2.19,2.39,1.17,1.72
2008-08-13,1.2,1.75,,3.21,3.94,4.57,2.01,2.19,2.37,1.2,1.75
2008-08-14,1.13,1.67,,3.15,3.89,4.52,2.02,2.22,2.42,1.13,1.67
2008-08-15,1.16,1.66,,3.11,3.84,4.47,1.95,2.18,2.41,1.16,1.66
2008-08-18,1.15,1.67,,3.07,3.82,4.44,1.92,2.15,2.38,1.15,1.67
2008-08-19,1.15,1.68,,3.07,3.83,4.47,1.92,2.15,2.38,1.15,1.68
2008-08-20,1.06,1.6,,3.0,3.79,4.43,1.94,2.19,2.44,1.06,1.6
2008-08-21,1.06,1.61,,3.08,3.84,4.46,2.02,2.23,2.44,1.06,1.61
2008-08-22,1.2,1.69,,3.14,3.87,4.46,1.94,2.18,2.42,1.2,1.69
2008-08-25,1.16,1.64,,3.04,3.79,4.4,1.88,2.15,2.42,1.16,1.64
2008-08-26,1.16,1.63,,3.06,3.79,4.4,1.9,2.16,2.42,1.16,1.63
2008-08-27,1.1,1.58,,3.02,3.77,4.38,1.92,2.19,2.46,1.1,1.58
2008-08-28,1.15,1.62,,3.09,3.79,4.38,1.94,2.17,2.4,1.15,1.62
2008-08-29,1.21,1.68,,3.1,3.83,4.43,1.89,2.15,2.41,1.21,1.68
2008-09-02,1.28,1.69,,3.0,3.74,4.36,1.72,2.05,2.38,1.28,1.69
2008-09-03,1.29,1.71,,2.95,3.71,4.32,1.66,2.0,2.34,1.29,1.71
2008-09-04,1.28,1.7,,2.87,3.64,4.27,1.59,1.94,2.29,1.28,1.7
2008-09-05,1.31,1.71,,2.91,3.66,4.27,1.6,1.95,2.3,1.31,1.71
2008-09-08,1.34,1.68,,2.96,3.66,4.26,1.62,1.98,2.34,1.34,1.68
2008-09-09,1.38,1.69,,2.9,3.62,4.2,1.52,1.93,2.34,1.38,1.69
2008-09-10,1.39,1.7,,2.91,3.65,4.23,1.52,1.95,2.38,1.39,1.7
2008-09-11,1.36,1.67,,2.87,3.64,4.2,1.51,1.97,2.43,1.36,1.67
2008-09-12,1.47,1.79,,2.97,3.74,4.32,1.5,1.95,2.4,1.47,1.79
2008-09-15,1.36,1.7,,2.59,3.47,4.12,1.23,1.77,2.31,1.36,1.7
2008-09-16,1.61,1.85,,2.64,3.48,4.08,1.03,1.63,2.23,1.61,1.85
2008-09-17,1.48,1.81,,2.52,3.41,4.08,1.04,1.6,2.16,1.48,1.81
2008-09-18,1.65,1.94,,2.67,3.54,4.14,1.02,1.6,2.18,1.65,1.94
2008-09-19,1.64,1.85,,3.01,3.78,4.36,1.37,1.93,2.49,1.64,1.85
2008-09-22,1.6,1.85,,3.04,3.83,4.41,1.44,1.98,2.52,1.6,1.85
2008-09-23,1.78,1.99,,3.03,3.85,4.43,1.25,1.86,2.47,1.78,1.99
2008-09-24,1.82,2.05,,2.91,3.8,4.4,1.09,1.75,2.41,1.82,2.05
2008-09-25,1.91,2.09,,3.09,3.88,4.4,1.18,1.79,2.4,1.91,2.09
2008-09-26,1.9,2.1,,3.05,3.85,4.36,1.15,1.75,2.35,1.9,2.1
2008-09-29,1.76,2.03,,2.7,3.61,4.13,0.94,1.58,2.22,1.76,2.03
2008-09-30,2.01,2.25,,2.98,3.85,4.31,0.97,1.6,2.23,2.01,2.25
2008-10-01,1.92,2.26,,2.87,3.77,4.22,0.95,1.51,2.07,1.92,2.26
2008-10-02,1.75,2.17,,2.68,3.66,4.16,0.93,1.49,2.05,1.75,2.17
2008-10-03,1.68,2.18,,2.64,3.63,4.11,0.96,1.45,1.94,1.68,2.18
2008-10-06,1.7,2.21,,2.45,3.48,3.99,0.75,1.27,1.79,1.7,2.21
2008-10-07,1.83,2.32,,2.45,3.5,4.01,0.62,1.18,1.74,1.83,2.32
2008-10-08,2.27,2.69,,2.7,3.72,4.09,0.43,1.03,1.63,2.27,2.69
2008-10-09,2.32,2.79,,2.79,3.84,4.14,0.47,1.05,1.63,2.32,2.79
2008-10-10,2.57,2.97,,2.77,3.89,4.15,0.2,0.92,1.65,2.57,2.97
2008-10-14,2.77,3.05,,3.01,4.08,4.27,0.24,1.03,1.83,2.77,3.05
2008-10-15,2.76,3.02,,2.9,4.04,4.25,0.14,1.02,1.91,2.76,3.02
2008-10-16,2.88,3.02,,2.84,3.99,4.25,-0.04,0.97,1.99,2.88,3.02
2008-10-17,2.79,2.87,,2.83,3.98,4.32,0.04,1.11,2.19,2.79,2.87
2008-10-20,2.73,2.76,,2.82,3.91,4.26,0.09,1.15,2.22,2.73,2.76
2008-10-21,2.75,2.63,,2.63,3.76,4.2,-0.12,1.13,2.4,2.75,2.63
2008-10-22,2.8,2.59,,2.56,3.65,4.07,-0.24,1.06,2.38,2.8,2.59
2008-10-23,2.96,2.67,,2.57,3.63,3.99,-0.39,0.96,2.33,2.96,2.67
2008-10-24,3.44,3.02,,2.64,3.76,4.11,-0.8,0.74,2.3,3.44,3.02
2008-10-27,3.74,3.02,,2.67,3.79,4.12,-1.07,0.77,2.64,3.74,3.02
2008-10-28,3.79,3.06,,2.75,3.89,4.19,-1.04,0.83,2.74,3.79,3.06
2008-10-29,3.73,3.05,,2.77,3.93,4.26,-0.96,0.88,2.75,3.73,3.05
2008-10-30,3.65,3.06,,2.84,4.0,4.3,-0.81,0.94,2.72,3.65,3.06
2008-10-31,3.76,3.14,,2.8,4.01,4.35,-0.96,0.87,2.73,3.76,3.14
2008-11-03,3.66,3.09,,2.71,3.96,4.33,-0.95,0.87,2.72,3.66,3.09
2008-11-04,3.45,2.88,,2.56,3.81,4.2,-0.89,0.93,2.78,3.45,2.88
2008-11-05,3.4,2.76,,2.5,3.73,4.13,-0.9,0.97,2.88,3.4,2.76
2008-11-06,3.48,2.81,,2.46,3.75,4.19,-1.02,0.94,2.94,3.48,2.81
2008-11-07,3.56,2.86,,2.56,3.83,4.25,-1.0,0.97,2.98,3.56,2.86
2008-11-10,3.52,2.84,,2.51,3.82,4.21,-1.01,0.98,3.01,3.52,2.84
2008-11-12,3.46,2.79,,2.37,3.75,4.17,-1.09,0.96,3.05,3.46,2.79
2008-11-13,3.5,2.95,,2.43,3.84,4.34,-1.07,0.89,2.89,3.5,2.95
2008-11-14,3.43,2.87,,2.33,3.72,4.22,-1.1,0.85,2.84,3.43,2.87
2008-11-17,3.44,2.85,,2.32,3.68,4.2,-1.12,0.83,2.82,3.44,2.85
2008-11-18,3.51,2.92,,2.22,3.53,4.14,-1.29,0.61,2.55,3.51,2.92
2008-11-19,3.61,2.98,,2.08,3.38,3.96,-1.53,0.4,2.37,3.61,2.98
2008-11-20,3.73,3.06,,1.94,3.1,3.64,-1.79,0.04,1.9,3.73,3.06
2008-11-21,3.96,3.15,,2.02,3.2,3.7,-1.94,0.05,2.08,3.96,3.15
2008-11-24,4.19,3.11,,2.24,3.35,3.78,-1.95,0.24,2.48,4.19,3.11
2008-11-25,4.12,2.79,,2.06,3.11,3.63,-2.06,0.32,2.76,4.12,2.79
2008-11-26,4.24,2.68,,2.01,2.99,3.54,-2.23,0.31,2.92,4.24,2.68
2008-11-28,4.17,2.6,,1.93,2.93,3.45,-2.24,0.33,2.97,4.17,2.6
2008-12-01,2.03,2.38,,1.71,2.72,3.22,-0.32,0.34,1.0,2.03,2.38
2008-12-02,1.73,2.26,,1.65,2.68,3.18,-0.08,0.42,0.92,1.73,2.26
2008-12-03,1.57,2.14,,1.6,2.67,3.17,0.03,0.53,1.03,1.57,2.14
2008-12-04,1.47,1.98,,1.51,2.55,3.06,0.04,0.57,1.1,1.47,1.98
2008-12-05,1.79,2.23,,1.67,2.67,3.11,-0.12,0.44,1.0,1.79,2.23
2008-12-08,2.04,2.47,,1.76,2.77,3.16,-0.28,0.3,0.88,2.04,2.47
2008-12-09,1.94,2.41,,1.61,2.67,3.06,-0.33,0.26,0.85,1.94,2.41
2008-12-10,1.98,2.44,,1.62,2.69,3.09,-0.36,0.25,0.86,1.98,2.44
2008-12-11,1.9,2.35,,1.55,2.64,3.07,-0.35,0.29,0.93,1.9,2.35
2008-12-12,1.93,2.43,,1.55,2.6,3.07,-0.38,0.17,0.72,1.93,2.43
2008-12-15,2.09,2.43,,1.5,2.53,2.98,-0.59,0.1,0.79,2.09,2.43
2008-12-16,1.64,2.21,,1.34,2.37,2.86,-0.3,0.16,0.62,1.64,2.21
2008-12-17,1.26,1.86,,1.35,2.2,2.66,0.09,0.34,0.59,1.26,1.86
2008-12-18,1.37,1.85,,1.26,2.08,2.53,-0.11,0.23,0.57,1.37,1.85
2008-12-19,1.66,1.98,,1.35,2.13,2.55,-0.31,0.15,0.61,1.66,1.98
2008-12-22,1.77,2.01,,1.4,2.16,2.6,-0.37,0.15,0.67,1.77,2.01
2008-12-23,1.8,2.03,,1.53,2.18,2.63,-0.27,0.15,0.57,1.8,2.03
2008-12-24,1.81,2.07,,1.54,2.2,2.63,-0.27,0.13,0.53,1.81,2.07
2008-12-26,1.79,2.03,,1.51,2.16,2.61,-0.28,0.13,0.54,1.79,2.03
2008-12-29,1.66,2.02,,1.45,2.13,2.63,-0.21,0.11,0.43,1.66,2.02
2008-12-30,1.72,2.02,,1.47,2.11,2.58,-0.25,0.09,0.43,1.72,2.02
2008-12-31,1.81,2.14,,1.55,2.25,2.69,-0.26,0.11,0.48,1.81,2.14
2009-01-02,1.97,2.29,,1.72,2.46,2.83,-0.25,0.17,0.59,1.97,2.29
2009-01-05,1.86,2.34,,1.67,2.49,3.0,-0.19,0.15,0.49,1.86,2.34
2009-01-06,1.82,2.09,,1.68,2.51,3.04,-0.14,0.42,0.98,1.82,2.09
2009-01-07,1.75,2.05,,1.66,2.52,3.05,-0.09,0.47,1.03,1.75,2.05
2009-01-08,1.68,1.97,,1.6,2.47,3.04,-0.08,0.5,1.08,1.68,1.97
2009-01-09,1.6,1.87,,1.51,2.43,3.04,-0.09,0.56,1.21,1.6,1.87
2009-01-12,1.55,1.75,,1.45,2.34,2.99,-0.1,0.59,1.28,1.55,1.75
2009-01-13,1.47,1.74,,1.44,2.33,3.0,-0.03,0.59,1.21,1.47,1.74
2009-01-14,1.49,1.79,,1.36,2.24,2.89,-0.13,0.45,1.03,1.49,1.79
2009-01-15,1.46,1.78,,1.36,2.23,2.86,-0.1,0.45,1.0,1.46,1.78
2009-01-16,1.47,1.81,,1.47,2.36,2.89,0.0,0.55,1.1,1.47,1.81
2009-01-20,1.45,1.82,,1.48,2.4,2.97,0.03,0.58,1.13,1.45,1.82
2009-01-21,1.56,1.98,,1.6,2.56,3.15,0.04,0.58,1.12,1.56,1.98
2009-01-22,1.52,1.97,,1.61,2.62,3.25,0.09,0.65,1.21,1.52,1.97
2009-01-23,1.55,1.93,,1.64,2.65,3.32,0.09,0.72,1.35,1.55,1.93
2009-01-26,1.57,1.92,,1.67,2.7,3.39,0.1,0.78,1.46,1.57,1.92
2009-01-27,1.44,1.77,,1.59,2.59,3.26,0.15,0.82,1.49,1.44,1.77
2009-01-28,1.45,1.81,,1.7,2.71,3.44,0.25,0.9,1.55,1.45,1.81
2009-01-29,1.57,1.83,,1.87,2.87,3.57,0.3,1.04,1.79,1.57,1.83
2009-01-30,1.47,1.73,,1.85,2.87,3.58,0.38,1.14,1.91,1.47,1.73
2009-02-02,1.41,1.69,,1.75,2.76,3.47,0.34,1.07,1.81,1.41,1.69
2009-02-03,1.45,1.76,,1.88,2.89,3.64,0.43,1.13,1.83,1.45,1.76
2009-02-04,1.4,1.78,,1.91,2.95,3.65,0.51,1.17,1.83,1.4,1.78
2009-02-05,1.38,1.84,,1.89,2.95,3.63,0.51,1.11,1.71,1.38,1.84
2009-02-06,1.27,1.82,,1.97,3.05,3.7,0.7,1.23,1.76,1.27,1.82
2009-02-09,1.06,1.66,,1.99,3.07,3.69,0.93,1.41,1.89,1.06,1.66
2009-02-10,1.03,1.65,,1.79,2.9,3.54,0.76,1.25,1.74,1.03,1.65
2009-02-11,1.1,1.66,,1.76,2.78,3.45,0.66,1.12,1.58,1.1,1.66
2009-02-12,1.22,1.61,,1.73,2.75,3.47,0.51,1.14,1.77,1.22,1.61
2009-02-13,1.21,1.68,,1.88,2.89,3.68,0.67,1.21,1.75,1.21,1.68
2009-02-17,1.2,1.53,,1.65,2.64,3.47,0.45,1.11,1.77,1.2,1.53
2009-02-18,1.31,1.63,,1.81,2.74,3.54,0.5,1.11,1.72,1.31,1.63
2009-02-19,1.27,1.73,,1.89,2.85,3.68,0.62,1.12,1.62,1.27,1.73
2009-02-20,1.24,1.67,,1.81,2.78,3.56,0.57,1.11,1.65,1.24,1.67
2009-02-23,1.24,1.7,,1.84,2.78,3.53,0.6,1.08,1.56,1.24,1.7
2009-02-24,1.36,1.82,,1.89,2.8,3.49,0.53,0.98,1.43,1.36,1.82
2009-02-25,1.46,1.98,,2.06,2.95,3.59,0.6,0.97,1.34,1.46,1.98
2009-02-26,1.48,2.02,,2.07,2.98,3.66,0.59,0.96,1.33,1.48,2.02
2009-02-27,1.41,2.06,,1.99,3.02,3.71,0.58,0.96,1.34,1.41,2.06
2009-03-02,1.34,2.0,,1.86,2.91,3.64,0.52,0.91,1.3,1.34,2.0
2009-03-03,1.45,2.02,,1.87,2.93,3.67,0.42,0.91,1.4,1.45,2.02
2009-03-04,1.5,2.09,,1.97,3.01,3.69,0.47,0.92,1.37,1.5,2.09
2009-03-05,1.4,1.98,,1.82,2.83,3.51,0.42,0.85,1.28,1.4,1.98
2009-03-06,1.46,2.02,,1.83,2.83,3.5,0.37,0.81,1.25,1.46,2.02
2009-03-09,1.52,2.06,,1.9,2.89,3.59,0.38,0.83,1.28,1.52,2.06
2009-03-10,1.61,2.15,,1.99,2.99,3.7,0.38,0.84,1.3,1.61,2.15
2009-03-11,1.57,2.03,,1.96,2.95,3.67,0.39,0.92,1.45,1.57,2.03
2009-03-12,1.41,1.88,,1.92,2.89,3.63,0.51,1.01,1.51,1.41,1.88
2009-03-13,1.37,1.87,,1.87,2.89,3.66,0.5,1.02,1.54,1.37,1.87
2009-03-16,1.35,1.88,,1.91,2.97,3.76,0.56,1.09,1.62,1.35,1.88
2009-03-17,1.41,1.9,,2.0,3.02,3.83,0.59,1.12,1.65,1.41,1.9
2009-03-18,0.94,1.28,,1.54,2.51,3.57,0.6,1.23,1.86,0.94,1.28
2009-03-19,0.98,1.31,,1.64,2.61,3.62,0.66,1.3,1.94,0.98,1.31
2009-03-20,1.03,1.43,,1.66,2.65,3.65,0.63,1.22,1.81,1.03,1.43
2009-03-23,1.05,1.4,,1.69,2.68,3.69,0.64,1.28,1.92,1.05,1.4
2009-03-24,0.97,1.36,,1.7,2.68,3.6,0.73,1.32,1.91,0.97,1.36
2009-03-25,1.02,1.44,,1.84,2.81,3.73,0.82,1.37,1.92,1.02,1.44
2009-03-26,0.85,1.3,,1.8,2.76,3.66,0.95,1.46,1.97,0.85,1.3
2009-03-27,0.89,1.38,,1.79,2.78,3.62,0.9,1.4,1.9,0.89,1.38
2009-03-30,0.94,1.39,,1.72,2.73,3.6,0.78,1.34,1.9,0.94,1.39
2009-03-31,0.94,1.43,,1.67,2.71,3.56,0.73,1.28,1.83,0.94,1.43
2009-04-01,0.93,1.37,,1.65,2.68,3.51,0.72,1.31,1.9,0.93,1.37
2009-04-02,1.0,1.44,,1.74,2.77,3.57,0.74,1.33,1.92,1.0,1.44
2009-04-03,1.07,1.53,,1.87,2.91,3.7,0.8,1.38,1.96,1.07,1.53
2009-04-06,1.02,1.52,,1.9,2.95,3.73,0.88,1.43,1.98,1.02,1.52
2009-04-07,1.07,1.61,,1.87,2.93,3.72,0.8,1.32,1.84,1.07,1.61
2009-04-08,1.05,1.57,,1.83,2.86,3.66,0.78,1.29,1.8,1.05,1.57
2009-04-09,1.08,1.62,,1.9,2.96,3.76,0.82,1.34,1.86,1.08,1.62
2009-04-13,1.04,1.55,,1.81,2.88,3.69,0.77,1.33,1.89,1.04,1.55
2009-04-14,0.96,1.52,,1.71,2.8,3.64,0.75,1.28,1.81,0.96,1.52
2009-04-15,1.02,1.55,,1.71,2.82,3.66,0.69,1.27,1.85,1.02,1.55
2009-04-16,1.06,1.59,,1.79,2.86,3.72,0.73,1.27,1.81,1.06,1.59
2009-04-17,1.18,1.7,,1.91,2.98,3.79,0.73,1.28,1.83,1.18,1.7
2009-04-20,1.21,1.66,,1.82,2.88,3.69,0.61,1.22,1.83,1.21,1.66
2009-04-21,1.25,1.69,,1.87,2.94,3.74,0.62,1.25,1.88,1.25,1.69
2009-04-22,1.28,1.65,,1.92,2.98,3.82,0.64,1.33,2.02,1.28,1.65
2009-04-23,1.25,1.52,,1.89,2.96,3.8,0.64,1.44,2.25,1.25,1.52
2009-04-24,1.23,1.53,,1.96,3.03,3.89,0.73,1.5,2.28,1.23,1.53
2009-04-27,1.12,1.48,,1.87,2.95,3.84,0.75,1.47,2.2,1.12,1.48
2009-04-28,1.16,1.54,,1.97,3.05,3.97,0.81,1.51,2.21,1.16,1.54
2009-04-29,1.14,1.59,,2.01,3.12,4.01,0.87,1.53,2.19,1.14,1.59
2009-04-30,1.2,1.69,,2.02,3.16,4.05,0.82,1.47,2.12,1.2,1.69
2009-05-01,1.24,1.8,,2.03,3.21,4.09,0.79,1.41,2.03,1.24,1.8
2009-05-04,1.19,1.77,,2.03,3.19,4.06,0.84,1.42,2.0,1.19,1.77
2009-05-05,1.19,1.77,,2.05,3.2,4.06,0.86,1.43,2.0,1.19,1.77
2009-05-06,1.13,1.74,,2.06,3.18,4.09,0.93,1.44,1.95,1.13,1.74
2009-05-07,1.1,1.74,,2.15,3.29,4.25,1.05,1.55,2.05,1.1,1.74
2009-05-08,1.11,1.77,,2.15,3.29,4.28,1.04,1.52,2.0,1.11,1.77
2009-05-11,1.04,1.7,,2.04,3.17,4.18,1.0,1.47,1.94,1.04,1.7
2009-05-12,1.03,1.69,,2.02,3.17,4.16,0.99,1.48,1.97,1.03,1.69
2009-05-13,1.02,1.67,,1.98,3.11,4.09,0.96,1.44,1.92,1.02,1.67
2009-05-14,1.02,1.68,,1.98,3.1,4.06,0.96,1.42,1.88,1.02,1.68
2009-05-15,1.01,1.66,,2.01,3.14,4.09,1.0,1.48,1.96,1.01,1.66
2009-05-18,1.06,1.66,,2.09,3.22,4.18,1.03,1.56,2.09,1.06,1.66
2009-05-19,1.03,1.65,,2.12,3.25,4.21,1.09,1.6,2.11,1.03,1.65
2009-05-20,0.96,1.56,,2.05,3.19,4.14,1.09,1.63,2.17,0.96,1.56
2009-05-21,1.03,1.67,,2.16,3.35,4.3,1.13,1.68,2.23,1.03,1.67
2009-05-22,1.04,1.72,,2.23,3.45,4.38,1.19,1.73,2.27,1.04,1.72
2009-05-26,1.05,1.72,,2.3,3.5,4.45,1.25,1.78,2.31,1.05,1.72
2009-05-27,1.06,1.83,,2.43,3.71,4.59,1.37,1.88,2.39,1.06,1.83
2009-05-28,1.13,1.87,,2.46,3.67,4.54,1.33,1.8,2.27,1.13,1.87
2009-05-29,0.98,1.67,,2.34,3.47,4.34,1.36,1.8,2.24,0.98,1.67
2009-06-01,1.02,1.8,,2.55,3.71,4.55,1.53,1.91,2.29,1.02,1.8
2009-06-02,0.93,1.69,,2.52,3.65,4.5,1.59,1.96,2.33,0.93,1.69
2009-06-03,0.93,1.68,,2.43,3.56,4.45,1.5,1.88,2.26,0.93,1.68
2009-06-04,1.01,1.83,,2.56,3.72,4.58,1.55,1.89,2.23,1.01,1.83
2009-06-05,1.14,1.88,,2.85,3.84,4.63,1.71,1.96,2.21,1.14,1.88
2009-06-08,1.24,1.94,,2.95,3.91,4.65,1.71,1.97,2.23,1.24,1.94
2009-06-09,1.11,1.88,,2.86,3.86,4.64,1.75,1.98,2.21,1.11,1.88
2009-06-10,1.08,1.91,,2.93,3.98,4.76,1.85,2.07,2.29,1.08,1.91
2009-06-11,1.09,1.89,,2.87,3.88,4.69,1.78,1.99,2.2,1.09,1.89
2009-06-12,1.14,1.91,,2.81,3.81,4.65,1.67,1.9,2.13,1.14,1.91
2009-06-15,1.15,1.9,,2.75,3.76,4.61,1.6,1.86,2.12,1.15,1.9
2009-06-16,1.17,1.88,,2.7,3.67,4.48,1.53,1.79,2.05,1.17,1.88
2009-06-17,1.26,1.95,,2.69,3.68,4.5,1.43,1.73,2.03,1.26,1.95
2009-06-18,1.33,1.98,,2.86,3.86,4.63,1.53,1.88,2.23,1.33,1.98
2009-06-19,1.28,1.91,,2.82,3.79,4.52,1.54,1.88,2.22,1.28,1.91
2009-06-22,1.31,1.89,,2.75,3.72,4.45,1.44,1.83,2.22,1.31,1.89
2009-06-23,1.28,1.84,,2.71,3.65,4.37,1.43,1.81,2.19,1.28,1.84
2009-06-24,1.4,1.93,,2.74,3.72,4.44,1.34,1.79,2.24,1.4,1.93
2009-06-25,1.25,1.82,,2.58,3.55,4.33,1.33,1.73,2.13,1.25,1.82
2009-06-26,1.32,1.85,,2.53,3.52,4.3,1.21,1.67,2.13,1.32,1.85
2009-06-29,1.32,1.83,,2.53,3.51,4.31,1.21,1.68,2.15,1.32,1.83
2009-06-30,1.2,1.78,,2.54,3.53,4.32,1.34,1.75,2.16,1.2,1.78
2009-07-01,1.16,1.83,,2.51,3.55,4.34,1.35,1.72,2.09,1.16,1.83
2009-07-02,1.16,1.87,,2.43,3.51,4.32,1.27,1.64,2.01,1.16,1.87
2009-07-06,1.18,2.03,,2.4,3.52,4.35,1.22,1.49,1.76,1.18,2.03
2009-07-07,1.14,1.87,,2.36,3.47,4.31,1.22,1.6,1.98,1.14,1.87
2009-07-08,1.11,1.79,,2.23,3.33,4.17,1.12,1.54,1.96,1.11,1.79
2009-07-09,1.23,1.87,,2.33,3.44,4.31,1.1,1.57,2.04,1.23,1.87
2009-07-10,1.16,1.8,,2.22,3.32,4.2,1.06,1.52,1.98,1.16,1.8
2009-07-13,1.21,1.84,,2.27,3.38,4.25,1.06,1.54,2.02,1.21,1.84
2009-07-14,1.22,1.86,,2.37,3.5,4.38,1.15,1.64,2.13,1.22,1.86
2009-07-15,1.25,1.87,,2.52,3.63,4.48,1.27,1.76,2.25,1.25,1.87
2009-07-16,1.18,1.82,,2.46,3.59,4.45,1.28,1.77,2.26,1.18,1.82
2009-07-17,1.15,1.81,,2.52,3.67,4.53,1.37,1.86,2.35,1.15,1.81
2009-07-20,1.06,1.73,,2.46,3.61,4.47,1.4,1.88,2.36,1.06,1.73
2009-07-21,1.03,1.71,,2.36,3.5,4.38,1.33,1.79,2.25,1.03,1.71
2009-07-22,1.09,1.75,,2.43,3.58,4.45,1.34,1.83,2.32,1.09,1.75
2009-07-23,1.17,1.8,,2.6,3.72,4.58,1.43,1.92,2.41,1.17,1.8
2009-07-24,1.18,1.81,,2.57,3.7,4.55,1.39,1.89,2.39,1.18,1.81
2009-07-27,1.21,1.85,,2.63,3.75,4.62,1.42,1.9,2.38,1.21,1.85
2009-07-28,1.25,1.86,,2.63,3.72,4.56,1.38,1.86,2.34,1.25,1.86
2009-07-29,1.3,1.84,,2.69,3.69,4.5,1.39,1.85,2.31,1.3,1.84
2009-07-30,1.28,1.78,,2.66,3.67,4.44,1.38,1.89,2.4,1.28,1.78
2009-07-31,1.21,1.71,,2.53,3.52,4.31,1.32,1.81,2.3,1.21,1.71
2009-08-03,1.28,1.78,,2.66,3.66,4.42,1.38,1.88,2.38,1.28,1.78
2009-08-04,1.26,1.81,,2.68,3.7,4.45,1.42,1.89,2.36,1.26,1.81
2009-08-05,1.29,1.85,,2.73,3.8,4.57,1.44,1.95,2.46,1.29,1.85
2009-08-06,1.34,1.87,,2.73,3.79,4.53,1.39,1.92,2.45,1.34,1.87
2009-08-07,1.36,1.88,,2.84,3.89,4.61,1.48,2.01,2.54,1.36,1.88
2009-08-10,1.33,1.83,,2.75,3.8,4.52,1.42,1.97,2.52,1.33,1.83
2009-08-11,1.33,1.8,,2.69,3.71,4.44,1.36,1.91,2.46,1.33,1.8
2009-08-12,1.36,1.84,,2.7,3.72,4.53,1.34,1.88,2.42,1.36,1.84
2009-08-13,1.34,1.8,,2.58,3.59,4.44,1.24,1.79,2.34,1.34,1.8
2009-08-14,1.38,1.85,,2.51,3.55,4.41,1.13,1.7,2.27,1.38,1.85
2009-08-17,1.35,1.79,,2.43,3.48,4.33,1.08,1.69,2.3,1.35,1.79
2009-08-18,1.32,1.78,,2.48,3.51,4.35,1.16,1.73,2.3,1.32,1.78
2009-08-19,1.23,1.7,,2.43,3.45,4.28,1.2,1.75,2.3,1.23,1.7
2009-08-20,1.13,1.6,,2.43,3.42,4.24,1.3,1.82,2.34,1.13,1.6
2009-08-21,1.22,1.69,,2.58,3.56,4.36,1.36,1.87,2.38,1.22,1.69
2009-08-24,1.21,1.67,,2.5,3.48,4.27,1.29,1.81,2.33,1.21,1.67
2009-08-25,1.27,1.72,,2.48,3.45,4.22,1.21,1.73,2.25,1.27,1.72
2009-08-26,1.26,1.72,,2.46,3.44,4.2,1.2,1.72,2.24,1.26,1.72
2009-08-27,1.27,1.75,,2.48,3.47,4.23,1.21,1.72,2.23,1.27,1.75
2009-08-28,1.28,1.76,,2.46,3.46,4.21,1.18,1.7,2.22,1.28,1.76
2009-08-31,1.27,1.76,,2.39,3.4,4.18,1.12,1.64,2.16,1.27,1.76
2009-09-01,1.22,1.74,,2.33,3.38,4.19,1.11,1.64,2.17,1.22,1.74
2009-09-02,1.19,1.71,,2.26,3.29,4.09,1.07,1.58,2.09,1.19,1.71
2009-09-03,1.14,1.69,,2.29,3.33,4.15,1.15,1.64,2.13,1.14,1.69
2009-09-04,1.12,1.7,,2.36,3.45,4.27,1.24,1.75,2.26,1.12,1.7
2009-09-08,1.06,1.66,,2.38,3.47,4.31,1.32,1.81,2.3,1.06,1.66
2009-09-09,1.02,1.66,,2.38,3.48,4.33,1.36,1.82,2.28,1.02,1.66
2009-09-10,0.97,1.59,,2.29,3.36,4.19,1.32,1.77,2.22,0.97,1.59
2009-09-11,0.93,1.59,,2.29,3.34,4.18,1.36,1.75,2.14,0.93,1.59
2009-09-14,0.96,1.65,,2.37,3.42,4.22,1.41,1.77,2.13,0.96,1.65
2009-09-15,0.96,1.64,,2.41,3.47,4.27,1.45,1.83,2.21,0.96,1.64
2009-09-16,0.94,1.62,,2.46,3.48,4.26,1.52,1.86,2.2,0.94,1.62
2009-09-17,0.95,1.62,,2.41,3.42,4.19,1.46,1.8,2.14,0.95,1.62
2009-09-18,1.04,1.68,,2.49,3.49,4.24,1.45,1.81,2.17,1.04,1.68
2009-09-21,1.08,1.69,,2.47,3.49,4.23,1.39,1.8,2.21,1.08,1.69
2009-09-22,1.03,1.65,,2.45,3.46,4.2,1.42,1.81,2.2,1.03,1.65
2009-09-23,1.0,1.63,,2.4,3.44,4.21,1.4,1.81,2.22,1.0,1.63
2009-09-24,1.01,1.64,,2.37,3.4,4.17,1.36,1.76,2.16,1.01,1.64
2009-09-25,1.0,1.6,,2.36,3.34,4.1,1.36,1.74,2.12,1.0,1.6
2009-09-28,0.98,1.57,,2.33,3.31,4.04,1.35,1.74,2.13,0.98,1.57
2009-09-29,1.0,1.59,,2.34,3.31,4.03,1.34,1.72,2.1,1.0,1.59
2009-09-30,0.94,1.56,,2.31,3.31,4.03,1.37,1.75,2.13,0.94,1.56
2009-10-01,0.87,1.5,,2.2,3.21,3.97,1.33,1.71,2.09,0.87,1.5
2009-10-02,0.89,1.54,,2.22,3.24,4.01,1.33,1.7,2.07,0.89,1.54
2009-10-05,0.89,1.51,,2.21,3.24,4.01,1.32,1.73,2.14,0.89,1.51
2009-10-06,0.88,1.53,,2.25,3.27,4.07,1.37,1.74,2.11,0.88,1.53
2009-10-07,0.81,1.45,,2.16,3.21,3.99,1.35,1.76,2.17,0.81,1.45
2009-10-08,0.83,1.49,,2.22,3.27,4.09,1.39,1.78,2.17,0.83,1.49
2009-10-09,0.9,1.56,,2.36,3.4,4.22,1.46,1.84,2.22,0.9,1.56
2009-10-13,0.81,1.46,,2.28,3.34,4.16,1.47,1.88,2.29,0.81,1.46
2009-10-14,0.85,1.51,,2.36,3.45,4.28,1.51,1.94,2.37,0.85,1.51
2009-10-15,0.85,1.5,,2.41,3.49,4.31,1.56,1.99,2.42,0.85,1.5
2009-10-16,0.8,1.45,,2.37,3.43,4.24,1.57,1.98,2.39,0.8,1.45
2009-10-19,0.73,1.38,,2.36,3.41,4.21,1.63,2.03,2.43,0.73,1.38
2009-10-20,0.73,1.37,,2.3,3.35,4.16,1.57,1.98,2.39,0.73,1.37
2009-10-21,0.83,1.43,,2.38,3.42,4.22,1.55,1.99,2.43,0.83,1.43
2009-10-22,0.88,1.49,,2.39,3.44,4.24,1.51,1.95,2.39,0.88,1.49
2009-10-23,0.9,1.51,,2.46,3.51,4.29,1.56,2.0,2.44,0.9,1.51
2009-10-26,0.93,1.59,,2.53,3.59,4.37,1.6,2.0,2.4,0.93,1.59
2009-10-27,0.8,1.49,,2.41,3.49,4.29,1.61,2.0,2.39,0.8,1.49
2009-10-28,0.8,1.48,,2.37,3.44,4.25,1.57,1.96,2.35,0.8,1.48
2009-10-29,0.8,1.5,,2.44,3.53,4.35,1.64,2.03,2.42,0.8,1.5
2009-10-30,0.7,1.41,,2.31,3.41,4.23,1.61,2.0,2.39,0.7,1.41
2009-11-02,0.7,1.41,,2.33,3.45,4.26,1.63,2.04,2.45,0.7,1.41
2009-11-03,0.73,1.45,,2.36,3.5,4.34,1.63,2.05,2.47,0.73,1.45
2009-11-04,0.69,1.45,,2.39,3.57,4.41,1.7,2.12,2.54,0.69,1.45
2009-11-05,0.64,1.41,,2.35,3.57,4.41,1.71,2.16,2.61,0.64,1.41
2009-11-06,0.6,1.37,,2.3,3.54,4.4,1.7,2.17,2.64,0.6,1.37
2009-11-09,0.52,1.3,,2.31,3.52,4.4,1.79,2.22,2.65,0.52,1.3
2009-11-10,0.53,1.31,,2.31,3.5,4.41,1.78,2.19,2.6,0.53,1.31
2009-11-12,0.55,1.33,,2.28,3.45,4.41,1.73,2.12,2.51,0.55,1.33
2009-11-13,0.55,1.31,,2.28,3.43,4.36,1.73,2.12,2.51,0.55,1.31
2009-11-16,0.46,1.21,,2.19,3.33,4.26,1.73,2.12,2.51,0.46,1.21
2009-11-17,0.45,1.2,,2.19,3.33,4.26,1.74,2.13,2.52,0.45,1.2
2009-11-18,0.41,1.21,,2.21,3.36,4.29,1.8,2.15,2.5,0.41,1.21
2009-11-19,0.4,1.21,,2.18,3.35,4.29,1.78,2.14,2.5,0.4,1.21
2009-11-20,0.4,1.21,,2.2,3.36,4.3,1.8,2.15,2.5,0.4,1.21
2009-11-23,0.38,1.2,,2.2,3.37,4.29,1.82,2.17,2.52,0.38,1.2
2009-11-24,0.34,1.21,,2.15,3.32,4.25,1.81,2.11,2.41,0.34,1.21
2009-11-25,0.3,1.16,,2.11,3.28,4.23,1.81,2.12,2.43,0.3,1.16
2009-11-27,0.29,1.15,,2.03,3.21,4.21,1.74,2.06,2.38,0.29,1.15
2009-11-30,0.26,1.13,,2.01,3.21,4.2,1.75,2.08,2.41,0.26,1.13
2009-12-01,0.23,1.14,,2.03,3.28,4.26,1.8,2.14,2.48,0.23,1.14
2009-12-02,0.27,1.18,,2.09,3.32,4.26,1.82,2.14,2.46,0.27,1.18
2009-12-03,0.32,1.24,,2.14,3.39,4.33,1.82,2.15,2.48,0.32,1.24
2009-12-04,0.43,1.34,,2.24,3.48,4.4,1.81,2.14,2.47,0.43,1.34
2009-12-07,0.38,1.31,,2.19,3.44,4.4,1.81,2.13,2.45,0.38,1.31
2009-12-08,0.37,1.31,,2.12,3.4,4.39,1.75,2.09,2.43,0.37,1.31
2009-12-09,0.44,1.36,,2.15,3.45,4.41,1.71,2.09,2.47,0.44,1.36
2009-12-10,0.46,1.4,,2.19,3.49,4.5,1.73,2.09,2.45,0.46,1.4
2009-12-11,0.47,1.41,,2.26,3.55,4.49,1.79,2.14,2.49,0.47,1.41
2009-12-14,0.46,1.37,,2.3,3.56,4.49,1.84,2.19,2.54,0.46,1.37
2009-12-15,0.45,1.37,,2.35,3.6,4.52,1.9,2.23,2.56,0.45,1.37
2009-12-16,0.42,1.34,,2.35,3.61,4.52,1.93,2.27,2.61,0.42,1.34
2009-12-17,0.36,1.28,,2.24,3.5,4.42,1.88,2.22,2.56,0.36,1.28
2009-12-18,0.38,1.31,,2.3,3.55,4.46,1.92,2.24,2.56,0.38,1.31
2009-12-21,0.45,1.39,,2.43,3.69,4.56,1.98,2.3,2.62,0.45,1.39
2009-12-22,0.48,1.43,,2.49,3.76,4.6,2.01,2.33,2.65,0.48,1.43
2009-12-23,0.49,1.46,,2.51,3.77,4.61,2.02,2.31,2.6,0.49,1.46
2009-12-24,0.52,1.5,,2.57,3.82,4.68,2.05,2.32,2.59,0.52,1.5
2009-12-28,0.54,1.5,,2.62,3.85,4.69,2.08,2.35,2.62,0.54,1.5
2009-12-29,0.52,1.46,,2.62,3.82,4.64,2.1,2.36,2.62,0.52,1.46
2009-12-30,0.5,1.44,,2.61,3.8,4.61,2.11,2.36,2.61,0.5,1.44
2009-12-31,0.56,1.48,,2.69,3.85,4.63,2.13,2.37,2.61,0.56,1.48
2010-01-04,0.52,1.47,,2.65,3.85,4.65,2.13,2.38,2.63,0.52,1.47
2010-01-05,0.44,1.43,,2.56,3.77,4.59,2.12,2.34,2.56,0.44,1.43
2010-01-06,0.44,1.48,,2.6,3.85,4.7,2.16,2.37,2.58,0.44,1.48
2010-01-07,0.43,1.44,,2.62,3.85,4.69,2.19,2.41,2.63,0.43,1.44
2010-01-08,0.39,1.41,,2.57,3.83,4.7,2.18,2.42,2.66,0.39,1.41
2010-01-11,0.46,1.47,,2.58,3.85,4.74,2.12,2.38,2.64,0.46,1.47
2010-01-12,0.34,1.35,,2.49,3.74,4.62,2.15,2.39,2.63,0.34,1.35
2010-01-13,0.42,1.43,,2.55,3.8,4.71,2.13,2.37,2.61,0.42,1.43
2010-01-14,0.39,1.4,,2.51,3.76,4.63,2.12,2.36,2.6,0.39,1.4
2010-01-15,0.34,1.34,,2.44,3.7,4.58,2.1,2.36,2.62,0.34,1.34
2010-01-19,0.39,1.35,,2.48,3.73,4.6,2.09,2.38,2.67,0.39,1.35
2010-01-20,0.36,1.31,,2.45,3.68,4.54,2.09,2.37,2.65,0.36,1.31
2010-01-21,0.4,1.29,,2.38,3.62,4.5,1.98,2.33,2.68,0.4,1.29
2010-01-22,0.42,1.31,,2.37,3.62,4.5,1.95,2.31,2.67,0.42,1.31
2010-01-25,0.42,1.33,,2.39,3.66,4.55,1.97,2.33,2.69,0.42,1.33
2010-01-26,0.41,1.31,,2.38,3.65,4.56,1.97,2.34,2.71,0.41,1.31
2010-01-27,0.47,1.35,,2.43,3.66,4.55,1.96,2.31,2.66,0.47,1.35
2010-01-28,0.47,1.35,,2.41,3.68,4.57,1.94,2.33,2.72,0.47,1.35
2010-01-29,0.43,1.3,,2.34,3.63,4.51,1.91,2.33,2.75,0.43,1.3
2010-02-01,0.39,1.29,,2.38,3.68,4.56,1.99,2.39,2.79,0.39,1.29
2010-02-02,0.35,1.26,,2.37,3.67,4.55,2.02,2.41,2.8,0.35,1.26
2010-02-03,0.35,1.3,,2.4,3.73,4.62,2.05,2.43,2.81,0.35,1.3
2010-02-04,0.3,1.27,,2.29,3.62,4.53,1.99,2.35,2.71,0.3,1.27
2010-02-05,0.34,1.32,,2.23,3.59,4.51,1.89,2.27,2.65,0.34,1.32
2010-02-08,0.35,1.35,,2.26,3.62,4.52,1.91,2.27,2.63,0.35,1.35
2010-02-09,0.38,1.37,,2.32,3.67,4.58,1.94,2.3,2.66,0.38,1.37
2010-02-10,0.42,1.44,,2.39,3.72,4.65,1.97,2.28,2.59,0.42,1.44
2010-02-11,0.43,1.47,,2.39,3.73,4.69,1.96,2.26,2.56,0.43,1.47
2010-02-12,0.39,1.46,,2.35,3.69,4.66,1.96,2.23,2.5,0.39,1.46
2010-02-16,0.37,1.42,,2.32,3.66,4.63,1.95,2.24,2.53,0.37,1.42
2010-02-17,0.39,1.46,,2.4,3.74,4.7,2.01,2.28,2.55,0.39,1.46
2010-02-18,0.44,1.48,,2.46,3.79,4.74,2.02,2.31,2.6,0.44,1.48
2010-02-19,0.51,1.52,,2.48,3.78,4.71,1.97,2.26,2.55,0.51,1.52
2010-02-22,0.55,1.55,2.22,2.47,3.8,4.73,1.92,2.25,2.58,0.55,1.55
2010-02-23,0.47,1.5,2.14,2.37,3.69,4.63,1.9,2.19,2.48,0.47,1.5
2010-02-24,0.5,1.51,2.16,2.4,3.7,4.63,1.9,2.19,2.48,0.5,1.51
2010-02-25,0.5,1.51,2.16,2.33,3.64,4.58,1.83,2.13,2.43,0.5,1.51
2010-02-26,0.47,1.48,2.13,2.3,3.61,4.55,1.83,2.13,2.43,0.47,1.48
2010-03-01,0.45,1.46,2.14,2.28,3.61,4.56,1.83,2.15,2.47,0.45,1.46
2010-03-02,0.44,1.46,2.14,2.27,3.62,4.57,1.83,2.16,2.49,0.44,1.46
2010-03-03,0.43,1.46,2.15,2.27,3.63,4.58,1.84,2.17,2.5,0.43,1.46
2010-03-04,0.44,1.44,2.12,2.28,3.61,4.56,1.84,2.17,2.5,0.44,1.44
2010-03-05,0.46,1.48,2.15,2.35,3.69,4.64,1.89,2.21,2.53,0.46,1.48
2010-03-08,0.49,1.49,2.17,2.36,3.72,4.68,1.87,2.23,2.59,0.49,1.49
2010-03-09,0.46,1.48,2.19,2.34,3.71,4.68,1.88,2.23,2.58,0.46,1.48
2010-03-10,0.48,1.49,2.18,2.39,3.73,4.69,1.91,2.24,2.57,0.48,1.49
2010-03-11,0.54,1.49,2.16,2.43,3.73,4.66,1.89,2.24,2.59,0.54,1.49
2010-03-12,0.49,1.45,2.13,2.42,3.71,4.62,1.93,2.26,2.59,0.49,1.45
2010-03-15,0.49,1.46,2.13,2.42,3.71,4.63,1.93,2.25,2.57,0.49,1.46
2010-03-16,0.45,1.42,2.11,2.37,3.66,4.59,1.92,2.24,2.56,0.45,1.42
2010-03-17,0.42,1.4,2.07,2.38,3.65,4.56,1.96,2.25,2.54,0.42,1.4
2010-03-18,0.52,1.45,2.09,2.44,3.68,4.59,1.92,2.23,2.54,0.52,1.45
2010-03-19,0.62,1.5,2.1,2.48,3.7,4.58,1.86,2.2,2.54,0.62,1.5
2010-03-22,0.61,1.48,2.09,2.43,3.67,4.57,1.82,2.19,2.56,0.61,1.48
2010-03-23,0.64,1.49,2.11,2.44,3.69,4.6,1.8,2.2,2.6,0.64,1.49
2010-03-24,0.73,1.6,2.21,2.62,3.84,4.72,1.89,2.24,2.59,0.73,1.6
2010-03-25,0.78,1.65,2.23,2.65,3.91,4.77,1.87,2.26,2.65,0.78,1.65
2010-03-26,0.73,1.62,2.2,2.59,3.86,4.75,1.86,2.24,2.62,0.73,1.62
2010-03-29,0.75,1.66,2.22,2.6,3.88,4.76,1.85,2.22,2.59,0.75,1.66
2010-03-30,0.77,1.66,2.22,2.6,3.88,4.75,1.83,2.22,2.61,0.77,1.66
2010-03-31,0.72,1.6,2.16,2.55,3.84,4.72,1.83,2.24,2.65,0.72,1.6
2010-04-01,0.74,1.61,2.16,2.59,3.89,4.74,1.85,2.28,2.71,0.74,1.61
2010-04-02,0.81,1.69,2.22,2.67,3.96,4.81,1.86,2.27,2.68,0.81,1.69
2010-04-05,0.83,1.7,2.26,2.75,4.01,4.85,1.92,2.31,2.7,0.83,1.7
2010-04-06,0.68,1.68,2.2,2.71,3.98,4.84,2.03,2.3,2.57,0.68,1.68
2010-04-07,0.58,1.55,2.09,2.62,3.89,4.74,2.04,2.34,2.64,0.58,1.55
2010-04-08,0.69,1.58,2.11,2.64,3.91,4.75,1.95,2.33,2.71,0.69,1.58
2010-04-09,0.68,1.56,2.1,2.65,3.9,4.74,1.97,2.34,2.71,0.68,1.56
2010-04-12,0.65,1.52,2.06,2.6,3.87,4.7,1.95,2.35,2.75,0.65,1.52
2010-04-13,0.65,1.5,2.05,2.58,3.84,4.68,1.93,2.34,2.75,0.65,1.5
2010-04-14,0.66,1.54,2.08,2.61,3.88,4.72,1.95,2.34,2.73,0.66,1.54
2010-04-15,0.61,1.49,2.04,2.57,3.86,4.72,1.96,2.37,2.78,0.61,1.49
2010-04-16,0.59,1.46,2.02,2.49,3.79,4.67,1.9,2.33,2.76,0.59,1.46
2010-04-19,0.63,1.49,2.05,2.54,3.83,4.7,1.91,2.34,2.77,0.63,1.49
2010-04-20,0.6,1.47,2.03,2.56,3.82,4.67,1.96,2.35,2.74,0.6,1.47
2010-04-21,0.57,1.42,1.98,2.52,3.77,4.61,1.95,2.35,2.75,0.57,1.42
2010-04-22,0.62,1.46,2.01,2.57,3.8,4.65,1.95,2.34,2.73,0.62,1.46
2010-04-23,0.62,1.47,2.01,2.61,3.84,4.67,1.99,2.37,2.75,0.62,1.47
2010-04-26,0.6,1.46,2.0,2.6,3.83,4.67,2.0,2.37,2.74,0.6,1.46
2010-04-27,0.46,1.37,1.93,2.46,3.71,4.56,2.0,2.34,2.68,0.46,1.37
2010-04-28,0.53,1.4,1.97,2.53,3.8,4.63,2.0,2.4,2.8,0.53,1.4
2010-04-29,0.43,1.31,1.88,2.49,3.76,4.6,2.06,2.45,2.84,0.43,1.31
2010-04-30,0.42,1.29,1.85,2.43,3.69,4.53,2.01,2.4,2.79,0.42,1.29
2010-05-03,0.47,1.32,1.87,2.47,3.72,4.53,2.0,2.4,2.8,0.47,1.32
2010-05-04,0.44,1.31,1.85,2.38,3.63,4.43,1.94,2.32,2.7,0.44,1.31
2010-05-05,0.42,1.3,1.84,2.31,3.58,4.39,1.89,2.28,2.67,0.42,1.3
2010-05-06,0.34,1.25,1.73,2.13,3.41,4.19,1.79,2.16,2.53,0.34,1.25
2010-05-07,0.42,1.3,1.82,2.17,3.45,4.28,1.75,2.15,2.55,0.42,1.3
2010-05-10,0.42,1.33,1.87,2.27,3.57,4.41,1.85,2.24,2.63,0.42,1.33
2010-05-11,0.4,1.31,1.86,2.26,3.56,4.42,1.86,2.25,2.64,0.4,1.31
2010-05-12,0.37,1.28,1.86,2.29,3.56,4.47,1.92,2.28,2.64,0.37,1.28
2010-05-13,0.38,1.28,1.84,2.27,3.55,4.47,1.89,2.27,2.65,0.38,1.28
2010-05-14,0.33,1.26,1.79,2.16,3.44,4.32,1.83,2.18,2.53,0.33,1.26
2010-05-17,0.39,1.31,1.83,2.2,3.47,4.35,1.81,2.16,2.51,0.39,1.31
2010-05-18,0.34,1.25,1.76,2.11,3.38,4.26,1.77,2.13,2.49,0.34,1.25
2010-05-19,0.43,1.32,1.83,2.13,3.36,4.24,1.7,2.04,2.38,0.43,1.32
2010-05-20,0.46,1.36,1.84,2.04,3.25,4.13,1.58,1.89,2.2,0.46,1.36
2010-05-21,0.41,1.33,1.79,2.02,3.2,4.07,1.61,1.87,2.13,0.41,1.33
2010-05-24,0.42,1.35,1.82,2.04,3.23,4.12,1.62,1.88,2.14,0.42,1.35
2010-05-25,0.44,1.33,1.83,2.01,3.18,4.07,1.57,1.85,2.13,0.44,1.33
2010-05-26,0.44,1.3,1.81,2.06,3.21,4.11,1.62,1.91,2.2,0.44,1.3
2010-05-27,0.46,1.33,1.84,2.18,3.34,4.24,1.72,2.01,2.3,0.46,1.33
2010-05-28,0.41,1.32,1.83,2.1,3.31,4.22,1.69,1.99,2.29,0.41,1.32
2010-06-01,0.41,1.32,1.83,2.09,3.29,4.19,1.68,1.97,2.26,0.41,1.32
2010-06-02,0.43,1.36,1.85,2.14,3.35,4.24,1.71,1.99,2.27,0.43,1.36
2010-06-03,0.4,1.34,1.84,2.17,3.39,4.29,1.77,2.05,2.33,0.4,1.34
2010-06-04,0.32,1.26,1.77,1.98,3.2,4.13,1.66,1.94,2.22,0.32,1.26
2010-06-07,0.31,1.25,1.76,1.95,3.17,4.11,1.64,1.92,2.2,0.31,1.25
2010-06-08,0.36,1.29,1.77,1.98,3.18,4.1,1.62,1.89,2.16,0.36,1.29
2010-06-09,0.36,1.28,1.78,1.99,3.2,4.12,1.63,1.92,2.21,0.36,1.28
2010-06-10,0.44,1.35,1.86,2.12,3.33,4.25,1.68,1.98,2.28,0.44,1.35
2010-06-11,0.38,1.29,1.79,2.03,3.24,4.15,1.65,1.95,2.25,0.38,1.29
2010-06-14,0.38,1.31,1.82,2.07,3.28,4.2,1.69,1.97,2.25,0.38,1.31
2010-06-15,0.42,1.32,1.83,2.1,3.32,4.23,1.68,2.0,2.32,0.42,1.32
2010-06-16,0.39,1.28,1.79,2.06,3.27,4.18,1.67,1.99,2.31,0.39,1.28
2010-06-17,0.33,1.22,1.73,2.01,3.21,4.13,1.68,1.99,2.3,0.33,1.22
2010-06-18,0.35,1.25,1.76,2.04,3.24,4.15,1.69,1.99,2.29,0.35,1.25
2010-06-21,0.34,1.24,1.75,2.05,3.26,4.17,1.71,2.02,2.33,0.34,1.24
2010-06-22,0.3,1.2,1.72,1.98,3.18,4.1,1.68,1.98,2.28,0.3,1.2
2010-06-23,0.29,1.19,1.71,1.93,3.13,4.05,1.64,1.94,2.24,0.29,1.19
2010-06-24,0.33,1.23,1.76,1.93,3.14,4.09,1.6,1.91,2.22,0.33,1.23
2010-06-25,0.29,1.21,1.74,1.9,3.12,4.07,1.61,1.91,2.21,0.29,1.21
2010-06-28,0.26,1.17,1.72,1.83,3.05,4.01,1.57,1.88,2.19,0.26,1.17
2010-06-29,0.24,1.14,1.7,1.78,2.97,3.94,1.54,1.83,2.12,0.24,1.14
2010-06-30,0.25,1.15,1.71,1.79,2.97,3.91,1.54,1.82,2.1,0.25,1.15
2010-07-01,0.32,1.21,1.76,1.8,2.96,3.88,1.48,1.75,2.02,0.32,1.21
2010-07-02,0.34,1.27,1.81,1.82,3.0,3.94,1.48,1.73,1.98,0.34,1.27
2010-07-06,0.35,1.26,1.8,1.76,2.95,3.89,1.41,1.69,1.97,0.35,1.26
2010-07-07,0.39,1.3,1.85,1.79,3.0,3.96,1.4,1.7,2.0,0.39,1.3
2010-07-08,0.37,1.25,1.82,1.8,3.04,4.0,1.43,1.79,2.15,0.37,1.25
2010-07-09,0.38,1.26,1.83,1.85,3.07,4.04,1.47,1.81,2.15,0.38,1.26
2010-07-12,0.37,1.26,1.84,1.85,3.08,4.05,1.48,1.82,2.16,0.37,1.26
2010-07-13,0.39,1.28,1.87,1.9,3.15,4.1,1.51,1.87,2.23,0.39,1.28
2010-07-14,0.34,1.23,1.83,1.82,3.07,4.03,1.48,1.84,2.2,0.34,1.23
2010-07-15,0.33,1.21,1.82,1.76,3.0,3.97,1.43,1.79,2.15,0.33,1.21
2010-07-16,0.34,1.25,1.88,1.7,2.96,3.95,1.36,1.71,2.06,0.34,1.25
2010-07-19,0.39,1.29,1.95,1.73,2.99,3.99,1.34,1.7,2.06,0.39,1.29
2010-07-20,0.39,1.28,1.95,1.71,2.98,3.99,1.32,1.7,2.08,0.39,1.28
2010-07-21,0.32,1.19,1.86,1.66,2.9,3.89,1.34,1.71,2.08,0.32,1.19
2010-07-22,0.32,1.21,1.87,1.69,2.96,3.95,1.37,1.75,2.13,0.32,1.21
2010-07-23,0.36,1.24,1.93,1.75,3.02,4.01,1.39,1.78,2.17,0.36,1.24
2010-07-26,0.36,1.24,1.92,1.76,3.03,4.03,1.4,1.79,2.18,0.36,1.24
2010-07-27,0.38,1.26,1.94,1.82,3.08,4.08,1.44,1.82,2.2,0.38,1.26
2010-07-28,0.29,1.22,1.91,1.75,3.03,4.07,1.46,1.81,2.16,0.29,1.22
2010-07-29,0.25,1.21,1.92,1.7,3.03,4.08,1.45,1.82,2.19,0.25,1.21
2010-07-30,0.17,1.14,1.85,1.6,2.94,3.98,1.43,1.8,2.17,0.17,1.14
2010-08-02,0.14,1.13,1.88,1.64,2.99,4.06,1.5,1.86,2.22,0.14,1.13
2010-08-03,0.04,1.07,1.85,1.55,2.94,4.04,1.51,1.87,2.23,0.04,1.07
2010-08-04,0.12,1.12,1.88,1.62,2.98,4.07,1.5,1.86,2.22,0.12,1.12
2010-08-05,0.07,1.07,1.86,1.57,2.94,4.05,1.5,1.87,2.24,0.07,1.07
2010-08-06,0.05,1.04,1.85,1.51,2.86,4.0,1.46,1.82,2.18,0.05,1.04
2010-08-09,0.06,1.04,1.85,1.54,2.86,4.01,1.48,1.82,2.16,0.06,1.04
2010-08-10,-0.02,0.95,1.78,1.46,2.79,4.0,1.48,1.84,2.2,-0.02,0.95
2010-08-11,0.01,0.95,1.8,1.44,2.72,3.93,1.43,1.77,2.11,0.01,0.95
2010-08-12,0.13,1.05,1.86,1.48,2.74,3.94,1.35,1.69,2.03,0.13,1.05
2010-08-13,0.13,1.0,1.8,1.47,2.68,3.87,1.34,1.68,2.02,0.13,1.0
2010-08-16,0.11,0.95,1.74,1.4,2.58,3.72,1.29,1.63,1.97,0.11,0.95
2010-08-17,0.16,1.01,1.78,1.44,2.64,3.77,1.28,1.63,1.98,0.16,1.01
2010-08-18,0.18,1.02,1.78,1.46,2.64,3.73,1.28,1.62,1.96,0.18,1.02
2010-08-19,0.19,1.02,1.77,1.41,2.58,3.66,1.22,1.56,1.9,0.19,1.02
2010-08-20,0.23,1.05,1.77,1.47,2.62,3.67,1.24,1.57,1.9,0.23,1.05
2010-08-23,0.22,1.05,1.69,1.43,2.6,3.65,1.21,1.55,1.89,0.22,1.05
2010-08-24,0.17,1.01,1.68,1.36,2.5,3.57,1.19,1.49,1.79,0.17,1.01
2010-08-25,0.19,1.01,1.65,1.4,2.54,3.59,1.21,1.53,1.85,0.19,1.01
2010-08-26,0.14,0.95,1.59,1.38,2.5,3.53,1.24,1.55,1.86,0.14,0.95
2010-08-27,0.22,1.05,1.67,1.49,2.66,3.69,1.27,1.61,1.95,0.22,1.05
2010-08-30,0.16,0.99,1.62,1.39,2.54,3.6,1.23,1.55,1.87,0.16,0.99
2010-08-31,0.14,0.95,1.6,1.33,2.47,3.52,1.19,1.52,1.85,0.14,0.95
2010-09-01,0.2,1.02,1.65,1.41,2.58,3.65,1.21,1.56,1.91,0.2,1.02
2010-09-02,0.23,1.05,1.69,1.43,2.63,3.72,1.2,1.58,1.96,0.23,1.05
2010-09-03,0.24,1.1,1.72,1.49,2.72,3.79,1.25,1.62,1.99,0.24,1.1
2010-09-07,0.17,0.98,1.65,1.41,2.61,3.67,1.24,1.63,2.02,0.17,0.98
2010-09-08,0.23,1.02,1.69,1.46,2.66,3.72,1.23,1.64,2.05,0.23,1.02
2010-09-09,0.28,1.05,1.73,1.57,2.77,3.84,1.29,1.72,2.15,0.28,1.05
2010-09-10,0.25,1.02,1.73,1.59,2.81,3.88,1.34,1.79,2.24,0.25,1.02
2010-09-13,0.17,0.94,1.65,1.51,2.74,3.83,1.34,1.8,2.26,0.17,0.94
2010-09-14,0.15,0.93,1.66,1.43,2.68,3.79,1.28,1.75,2.22,0.15,0.93
2010-09-15,0.17,0.97,1.72,1.46,2.74,3.87,1.29,1.77,2.25,0.17,0.97
2010-09-16,0.19,1.0,1.77,1.48,2.77,3.92,1.29,1.77,2.25,0.19,1.0
2010-09-17,0.21,1.0,1.79,1.46,2.75,3.9,1.25,1.75,2.25,0.21,1.0
2010-09-20,0.19,0.94,1.74,1.43,2.72,3.87,1.24,1.78,2.32,0.19,0.94
2010-09-21,0.05,0.78,1.61,1.34,2.61,3.79,1.29,1.83,2.37,0.05,0.78
2010-09-22,0.01,0.74,1.56,1.33,2.56,3.74,1.32,1.82,2.32,0.01,0.74
2010-09-23,0.05,0.77,1.59,1.34,2.56,3.73,1.29,1.79,2.29,0.05,0.77
2010-09-24,0.06,0.81,1.65,1.37,2.62,3.79,1.31,1.81,2.31,0.06,0.81
2010-09-27,0.02,0.79,1.61,1.31,2.54,3.7,1.29,1.75,2.21,0.02,0.79
2010-09-28,-0.06,0.69,1.53,1.25,2.48,3.66,1.31,1.79,2.27,-0.06,0.69
2010-09-29,-0.02,0.74,1.58,1.28,2.52,3.69,1.3,1.78,2.26,-0.02,0.74
2010-09-30,-0.03,0.75,1.63,1.27,2.53,3.69,1.3,1.78,2.26,-0.03,0.75
2010-10-01,-0.07,0.75,1.61,1.26,2.54,3.71,1.33,1.79,2.25,-0.07,0.75
2010-10-04,-0.1,0.72,1.59,1.23,2.5,3.71,1.33,1.78,2.23,-0.1,0.72
2010-10-05,-0.19,0.65,1.54,1.21,2.5,3.74,1.4,1.85,2.3,-0.19,0.65
2010-10-06,-0.29,0.52,1.43,1.16,2.41,3.67,1.45,1.89,2.33,-0.29,0.52
2010-10-07,-0.27,0.53,1.48,1.14,2.41,3.72,1.41,1.88,2.35,-0.27,0.53
2010-10-08,-0.37,0.45,1.42,1.11,2.41,3.75,1.48,1.96,2.44,-0.37,0.45
2010-10-12,-0.34,0.49,1.46,1.14,2.44,3.8,1.48,1.95,2.42,-0.34,0.49
2010-10-13,-0.44,0.44,1.41,1.13,2.46,3.84,1.57,2.02,2.47,-0.44,0.44
2010-10-14,-0.49,0.41,1.36,1.18,2.52,3.91,1.67,2.11,2.55,-0.49,0.41
2010-10-15,-0.38,0.5,1.42,1.2,2.59,3.98,1.58,2.09,2.6,-0.38,0.5
2010-10-18,-0.39,0.47,1.39,1.14,2.52,3.93,1.53,2.05,2.57,-0.39,0.47
2010-10-19,-0.4,0.44,1.35,1.11,2.5,3.9,1.51,2.06,2.61,-0.4,0.44
2010-10-20,-0.37,0.47,1.36,1.11,2.51,3.89,1.48,2.04,2.6,-0.37,0.47
2010-10-21,-0.37,0.5,1.38,1.15,2.57,3.95,1.52,2.07,2.62,-0.37,0.5
2010-10-22,-0.39,0.5,1.4,1.17,2.59,3.94,1.56,2.09,2.62,-0.39,0.5
2010-10-25,-0.42,0.45,1.35,1.2,2.59,3.91,1.62,2.14,2.66,-0.42,0.45
2010-10-26,-0.36,0.52,1.42,1.27,2.67,4.0,1.63,2.15,2.67,-0.36,0.52
2010-10-27,-0.25,0.62,1.48,1.34,2.75,4.06,1.59,2.13,2.67,-0.25,0.62
2010-10-28,-0.29,0.57,1.45,1.23,2.69,4.05,1.52,2.12,2.72,-0.29,0.57
2010-10-29,-0.31,0.5,1.41,1.17,2.63,3.99,1.48,2.13,2.78,-0.31,0.5
2010-11-01,-0.34,0.49,1.4,1.17,2.66,4.01,1.51,2.17,2.83,-0.34,0.49
2010-11-02,-0.34,0.49,1.35,1.15,2.63,3.93,1.49,2.14,2.79,-0.34,0.49
2010-11-03,-0.4,0.5,1.43,1.11,2.67,4.09,1.51,2.17,2.83,-0.4,0.5
2010-11-04,-0.48,0.44,1.47,1.04,2.53,4.04,1.52,2.09,2.66,-0.48,0.44
2010-11-05,-0.47,0.48,1.52,1.1,2.58,4.12,1.57,2.1,2.63,-0.47,0.48
2010-11-08,-0.45,0.48,1.52,1.13,2.6,4.12,1.58,2.12,2.66,-0.45,0.48
2010-11-09,-0.31,0.58,1.62,1.27,2.72,4.25,1.58,2.14,2.7,-0.31,0.58
2010-11-10,-0.37,0.56,1.58,1.23,2.65,4.25,1.6,2.09,2.58,-0.37,0.56
2010-11-12,-0.22,0.71,1.66,1.35,2.76,4.26,1.57,2.05,2.53,-0.22,0.71
2010-11-15,-0.06,0.87,1.79,1.51,2.92,4.38,1.57,2.05,2.53,-0.06,0.87
2010-11-16,0.0,0.87,1.75,1.49,2.85,4.26,1.49,1.98,2.47,0.0,0.87
2010-11-17,-0.04,0.84,1.76,1.49,2.89,4.31,1.53,2.05,2.57,-0.04,0.84
2010-11-18,-0.06,0.83,1.73,1.51,2.9,4.29,1.57,2.07,2.57,-0.06,0.83
2010-11-19,-0.05,0.77,1.7,1.54,2.88,4.25,1.59,2.11,2.63,-0.05,0.77
2010-11-22,-0.14,0.7,1.64,1.44,2.8,4.2,1.58,2.1,2.62,-0.14,0.7
2010-11-23,-0.14,0.69,1.63,1.4,2.77,4.18,1.54,2.08,2.62,-0.14,0.69
2010-11-24,-0.03,0.8,1.73,1.56,2.93,4.29,1.59,2.13,2.67,-0.03,0.8
2010-11-26,-0.07,0.75,1.65,1.53,2.87,4.21,1.6,2.12,2.64,-0.07,0.75
2010-11-29,-0.07,0.73,1.63,1.51,2.84,4.16,1.58,2.11,2.64,-0.07,0.73
2010-11-30,-0.07,0.74,1.65,1.47,2.81,4.12,1.54,2.07,2.6,-0.07,0.74
2010-12-01,0.04,0.83,1.73,1.64,2.97,4.24,1.6,2.14,2.68,0.04,0.83
2010-12-02,0.04,0.84,1.73,1.68,3.01,4.27,1.64,2.17,2.7,0.04,0.84
2010-12-03,0.02,0.86,1.77,1.64,3.03,4.32,1.62,2.17,2.72,0.02,0.86
2010-12-06,-0.07,0.79,1.72,1.53,2.95,4.25,1.6,2.16,2.72,-0.07,0.79
2010-12-07,0.07,0.92,1.81,1.74,3.15,4.39,1.67,2.23,2.79,0.07,0.92
2010-12-08,0.19,1.07,1.91,1.87,3.26,4.45,1.68,2.19,2.7,0.19,1.07
2010-12-09,0.25,1.09,1.92,1.9,3.23,4.41,1.65,2.14,2.63,0.25,1.09
2010-12-10,0.33,1.16,1.95,1.98,3.32,4.43,1.65,2.16,2.67,0.33,1.16
2010-12-13,0.25,1.11,1.9,1.91,3.29,4.39,1.66,2.18,2.7,0.25,1.11
2010-12-14,0.39,1.27,2.04,2.08,3.49,4.54,1.69,2.22,2.75,0.39,1.27
2010-12-15,0.34,1.22,2.0,2.11,3.53,4.59,1.77,2.31,2.85,0.34,1.22
2010-12-16,0.28,1.15,1.94,2.06,3.47,4.57,1.78,2.32,2.86,0.28,1.15
2010-12-17,0.22,1.05,1.85,1.97,3.33,4.41,1.75,2.28,2.81,0.22,1.05
2010-12-20,0.24,1.07,1.89,1.99,3.36,4.44,1.75,2.29,2.83,0.24,1.07
2010-12-21,0.22,1.06,1.89,1.99,3.35,4.44,1.77,2.29,2.81,0.22,1.06
2010-12-22,0.21,1.03,1.9,2.02,3.36,4.45,1.81,2.33,2.85,0.21,1.03
2010-12-23,0.26,1.08,1.93,2.09,3.41,4.47,1.83,2.33,2.83,0.26,1.08
2010-12-27,0.25,1.06,1.91,2.08,3.36,4.42,1.83,2.3,2.77,0.25,1.06
2010-12-28,0.34,1.17,2.01,2.18,3.5,4.53,1.84,2.33,2.82,0.34,1.17
2010-12-29,0.22,1.06,1.9,2.03,3.35,4.41,1.81,2.29,2.77,0.22,1.06
2010-12-30,0.24,1.08,1.93,2.06,3.38,4.43,1.82,2.3,2.78,0.24,1.08
2010-12-31,0.18,1.0,1.86,2.01,3.3,4.34,1.83,2.3,2.77,0.18,1.0
2011-01-03,0.2,1.05,1.9,2.02,3.36,4.39,1.82,2.31,2.8,0.2,1.05
2011-01-04,0.15,1.01,1.91,2.01,3.36,4.44,1.86,2.35,2.84,0.15,1.01
2011-01-05,0.2,1.08,1.96,2.14,3.5,4.55,1.94,2.42,2.9,0.2,1.08
2011-01-06,0.13,1.03,1.94,2.09,3.44,4.53,1.96,2.41,2.86,0.13,1.03
2011-01-07,0.05,0.98,1.91,1.96,3.34,4.48,1.91,2.36,2.81,0.05,0.98
2011-01-10,0.02,0.96,1.9,1.93,3.32,4.47,1.91,2.36,2.81,0.02,0.96
2011-01-11,-0.02,0.97,1.89,1.98,3.37,4.49,2.0,2.4,2.8,-0.02,0.97
2011-01-12,-0.01,0.98,1.91,1.99,3.4,4.52,2.0,2.42,2.84,-0.01,0.98
2011-01-13,-0.02,0.97,1.9,1.93,3.34,4.5,1.95,2.37,2.79,-0.02,0.97
2011-01-14,0.02,1.0,1.93,1.95,3.35,4.53,1.93,2.35,2.77,0.02,1.0
2011-01-18,0.02,0.99,1.94,1.97,3.39,4.56,1.95,2.4,2.85,0.02,0.99
2011-01-19,0.01,0.99,1.92,1.95,3.37,4.53,1.94,2.38,2.82,0.01,0.99
2011-01-20,0.16,1.22,2.04,2.06,3.47,4.6,1.9,2.25,2.6,0.16,1.22
2011-01-21,0.12,1.2,2.02,2.04,3.44,4.57,1.92,2.24,2.56,0.12,1.2
2011-01-24,0.1,1.18,2.03,2.03,3.43,4.55,1.93,2.25,2.57,0.1,1.18
2011-01-25,0.02,1.11,2.0,1.96,3.35,4.48,1.94,2.24,2.54,0.02,1.11
2011-01-26,0.07,1.16,2.07,2.03,3.45,4.59,1.96,2.29,2.62,0.07,1.16
2011-01-27,0.08,1.16,2.08,1.98,3.42,4.57,1.9,2.26,2.62,0.08,1.16
2011-01-28,-0.01,1.09,2.05,1.92,3.36,4.53,1.93,2.27,2.61,-0.01,1.09
2011-01-31,-0.01,1.08,2.07,1.95,3.42,4.58,1.96,2.34,2.72,-0.01,1.08
2011-02-01,0.01,1.11,2.08,2.02,3.48,4.62,2.01,2.37,2.73,0.01,1.11
2011-02-02,0.09,1.16,2.1,2.1,3.52,4.64,2.01,2.36,2.71,0.09,1.16
2011-02-03,0.18,1.23,2.13,2.18,3.58,4.67,2.0,2.35,2.7,0.18,1.23
2011-02-04,0.28,1.3,2.17,2.27,3.68,4.73,1.99,2.38,2.77,0.28,1.3
2011-02-07,0.31,1.32,2.16,2.29,3.68,4.71,1.98,2.36,2.74,0.31,1.32
2011-02-08,0.44,1.39,2.21,2.39,3.75,4.76,1.95,2.36,2.77,0.44,1.39
2011-02-09,0.39,1.34,2.18,2.33,3.65,4.71,1.94,2.31,2.68,0.39,1.34
2011-02-10,0.48,1.39,2.25,2.4,3.7,4.75,1.92,2.31,2.7,0.48,1.39
2011-02-11,0.5,1.36,2.21,2.38,3.64,4.71,1.88,2.28,2.68,0.5,1.36
2011-02-14,0.51,1.34,2.18,2.37,3.62,4.67,1.86,2.28,2.7,0.51,1.34
2011-02-15,0.44,1.33,2.17,2.35,3.61,4.66,1.91,2.28,2.65,0.44,1.33
2011-02-16,0.43,1.37,2.21,2.37,3.62,4.67,1.94,2.25,2.56,0.43,1.37
2011-02-17,0.33,1.31,2.19,2.3,3.58,4.66,1.97,2.27,2.57,0.33,1.31
2011-02-18,0.26,1.25,2.16,2.3,3.59,4.7,2.04,2.34,2.64,0.26,1.25
2011-02-22,0.07,1.12,2.08,2.16,3.46,4.6,2.09,2.34,2.59,0.07,1.12
2011-02-23,0.01,1.1,2.06,2.21,3.49,4.59,2.2,2.39,2.58,0.01,1.1
2011-02-24,-0.01,1.05,2.0,2.19,3.46,4.54,2.2,2.41,2.62,-0.01,1.05
2011-02-25,-0.01,1.02,1.97,2.16,3.42,4.51,2.17,2.4,2.63,-0.01,1.02
2011-02-28,-0.02,1.03,1.96,2.13,3.42,4.49,2.15,2.39,2.63,-0.02,1.03
2011-03-01,-0.06,1.0,1.94,2.11,3.41,4.48,2.17,2.41,2.65,-0.06,1.0
2011-03-02,-0.09,1.01,1.94,2.16,3.46,4.54,2.25,2.45,2.65,-0.09,1.01
2011-03-03,0.03,1.09,2.0,2.3,3.58,4.64,2.27,2.49,2.71,0.03,1.09
2011-03-04,-0.07,1.0,1.94,2.17,3.49,4.6,2.24,2.49,2.74,-0.07,1.0
2011-03-07,-0.07,1.0,1.93,2.19,3.51,4.61,2.26,2.51,2.76,-0.07,1.0
2011-03-08,-0.09,1.01,1.95,2.22,3.56,4.66,2.31,2.55,2.79,-0.09,1.01
2011-03-09,-0.09,0.98,1.92,2.16,3.48,4.6,2.25,2.5,2.75,-0.09,0.98
2011-03-10,-0.17,0.91,1.85,2.05,3.37,4.53,2.22,2.46,2.7,-0.17,0.91
2011-03-11,-0.11,0.96,1.89,2.06,3.4,4.54,2.17,2.44,2.71,-0.11,0.96
2011-03-14,-0.15,0.93,1.89,2.0,3.36,4.52,2.15,2.43,2.71,-0.15,0.93
2011-03-15,-0.16,0.93,1.87,2.0,3.33,4.47,2.16,2.4,2.64,-0.16,0.93
2011-03-16,-0.22,0.85,1.8,1.87,3.22,4.38,2.09,2.37,2.65,-0.22,0.85
2011-03-17,-0.27,0.82,1.79,1.91,3.25,4.42,2.18,2.43,2.68,-0.27,0.82
2011-03-18,-0.22,0.85,1.8,1.96,3.28,4.43,2.18,2.43,2.68,-0.22,0.85
2011-03-21,-0.16,0.9,1.83,2.04,3.34,4.45,2.2,2.44,2.68,-0.16,0.9
2011-03-22,-0.12,0.95,1.85,2.07,3.34,4.44,2.19,2.39,2.59,-0.12,0.95
2011-03-23,-0.09,0.98,1.88,2.07,3.36,4.44,2.16,2.38,2.6,-0.09,0.98
2011-03-24,-0.08,0.95,1.88,2.14,3.42,4.48,2.22,2.47,2.72,-0.08,0.95
2011-03-25,0.01,1.02,1.9,2.2,3.46,4.51,2.19,2.44,2.69,0.01,1.02
2011-03-28,0.05,1.01,1.9,2.23,3.47,4.51,2.18,2.46,2.74,0.05,1.01
2011-03-29,0.05,1.03,1.92,2.25,3.5,4.54,2.2,2.47,2.74,0.05,1.03
2011-03-30,0.02,1.0,1.9,2.21,3.47,4.52,2.19,2.47,2.75,0.02,1.0
2011-03-31,0.03,0.99,1.88,2.24,3.47,4.51,2.21,2.48,2.75,0.03,0.99
2011-04-01,-0.01,0.94,1.83,2.24,3.46,4.48,2.25,2.52,2.79,-0.01,0.94
2011-04-04,-0.09,0.91,1.82,2.2,3.45,4.49,2.29,2.54,2.79,-0.09,0.91
2011-04-05,-0.04,0.94,1.82,2.28,3.5,4.51,2.32,2.56,2.8,-0.04,0.94
2011-04-06,-0.02,0.99,1.9,2.32,3.56,4.58,2.34,2.57,2.8,-0.02,0.99
2011-04-07,-0.04,0.99,1.92,2.29,3.58,4.63,2.33,2.59,2.85,-0.04,0.99
2011-04-08,-0.07,0.95,1.87,2.31,3.59,4.63,2.38,2.64,2.9,-0.07,0.95
2011-04-11,-0.07,0.96,1.87,2.31,3.59,4.64,2.38,2.63,2.88,-0.07,0.96
2011-04-12,-0.1,0.9,1.81,2.22,3.52,4.58,2.32,2.62,2.92,-0.1,0.9
2011-04-13,-0.11,0.88,1.8,2.19,3.49,4.55,2.3,2.61,2.92,-0.11,0.88
2011-04-14,-0.02,0.89,1.78,2.23,3.51,4.53,2.25,2.62,2.99,-0.02,0.89
2011-04-15,-0.09,0.82,1.71,2.14,3.43,4.47,2.23,2.61,2.99,-0.09,0.82
2011-04-18,-0.1,0.8,1.71,2.09,3.4,4.45,2.19,2.6,3.01,-0.1,0.8
2011-04-19,-0.15,0.76,1.68,2.09,3.39,4.43,2.24,2.63,3.02,-0.15,0.76
2011-04-20,-0.12,0.82,1.74,2.15,3.43,4.47,2.27,2.61,2.95,-0.12,0.82
2011-04-21,-0.15,0.83,1.77,2.14,3.42,4.47,2.29,2.59,2.89,-0.15,0.83
2011-04-25,-0.2,0.79,1.75,2.1,3.39,4.46,2.3,2.6,2.9,-0.2,0.79
2011-04-26,-0.27,0.76,1.74,2.05,3.34,4.39,2.32,2.58,2.84,-0.27,0.76
2011-04-27,-0.31,0.81,1.79,2.06,3.39,4.45,2.37,2.58,2.79,-0.31,0.81
2011-04-28,-0.41,0.78,1.76,2.0,3.34,4.42,2.41,2.56,2.71,-0.41,0.78
2011-04-29,-0.48,0.75,1.74,1.97,3.32,4.4,2.45,2.57,2.69,-0.48,0.75
2011-05-02,-0.48,0.75,1.73,1.96,3.31,4.38,2.44,2.56,2.68,-0.48,0.75
2011-05-03,-0.46,0.73,1.71,1.96,3.28,4.36,2.42,2.55,2.68,-0.46,0.73
2011-05-04,-0.46,0.7,1.68,1.95,3.25,4.33,2.41,2.55,2.69,-0.46,0.7
2011-05-05,-0.4,0.7,1.68,1.88,3.18,4.26,2.28,2.48,2.68,-0.4,0.7
2011-05-06,-0.38,0.71,1.71,1.87,3.19,4.29,2.25,2.48,2.71,-0.38,0.71
2011-05-09,-0.45,0.69,1.7,1.84,3.17,4.3,2.29,2.48,2.67,-0.45,0.69
2011-05-10,-0.4,0.74,1.73,1.91,3.23,4.34,2.31,2.49,2.67,-0.4,0.74
2011-05-11,-0.33,0.76,1.74,1.87,3.19,4.31,2.2,2.43,2.66,-0.33,0.76
2011-05-12,-0.31,0.79,1.78,1.89,3.22,4.37,2.2,2.43,2.66,-0.31,0.79
2011-05-13,-0.29,0.79,1.78,1.86,3.18,4.32,2.15,2.39,2.63,-0.29,0.79
2011-05-16,-0.29,0.81,1.79,1.83,3.15,4.28,2.12,2.34,2.56,-0.29,0.81
2011-05-17,-0.28,0.82,1.79,1.8,3.12,4.23,2.08,2.3,2.52,-0.28,0.82
2011-05-18,-0.27,0.82,1.79,1.87,3.18,4.29,2.14,2.36,2.58,-0.27,0.82
2011-05-19,-0.25,0.91,1.83,1.85,3.17,4.3,2.1,2.26,2.42,-0.25,0.91
2011-05-20,-0.25,0.85,1.85,1.82,3.15,4.3,2.07,2.3,2.53,-0.25,0.85
2011-05-23,-0.23,0.84,1.84,1.8,3.13,4.27,2.03,2.29,2.55,-0.23,0.84
2011-05-24,-0.26,0.79,1.8,1.81,3.12,4.26,2.07,2.33,2.59,-0.26,0.79
2011-05-25,-0.27,0.8,1.82,1.81,3.13,4.28,2.08,2.33,2.58,-0.27,0.8
2011-05-26,-0.34,0.76,1.78,1.72,3.07,4.23,2.06,2.31,2.56,-0.34,0.76
2011-05-27,-0.32,0.79,1.8,1.71,3.07,4.24,2.03,2.28,2.53,-0.32,0.79
2011-05-31,-0.32,0.8,1.8,1.68,3.05,4.22,2.0,2.25,2.5,-0.32,0.8
2011-06-01,-0.39,0.74,1.75,1.6,2.96,4.15,1.99,2.22,2.45,-0.39,0.74
2011-06-02,-0.37,0.78,1.8,1.65,3.04,4.25,2.02,2.26,2.5,-0.37,0.78
2011-06-03,-0.43,0.75,1.78,1.6,2.99,4.22,2.03,2.24,2.45,-0.43,0.75
2011-06-06,-0.43,0.76,1.8,1.6,3.01,4.25,2.03,2.25,2.47,-0.43,0.76
2011-06-07,-0.45,0.76,1.81,1.59,3.01,4.27,2.04,2.25,2.46,-0.45,0.76
2011-06-08,-0.49,0.76,1.78,1.52,2.98,4.2,2.01,2.22,2.43,-0.49,0.76
2011-06-09,-0.43,0.8,1.8,1.6,3.01,4.22,2.03,2.21,2.39,-0.43,0.8
2011-06-10,-0.41,0.79,1.79,1.58,2.99,4.18,1.99,2.2,2.41,-0.41,0.79
2011-06-13,-0.4,0.8,1.8,1.59,3.0,4.2,1.99,2.2,2.41,-0.4,0.8
2011-06-14,-0.34,0.83,1.84,1.7,3.11,4.3,2.04,2.28,2.52,-0.34,0.83
2011-06-15,-0.44,0.74,1.78,1.55,2.98,4.19,1.99,2.24,2.49,-0.44,0.74
2011-06-16,-0.43,0.73,1.79,1.52,2.93,4.16,1.95,2.2,2.45,-0.43,0.73
2011-06-17,-0.37,0.75,1.84,1.53,2.94,4.19,1.9,2.19,2.48,-0.37,0.75
2011-06-20,-0.34,0.79,1.84,1.55,2.97,4.19,1.89,2.18,2.47,-0.34,0.79
2011-06-21,-0.34,0.78,1.82,1.57,2.99,4.21,1.91,2.21,2.51,-0.34,0.78
2011-06-22,-0.32,0.82,1.85,1.58,3.01,4.22,1.9,2.19,2.48,-0.32,0.82
2011-06-23,-0.33,0.71,1.71,1.48,2.93,4.17,1.81,2.22,2.63,-0.33,0.71
2011-06-24,-0.39,0.64,1.66,1.4,2.88,4.17,1.79,2.24,2.69,-0.39,0.64
2011-06-27,-0.33,0.67,1.73,1.47,2.95,4.28,1.8,2.28,2.76,-0.33,0.67
2011-06-28,-0.26,0.73,1.75,1.62,3.05,4.33,1.88,2.32,2.76,-0.26,0.73
2011-06-29,-0.3,0.74,1.77,1.7,3.14,4.39,2.0,2.4,2.8,-0.3,0.74
2011-06-30,-0.27,0.75,1.75,1.76,3.18,4.38,2.03,2.43,2.83,-0.27,0.75
2011-07-01,-0.25,0.77,1.77,1.8,3.22,4.4,2.05,2.45,2.85,-0.25,0.77
2011-07-05,-0.33,0.77,1.77,1.7,3.16,4.39,2.03,2.39,2.75,-0.33,0.77
2011-07-06,-0.37,0.74,1.74,1.66,3.12,4.35,2.03,2.38,2.73,-0.37,0.74
2011-07-07,-0.36,0.75,1.74,1.74,3.17,4.37,2.1,2.42,2.74,-0.36,0.75
2011-07-08,-0.44,0.69,1.68,1.57,3.03,4.27,2.01,2.34,2.67,-0.44,0.69
2011-07-11,-0.52,0.63,1.61,1.49,2.94,4.2,2.01,2.31,2.61,-0.52,0.63
2011-07-12,-0.54,0.6,1.58,1.47,2.92,4.19,2.01,2.32,2.63,-0.54,0.6
2011-07-13,-0.54,0.59,1.54,1.45,2.92,4.17,1.99,2.33,2.67,-0.54,0.59
2011-07-14,-0.47,0.68,1.62,1.51,2.98,4.25,1.98,2.3,2.62,-0.47,0.68
2011-07-15,-0.52,0.61,1.61,1.46,2.94,4.26,1.98,2.33,2.68,-0.52,0.61
2011-07-18,-0.55,0.58,1.61,1.45,2.94,4.29,2.0,2.36,2.72,-0.55,0.58
2011-07-19,-0.57,0.54,1.53,1.45,2.91,4.19,2.02,2.37,2.72,-0.57,0.54
2011-07-20,-0.52,0.62,1.6,1.49,2.96,4.25,2.01,2.34,2.67,-0.52,0.62
2011-07-21,-0.48,0.68,1.64,1.56,3.03,4.31,2.04,2.35,2.66,-0.48,0.68
2011-07-22,-0.5,0.61,1.61,1.53,2.99,4.26,2.03,2.38,2.73,-0.5,0.61
2011-07-25,-0.51,0.58,1.62,1.55,3.03,4.31,2.06,2.45,2.84,-0.51,0.58
2011-07-26,-0.5,0.57,1.6,1.51,2.99,4.28,2.01,2.42,2.83,-0.5,0.57
2011-07-27,-0.54,0.56,1.58,1.56,3.01,4.29,2.1,2.45,2.8,-0.54,0.56
2011-07-28,-0.59,0.52,1.54,1.52,2.98,4.26,2.11,2.46,2.81,-0.59,0.52
2011-07-29,-0.72,0.38,1.39,1.35,2.82,4.12,2.07,2.44,2.81,-0.72,0.38
2011-08-01,-0.75,0.33,1.34,1.32,2.77,4.07,2.07,2.44,2.81,-0.75,0.33
2011-08-02,-0.76,0.29,1.26,1.23,2.66,3.93,1.99,2.37,2.75,-0.76,0.29
2011-08-03,-0.62,0.36,1.29,1.25,2.64,3.89,1.87,2.28,2.69,-0.62,0.36
2011-08-04,-0.67,0.24,1.15,1.12,2.47,3.7,1.79,2.23,2.67,-0.67,0.24
2011-08-05,-0.59,0.32,1.25,1.23,2.58,3.82,1.82,2.26,2.7,-0.59,0.32
2011-08-08,-0.63,0.2,1.14,1.11,2.4,3.68,1.74,2.2,2.66,-0.63,0.2
2011-08-09,-0.84,0.0,0.99,0.91,2.2,3.56,1.75,2.2,2.65,-0.84,0.0
2011-08-10,-1.02,-0.13,0.88,0.93,2.17,3.54,1.95,2.3,2.65,-1.02,-0.13
2011-08-11,-0.84,0.06,1.12,1.02,2.34,3.82,1.86,2.28,2.7,-0.84,0.06
2011-08-12,-0.88,-0.02,1.03,0.96,2.24,3.72,1.84,2.26,2.68,-0.88,-0.02
2011-08-15,-0.81,0.06,1.08,0.99,2.29,3.75,1.8,2.23,2.66,-0.81,0.06
2011-08-16,-0.79,0.05,1.04,0.95,2.23,3.67,1.74,2.18,2.62,-0.79,0.05
2011-08-17,-0.81,0.01,0.96,0.92,2.17,3.57,1.73,2.16,2.59,-0.81,0.01
2011-08-18,-0.72,0.09,1.03,0.9,2.08,3.45,1.62,1.99,2.36,-0.72,0.09
2011-08-19,-0.8,0.02,0.95,0.9,2.07,3.39,1.7,2.05,2.4,-0.8,0.02
2011-08-22,-0.79,0.03,0.96,0.94,2.1,3.42,1.73,2.07,2.41,-0.79,0.03
2011-08-23,-0.71,0.13,1.04,0.95,2.15,3.47,1.66,2.02,2.38,-0.71,0.13
2011-08-24,-0.6,0.25,1.2,1.05,2.29,3.63,1.65,2.04,2.43,-0.6,0.25
2011-08-25,-0.7,0.13,1.13,0.98,2.23,3.6,1.68,2.1,2.52,-0.7,0.13
2011-08-26,-0.7,0.15,1.1,0.94,2.19,3.54,1.64,2.04,2.44,-0.7,0.15
2011-08-29,-0.68,0.22,1.17,0.99,2.28,3.63,1.67,2.06,2.45,-0.68,0.22
2011-08-30,-0.73,0.14,1.1,0.94,2.19,3.53,1.67,2.05,2.43,-0.73,0.14
2011-08-31,-0.76,0.18,1.18,0.96,2.23,3.6,1.72,2.05,2.38,-0.76,0.18
2011-09-01,-0.82,0.07,1.07,0.9,2.15,3.51,1.72,2.08,2.44,-0.82,0.07
2011-09-02,-0.84,0.0,0.94,0.88,2.02,3.32,1.72,2.02,2.32,-0.84,0.0
2011-09-06,-0.75,0.05,0.98,0.88,1.98,3.26,1.63,1.93,2.23,-0.75,0.05
2011-09-07,-0.75,0.09,1.06,0.92,2.05,3.36,1.67,1.96,2.25,-0.75,0.09
2011-09-08,-0.85,0.0,1.0,0.88,2.0,3.32,1.73,2.0,2.27,-0.85,0.0
2011-09-09,-0.84,-0.03,0.97,0.81,1.93,3.26,1.65,1.96,2.27,-0.84,-0.03
2011-09-12,-0.76,0.0,0.98,0.87,1.94,3.24,1.63,1.94,2.25,-0.76,0.0
2011-09-13,-0.72,0.07,1.07,0.89,2.0,3.32,1.61,1.93,2.25,-0.72,0.07
2011-09-14,-0.67,0.12,1.08,0.91,2.03,3.32,1.58,1.91,2.24,-0.67,0.12
2011-09-15,-0.78,0.13,1.1,0.95,2.09,3.36,1.73,1.96,2.19,-0.78,0.13
2011-09-16,-0.75,0.13,1.09,0.94,2.08,3.34,1.69,1.95,2.21,-0.75,0.13
2011-09-19,-0.76,0.09,1.06,0.85,1.97,3.22,1.61,1.88,2.15,-0.76,0.09
2011-09-20,-0.82,0.04,1.03,0.85,1.95,3.2,1.67,1.91,2.15,-0.82,0.04
2011-09-21,-0.78,0.02,0.98,0.88,1.88,3.03,1.66,1.86,2.06,-0.78,0.02
2011-09-22,-0.7,0.01,0.87,0.79,1.72,2.78,1.49,1.71,1.93,-0.7,0.01
2011-09-23,-0.59,0.1,0.97,0.89,1.84,2.89,1.48,1.74,2.0,-0.59,0.1
2011-09-26,-0.56,0.12,1.06,0.92,1.91,2.99,1.48,1.79,2.1,-0.56,0.12
2011-09-27,-0.6,0.12,1.06,0.97,2.0,3.08,1.57,1.88,2.19,-0.6,0.12
2011-09-28,-0.58,0.16,1.05,0.99,2.03,3.1,1.57,1.87,2.17,-0.58,0.16
2011-09-29,-0.56,0.17,1.03,0.98,1.99,3.03,1.54,1.82,2.1,-0.56,0.17
2011-09-30,-0.54,0.17,1.02,0.96,1.92,2.9,1.5,1.75,2.0,-0.54,0.17
2011-10-03,-0.61,0.07,0.86,0.87,1.8,2.76,1.48,1.73,1.98,-0.61,0.07
2011-10-04,-0.59,0.05,0.83,0.9,1.81,2.77,1.49,1.76,2.03,-0.59,0.05
2011-10-05,-0.54,0.12,0.9,0.96,1.92,2.87,1.5,1.8,2.1,-0.54,0.12
2011-10-06,-0.57,0.13,0.93,1.01,2.01,2.96,1.58,1.88,2.18,-0.57,0.13
2011-10-07,-0.55,0.16,0.95,1.08,2.1,3.02,1.63,1.94,2.25,-0.55,0.16
2011-10-11,-0.51,0.23,1.02,1.14,2.18,3.11,1.65,1.95,2.25,-0.51,0.23
2011-10-12,-0.5,0.26,1.08,1.17,2.24,3.19,1.67,1.98,2.29,-0.5,0.26
2011-10-13,-0.5,0.27,1.08,1.11,2.19,3.15,1.61,1.92,2.23,-0.5,0.27
2011-10-14,-0.54,0.28,1.12,1.12,2.26,3.22,1.66,1.98,2.3,-0.54,0.28
2011-10-17,-0.58,0.24,1.07,1.08,2.18,3.13,1.66,1.94,2.22,-0.58,0.24
2011-10-18,-0.65,0.22,1.05,1.07,2.19,3.17,1.72,1.97,2.22,-0.65,0.22
2011-10-19,-0.66,0.23,1.04,1.05,2.18,3.17,1.71,1.95,2.19,-0.66,0.23
2011-10-20,-0.65,0.22,0.99,1.07,2.2,3.19,1.72,1.98,2.24,-0.65,0.22
2011-10-21,-0.66,0.23,1.06,1.08,2.23,3.26,1.74,2.0,2.26,-0.66,0.23
2011-10-24,-0.66,0.23,1.04,1.1,2.25,3.27,1.76,2.02,2.28,-0.66,0.23
2011-10-25,-0.75,0.12,0.9,1.01,2.14,3.13,1.76,2.02,2.28,-0.75,0.12
2011-10-26,-0.74,0.15,0.92,1.09,2.23,3.22,1.83,2.08,2.33,-0.74,0.15
2011-10-27,-0.74,0.24,1.07,1.2,2.42,3.45,1.94,2.18,2.42,-0.74,0.24
2011-10-28,-0.8,0.19,1.02,1.13,2.34,3.36,1.93,2.15,2.37,-0.8,0.19
2011-10-31,-0.89,0.08,0.85,0.99,2.17,3.16,1.88,2.09,2.3,-0.89,0.08
2011-11-01,-0.92,-0.04,0.72,0.9,2.01,2.99,1.82,2.05,2.28,-0.92,-0.04
2011-11-02,-1.02,-0.07,0.73,0.89,2.03,3.03,1.91,2.1,2.29,-1.02,-0.07
2011-11-03,-1.0,0.0,0.79,0.91,2.09,3.1,1.91,2.09,2.27,-1.0,0.0
2011-11-04,-1.05,-0.06,0.74,0.88,2.06,3.09,1.93,2.12,2.31,-1.05,-0.06
2011-11-07,-1.06,-0.1,0.69,0.88,2.04,3.05,1.94,2.14,2.34,-1.06,-0.1
2011-11-08,-0.97,-0.03,0.77,0.92,2.1,3.13,1.89,2.13,2.37,-0.97,-0.03
2011-11-09,-0.99,-0.04,0.76,0.88,2.0,3.03,1.87,2.04,2.21,-0.99,-0.04
2011-11-10,-0.98,-0.04,0.79,0.9,2.04,3.12,1.88,2.08,2.28,-0.98,-0.04
2011-11-14,-0.93,-0.01,0.79,0.91,2.04,3.09,1.84,2.05,2.26,-0.93,-0.01
2011-11-15,-0.83,0.04,0.84,0.93,2.06,3.1,1.76,2.02,2.28,-0.83,0.04
2011-11-16,-0.78,0.05,0.83,0.9,2.01,3.05,1.68,1.96,2.24,-0.78,0.05
2011-11-17,-0.71,0.06,0.83,0.88,1.96,2.98,1.59,1.9,2.21,-0.71,0.06
2011-11-18,-0.7,0.05,0.83,0.94,2.01,2.99,1.64,1.96,2.28,-0.7,0.05
2011-11-21,-0.67,0.07,0.85,0.92,1.97,2.96,1.59,1.9,2.21,-0.67,0.07
2011-11-22,-0.69,0.05,0.82,0.91,1.94,2.91,1.6,1.89,2.18,-0.69,0.05
2011-11-23,-0.73,-0.01,0.73,0.88,1.89,2.82,1.61,1.9,2.19,-0.73,-0.01
2011-11-25,-0.71,0.05,0.79,0.93,1.97,2.92,1.64,1.92,2.2,-0.71,0.05
2011-11-28,-0.75,0.02,0.75,0.91,1.97,2.93,1.66,1.95,2.24,-0.75,0.02
2011-11-29,-0.77,0.01,0.75,0.93,2.0,2.96,1.7,1.99,2.28,-0.77,0.01
2011-11-30,-0.8,0.03,0.82,0.96,2.08,3.06,1.76,2.05,2.34,-0.8,0.03
2011-12-01,-0.79,0.06,0.85,0.97,2.11,3.12,1.76,2.05,2.34,-0.79,0.06
2011-12-02,-0.84,0.0,0.78,0.92,2.05,3.03,1.76,2.05,2.34,-0.84,0.0
2011-12-05,-0.84,-0.01,0.77,0.93,2.04,3.02,1.77,2.05,2.33,-0.84,-0.01
2011-12-06,-0.89,0.01,0.81,0.94,2.08,3.09,1.83,2.07,2.31,-0.89,0.01
2011-12-07,-0.82,-0.01,0.82,0.89,2.02,3.04,1.71,2.03,2.35,-0.82,-0.01
2011-12-08,-0.79,0.01,0.85,0.86,1.99,3.0,1.65,1.98,2.31,-0.79,0.01
2011-12-09,-0.75,0.05,0.92,0.89,2.07,3.1,1.64,2.02,2.4,-0.75,0.05
2011-12-12,-0.77,-0.01,0.83,0.87,2.03,3.06,1.64,2.04,2.44,-0.77,-0.01
2011-12-13,-0.8,-0.05,0.74,0.85,1.96,2.98,1.65,2.01,2.37,-0.8,-0.05
2011-12-14,-0.74,-0.04,0.73,0.86,1.92,2.91,1.6,1.96,2.32,-0.74,-0.04
2011-12-15,-0.75,-0.01,0.78,0.86,1.92,2.92,1.61,1.93,2.25,-0.75,-0.01
2011-12-16,-0.77,-0.05,0.74,0.81,1.86,2.86,1.58,1.91,2.24,-0.77,-0.05
2011-12-19,-0.82,-0.12,0.68,0.82,1.82,2.79,1.64,1.94,2.24,-0.82,-0.12
2011-12-20,-0.84,-0.1,0.69,0.88,1.94,2.93,1.72,2.04,2.36,-0.84,-0.1
2011-12-21,-0.79,-0.07,0.73,0.91,1.98,3.0,1.7,2.05,2.4,-0.79,-0.07
2011-12-22,-0.73,-0.07,0.76,0.91,1.97,2.99,1.64,2.04,2.44,-0.73,-0.07
2011-12-23,-0.71,-0.04,0.79,0.97,2.03,3.05,1.68,2.07,2.46,-0.71,-0.04
2011-12-27,-0.69,-0.02,0.81,0.96,2.02,3.04,1.65,2.04,2.43,-0.69,-0.02
2011-12-28,-0.72,-0.07,0.74,0.91,1.93,2.91,1.63,2.0,2.37,-0.72,-0.07
2011-12-29,-0.73,-0.05,0.78,0.88,1.91,2.9,1.61,1.96,2.31,-0.73,-0.05
2011-12-30,-0.76,-0.07,0.78,0.83,1.89,2.89,1.59,1.96,2.33,-0.76,-0.07
2012-01-03,-0.77,-0.04,0.81,0.89,1.97,2.98,1.66,2.01,2.36,-0.77,-0.04
2012-01-04,-0.82,-0.08,0.79,0.89,2.0,3.03,1.71,2.08,2.45,-0.82,-0.08
2012-01-05,-0.86,-0.1,0.76,0.88,2.02,3.06,1.74,2.12,2.5,-0.86,-0.1
2012-01-06,-0.85,-0.11,0.73,0.86,1.98,3.02,1.71,2.09,2.47,-0.85,-0.11
2012-01-09,-0.88,-0.13,0.72,0.85,1.98,3.02,1.73,2.11,2.49,-0.88,-0.13
2012-01-10,-0.84,-0.08,0.75,0.86,2.0,3.04,1.7,2.08,2.46,-0.84,-0.08
2012-01-11,-0.85,-0.1,0.71,0.82,1.93,2.96,1.67,2.03,2.39,-0.85,-0.1
2012-01-12,-0.85,-0.1,0.74,0.84,1.94,2.97,1.69,2.04,2.39,-0.85,-0.1
2012-01-13,-0.89,-0.14,0.71,0.8,1.89,2.91,1.69,2.03,2.37,-0.89,-0.14
2012-01-17,-0.91,-0.17,0.68,0.79,1.87,2.89,1.7,2.04,2.38,-0.91,-0.17
2012-01-18,-0.91,-0.15,0.72,0.82,1.92,2.96,1.73,2.07,2.41,-0.91,-0.15
2012-01-19,-0.88,0.0,0.76,0.87,2.01,3.05,1.75,2.01,2.27,-0.88,0.0
2012-01-20,-0.85,0.01,0.8,0.91,2.05,3.1,1.76,2.04,2.32,-0.85,0.01
2012-01-23,-0.84,0.02,0.84,0.93,2.09,3.15,1.77,2.07,2.37,-0.84,0.02
2012-01-24,-0.89,-0.01,0.82,0.92,2.08,3.15,1.81,2.09,2.37,-0.89,-0.01
2012-01-25,-1.02,-0.12,0.76,0.81,2.01,3.13,1.83,2.13,2.43,-1.02,-0.12
2012-01-26,-1.09,-0.16,0.74,0.77,1.96,3.1,1.86,2.12,2.38,-1.09,-0.16
2012-01-27,-1.13,-0.18,0.73,0.75,1.93,3.07,1.88,2.11,2.34,-1.13,-0.18
2012-01-30,-1.14,-0.24,0.68,0.73,1.87,2.99,1.87,2.11,2.35,-1.14,-0.24
2012-01-31,-1.17,-0.28,0.61,0.71,1.83,2.94,1.88,2.11,2.34,-1.17,-0.28
2012-02-01,-1.17,-0.28,0.65,0.72,1.87,3.01,1.89,2.15,2.41,-1.17,-0.28
2012-02-02,-1.18,-0.3,0.64,0.71,1.86,3.01,1.89,2.16,2.43,-1.18,-0.3
2012-02-03,-1.1,-0.21,0.75,0.78,1.97,3.13,1.88,2.18,2.48,-1.1,-0.21
2012-02-06,-1.15,-0.26,0.69,0.76,1.93,3.08,1.91,2.19,2.47,-1.15,-0.26
2012-02-07,-1.13,-0.21,0.73,0.82,2.0,3.14,1.95,2.21,2.47,-1.13,-0.21
2012-02-08,-1.09,-0.21,0.71,0.82,2.01,3.14,1.91,2.22,2.53,-1.09,-0.21
2012-02-09,-1.05,-0.17,0.76,0.86,2.04,3.2,1.91,2.21,2.51,-1.05,-0.17
2012-02-10,-1.07,-0.24,0.69,0.81,1.96,3.11,1.88,2.2,2.52,-1.07,-0.24
2012-02-13,-1.12,-0.22,0.69,0.85,1.99,3.14,1.97,2.21,2.45,-1.12,-0.22
2012-02-14,-1.11,-0.27,0.63,0.81,1.92,3.06,1.92,2.19,2.46,-1.11,-0.27
2012-02-15,-1.09,-0.26,0.65,0.81,1.93,3.09,1.9,2.19,2.48,-1.09,-0.26
2012-02-16,-1.06,-0.24,0.77,0.87,1.99,3.14,1.93,2.23,2.53,-1.06,-0.24
2012-02-17,-1.05,-0.23,0.79,0.88,2.01,3.16,1.93,2.24,2.55,-1.05,-0.23
2012-02-21,-1.06,-0.22,0.8,0.92,2.05,3.2,1.98,2.27,2.56,-1.06,-0.22
2012-02-22,-1.11,-0.27,0.76,0.88,2.01,3.15,1.99,2.28,2.57,-1.11,-0.27
2012-02-23,-1.16,-0.3,0.75,0.88,1.99,3.13,2.04,2.29,2.54,-1.16,-0.3
2012-02-24,-1.14,-0.29,0.75,0.89,1.98,3.1,2.03,2.27,2.51,-1.14,-0.29
2012-02-27,-1.18,-0.32,0.7,0.84,1.92,3.04,2.02,2.24,2.46,-1.18,-0.32
2012-02-28,-1.15,-0.31,0.72,0.84,1.94,3.07,1.99,2.25,2.51,-1.15,-0.31
2012-02-29,-1.12,-0.28,0.73,0.87,1.98,3.08,1.99,2.26,2.53,-1.12,-0.28
2012-03-01,-1.1,-0.23,0.8,0.89,2.03,3.15,1.99,2.26,2.53,-1.1,-0.23
2012-03-02,-1.11,-0.24,0.81,0.84,1.99,3.11,1.95,2.23,2.51,-1.11,-0.24
2012-03-05,-1.07,-0.2,0.87,0.87,2.0,3.13,1.94,2.2,2.46,-1.07,-0.2
2012-03-06,-1.09,-0.21,0.83,0.83,1.96,3.08,1.92,2.17,2.42,-1.09,-0.21
2012-03-07,-1.13,-0.22,0.83,0.85,1.98,3.12,1.98,2.2,2.42,-1.13,-0.22
2012-03-08,-1.12,-0.21,0.85,0.89,2.03,3.18,2.01,2.24,2.47,-1.12,-0.21
2012-03-09,-1.17,-0.24,0.82,0.9,2.04,3.19,2.07,2.28,2.49,-1.17,-0.24
2012-03-12,-1.14,-0.24,0.8,0.92,2.04,3.17,2.06,2.28,2.5,-1.14,-0.24
2012-03-13,-1.14,-0.2,0.84,0.99,2.14,3.26,2.13,2.34,2.55,-1.14,-0.2
2012-03-14,-1.02,-0.07,0.95,1.13,2.29,3.43,2.15,2.36,2.57,-1.02,-0.07
2012-03-15,-1.02,-0.08,0.9,1.11,2.29,3.41,2.13,2.37,2.61,-1.02,-0.08
2012-03-16,-0.99,-0.09,0.88,1.13,2.31,3.41,2.12,2.4,2.68,-0.99,-0.09
2012-03-19,-0.93,-0.03,0.93,1.2,2.39,3.48,2.13,2.42,2.71,-0.93,-0.03
2012-03-20,-0.93,-0.04,0.93,1.22,2.38,3.46,2.15,2.42,2.69,-0.93,-0.04
2012-03-21,-0.96,-0.08,0.9,1.15,2.31,3.38,2.11,2.39,2.67,-0.96,-0.08
2012-03-22,-0.93,-0.08,0.91,1.13,2.29,3.37,2.06,2.37,2.68,-0.93,-0.08
2012-03-23,-0.94,-0.11,0.86,1.1,2.25,3.31,2.04,2.36,2.68,-0.94,-0.11
2012-03-26,-0.93,-0.08,0.93,1.09,2.26,3.33,2.02,2.34,2.66,-0.93,-0.08
2012-03-27,-0.97,-0.13,0.89,1.04,2.2,3.29,2.01,2.33,2.65,-0.97,-0.13
2012-03-28,-0.98,-0.11,0.89,1.05,2.21,3.31,2.03,2.32,2.61,-0.98,-0.11
2012-03-29,-0.98,-0.13,0.87,1.01,2.18,3.27,1.99,2.31,2.63,-0.98,-0.13
2012-03-30,-0.98,-0.09,0.93,1.04,2.23,3.35,2.02,2.32,2.62,-0.98,-0.09
2012-04-02,-1.01,-0.14,0.89,1.03,2.22,3.35,2.04,2.36,2.68,-1.01,-0.14
2012-04-03,-0.94,-0.06,0.94,1.1,2.3,3.41,2.04,2.36,2.68,-0.94,-0.06
2012-04-04,-0.91,-0.05,0.94,1.05,2.25,3.37,1.96,2.3,2.64,-0.91,-0.05
2012-04-05,-0.94,-0.08,0.92,1.01,2.19,3.32,1.95,2.27,2.59,-0.94,-0.08
2012-04-06,-0.96,-0.16,0.85,0.89,2.07,3.21,1.85,2.23,2.61,-0.96,-0.16
2012-04-09,-0.94,-0.17,0.83,0.9,2.06,3.18,1.84,2.23,2.62,-0.94,-0.17
2012-04-10,-1.02,-0.24,0.77,0.85,2.01,3.13,1.87,2.25,2.63,-1.02,-0.24
2012-04-11,-1.06,-0.25,0.78,0.89,2.05,3.18,1.95,2.3,2.65,-1.06,-0.25
2012-04-12,-1.01,-0.22,0.82,0.9,2.08,3.22,1.91,2.3,2.69,-1.01,-0.22
2012-04-13,-1.05,-0.25,0.77,0.86,2.02,3.14,1.91,2.27,2.63,-1.05,-0.25
2012-04-16,-1.04,-0.26,0.75,0.85,2.0,3.12,1.89,2.26,2.63,-1.04,-0.26
2012-04-17,-1.03,-0.26,0.74,0.88,2.03,3.15,1.91,2.29,2.67,-1.03,-0.26
2012-04-18,-1.01,-0.26,0.74,0.86,2.0,3.13,1.87,2.26,2.65,-1.01,-0.26
2012-04-19,-1.07,-0.21,0.77,0.84,1.98,3.12,1.91,2.19,2.47,-1.07,-0.21
2012-04-20,-1.1,-0.24,0.75,0.86,1.99,3.12,1.96,2.23,2.5,-1.1,-0.24
2012-04-23,-1.12,-0.26,0.72,0.83,1.96,3.08,1.95,2.22,2.49,-1.12,-0.26
2012-04-24,-1.15,-0.25,0.74,0.86,2.0,3.12,2.01,2.25,2.49,-1.15,-0.25
2012-04-25,-1.16,-0.24,0.75,0.86,2.01,3.15,2.02,2.25,2.48,-1.16,-0.24
2012-04-26,-1.21,-0.29,0.72,0.83,1.98,3.13,2.04,2.27,2.5,-1.21,-0.29
2012-04-27,-1.24,-0.3,0.73,0.82,1.96,3.12,2.06,2.26,2.46,-1.24,-0.3
2012-04-30,-1.24,-0.3,0.75,0.82,1.95,3.12,2.06,2.25,2.44,-1.24,-0.3
2012-05-01,-1.22,-0.28,0.78,0.84,1.98,3.16,2.06,2.26,2.46,-1.22,-0.28
2012-05-02,-1.22,-0.28,0.76,0.82,1.96,3.11,2.04,2.24,2.44,-1.22,-0.28
2012-05-03,-1.19,-0.27,0.78,0.82,1.96,3.12,2.01,2.23,2.45,-1.19,-0.27
2012-05-04,-1.15,-0.3,0.76,0.78,1.91,3.07,1.93,2.21,2.49,-1.15,-0.3
2012-05-07,-1.15,-0.27,0.75,0.79,1.92,3.07,1.94,2.19,2.44,-1.15,-0.27
2012-05-08,-1.18,-0.28,0.72,0.77,1.88,3.03,1.95,2.16,2.37,-1.18,-0.28
2012-05-09,-1.17,-0.27,0.76,0.77,1.87,3.03,1.94,2.14,2.34,-1.17,-0.27
2012-05-10,-1.17,-0.25,0.77,0.79,1.89,3.07,1.96,2.14,2.32,-1.17,-0.25
2012-05-11,-1.16,-0.28,0.76,0.75,1.84,3.02,1.91,2.12,2.33,-1.16,-0.28
2012-05-14,-1.18,-0.33,0.71,0.73,1.78,2.95,1.91,2.11,2.31,-1.18,-0.33
2012-05-15,-1.18,-0.36,0.68,0.74,1.76,2.91,1.92,2.12,2.32,-1.18,-0.36
2012-05-16,-1.14,-0.33,0.7,0.75,1.76,2.9,1.89,2.09,2.29,-1.14,-0.33
2012-05-17,-1.13,-0.35,0.62,0.74,1.7,2.8,1.87,2.05,2.23,-1.13,-0.35
2012-05-18,-1.1,-0.39,0.6,0.75,1.71,2.8,1.85,2.1,2.35,-1.1,-0.39
2012-05-21,-1.11,-0.41,0.57,0.75,1.75,2.8,1.86,2.16,2.46,-1.11,-0.41
2012-05-22,-1.09,-0.38,0.62,0.78,1.79,2.88,1.87,2.17,2.47,-1.09,-0.38
2012-05-23,-1.06,-0.41,0.58,0.74,1.73,2.81,1.8,2.14,2.48,-1.06,-0.41
2012-05-24,-1.02,-0.37,0.63,0.77,1.77,2.86,1.79,2.14,2.49,-1.02,-0.37
2012-05-25,-1.02,-0.38,0.63,0.76,1.75,2.85,1.78,2.13,2.48,-1.02,-0.38
2012-05-29,-1.0,-0.37,0.65,0.76,1.74,2.85,1.76,2.11,2.46,-1.0,-0.37
2012-05-30,-1.02,-0.45,0.57,0.69,1.63,2.72,1.71,2.08,2.45,-1.02,-0.45
2012-05-31,-1.05,-0.5,0.51,0.67,1.59,2.67,1.72,2.09,2.46,-1.05,-0.5
2012-06-01,-1.03,-0.59,0.36,0.62,1.47,2.53,1.65,2.06,2.47,-1.03,-0.59
2012-06-04,-1.01,-0.56,0.37,0.68,1.53,2.56,1.69,2.09,2.49,-1.01,-0.56
2012-06-05,-1.03,-0.56,0.38,0.68,1.57,2.63,1.71,2.13,2.55,-1.03,-0.56
2012-06-06,-1.0,-0.5,0.46,0.73,1.66,2.73,1.73,2.16,2.59,-1.0,-0.5
2012-06-07,-1.05,-0.49,0.53,0.72,1.66,2.75,1.77,2.15,2.53,-1.05,-0.49
2012-06-08,-1.08,-0.5,0.55,0.71,1.65,2.77,1.79,2.15,2.51,-1.08,-0.5
2012-06-11,-1.1,-0.53,0.53,0.69,1.6,2.71,1.79,2.13,2.47,-1.1,-0.53
2012-06-12,-1.06,-0.48,0.56,0.75,1.67,2.77,1.81,2.15,2.49,-1.06,-0.48
2012-06-13,-1.09,-0.51,0.51,0.71,1.61,2.7,1.8,2.12,2.44,-1.09,-0.51
2012-06-14,-1.06,-0.47,0.55,0.73,1.64,2.73,1.79,2.11,2.43,-1.06,-0.47
2012-06-15,-1.18,-0.54,0.5,0.68,1.6,2.7,1.86,2.14,2.42,-1.18,-0.54
2012-06-18,-1.16,-0.54,0.49,0.69,1.59,2.67,1.85,2.13,2.41,-1.16,-0.54
2012-06-19,-1.16,-0.53,0.51,0.71,1.64,2.73,1.87,2.17,2.47,-1.16,-0.53
2012-06-20,-1.14,-0.51,0.5,0.74,1.65,2.72,1.88,2.16,2.44,-1.14,-0.51
2012-06-21,-1.04,-0.47,0.52,0.73,1.63,2.68,1.77,2.1,2.43,-1.04,-0.47
2012-06-22,-0.98,-0.42,0.57,0.76,1.69,2.75,1.74,2.11,2.48,-0.98,-0.42
2012-06-25,-0.98,-0.47,0.51,0.72,1.63,2.69,1.7,2.1,2.5,-0.98,-0.47
2012-06-26,-0.95,-0.45,0.52,0.75,1.66,2.71,1.7,2.11,2.52,-0.95,-0.45
2012-06-27,-0.95,-0.45,0.49,0.73,1.65,2.7,1.68,2.1,2.52,-0.95,-0.45
2012-06-28,-0.95,-0.48,0.49,0.69,1.6,2.67,1.64,2.08,2.52,-0.95,-0.48
2012-06-29,-1.0,-0.46,0.56,0.72,1.67,2.76,1.72,2.13,2.54,-1.0,-0.46
2012-07-02,-1.04,-0.5,0.51,0.67,1.61,2.69,1.71,2.11,2.51,-1.04,-0.5
2012-07-03,-1.08,-0.48,0.53,0.69,1.65,2.74,1.77,2.13,2.49,-1.08,-0.48
2012-07-05,-1.12,-0.51,0.5,0.68,1.62,2.72,1.8,2.13,2.46,-1.12,-0.51
2012-07-06,-1.12,-0.53,0.48,0.64,1.57,2.66,1.76,2.1,2.44,-1.12,-0.53
2012-07-09,-1.14,-0.57,0.43,0.63,1.53,2.62,1.77,2.1,2.43,-1.14,-0.57
2012-07-10,-1.16,-0.59,0.4,0.63,1.53,2.6,1.79,2.12,2.45,-1.16,-0.59
2012-07-11,-1.15,-0.57,0.41,0.64,1.54,2.6,1.79,2.11,2.43,-1.15,-0.57
2012-07-12,-1.13,-0.58,0.39,0.63,1.5,2.57,1.76,2.08,2.4,-1.13,-0.58
2012-07-13,-1.15,-0.59,0.38,0.63,1.52,2.58,1.78,2.11,2.44,-1.15,-0.59
2012-07-16,-1.18,-0.61,0.37,0.6,1.5,2.56,1.78,2.11,2.44,-1.18,-0.61
2012-07-17,-1.16,-0.59,0.4,0.62,1.53,2.59,1.78,2.12,2.46,-1.16,-0.59
2012-07-18,-1.19,-0.6,0.4,0.6,1.52,2.59,1.79,2.12,2.45,-1.19,-0.6
2012-07-19,-1.2,-0.62,0.4,0.62,1.54,2.61,1.82,2.16,2.5,-1.2,-0.62
2012-07-20,-1.18,-0.67,0.33,0.59,1.49,2.55,1.77,2.16,2.55,-1.18,-0.67
2012-07-23,-1.18,-0.68,0.32,0.57,1.47,2.52,1.75,2.15,2.55,-1.18,-0.68
2012-07-24,-1.13,-0.68,0.31,0.57,1.44,2.47,1.7,2.12,2.54,-1.13,-0.68
2012-07-25,-1.12,-0.67,0.31,0.56,1.43,2.46,1.68,2.1,2.52,-1.12,-0.67
2012-07-26,-1.13,-0.66,0.33,0.58,1.45,2.49,1.71,2.11,2.51,-1.13,-0.66
2012-07-27,-1.14,-0.61,0.41,0.65,1.58,2.63,1.79,2.19,2.59,-1.14,-0.61
2012-07-30,-1.17,-0.64,0.36,0.61,1.53,2.58,1.78,2.17,2.56,-1.17,-0.64
2012-07-31,-1.23,-0.69,0.32,0.6,1.51,2.56,1.83,2.2,2.57,-1.23,-0.69
2012-08-01,-1.22,-0.67,0.34,0.63,1.56,2.6,1.85,2.23,2.61,-1.22,-0.67
2012-08-02,-1.22,-0.69,0.3,0.61,1.51,2.55,1.83,2.2,2.57,-1.22,-0.69
2012-08-03,-1.2,-0.66,0.36,0.67,1.6,2.65,1.87,2.26,2.65,-1.2,-0.66
2012-08-06,-1.24,-0.68,0.35,0.65,1.59,2.65,1.89,2.27,2.65,-1.24,-0.68
2012-08-07,-1.24,-0.65,0.38,0.71,1.66,2.72,1.95,2.31,2.67,-1.24,-0.65
2012-08-08,-1.19,-0.61,0.42,0.73,1.68,2.75,1.92,2.29,2.66,-1.19,-0.61
2012-08-09,-1.18,-0.58,0.44,0.74,1.69,2.78,1.92,2.27,2.62,-1.18,-0.58
2012-08-10,-1.19,-0.6,0.44,0.71,1.65,2.74,1.9,2.25,2.6,-1.19,-0.6
2012-08-13,-1.19,-0.58,0.45,0.71,1.65,2.74,1.9,2.23,2.56,-1.19,-0.58
2012-08-14,-1.16,-0.53,0.51,0.75,1.73,2.82,1.91,2.26,2.61,-1.16,-0.53
2012-08-15,-1.09,-0.45,0.6,0.8,1.8,2.9,1.89,2.25,2.61,-1.09,-0.45
2012-08-16,-1.07,-0.42,0.64,0.83,1.83,2.96,1.9,2.25,2.6,-1.07,-0.42
2012-08-17,-1.05,-0.43,0.64,0.81,1.81,2.93,1.86,2.24,2.62,-1.05,-0.43
2012-08-20,-1.04,-0.43,0.64,0.8,1.82,2.93,1.84,2.25,2.66,-1.04,-0.43
2012-08-21,-1.06,-0.45,0.61,0.8,1.8,2.9,1.86,2.25,2.64,-1.06,-0.45
2012-08-22,-1.17,-0.55,0.53,0.71,1.71,2.82,1.88,2.26,2.64,-1.17,-0.55
2012-08-23,-1.25,-0.62,0.48,0.71,1.68,2.79,1.96,2.3,2.64,-1.25,-0.62
2012-08-24,-1.22,-0.6,0.48,0.72,1.68,2.79,1.94,2.28,2.62,-1.22,-0.6
2012-08-27,-1.27,-0.64,0.44,0.7,1.65,2.76,1.97,2.29,2.61,-1.27,-0.64
2012-08-28,-1.29,-0.68,0.41,0.69,1.64,2.75,1.98,2.32,2.66,-1.29,-0.68
2012-08-29,-1.26,-0.64,0.44,0.69,1.66,2.77,1.95,2.3,2.65,-1.26,-0.64
2012-08-30,-1.26,-0.63,0.46,0.66,1.63,2.75,1.92,2.26,2.6,-1.26,-0.63
2012-08-31,-1.36,-0.68,0.41,0.59,1.57,2.68,1.95,2.25,2.55,-1.36,-0.68
2012-09-04,-1.35,-0.68,0.4,0.62,1.59,2.69,1.97,2.27,2.57,-1.35,-0.68
2012-09-05,-1.36,-0.69,0.4,0.62,1.6,2.7,1.98,2.29,2.6,-1.36,-0.69
2012-09-06,-1.33,-0.63,0.47,0.68,1.68,2.8,2.01,2.31,2.61,-1.33,-0.63
2012-09-07,-1.39,-0.68,0.44,0.64,1.67,2.81,2.03,2.35,2.67,-1.39,-0.68
2012-09-10,-1.42,-0.68,0.43,0.66,1.68,2.83,2.08,2.36,2.64,-1.42,-0.68
2012-09-11,-1.44,-0.68,0.43,0.67,1.7,2.84,2.11,2.38,2.65,-1.44,-0.68
2012-09-12,-1.42,-0.61,0.52,0.7,1.77,2.92,2.12,2.38,2.64,-1.42,-0.61
2012-09-13,-1.58,-0.72,0.44,0.65,1.75,2.95,2.23,2.47,2.71,-1.58,-0.72
2012-09-14,-1.67,-0.76,0.43,0.72,1.88,3.09,2.39,2.64,2.89,-1.67,-0.76
2012-09-17,-1.58,-0.74,0.43,0.73,1.85,3.03,2.31,2.59,2.87,-1.58,-0.74
2012-09-18,-1.52,-0.73,0.44,0.71,1.82,3.0,2.23,2.55,2.87,-1.52,-0.73
2012-09-19,-1.49,-0.75,0.42,0.7,1.79,2.97,2.19,2.54,2.89,-1.49,-0.75
2012-09-20,-1.51,-0.7,0.46,0.7,1.8,2.96,2.21,2.5,2.79,-1.51,-0.7
2012-09-21,-1.5,-0.71,0.46,0.68,1.77,2.95,2.18,2.48,2.78,-1.5,-0.71
2012-09-24,-1.47,-0.73,0.47,0.68,1.74,2.91,2.15,2.47,2.79,-1.47,-0.73
2012-09-25,-1.49,-0.74,0.43,0.66,1.7,2.86,2.15,2.44,2.73,-1.49,-0.74
2012-09-26,-1.46,-0.77,0.39,0.63,1.64,2.79,2.09,2.41,2.73,-1.46,-0.77
2012-09-27,-1.47,-0.78,0.41,0.64,1.66,2.83,2.11,2.44,2.77,-1.47,-0.78
2012-09-28,-1.49,-0.77,0.43,0.62,1.65,2.82,2.11,2.42,2.73,-1.49,-0.77
2012-10-01,-1.49,-0.78,0.42,0.62,1.64,2.81,2.11,2.42,2.73,-1.49,-0.78
2012-10-02,-1.51,-0.83,0.37,0.61,1.64,2.81,2.12,2.47,2.82,-1.51,-0.83
2012-10-03,-1.57,-0.83,0.35,0.61,1.64,2.82,2.18,2.47,2.76,-1.57,-0.83
2012-10-04,-1.62,-0.86,0.34,0.63,1.7,2.89,2.25,2.56,2.87,-1.62,-0.86
2012-10-05,-1.61,-0.82,0.38,0.67,1.75,2.96,2.28,2.57,2.86,-1.61,-0.82
2012-10-09,-1.6,-0.81,0.37,0.67,1.74,2.93,2.27,2.55,2.83,-1.6,-0.81
2012-10-10,-1.57,-0.8,0.38,0.66,1.72,2.89,2.23,2.52,2.81,-1.57,-0.8
2012-10-11,-1.52,-0.77,0.39,0.67,1.7,2.86,2.19,2.47,2.75,-1.52,-0.77
2012-10-12,-1.48,-0.78,0.39,0.67,1.69,2.83,2.15,2.47,2.79,-1.48,-0.78
2012-10-15,-1.52,-0.78,0.4,0.67,1.7,2.85,2.19,2.48,2.77,-1.52,-0.78
2012-10-16,-1.48,-0.71,0.46,0.7,1.75,2.91,2.18,2.46,2.74,-1.48,-0.71
2012-10-17,-1.44,-0.65,0.49,0.78,1.83,2.98,2.22,2.48,2.74,-1.44,-0.65
2012-10-18,-1.43,-0.66,0.49,0.79,1.86,3.02,2.22,2.52,2.82,-1.43,-0.66
2012-10-19,-1.42,-0.71,0.42,0.77,1.79,2.94,2.19,2.5,2.81,-1.42,-0.71
2012-10-22,-1.39,-0.7,0.42,0.79,1.83,2.95,2.18,2.53,2.88,-1.39,-0.7
2012-10-23,-1.38,-0.71,0.4,0.77,1.79,2.91,2.15,2.5,2.85,-1.38,-0.71
2012-10-24,-1.37,-0.69,0.42,0.76,1.8,2.93,2.13,2.49,2.85,-1.37,-0.69
2012-10-25,-1.31,-0.63,0.47,0.82,1.86,2.98,2.13,2.49,2.85,-1.31,-0.63
2012-10-26,-1.32,-0.69,0.43,0.76,1.78,2.92,2.08,2.47,2.86,-1.32,-0.69
2012-10-29,-1.35,-0.73,0.39,0.74,1.74,2.87,2.09,2.47,2.85,-1.35,-0.73
2012-10-31,-1.4,-0.78,0.35,0.72,1.72,2.85,2.12,2.5,2.88,-1.4,-0.78
2012-11-01,-1.4,-0.77,0.36,0.73,1.75,2.89,2.13,2.52,2.91,-1.4,-0.77
2012-11-02,-1.39,-0.73,0.4,0.73,1.75,2.91,2.12,2.48,2.84,-1.39,-0.73
2012-11-05,-1.37,-0.75,0.38,0.7,1.72,2.88,2.07,2.47,2.87,-1.37,-0.75
2012-11-06,-1.37,-0.72,0.41,0.75,1.78,2.92,2.12,2.5,2.88,-1.37,-0.72
2012-11-07,-1.41,-0.8,0.33,0.67,1.68,2.83,2.08,2.48,2.88,-1.41,-0.8
2012-11-08,-1.42,-0.85,0.26,0.65,1.62,2.77,2.07,2.47,2.87,-1.42,-0.85
2012-11-09,-1.4,-0.83,0.29,0.65,1.61,2.75,2.05,2.44,2.83,-1.4,-0.83
2012-11-13,-1.41,-0.84,0.28,0.63,1.59,2.72,2.04,2.43,2.82,-1.41,-0.84
2012-11-14,-1.39,-0.81,0.29,0.63,1.59,2.73,2.02,2.4,2.78,-1.39,-0.81
2012-11-15,-1.38,-0.8,0.29,0.62,1.58,2.72,2.0,2.38,2.76,-1.38,-0.8
2012-11-16,-1.39,-0.81,0.31,0.62,1.58,2.73,2.01,2.39,2.77,-1.39,-0.81
2012-11-19,-1.39,-0.78,0.34,0.64,1.61,2.76,2.03,2.39,2.75,-1.39,-0.78
2012-11-20,-1.38,-0.74,0.38,0.67,1.66,2.82,2.05,2.4,2.75,-1.38,-0.74
2012-11-21,-1.36,-0.71,0.4,0.69,1.69,2.83,2.05,2.4,2.75,-1.36,-0.71
2012-11-23,-1.36,-0.72,0.4,0.7,1.7,2.83,2.06,2.42,2.78,-1.36,-0.72
2012-11-26,-1.36,-0.73,0.38,0.68,1.66,2.8,2.04,2.39,2.74,-1.36,-0.73
2012-11-27,-1.36,-0.74,0.37,0.66,1.64,2.79,2.02,2.38,2.74,-1.36,-0.74
2012-11-28,-1.35,-0.75,0.38,0.64,1.63,2.79,1.99,2.38,2.77,-1.35,-0.75
2012-11-29,-1.37,-0.78,0.36,0.63,1.62,2.79,2.0,2.4,2.8,-1.37,-0.78
2012-11-30,-1.4,-0.79,0.34,0.61,1.62,2.81,2.01,2.41,2.81,-1.4,-0.79
2012-12-03,-1.41,-0.81,0.3,0.63,1.63,2.8,2.04,2.44,2.84,-1.41,-0.81
2012-12-04,-1.41,-0.83,0.28,0.63,1.62,2.78,2.04,2.45,2.86,-1.41,-0.83
2012-12-05,-1.45,-0.85,0.27,0.61,1.6,2.78,2.06,2.45,2.84,-1.45,-0.85
2012-12-06,-1.46,-0.87,0.24,0.6,1.59,2.76,2.06,2.46,2.86,-1.46,-0.87
2012-12-07,-1.47,-0.86,0.25,0.63,1.64,2.81,2.1,2.5,2.9,-1.47,-0.86
2012-12-10,-1.43,-0.87,0.24,0.62,1.63,2.8,2.05,2.5,2.95,-1.43,-0.87
2012-12-11,-1.43,-0.84,0.26,0.64,1.66,2.83,2.07,2.5,2.93,-1.43,-0.84
2012-12-12,-1.46,-0.79,0.31,0.66,1.72,2.9,2.12,2.51,2.9,-1.46,-0.79
2012-12-13,-1.42,-0.73,0.34,0.7,1.74,2.9,2.12,2.47,2.82,-1.42,-0.73
2012-12-14,-1.41,-0.74,0.32,0.7,1.72,2.87,2.11,2.46,2.81,-1.41,-0.74
2012-12-17,-1.37,-0.7,0.38,0.74,1.78,2.94,2.11,2.48,2.85,-1.37,-0.7
2012-12-18,-1.36,-0.67,0.42,0.78,1.84,3.0,2.14,2.51,2.88,-1.36,-0.67
2012-12-19,-1.36,-0.66,0.41,0.77,1.82,2.99,2.13,2.48,2.83,-1.36,-0.66
2012-12-20,-1.39,-0.69,0.38,0.77,1.81,2.98,2.16,2.5,2.84,-1.39,-0.69
2012-12-21,-1.35,-0.71,0.35,0.75,1.77,2.93,2.1,2.48,2.86,-1.35,-0.71
2012-12-24,-1.36,-0.69,0.35,0.77,1.79,2.94,2.13,2.48,2.83,-1.36,-0.69
2012-12-26,-1.35,-0.71,0.35,0.76,1.77,2.94,2.11,2.48,2.85,-1.35,-0.71
2012-12-27,-1.39,-0.73,0.34,0.72,1.74,2.89,2.11,2.47,2.83,-1.39,-0.73
2012-12-28,-1.34,-0.73,0.36,0.72,1.73,2.88,2.06,2.46,2.86,-1.34,-0.73
2012-12-31,-1.37,-0.67,0.41,0.72,1.78,2.95,2.09,2.45,2.81,-1.37,-0.67
2013-01-02,-1.36,-0.62,0.47,0.76,1.86,3.04,2.12,2.48,2.84,-1.36,-0.62
2013-01-03,-1.3,-0.54,0.56,0.81,1.92,3.12,2.11,2.46,2.81,-1.3,-0.54
2013-01-04,-1.31,-0.55,0.53,0.82,1.93,3.1,2.13,2.48,2.83,-1.31,-0.55
2013-01-07,-1.34,-0.6,0.49,0.82,1.92,3.1,2.16,2.52,2.88,-1.34,-0.6
2013-01-08,-1.36,-0.6,0.46,0.79,1.89,3.06,2.15,2.49,2.83,-1.36,-0.6
2013-01-09,-1.41,-0.64,0.44,0.77,1.88,3.06,2.18,2.52,2.86,-1.41,-0.64
2013-01-10,-1.4,-0.62,0.47,0.8,1.91,3.08,2.2,2.53,2.86,-1.4,-0.62
2013-01-11,-1.4,-0.63,0.45,0.78,1.89,3.05,2.18,2.52,2.86,-1.4,-0.63
2013-01-14,-1.34,-0.66,0.46,0.78,1.89,3.05,2.12,2.55,2.98,-1.34,-0.66
2013-01-15,-1.45,-0.66,0.43,0.75,1.86,3.02,2.2,2.52,2.84,-1.45,-0.66
2013-01-16,-1.43,-0.65,0.44,0.75,1.84,3.01,2.18,2.49,2.8,-1.43,-0.65
2013-01-17,-1.4,-0.64,0.47,0.79,1.89,3.06,2.19,2.53,2.87,-1.4,-0.64
2013-01-18,-1.43,-0.66,0.44,0.77,1.87,3.03,2.2,2.53,2.86,-1.43,-0.66
2013-01-22,-1.39,-0.68,0.44,0.76,1.86,3.02,2.15,2.54,2.93,-1.39,-0.68
2013-01-23,-1.45,-0.66,0.44,0.76,1.86,3.02,2.21,2.52,2.83,-1.45,-0.66
2013-01-24,-1.44,-0.62,0.45,0.78,1.88,3.04,2.22,2.5,2.78,-1.44,-0.62
2013-01-25,-1.34,-0.56,0.51,0.87,1.98,3.14,2.21,2.54,2.87,-1.34,-0.56
2013-01-28,-1.35,-0.55,0.52,0.89,2.0,3.15,2.24,2.55,2.86,-1.35,-0.55
2013-01-29,-1.37,-0.53,0.55,0.9,2.03,3.18,2.27,2.56,2.85,-1.37,-0.53
2013-01-30,-1.38,-0.54,0.56,0.88,2.03,3.19,2.26,2.57,2.88,-1.38,-0.54
2013-01-31,-1.45,-0.57,0.53,0.88,2.02,3.17,2.33,2.59,2.85,-1.45,-0.57
2013-02-01,-1.46,-0.55,0.58,0.88,2.04,3.21,2.34,2.59,2.84,-1.46,-0.55
2013-02-04,-1.47,-0.59,0.53,0.85,2.0,3.17,2.32,2.59,2.86,-1.47,-0.59
2013-02-05,-1.44,-0.55,0.56,0.88,2.04,3.21,2.32,2.59,2.86,-1.44,-0.55
2013-02-06,-1.48,-0.58,0.53,0.84,2.0,3.18,2.32,2.58,2.84,-1.48,-0.58
2013-02-07,-1.46,-0.58,0.53,0.83,1.99,3.17,2.29,2.57,2.85,-1.46,-0.58
2013-02-08,-1.37,-0.57,0.56,0.84,1.99,3.17,2.21,2.56,2.91,-1.37,-0.57
2013-02-11,-1.41,-0.58,0.55,0.85,1.99,3.16,2.26,2.57,2.88,-1.41,-0.58
2013-02-12,-1.32,-0.57,0.57,0.88,2.02,3.19,2.2,2.59,2.98,-1.32,-0.57
2013-02-13,-1.34,-0.54,0.59,0.92,2.05,3.23,2.26,2.59,2.92,-1.34,-0.54
2013-02-14,-1.36,-0.56,0.58,0.86,2.0,3.17,2.22,2.56,2.9,-1.36,-0.56
2013-02-15,-1.32,-0.53,0.61,0.87,2.01,3.18,2.19,2.54,2.89,-1.32,-0.53
2013-02-19,-1.31,-0.52,0.61,0.89,2.03,3.21,2.2,2.55,2.9,-1.31,-0.52
2013-02-20,-1.31,-0.52,0.61,0.88,2.02,3.2,2.19,2.54,2.89,-1.31,-0.52
2013-02-21,-1.33,-0.54,0.62,0.86,1.99,3.17,2.19,2.53,2.87,-1.33,-0.54
2013-02-22,-1.36,-0.57,0.59,0.84,1.97,3.15,2.2,2.54,2.88,-1.36,-0.57
2013-02-25,-1.41,-0.62,0.54,0.78,1.88,3.08,2.19,2.5,2.81,-1.41,-0.62
2013-02-26,-1.4,-0.62,0.56,0.78,1.88,3.08,2.18,2.5,2.82,-1.4,-0.62
2013-02-27,-1.4,-0.61,0.57,0.78,1.91,3.11,2.18,2.52,2.86,-1.4,-0.61
2013-02-28,-1.41,-0.64,0.55,0.77,1.89,3.1,2.18,2.53,2.88,-1.41,-0.64
2013-03-01,-1.45,-0.67,0.52,0.75,1.86,3.06,2.2,2.53,2.86,-1.45,-0.67
2013-03-04,-1.46,-0.65,0.54,0.76,1.88,3.08,2.22,2.53,2.84,-1.46,-0.65
2013-03-05,-1.49,-0.65,0.54,0.77,1.9,3.1,2.26,2.55,2.84,-1.49,-0.65
2013-03-06,-1.46,-0.61,0.58,0.81,1.95,3.15,2.27,2.56,2.85,-1.46,-0.61
2013-03-07,-1.37,-0.56,0.62,0.85,2.0,3.2,2.22,2.56,2.9,-1.37,-0.56
2013-03-08,-1.28,-0.5,0.67,0.9,2.06,3.25,2.18,2.56,2.94,-1.28,-0.5
2013-03-11,-1.38,-0.5,0.67,0.9,2.07,3.26,2.28,2.57,2.86,-1.38,-0.5
2013-03-12,-1.39,-0.52,0.65,0.88,2.03,3.22,2.27,2.55,2.83,-1.39,-0.52
2013-03-13,-1.4,-0.52,0.65,0.89,2.04,3.22,2.29,2.56,2.83,-1.4,-0.52
2013-03-14,-1.43,-0.53,0.67,0.88,2.04,3.25,2.31,2.57,2.83,-1.43,-0.53
2013-03-15,-1.46,-0.55,0.67,0.84,2.01,3.22,2.3,2.56,2.82,-1.46,-0.55
2013-03-18,-1.45,-0.6,0.64,0.81,1.96,3.18,2.26,2.56,2.86,-1.45,-0.6
2013-03-19,-1.46,-0.61,0.62,0.79,1.92,3.13,2.25,2.53,2.81,-1.46,-0.61
2013-03-20,-1.44,-0.57,0.66,0.81,1.96,3.19,2.25,2.53,2.81,-1.44,-0.57
2013-03-21,-1.41,-0.57,0.65,0.81,1.95,3.15,2.22,2.52,2.82,-1.41,-0.57
2013-03-22,-1.43,-0.6,0.62,0.8,1.93,3.13,2.23,2.53,2.83,-1.43,-0.6
2013-03-25,-1.44,-0.6,0.63,0.8,1.93,3.14,2.24,2.53,2.82,-1.44,-0.6
2013-03-26,-1.42,-0.61,0.62,0.79,1.92,3.13,2.21,2.53,2.85,-1.42,-0.61
2013-03-27,-1.46,-0.64,0.59,0.76,1.87,3.09,2.22,2.51,2.8,-1.46,-0.64
2013-03-28,-1.47,-0.64,0.61,0.77,1.87,3.1,2.24,2.51,2.78,-1.47,-0.64
2013-04-01,-1.47,-0.65,0.58,0.76,1.86,3.08,2.23,2.51,2.79,-1.47,-0.65
2013-04-02,-1.44,-0.63,0.6,0.78,1.88,3.1,2.22,2.51,2.8,-1.44,-0.63
2013-04-03,-1.45,-0.65,0.56,0.73,1.83,3.05,2.18,2.48,2.78,-1.45,-0.65
2013-04-04,-1.44,-0.7,0.48,0.69,1.78,2.99,2.13,2.48,2.83,-1.44,-0.7
2013-04-05,-1.42,-0.74,0.38,0.68,1.72,2.87,2.1,2.46,2.82,-1.42,-0.74
2013-04-08,-1.43,-0.69,0.44,0.71,1.76,2.91,2.14,2.45,2.76,-1.43,-0.69
2013-04-09,-1.36,-0.67,0.49,0.7,1.78,2.94,2.06,2.45,2.84,-1.36,-0.67
2013-04-10,-1.36,-0.6,0.56,0.74,1.84,3.01,2.1,2.44,2.78,-1.36,-0.6
2013-04-11,-1.38,-0.65,0.52,0.74,1.82,3.01,2.12,2.47,2.82,-1.38,-0.65
2013-04-12,-1.41,-0.68,0.47,0.7,1.75,2.92,2.11,2.43,2.75,-1.41,-0.68
2013-04-15,-1.33,-0.69,0.44,0.69,1.72,2.88,2.02,2.41,2.8,-1.33,-0.69
2013-04-16,-1.31,-0.65,0.48,0.71,1.75,2.91,2.02,2.4,2.78,-1.31,-0.65
2013-04-17,-1.27,-0.64,0.48,0.71,1.73,2.89,1.98,2.37,2.76,-1.27,-0.64
2013-04-18,-1.29,-0.55,0.52,0.71,1.72,2.87,2.0,2.27,2.54,-1.29,-0.55
2013-04-19,-1.32,-0.59,0.49,0.72,1.73,2.88,2.04,2.32,2.6,-1.32,-0.59
2013-04-22,-1.34,-0.63,0.47,0.7,1.72,2.88,2.04,2.35,2.66,-1.34,-0.63
2013-04-23,-1.33,-0.64,0.47,0.71,1.74,2.9,2.04,2.38,2.72,-1.33,-0.64
2013-04-24,-1.37,-0.65,0.45,0.7,1.73,2.89,2.07,2.38,2.69,-1.37,-0.65
2013-04-25,-1.41,-0.66,0.45,0.71,1.74,2.91,2.12,2.4,2.68,-1.41,-0.66
2013-04-26,-1.43,-0.68,0.42,0.68,1.7,2.87,2.11,2.38,2.65,-1.43,-0.68
2013-04-29,-1.42,-0.67,0.44,0.68,1.7,2.88,2.1,2.37,2.64,-1.42,-0.67
2013-04-30,-1.38,-0.64,0.46,0.68,1.7,2.88,2.06,2.34,2.62,-1.38,-0.64
2013-05-01,-1.33,-0.64,0.44,0.65,1.66,2.83,1.98,2.3,2.62,-1.33,-0.64
2013-05-02,-1.34,-0.62,0.45,0.65,1.66,2.82,1.99,2.28,2.57,-1.34,-0.62
2013-05-03,-1.3,-0.53,0.56,0.73,1.78,2.96,2.03,2.31,2.59,-1.3,-0.53
2013-05-06,-1.31,-0.51,0.58,0.74,1.8,2.98,2.05,2.31,2.57,-1.31,-0.51
2013-05-07,-1.3,-0.5,0.59,0.75,1.82,3.0,2.05,2.32,2.59,-1.3,-0.5
2013-05-08,-1.28,-0.48,0.62,0.75,1.81,2.99,2.03,2.29,2.55,-1.28,-0.48
2013-05-09,-1.27,-0.5,0.62,0.75,1.81,3.01,2.02,2.31,2.6,-1.27,-0.5
2013-05-10,-1.23,-0.45,0.67,0.82,1.9,3.1,2.05,2.35,2.65,-1.23,-0.45
2013-05-13,-1.19,-0.41,0.69,0.83,1.92,3.13,2.02,2.33,2.64,-1.19,-0.41
2013-05-14,-1.18,-0.37,0.74,0.85,1.96,3.17,2.03,2.33,2.63,-1.18,-0.37
2013-05-15,-1.17,-0.36,0.75,0.84,1.94,3.16,2.01,2.3,2.59,-1.17,-0.36
2013-05-16,-1.18,-0.4,0.7,0.79,1.87,3.09,1.97,2.27,2.57,-1.18,-0.4
2013-05-17,-1.14,-0.31,0.76,0.84,1.95,3.17,1.98,2.26,2.54,-1.14,-0.31
2013-05-20,-1.15,-0.31,0.77,0.85,1.97,3.18,2.0,2.28,2.56,-1.15,-0.31
2013-05-21,-1.15,-0.34,0.74,0.84,1.94,3.14,1.99,2.28,2.57,-1.15,-0.34
2013-05-22,-1.06,-0.24,0.83,0.91,2.03,3.21,1.97,2.27,2.57,-1.06,-0.24
2013-05-23,-1.02,-0.24,0.83,0.91,2.02,3.2,1.93,2.26,2.59,-1.02,-0.24
2013-05-24,-1.03,-0.26,0.8,0.9,2.01,3.18,1.93,2.27,2.61,-1.03,-0.26
2013-05-28,-0.94,-0.14,0.89,1.02,2.15,3.31,1.96,2.29,2.62,-0.94,-0.14
2013-05-29,-0.89,-0.1,0.91,1.02,2.13,3.27,1.91,2.23,2.55,-0.89,-0.1
2013-05-30,-0.82,-0.05,0.96,1.01,2.13,3.28,1.83,2.18,2.53,-0.82,-0.05
2013-05-31,-0.82,-0.05,0.97,1.05,2.16,3.3,1.87,2.21,2.55,-0.82,-0.05
2013-06-03,-0.86,-0.07,0.95,1.03,2.13,3.27,1.89,2.2,2.51,-0.86,-0.07
2013-06-04,-0.87,-0.05,0.99,1.05,2.14,3.3,1.92,2.19,2.46,-0.87,-0.05
2013-06-05,-0.86,-0.06,0.97,1.02,2.1,3.25,1.88,2.16,2.44,-0.86,-0.06
2013-06-06,-0.86,-0.05,0.99,1.01,2.08,3.23,1.87,2.13,2.39,-0.86,-0.05
2013-06-07,-0.79,0.03,1.06,1.1,2.17,3.33,1.89,2.14,2.39,-0.79,0.03
2013-06-10,-0.72,0.11,1.15,1.13,2.22,3.36,1.85,2.11,2.37,-0.72,0.11
2013-06-11,-0.71,0.13,1.14,1.12,2.2,3.33,1.83,2.07,2.31,-0.71,0.13
2013-06-12,-0.66,0.21,1.21,1.15,2.25,3.37,1.81,2.04,2.27,-0.66,0.21
2013-06-13,-0.69,0.15,1.17,1.11,2.19,3.33,1.8,2.04,2.28,-0.69,0.15
2013-06-14,-0.78,0.09,1.14,1.04,2.14,3.28,1.82,2.05,2.28,-0.78,0.09
2013-06-17,-0.74,0.15,1.21,1.06,2.19,3.35,1.8,2.04,2.28,-0.74,0.15
2013-06-18,-0.77,0.14,1.16,1.07,2.2,3.34,1.84,2.06,2.28,-0.77,0.14
2013-06-19,-0.59,0.29,1.26,1.24,2.33,3.41,1.83,2.04,2.25,-0.59,0.29
2013-06-20,-0.43,0.46,1.39,1.31,2.41,3.49,1.74,1.95,2.16,-0.43,0.46
2013-06-21,-0.24,0.59,1.45,1.42,2.52,3.56,1.66,1.93,2.2,-0.24,0.59
2013-06-24,-0.14,0.64,1.45,1.48,2.57,3.56,1.62,1.93,2.24,-0.14,0.64
2013-06-25,-0.16,0.64,1.44,1.49,2.6,3.6,1.65,1.96,2.27,-0.16,0.64
2013-06-26,-0.22,0.6,1.38,1.45,2.55,3.58,1.67,1.95,2.23,-0.22,0.6
2013-06-27,-0.35,0.5,1.31,1.38,2.49,3.54,1.73,1.99,2.25,-0.35,0.5
2013-06-28,-0.35,0.53,1.31,1.41,2.52,3.52,1.76,1.99,2.22,-0.35,0.53
2013-07-01,-0.41,0.48,1.28,1.39,2.5,3.48,1.8,2.02,2.24,-0.41,0.48
2013-07-02,-0.44,0.44,1.23,1.38,2.48,3.47,1.82,2.04,2.26,-0.44,0.44
2013-07-03,-0.41,0.48,1.28,1.42,2.52,3.49,1.83,2.04,2.25,-0.41,0.48
2013-07-05,-0.27,0.66,1.43,1.6,2.73,3.68,1.87,2.07,2.27,-0.27,0.66
2013-07-08,-0.36,0.58,1.38,1.51,2.65,3.63,1.87,2.07,2.27,-0.36,0.58
2013-07-09,-0.36,0.59,1.4,1.5,2.65,3.64,1.86,2.06,2.26,-0.36,0.59
2013-07-10,-0.33,0.64,1.44,1.54,2.7,3.68,1.87,2.06,2.25,-0.33,0.64
2013-07-11,-0.42,0.56,1.41,1.4,2.6,3.64,1.82,2.04,2.26,-0.42,0.56
2013-07-12,-0.41,0.55,1.4,1.43,2.61,3.64,1.84,2.06,2.28,-0.41,0.55
2013-07-15,-0.46,0.47,1.34,1.4,2.57,3.61,1.86,2.1,2.34,-0.46,0.47
2013-07-16,-0.51,0.41,1.29,1.38,2.55,3.58,1.89,2.14,2.39,-0.51,0.41
2013-07-17,-0.57,0.38,1.29,1.33,2.52,3.57,1.9,2.14,2.38,-0.57,0.38
2013-07-18,-0.54,0.38,1.35,1.35,2.56,3.63,1.89,2.18,2.47,-0.54,0.38
2013-07-19,-0.6,0.29,1.27,1.31,2.5,3.56,1.91,2.21,2.51,-0.6,0.29
2013-07-22,-0.59,0.28,1.25,1.32,2.5,3.55,1.91,2.22,2.53,-0.59,0.28
2013-07-23,-0.57,0.33,1.3,1.33,2.53,3.58,1.9,2.2,2.5,-0.57,0.33
2013-07-24,-0.47,0.44,1.39,1.4,2.61,3.65,1.87,2.17,2.47,-0.47,0.44
2013-07-25,-0.45,0.44,1.39,1.38,2.61,3.65,1.83,2.17,2.51,-0.45,0.44
2013-07-26,-0.47,0.43,1.36,1.36,2.58,3.61,1.83,2.15,2.47,-0.47,0.43
2013-07-29,-0.44,0.45,1.38,1.37,2.61,3.66,1.81,2.16,2.51,-0.44,0.45
2013-07-30,-0.43,0.46,1.39,1.39,2.63,3.67,1.82,2.17,2.52,-0.43,0.46
2013-07-31,-0.49,0.38,1.31,1.38,2.6,3.64,1.87,2.22,2.57,-0.49,0.38
2013-08-01,-0.45,0.48,1.4,1.49,2.74,3.77,1.94,2.26,2.58,-0.45,0.48
2013-08-02,-0.55,0.42,1.35,1.36,2.63,3.69,1.91,2.21,2.51,-0.55,0.42
2013-08-05,-0.53,0.42,1.37,1.39,2.67,3.73,1.92,2.25,2.58,-0.53,0.42
2013-08-06,-0.55,0.39,1.32,1.39,2.67,3.73,1.94,2.28,2.62,-0.55,0.39
2013-08-07,-0.55,0.35,1.27,1.38,2.61,3.68,1.93,2.26,2.59,-0.55,0.35
2013-08-08,-0.54,0.34,1.26,1.36,2.58,3.65,1.9,2.24,2.58,-0.54,0.34
2013-08-09,-0.55,0.33,1.25,1.36,2.57,3.63,1.91,2.24,2.57,-0.55,0.33
2013-08-12,-0.52,0.37,1.3,1.39,2.61,3.67,1.91,2.24,2.57,-0.52,0.37
2013-08-13,-0.43,0.48,1.4,1.49,2.71,3.75,1.92,2.23,2.54,-0.43,0.48
2013-08-14,-0.38,0.5,1.43,1.48,2.71,3.75,1.86,2.21,2.56,-0.38,0.5
2013-08-15,-0.29,0.6,1.51,1.54,2.77,3.81,1.83,2.17,2.51,-0.29,0.6
2013-08-16,-0.19,0.68,1.58,1.6,2.84,3.86,1.79,2.16,2.53,-0.19,0.68
2013-08-19,-0.13,0.75,1.63,1.63,2.88,3.89,1.76,2.13,2.5,-0.13,0.75
2013-08-20,-0.21,0.67,1.58,1.57,2.82,3.86,1.78,2.15,2.52,-0.21,0.67
2013-08-21,-0.13,0.73,1.62,1.64,2.87,3.9,1.77,2.14,2.51,-0.13,0.73
2013-08-22,-0.06,0.79,1.61,1.71,2.9,3.88,1.77,2.11,2.45,-0.06,0.79
2013-08-23,-0.16,0.69,1.51,1.66,2.82,3.8,1.82,2.13,2.44,-0.16,0.69
2013-08-26,-0.21,0.64,1.47,1.61,2.79,3.77,1.82,2.15,2.48,-0.21,0.64
2013-08-27,-0.3,0.57,1.41,1.56,2.72,3.7,1.86,2.15,2.44,-0.3,0.57
2013-08-28,-0.23,0.63,1.45,1.62,2.78,3.75,1.85,2.15,2.45,-0.23,0.63
2013-08-29,-0.2,0.65,1.43,1.6,2.75,3.7,1.8,2.1,2.4,-0.2,0.65
2013-08-30,-0.16,0.68,1.46,1.62,2.78,3.7,1.78,2.1,2.42,-0.16,0.68
2013-09-03,-0.08,0.76,1.54,1.68,2.86,3.79,1.76,2.1,2.44,-0.08,0.76
2013-09-04,0.0,0.83,1.58,1.74,2.9,3.8,1.74,2.07,2.4,0.0,0.83
2013-09-05,0.14,0.92,1.64,1.85,2.98,3.88,1.71,2.06,2.41,0.14,0.92
2013-09-06,0.06,0.87,1.62,1.77,2.94,3.87,1.71,2.07,2.43,0.06,0.87
2013-09-09,0.02,0.84,1.59,1.71,2.9,3.84,1.69,2.06,2.43,0.02,0.84
2013-09-10,0.04,0.86,1.6,1.78,2.96,3.88,1.74,2.1,2.46,0.04,0.86
2013-09-11,-0.04,0.8,1.55,1.72,2.93,3.85,1.76,2.13,2.5,-0.04,0.8
2013-09-12,-0.03,0.81,1.57,1.72,2.92,3.85,1.75,2.11,2.47,-0.03,0.81
2013-09-13,-0.04,0.8,1.57,1.71,2.9,3.84,1.75,2.1,2.45,-0.04,0.8
2013-09-16,-0.11,0.76,1.6,1.65,2.88,3.87,1.76,2.12,2.48,-0.11,0.76
2013-09-17,-0.17,0.7,1.54,1.62,2.86,3.84,1.79,2.16,2.53,-0.17,0.7
2013-09-18,-0.41,0.49,1.44,1.43,2.69,3.75,1.84,2.2,2.56,-0.41,0.49
2013-09-19,-0.34,0.55,1.48,1.49,2.76,3.8,1.83,2.21,2.59,-0.34,0.55
2013-09-20,-0.35,0.52,1.44,1.5,2.75,3.77,1.85,2.23,2.61,-0.35,0.52
2013-09-23,-0.36,0.46,1.38,1.48,2.72,3.73,1.84,2.26,2.68,-0.36,0.46
2013-09-24,-0.33,0.48,1.37,1.44,2.67,3.67,1.77,2.19,2.61,-0.33,0.48
2013-09-25,-0.38,0.45,1.36,1.41,2.63,3.65,1.79,2.18,2.57,-0.38,0.45
2013-09-26,-0.34,0.47,1.37,1.43,2.66,3.69,1.77,2.19,2.61,-0.34,0.47
2013-09-27,-0.36,0.46,1.39,1.4,2.64,3.68,1.76,2.18,2.6,-0.36,0.46
2013-09-30,-0.35,0.45,1.38,1.39,2.64,3.69,1.74,2.19,2.64,-0.35,0.45
2013-10-01,-0.35,0.46,1.39,1.42,2.66,3.72,1.77,2.2,2.63,-0.35,0.46
2013-10-02,-0.42,0.43,1.37,1.38,2.63,3.7,1.8,2.2,2.6,-0.42,0.43
2013-10-03,-0.41,0.43,1.38,1.36,2.62,3.71,1.77,2.19,2.61,-0.41,0.43
2013-10-04,-0.38,0.46,1.4,1.41,2.66,3.73,1.79,2.2,2.61,-0.38,0.46
2013-10-07,-0.38,0.45,1.37,1.41,2.65,3.7,1.79,2.2,2.61,-0.38,0.45
2013-10-08,-0.33,0.48,1.39,1.43,2.66,3.7,1.76,2.18,2.6,-0.33,0.48
2013-10-09,-0.35,0.47,1.4,1.43,2.68,3.73,1.78,2.21,2.64,-0.35,0.47
2013-10-10,-0.37,0.5,1.43,1.44,2.71,3.75,1.81,2.21,2.61,-0.37,0.5
2013-10-11,-0.37,0.5,1.42,1.42,2.7,3.74,1.79,2.2,2.61,-0.37,0.5
2013-10-15,-0.34,0.54,1.47,1.45,2.75,3.78,1.79,2.21,2.63,-0.34,0.54
2013-10-16,-0.38,0.5,1.43,1.41,2.69,3.72,1.79,2.19,2.59,-0.38,0.5
2013-10-17,-0.42,0.45,1.4,1.35,2.61,3.66,1.77,2.16,2.55,-0.42,0.45
2013-10-18,-0.43,0.42,1.37,1.35,2.6,3.65,1.78,2.18,2.58,-0.43,0.42
2013-10-21,-0.41,0.44,1.39,1.38,2.63,3.68,1.79,2.19,2.59,-0.41,0.44
2013-10-22,-0.46,0.37,1.34,1.3,2.54,3.61,1.76,2.17,2.58,-0.46,0.37
2013-10-23,-0.46,0.36,1.33,1.3,2.51,3.59,1.76,2.15,2.54,-0.46,0.36
2013-10-24,-0.45,0.36,1.33,1.32,2.53,3.61,1.77,2.17,2.57,-0.45,0.36
2013-10-25,-0.47,0.34,1.3,1.3,2.53,3.6,1.77,2.19,2.61,-0.47,0.34
2013-10-28,-0.48,0.35,1.3,1.31,2.54,3.61,1.79,2.19,2.59,-0.48,0.35
2013-10-29,-0.47,0.35,1.32,1.29,2.53,3.62,1.76,2.18,2.6,-0.47,0.35
2013-10-30,-0.47,0.37,1.33,1.3,2.55,3.63,1.77,2.18,2.59,-0.47,0.37
2013-10-31,-0.43,0.4,1.34,1.31,2.57,3.63,1.74,2.17,2.6,-0.43,0.4
2013-11-01,-0.33,0.5,1.41,1.37,2.65,3.69,1.7,2.15,2.6,-0.33,0.5
2013-11-04,-0.35,0.5,1.42,1.36,2.63,3.7,1.71,2.13,2.55,-0.35,0.5
2013-11-05,-0.33,0.55,1.48,1.39,2.69,3.76,1.72,2.14,2.56,-0.33,0.55
2013-11-06,-0.43,0.48,1.46,1.34,2.67,3.77,1.77,2.19,2.61,-0.43,0.48
2013-11-07,-0.45,0.46,1.43,1.31,2.63,3.71,1.76,2.17,2.58,-0.45,0.46
2013-11-08,-0.35,0.59,1.54,1.42,2.77,3.84,1.77,2.18,2.59,-0.35,0.59
2013-11-12,-0.32,0.62,1.55,1.47,2.8,3.86,1.79,2.18,2.57,-0.32,0.62
2013-11-13,-0.38,0.58,1.54,1.41,2.75,3.83,1.79,2.17,2.55,-0.38,0.58
2013-11-14,-0.46,0.51,1.5,1.34,2.69,3.79,1.8,2.18,2.56,-0.46,0.51
2013-11-15,-0.44,0.53,1.51,1.36,2.71,3.8,1.8,2.18,2.56,-0.44,0.53
2013-11-18,-0.47,0.48,1.47,1.33,2.67,3.76,1.8,2.19,2.58,-0.47,0.48
2013-11-19,-0.4,0.53,1.51,1.37,2.71,3.8,1.77,2.18,2.59,-0.4,0.53
2013-11-20,-0.36,0.64,1.63,1.39,2.8,3.9,1.75,2.16,2.57,-0.36,0.64
2013-11-21,-0.38,0.6,1.59,1.38,2.79,3.89,1.76,2.19,2.62,-0.38,0.6
2013-11-22,-0.39,0.56,1.52,1.37,2.75,3.84,1.76,2.19,2.62,-0.39,0.56
2013-11-25,-0.38,0.56,1.51,1.37,2.74,3.83,1.75,2.18,2.61,-0.38,0.56
2013-11-26,-0.37,0.54,1.49,1.34,2.71,3.8,1.71,2.17,2.63,-0.37,0.54
2013-11-27,-0.35,0.58,1.52,1.36,2.74,3.81,1.71,2.16,2.61,-0.35,0.58
2013-11-29,-0.32,0.6,1.53,1.37,2.75,3.82,1.69,2.15,2.61,-0.32,0.6
2013-12-02,-0.27,0.66,1.58,1.43,2.81,3.86,1.7,2.15,2.6,-0.27,0.66
2013-12-03,-0.29,0.64,1.57,1.4,2.79,3.84,1.69,2.15,2.61,-0.29,0.64
2013-12-04,-0.19,0.73,1.64,1.45,2.84,3.9,1.64,2.11,2.58,-0.19,0.73
2013-12-05,-0.17,0.76,1.66,1.49,2.88,3.92,1.66,2.12,2.58,-0.17,0.76
2013-12-06,-0.14,0.77,1.64,1.51,2.88,3.9,1.65,2.11,2.57,-0.14,0.77
2013-12-09,-0.13,0.74,1.62,1.5,2.86,3.88,1.63,2.12,2.61,-0.13,0.74
2013-12-10,-0.18,0.69,1.58,1.46,2.81,3.83,1.64,2.12,2.6,-0.18,0.69
2013-12-11,-0.15,0.71,1.6,1.5,2.86,3.87,1.65,2.15,2.65,-0.15,0.71
2013-12-12,-0.1,0.75,1.63,1.55,2.89,3.91,1.65,2.14,2.63,-0.1,0.75
2013-12-13,-0.11,0.72,1.59,1.55,2.88,3.88,1.66,2.16,2.66,-0.11,0.72
2013-12-16,-0.13,0.71,1.59,1.55,2.89,3.9,1.68,2.18,2.68,-0.13,0.71
2013-12-17,-0.17,0.67,1.56,1.52,2.85,3.88,1.69,2.18,2.67,-0.17,0.67
2013-12-18,-0.12,0.72,1.6,1.55,2.89,3.9,1.67,2.17,2.67,-0.12,0.72
2013-12-19,-0.12,0.79,1.63,1.63,2.94,3.91,1.75,2.15,2.55,-0.12,0.79
2013-12-20,0.02,0.73,1.56,1.66,2.89,3.82,1.64,2.16,2.68,0.02,0.73
2013-12-23,0.01,0.76,1.57,1.68,2.94,3.85,1.67,2.18,2.69,0.01,0.76
2013-12-24,0.05,0.8,1.61,1.73,2.99,3.9,1.68,2.19,2.7,0.05,0.8
2013-12-26,0.04,0.8,1.63,1.74,3.0,3.92,1.7,2.2,2.7,0.04,0.8
2013-12-27,0.06,0.8,1.64,1.74,3.02,3.94,1.68,2.22,2.76,0.06,0.8
2013-12-30,0.07,0.76,1.59,1.71,2.99,3.9,1.64,2.23,2.82,0.07,0.76
2013-12-31,0.06,0.8,1.64,1.75,3.04,3.96,1.69,2.24,2.79,0.06,0.8
2014-01-02,0.01,0.74,1.58,1.72,3.0,3.92,1.71,2.26,2.81,0.01,0.74
2014-01-03,0.04,0.75,1.57,1.73,3.01,3.93,1.69,2.26,2.83,0.04,0.75
2014-01-06,-0.05,0.72,1.54,1.7,2.98,3.9,1.75,2.26,2.77,-0.05,0.72
2014-01-07,-0.14,0.7,1.52,1.69,2.96,3.88,1.83,2.26,2.69,-0.14,0.7
2014-01-08,0.01,0.72,1.5,1.77,3.01,3.9,1.76,2.29,2.82,0.01,0.72
2014-01-09,-0.08,0.66,1.45,1.75,2.97,3.88,1.83,2.31,2.79,-0.08,0.66
2014-01-10,-0.11,0.59,1.4,1.64,2.88,3.8,1.75,2.29,2.83,-0.11,0.59
2014-01-13,-0.11,0.57,1.41,1.6,2.84,3.77,1.71,2.27,2.83,-0.11,0.57
2014-01-14,-0.11,0.62,1.45,1.65,2.88,3.8,1.76,2.26,2.76,-0.11,0.62
2014-01-15,-0.04,0.62,1.45,1.68,2.9,3.81,1.72,2.28,2.84,-0.04,0.62
2014-01-16,-0.08,0.61,1.43,1.66,2.86,3.77,1.74,2.25,2.76,-0.08,0.61
2014-01-17,-0.08,0.58,1.41,1.64,2.84,3.75,1.72,2.26,2.8,-0.08,0.58
2014-01-21,-0.04,0.59,1.42,1.67,2.85,3.74,1.71,2.26,2.81,-0.04,0.59
2014-01-22,-0.07,0.62,1.44,1.72,2.87,3.75,1.79,2.25,2.71,-0.07,0.62
2014-01-23,-0.1,0.66,1.38,1.62,2.79,3.68,1.72,2.13,2.54,-0.1,0.66
2014-01-24,-0.1,0.61,1.36,1.58,2.75,3.64,1.68,2.14,2.6,-0.1,0.61
2014-01-27,-0.11,0.64,1.39,1.61,2.78,3.67,1.72,2.14,2.56,-0.11,0.64
2014-01-28,-0.12,0.62,1.4,1.59,2.77,3.68,1.71,2.15,2.59,-0.12,0.62
2014-01-29,-0.2,0.55,1.35,1.52,2.69,3.62,1.72,2.14,2.56,-0.2,0.55
2014-01-30,-0.21,0.57,1.36,1.55,2.72,3.65,1.76,2.15,2.54,-0.21,0.57
2014-01-31,-0.23,0.53,1.33,1.49,2.67,3.61,1.72,2.14,2.56,-0.23,0.53
2014-02-03,-0.26,0.47,1.28,1.44,2.61,3.55,1.7,2.14,2.58,-0.26,0.47
2014-02-04,-0.31,0.51,1.34,1.46,2.64,3.59,1.77,2.13,2.49,-0.31,0.51
2014-02-05,-0.28,0.56,1.42,1.5,2.7,3.66,1.78,2.14,2.5,-0.28,0.56
2014-02-06,-0.3,0.57,1.42,1.52,2.73,3.67,1.82,2.16,2.5,-0.3,0.57
2014-02-07,-0.3,0.53,1.4,1.47,2.71,3.67,1.77,2.18,2.59,-0.3,0.53
2014-02-10,-0.31,0.51,1.39,1.48,2.7,3.66,1.79,2.19,2.59,-0.31,0.51
2014-02-11,-0.26,0.56,1.42,1.54,2.75,3.69,1.8,2.19,2.58,-0.26,0.56
2014-02-12,-0.24,0.59,1.45,1.59,2.8,3.72,1.83,2.21,2.59,-0.24,0.59
2014-02-13,-0.26,0.56,1.42,1.51,2.73,3.7,1.77,2.17,2.57,-0.26,0.56
2014-02-14,-0.14,0.59,1.43,1.53,2.75,3.69,1.67,2.16,2.65,-0.14,0.59
2014-02-18,-0.29,0.57,1.42,1.5,2.71,3.68,1.79,2.14,2.49,-0.29,0.57
2014-02-19,-0.25,0.6,1.45,1.53,2.73,3.71,1.78,2.13,2.48,-0.25,0.6
2014-02-20,-0.21,0.63,1.49,1.57,2.76,3.73,1.78,2.13,2.48,-0.21,0.63
2014-02-21,-0.18,0.61,1.45,1.56,2.73,3.69,1.74,2.12,2.5,-0.18,0.61
2014-02-24,-0.21,0.59,1.45,1.57,2.75,3.7,1.78,2.16,2.54,-0.21,0.59
2014-02-25,-0.25,0.55,1.4,1.53,2.7,3.66,1.78,2.15,2.52,-0.25,0.55
2014-02-26,-0.26,0.51,1.38,1.5,2.67,3.63,1.76,2.16,2.56,-0.26,0.51
2014-02-27,-0.32,0.49,1.35,1.49,2.65,3.6,1.81,2.16,2.51,-0.32,0.49
2014-02-28,-0.28,0.49,1.32,1.51,2.66,3.59,1.79,2.17,2.55,-0.28,0.49
2014-03-03,-0.32,0.44,1.27,1.46,2.6,3.55,1.78,2.16,2.54,-0.32,0.44
2014-03-04,-0.25,0.52,1.35,1.54,2.7,3.64,1.79,2.18,2.57,-0.25,0.52
2014-03-05,-0.26,0.52,1.33,1.54,2.7,3.64,1.8,2.18,2.56,-0.26,0.52
2014-03-06,-0.27,0.53,1.36,1.57,2.74,3.68,1.84,2.21,2.58,-0.27,0.53
2014-03-07,-0.18,0.57,1.38,1.65,2.8,3.72,1.83,2.23,2.63,-0.18,0.57
2014-03-10,-0.24,0.57,1.39,1.64,2.79,3.73,1.88,2.22,2.56,-0.24,0.57
2014-03-11,-0.24,0.57,1.39,1.62,2.77,3.7,1.86,2.2,2.54,-0.24,0.57
2014-03-12,-0.23,0.54,1.36,1.59,2.73,3.66,1.82,2.19,2.56,-0.23,0.54
2014-03-13,-0.22,0.49,1.31,1.53,2.66,3.6,1.75,2.17,2.59,-0.22,0.49
2014-03-14,-0.19,0.48,1.3,1.55,2.65,3.59,1.74,2.17,2.6,-0.19,0.48
2014-03-17,-0.22,0.52,1.32,1.58,2.7,3.63,1.8,2.18,2.56,-0.22,0.52
2014-03-18,-0.21,0.5,1.32,1.56,2.68,3.62,1.77,2.18,2.59,-0.21,0.5
2014-03-19,0.02,0.62,1.36,1.75,2.78,3.66,1.73,2.16,2.59,0.02,0.62
2014-03-20,-0.02,0.66,1.4,1.73,2.79,3.67,1.75,2.13,2.51,-0.02,0.66
2014-03-21,-0.06,0.61,1.34,1.73,2.75,3.61,1.79,2.14,2.49,-0.06,0.61
2014-03-24,-0.03,0.59,1.3,1.76,2.74,3.57,1.79,2.15,2.51,-0.03,0.59
2014-03-25,0.06,0.61,1.3,1.76,2.75,3.59,1.7,2.14,2.58,0.06,0.61
2014-03-26,-0.05,0.57,1.27,1.7,2.71,3.55,1.75,2.14,2.53,-0.05,0.57
2014-03-27,-0.03,0.56,1.24,1.7,2.69,3.52,1.73,2.13,2.53,-0.03,0.56
2014-03-28,0.02,0.6,1.28,1.74,2.73,3.55,1.72,2.13,2.54,0.02,0.6
2014-03-31,0.03,0.6,1.29,1.73,2.73,3.56,1.7,2.13,2.56,0.03,0.6
2014-04-01,0.03,0.63,1.32,1.74,2.77,3.6,1.71,2.14,2.57,0.03,0.63
2014-04-02,0.08,0.68,1.37,1.8,2.82,3.65,1.72,2.14,2.56,0.08,0.68
2014-04-03,0.11,0.66,1.34,1.79,2.8,3.62,1.68,2.14,2.6,0.11,0.66
2014-04-04,0.0,0.61,1.3,1.71,2.74,3.59,1.71,2.13,2.55,0.0,0.61
2014-04-07,0.07,0.59,1.28,1.68,2.71,3.56,1.61,2.12,2.63,0.07,0.59
2014-04-08,-0.04,0.58,1.28,1.67,2.69,3.54,1.71,2.11,2.51,-0.04,0.58
2014-04-09,-0.05,0.57,1.29,1.65,2.71,3.57,1.7,2.14,2.58,-0.05,0.57
2014-04-10,-0.1,0.51,1.24,1.59,2.65,3.52,1.69,2.14,2.59,-0.1,0.51
2014-04-11,-0.06,0.5,1.2,1.58,2.63,3.48,1.64,2.13,2.62,-0.06,0.5
2014-04-14,-0.1,0.52,1.2,1.61,2.65,3.48,1.71,2.13,2.55,-0.1,0.52
2014-04-15,-0.05,0.5,1.19,1.63,2.64,3.46,1.68,2.14,2.6,-0.05,0.5
2014-04-16,-0.06,0.48,1.16,1.67,2.65,3.45,1.73,2.17,2.61,-0.06,0.48
2014-04-17,-0.2,0.52,1.21,1.75,2.73,3.52,1.95,2.21,2.47,-0.2,0.52
2014-04-21,-0.23,0.53,1.21,1.74,2.73,3.52,1.97,2.2,2.43,-0.23,0.53
2014-04-22,-0.22,0.52,1.19,1.76,2.73,3.5,1.98,2.21,2.44,-0.22,0.52
2014-04-23,-0.25,0.49,1.16,1.73,2.7,3.47,1.98,2.21,2.44,-0.25,0.49
2014-04-24,-0.25,0.49,1.14,1.74,2.7,3.46,1.99,2.21,2.43,-0.25,0.49
2014-04-25,-0.24,0.48,1.13,1.72,2.68,3.45,1.96,2.2,2.44,-0.24,0.48
2014-04-28,-0.22,0.52,1.17,1.73,2.7,3.47,1.95,2.18,2.41,-0.22,0.52
2014-04-29,-0.21,0.53,1.2,1.74,2.71,3.49,1.95,2.18,2.41,-0.21,0.53
2014-04-30,-0.27,0.49,1.16,1.69,2.67,3.47,1.96,2.18,2.4,-0.27,0.49
2014-05-01,-0.3,0.43,1.1,1.66,2.63,3.41,1.96,2.2,2.44,-0.3,0.43
2014-05-02,-0.28,0.41,1.06,1.67,2.6,3.37,1.95,2.19,2.43,-0.28,0.41
2014-05-05,-0.24,0.45,1.11,1.68,2.63,3.41,1.92,2.18,2.44,-0.24,0.45
2014-05-06,-0.23,0.45,1.09,1.68,2.61,3.38,1.91,2.16,2.41,-0.23,0.45
2014-05-07,-0.27,0.42,1.11,1.65,2.62,3.4,1.92,2.2,2.48,-0.27,0.42
2014-05-08,-0.3,0.42,1.13,1.63,2.61,3.45,1.93,2.19,2.45,-0.3,0.42
2014-05-09,-0.29,0.44,1.15,1.63,2.62,3.47,1.92,2.18,2.44,-0.29,0.44
2014-05-12,-0.24,0.48,1.19,1.67,2.66,3.49,1.91,2.18,2.45,-0.24,0.48
2014-05-13,-0.27,0.45,1.15,1.62,2.61,3.45,1.89,2.16,2.43,-0.27,0.45
2014-05-14,-0.35,0.37,1.07,1.57,2.54,3.37,1.92,2.17,2.42,-0.35,0.37
2014-05-15,-0.41,0.31,1.01,1.55,2.5,3.33,1.96,2.19,2.42,-0.41,0.31
2014-05-16,-0.38,0.34,1.03,1.56,2.52,3.34,1.94,2.18,2.42,-0.38,0.34
2014-05-19,-0.37,0.37,1.09,1.56,2.54,3.39,1.93,2.17,2.41,-0.37,0.37
2014-05-20,-0.39,0.35,1.09,1.53,2.52,3.38,1.92,2.17,2.42,-0.39,0.35
2014-05-21,-0.4,0.36,1.12,1.55,2.54,3.42,1.95,2.18,2.41,-0.4,0.36
2014-05-22,-0.4,0.35,1.11,1.57,2.56,3.43,1.97,2.21,2.45,-0.4,0.35
2014-05-23,-0.42,0.32,1.08,1.55,2.54,3.4,1.97,2.22,2.47,-0.42,0.32
2014-05-27,-0.39,0.31,1.06,1.56,2.52,3.37,1.95,2.21,2.47,-0.39,0.31
2014-05-28,-0.44,0.22,0.98,1.5,2.44,3.29,1.94,2.22,2.5,-0.44,0.22
2014-05-29,-0.44,0.22,0.99,1.52,2.45,3.31,1.96,2.23,2.5,-0.44,0.22
2014-05-30,-0.39,0.26,1.02,1.54,2.48,3.33,1.93,2.22,2.51,-0.39,0.26
2014-06-02,-0.33,0.32,1.08,1.6,2.54,3.38,1.93,2.22,2.51,-0.33,0.32
2014-06-03,-0.27,0.41,1.15,1.65,2.6,3.43,1.92,2.19,2.46,-0.27,0.41
2014-06-04,-0.25,0.44,1.18,1.65,2.61,3.45,1.9,2.17,2.44,-0.25,0.44
2014-06-05,-0.29,0.41,1.16,1.63,2.59,3.44,1.92,2.18,2.44,-0.29,0.41
2014-06-06,-0.27,0.4,1.15,1.66,2.6,3.44,1.93,2.2,2.47,-0.27,0.4
2014-06-09,-0.26,0.41,1.15,1.69,2.62,3.45,1.95,2.21,2.47,-0.26,0.41
2014-06-10,-0.23,0.43,1.17,1.71,2.64,3.47,1.94,2.21,2.48,-0.23,0.43
2014-06-11,-0.24,0.43,1.17,1.7,2.65,3.47,1.94,2.22,2.5,-0.24,0.43
2014-06-12,-0.29,0.39,1.14,1.66,2.58,3.41,1.95,2.19,2.43,-0.29,0.39
2014-06-13,-0.23,0.41,1.14,1.7,2.6,3.41,1.93,2.19,2.45,-0.23,0.41
2014-06-16,-0.21,0.41,1.11,1.71,2.61,3.4,1.92,2.2,2.48,-0.21,0.41
2014-06-17,-0.2,0.43,1.14,1.77,2.66,3.44,1.97,2.23,2.49,-0.2,0.43
2014-06-18,-0.27,0.38,1.11,1.71,2.61,3.43,1.98,2.23,2.48,-0.27,0.38
2014-06-19,-0.31,0.39,1.14,1.71,2.64,3.47,2.02,2.25,2.48,-0.31,0.39
2014-06-20,-0.31,0.35,1.09,1.71,2.63,3.44,2.02,2.28,2.54,-0.31,0.35
2014-06-23,-0.31,0.35,1.09,1.72,2.63,3.45,2.03,2.28,2.53,-0.31,0.35
2014-06-24,-0.35,0.31,1.04,1.7,2.59,3.41,2.05,2.28,2.51,-0.35,0.31
2014-06-25,-0.35,0.29,1.03,1.68,2.57,3.38,2.03,2.28,2.53,-0.35,0.29
2014-06-26,-0.38,0.26,0.99,1.64,2.53,3.35,2.02,2.27,2.52,-0.38,0.26
2014-06-27,-0.39,0.27,1.01,1.64,2.54,3.36,2.03,2.27,2.51,-0.39,0.27
2014-06-30,-0.38,0.27,0.99,1.62,2.53,3.34,2.0,2.26,2.52,-0.38,0.27
2014-07-01,-0.34,0.32,1.05,1.66,2.58,3.4,2.0,2.26,2.52,-0.34,0.32
2014-07-02,-0.3,0.38,1.12,1.71,2.64,3.46,2.01,2.26,2.51,-0.3,0.38
2014-07-03,-0.29,0.37,1.1,1.74,2.65,3.47,2.03,2.28,2.53,-0.29,0.37
2014-07-07,-0.27,0.36,1.08,1.74,2.63,3.44,2.01,2.27,2.53,-0.27,0.36
2014-07-08,-0.29,0.31,1.02,1.7,2.58,3.38,1.99,2.27,2.55,-0.29,0.31
2014-07-09,-0.3,0.28,0.99,1.68,2.57,3.37,1.98,2.29,2.6,-0.3,0.28
2014-07-10,-0.34,0.27,1.0,1.66,2.55,3.38,2.0,2.28,2.56,-0.34,0.27
2014-07-11,-0.34,0.25,0.97,1.65,2.53,3.34,1.99,2.28,2.57,-0.34,0.25
2014-07-14,-0.31,0.28,0.99,1.68,2.55,3.36,1.99,2.27,2.55,-0.31,0.28
2014-07-15,-0.26,0.31,1.01,1.7,2.56,3.37,1.96,2.25,2.54,-0.26,0.31
2014-07-16,-0.24,0.32,1.0,1.71,2.55,3.35,1.95,2.23,2.51,-0.24,0.32
2014-07-17,-0.32,0.24,0.93,1.65,2.47,3.27,1.97,2.23,2.49,-0.32,0.24
2014-07-18,-0.27,0.26,0.95,1.69,2.5,3.29,1.96,2.24,2.52,-0.27,0.26
2014-07-21,-0.27,0.25,0.92,1.7,2.49,3.26,1.97,2.24,2.51,-0.27,0.25
2014-07-22,-0.25,0.25,0.92,1.68,2.48,3.25,1.93,2.23,2.53,-0.25,0.25
2014-07-23,-0.25,0.25,0.93,1.67,2.48,3.26,1.92,2.23,2.54,-0.25,0.25
2014-07-24,-0.21,0.25,0.95,1.72,2.52,3.3,1.93,2.27,2.61,-0.21,0.25
2014-07-25,-0.26,0.2,0.88,1.69,2.48,3.24,1.95,2.28,2.61,-0.26,0.2
2014-07-28,-0.22,0.22,0.91,1.73,2.5,3.26,1.95,2.28,2.61,-0.22,0.22
2014-07-29,-0.24,0.2,0.87,1.7,2.47,3.22,1.94,2.27,2.6,-0.24,0.2
2014-07-30,-0.19,0.29,0.95,1.77,2.57,3.31,1.96,2.28,2.6,-0.19,0.29
2014-07-31,-0.21,0.29,0.96,1.76,2.58,3.32,1.97,2.29,2.61,-0.21,0.29
2014-08-01,-0.25,0.25,0.93,1.67,2.52,3.29,1.92,2.27,2.62,-0.25,0.25
2014-08-04,-0.24,0.26,0.95,1.66,2.51,3.3,1.9,2.25,2.6,-0.24,0.26
2014-08-05,-0.24,0.25,0.94,1.66,2.49,3.28,1.9,2.24,2.58,-0.24,0.25
2014-08-06,-0.24,0.24,0.93,1.66,2.49,3.27,1.9,2.25,2.6,-0.24,0.24
2014-08-07,-0.29,0.19,0.9,1.6,2.43,3.23,1.89,2.24,2.59,-0.29,0.19
2014-08-08,-0.24,0.19,0.91,1.62,2.44,3.23,1.86,2.25,2.64,-0.24,0.19
2014-08-11,-0.24,0.19,0.92,1.62,2.44,3.24,1.86,2.25,2.64,-0.24,0.19
2014-08-12,-0.24,0.22,0.96,1.63,2.46,3.27,1.87,2.24,2.61,-0.24,0.22
2014-08-13,-0.29,0.2,0.94,1.59,2.43,3.24,1.88,2.23,2.58,-0.29,0.2
2014-08-14,-0.26,0.19,0.89,1.58,2.4,3.2,1.84,2.21,2.58,-0.26,0.19
2014-08-15,-0.28,0.16,0.84,1.55,2.34,3.13,1.83,2.18,2.53,-0.28,0.16
2014-08-18,-0.27,0.21,0.9,1.58,2.39,3.2,1.85,2.18,2.51,-0.27,0.21
2014-08-19,-0.22,0.23,0.93,1.59,2.4,3.21,1.81,2.17,2.53,-0.22,0.23
2014-08-20,-0.18,0.26,0.94,1.65,2.43,3.22,1.83,2.17,2.51,-0.18,0.26
2014-08-21,-0.16,0.24,0.91,1.64,2.41,3.19,1.8,2.17,2.54,-0.16,0.24
2014-08-22,-0.11,0.26,0.88,1.68,2.4,3.16,1.79,2.14,2.49,-0.11,0.26
2014-08-25,-0.09,0.24,0.86,1.69,2.39,3.13,1.78,2.15,2.52,-0.09,0.24
2014-08-26,-0.15,0.25,0.88,1.68,2.39,3.15,1.83,2.14,2.45,-0.15,0.25
2014-08-27,-0.15,0.23,0.85,1.65,2.37,3.11,1.8,2.14,2.48,-0.15,0.23
2014-08-28,-0.14,0.21,0.82,1.63,2.34,3.08,1.77,2.13,2.49,-0.14,0.21
2014-08-29,-0.13,0.23,0.84,1.63,2.35,3.09,1.76,2.12,2.48,-0.13,0.23
2014-09-02,-0.07,0.27,0.9,1.69,2.42,3.17,1.76,2.15,2.54,-0.07,0.27
2014-09-03,-0.08,0.24,0.89,1.69,2.41,3.15,1.77,2.17,2.57,-0.08,0.24
2014-09-04,-0.05,0.28,0.94,1.71,2.45,3.21,1.76,2.17,2.58,-0.05,0.28
2014-09-05,-0.08,0.31,0.97,1.69,2.46,3.23,1.77,2.15,2.53,-0.08,0.31
2014-09-08,-0.02,0.35,0.97,1.72,2.48,3.23,1.74,2.13,2.52,-0.02,0.35
2014-09-09,0.05,0.39,0.97,1.76,2.5,3.23,1.71,2.11,2.51,0.05,0.39
2014-09-10,0.1,0.44,1.02,1.79,2.54,3.26,1.69,2.1,2.51,0.1,0.44
2014-09-11,0.03,0.42,1.01,1.79,2.54,3.27,1.76,2.12,2.48,0.03,0.42
2014-09-12,0.08,0.49,1.1,1.83,2.62,3.35,1.75,2.13,2.51,0.08,0.49
2014-09-15,0.07,0.47,1.09,1.8,2.6,3.34,1.73,2.13,2.53,0.07,0.47
2014-09-16,0.03,0.48,1.11,1.78,2.6,3.36,1.75,2.12,2.49,0.03,0.48
2014-09-17,0.19,0.56,1.16,1.82,2.62,3.37,1.63,2.06,2.49,0.19,0.56
2014-09-18,0.29,0.61,1.17,1.85,2.63,3.36,1.56,2.02,2.48,0.29,0.61
2014-09-19,0.27,0.56,1.11,1.83,2.59,3.29,1.56,2.03,2.5,0.27,0.56
2014-09-22,0.2,0.58,1.13,1.8,2.57,3.28,1.6,1.99,2.38,0.2,0.58
2014-09-23,0.15,0.52,1.08,1.78,2.54,3.25,1.63,2.02,2.41,0.15,0.52
2014-09-24,0.16,0.54,1.1,1.82,2.57,3.28,1.66,2.03,2.4,0.16,0.54
2014-09-25,0.13,0.5,1.06,1.75,2.52,3.22,1.62,2.02,2.42,0.13,0.5
2014-09-26,0.21,0.57,1.09,1.8,2.54,3.22,1.59,1.97,2.35,0.21,0.57
2014-09-29,0.16,0.55,1.08,1.77,2.5,3.18,1.61,1.95,2.29,0.16,0.55
2014-09-30,0.22,0.55,1.1,1.78,2.52,3.21,1.56,1.97,2.38,0.22,0.55
2014-10-01,0.09,0.46,1.01,1.69,2.42,3.12,1.6,1.96,2.32,0.09,0.46
2014-10-02,0.13,0.49,1.04,1.7,2.44,3.15,1.57,1.95,2.33,0.13,0.49
2014-10-03,0.17,0.52,1.04,1.73,2.45,3.13,1.56,1.93,2.3,0.17,0.52
2014-10-06,0.15,0.5,1.04,1.7,2.43,3.12,1.55,1.93,2.31,0.15,0.5
2014-10-07,0.12,0.44,1.0,1.64,2.36,3.06,1.52,1.92,2.32,0.12,0.44
2014-10-08,0.03,0.39,0.97,1.57,2.35,3.07,1.54,1.96,2.38,0.03,0.39
2014-10-09,0.06,0.37,0.96,1.58,2.34,3.07,1.52,1.97,2.42,0.06,0.37
2014-10-10,0.03,0.35,0.93,1.55,2.31,3.03,1.52,1.96,2.4,0.03,0.35
2014-10-14,0.04,0.29,0.88,1.45,2.21,2.95,1.41,1.92,2.43,0.04,0.29
2014-10-15,0.0,0.29,0.88,1.37,2.15,2.92,1.37,1.86,2.35,0.0,0.29
2014-10-16,0.02,0.28,0.89,1.39,2.17,2.94,1.37,1.89,2.41,0.02,0.28
2014-10-17,0.01,0.3,0.9,1.44,2.22,2.98,1.43,1.92,2.41,0.01,0.3
2014-10-20,-0.04,0.29,0.9,1.41,2.2,2.96,1.45,1.91,2.37,-0.04,0.29
2014-10-21,0.02,0.33,0.94,1.44,2.23,3.0,1.42,1.9,2.38,0.02,0.33
2014-10-22,-0.01,0.34,0.94,1.46,2.25,3.01,1.47,1.91,2.35,-0.01,0.34
2014-10-23,0.09,0.38,0.98,1.52,2.29,3.05,1.43,1.91,2.39,0.09,0.38
2014-10-24,0.06,0.39,0.98,1.52,2.29,3.05,1.46,1.9,2.34,0.06,0.39
2014-10-27,0.07,0.38,0.97,1.51,2.27,3.04,1.44,1.89,2.34,0.07,0.38
2014-10-28,0.06,0.39,0.98,1.53,2.3,3.06,1.47,1.91,2.35,0.06,0.39
2014-10-29,0.14,0.42,0.96,1.61,2.34,3.06,1.47,1.92,2.37,0.14,0.42
2014-10-30,0.09,0.42,0.96,1.58,2.32,3.04,1.49,1.9,2.31,0.09,0.42
2014-10-31,0.09,0.43,0.99,1.62,2.35,3.07,1.53,1.92,2.31,0.09,0.43
2014-11-03,0.08,0.43,0.99,1.63,2.36,3.07,1.55,1.93,2.31,0.08,0.43
2014-11-04,0.14,0.43,0.96,1.63,2.35,3.05,1.49,1.92,2.35,0.14,0.43
2014-11-05,0.09,0.43,0.96,1.63,2.36,3.06,1.54,1.93,2.32,0.09,0.43
2014-11-06,0.09,0.45,0.98,1.67,2.39,3.09,1.58,1.94,2.3,0.09,0.45
2014-11-07,0.01,0.38,0.93,1.6,2.32,3.04,1.59,1.94,2.29,0.01,0.38
2014-11-10,0.07,0.44,0.98,1.65,2.38,3.09,1.58,1.94,2.3,0.07,0.44
2014-11-12,0.12,0.46,1.0,1.65,2.37,3.09,1.53,1.91,2.29,0.12,0.46
2014-11-13,0.16,0.47,1.01,1.64,2.35,3.08,1.48,1.88,2.28,0.16,0.47
2014-11-14,0.17,0.43,0.99,1.62,2.32,3.04,1.45,1.89,2.33,0.17,0.43
2014-11-17,0.22,0.48,1.02,1.64,2.34,3.06,1.42,1.86,2.3,0.22,0.48
2014-11-18,0.21,0.48,1.02,1.63,2.32,3.05,1.42,1.84,2.26,0.21,0.48
2014-11-19,0.27,0.53,1.07,1.66,2.36,3.08,1.39,1.83,2.27,0.27,0.53
2014-11-20,0.23,0.49,1.05,1.64,2.34,3.05,1.41,1.85,2.29,0.23,0.49
2014-11-21,0.19,0.45,1.0,1.63,2.31,3.02,1.44,1.86,2.28,0.19,0.45
2014-11-24,0.19,0.44,0.99,1.62,2.3,3.01,1.43,1.86,2.29,0.19,0.44
2014-11-25,0.11,0.42,0.96,1.58,2.27,2.97,1.47,1.85,2.23,0.11,0.42
2014-11-26,0.12,0.42,0.95,1.56,2.24,2.95,1.44,1.82,2.2,0.12,0.42
2014-11-28,0.1,0.39,0.92,1.49,2.18,2.89,1.39,1.79,2.19,0.1,0.39
2014-12-01,0.13,0.43,0.96,1.52,2.22,2.95,1.39,1.79,2.19,0.13,0.43
2014-12-02,0.23,0.51,1.01,1.59,2.28,3.0,1.36,1.77,2.18,0.23,0.51
2014-12-03,0.23,0.5,1.0,1.61,2.29,2.99,1.38,1.79,2.2,0.23,0.5
2014-12-04,0.23,0.48,0.96,1.59,2.25,2.94,1.36,1.77,2.18,0.23,0.48
2014-12-05,0.34,0.56,0.98,1.69,2.31,2.97,1.35,1.75,2.15,0.34,0.56
2014-12-08,0.43,0.55,0.94,1.67,2.26,2.9,1.24,1.71,2.18,0.43,0.55
2014-12-09,0.29,0.49,0.9,1.63,2.22,2.87,1.34,1.73,2.12,0.29,0.49
2014-12-10,0.31,0.47,0.88,1.58,2.18,2.83,1.27,1.71,2.15,0.31,0.47
2014-12-11,0.35,0.49,0.88,1.62,2.19,2.84,1.27,1.7,2.13,0.35,0.49
2014-12-12,0.33,0.46,0.84,1.53,2.1,2.75,1.2,1.64,2.08,0.33,0.46
2014-12-15,0.41,0.5,0.84,1.58,2.12,2.74,1.17,1.62,2.07,0.41,0.5
2014-12-16,0.32,0.42,0.77,1.53,2.07,2.69,1.21,1.65,2.09,0.32,0.42
2014-12-17,0.39,0.49,0.81,1.61,2.14,2.74,1.22,1.65,2.08,0.39,0.49
2014-12-18,0.48,0.57,0.91,1.68,2.22,2.82,1.2,1.65,2.1,0.48,0.57
2014-12-19,0.39,0.49,0.85,1.66,2.17,2.77,1.27,1.68,2.09,0.39,0.49
2014-12-22,0.38,0.47,0.82,1.67,2.17,2.75,1.29,1.7,2.11,0.38,0.47
2014-12-23,0.46,0.56,0.92,1.76,2.26,2.85,1.3,1.7,2.1,0.46,0.56
2014-12-24,0.5,0.59,0.91,1.76,2.27,2.83,1.26,1.68,2.1,0.5,0.59
2014-12-26,0.49,0.58,0.9,1.75,2.25,2.81,1.26,1.67,2.08,0.49,0.58
2014-12-29,0.5,0.57,0.88,1.72,2.22,2.78,1.22,1.65,2.08,0.5,0.57
2014-12-30,0.47,0.56,0.88,1.68,2.2,2.76,1.21,1.64,2.07,0.47,0.56
2014-12-31,0.38,0.49,0.83,1.65,2.17,2.75,1.27,1.68,2.09,0.38,0.49
2015-01-02,0.31,0.41,0.76,1.61,2.12,2.69,1.3,1.71,2.12,0.31,0.41
2015-01-05,0.32,0.4,0.71,1.57,2.04,2.6,1.25,1.64,2.03,0.32,0.4
2015-01-06,0.34,0.41,0.68,1.5,1.97,2.52,1.16,1.56,1.96,0.34,0.41
2015-01-07,0.31,0.39,0.68,1.47,1.96,2.52,1.16,1.57,1.98,0.31,0.39
2015-01-08,0.29,0.41,0.73,1.5,2.03,2.59,1.21,1.62,2.03,0.29,0.41
2015-01-09,0.25,0.36,0.72,1.45,1.98,2.55,1.2,1.62,2.04,0.25,0.36
2015-01-12,0.23,0.35,0.69,1.39,1.92,2.49,1.16,1.57,1.98,0.23,0.35
2015-01-13,0.32,0.37,0.73,1.37,1.91,2.49,1.05,1.54,2.03,0.32,0.37
2015-01-14,0.15,0.29,0.69,1.33,1.86,2.47,1.18,1.57,1.96,0.15,0.29
2015-01-15,0.04,0.19,0.61,1.22,1.77,2.4,1.18,1.58,1.98,0.04,0.19
2015-01-16,0.1,0.23,0.66,1.29,1.83,2.44,1.19,1.6,2.01,0.1,0.23
2015-01-20,0.12,0.23,0.63,1.31,1.82,2.39,1.19,1.59,1.99,0.12,0.23
2015-01-21,0.18,0.26,0.71,1.35,1.87,2.44,1.17,1.61,2.05,0.18,0.26
2015-01-22,0.2,0.29,0.69,1.39,1.9,2.46,1.19,1.61,2.03,0.2,0.29
2015-01-23,0.12,0.21,0.61,1.33,1.81,2.38,1.21,1.6,1.99,0.12,0.21
2015-01-26,0.12,0.22,0.64,1.36,1.83,2.4,1.24,1.61,1.98,0.12,0.22
2015-01-27,0.05,0.17,0.64,1.34,1.83,2.4,1.29,1.66,2.03,0.05,0.17
2015-01-28,0.01,0.12,0.56,1.25,1.73,2.29,1.24,1.61,1.98,0.01,0.12
2015-01-29,-0.03,0.15,0.59,1.28,1.77,2.33,1.31,1.62,1.93,-0.03,0.15
2015-01-30,-0.11,0.03,0.52,1.18,1.68,2.25,1.29,1.65,2.01,-0.11,0.03
2015-02-02,-0.13,0.03,0.54,1.19,1.68,2.25,1.32,1.65,1.98,-0.13,0.03
2015-02-03,-0.12,0.09,0.62,1.28,1.79,2.37,1.4,1.7,2.0,-0.12,0.09
2015-02-04,-0.06,0.1,0.6,1.29,1.81,2.39,1.35,1.71,2.07,-0.06,0.1
2015-02-05,-0.08,0.13,0.64,1.3,1.83,2.42,1.38,1.7,2.02,-0.08,0.13
2015-02-06,0.12,0.24,0.68,1.48,1.95,2.51,1.36,1.71,2.06,0.12,0.24
2015-02-09,0.13,0.25,0.67,1.49,1.96,2.52,1.36,1.71,2.06,0.13,0.25
2015-02-10,0.2,0.31,0.74,1.52,2.01,2.58,1.32,1.7,2.08,0.2,0.31
2015-02-11,0.21,0.32,0.75,1.53,2.0,2.57,1.32,1.68,2.04,0.21,0.32
2015-02-12,0.13,0.33,0.78,1.5,1.99,2.58,1.37,1.66,1.95,0.13,0.33
2015-02-13,0.21,0.34,0.81,1.53,2.02,2.63,1.32,1.68,2.04,0.21,0.34
2015-02-17,0.29,0.43,0.87,1.62,2.14,2.73,1.33,1.71,2.09,0.29,0.43
2015-02-18,0.2,0.36,0.82,1.52,2.07,2.7,1.32,1.71,2.1,0.2,0.36
2015-02-19,0.23,0.37,0.84,1.58,2.11,2.73,1.35,1.74,2.13,0.23,0.37
2015-02-20,0.24,0.38,0.83,1.61,2.13,2.73,1.37,1.75,2.13,0.24,0.38
2015-02-23,0.22,0.34,0.79,1.56,2.06,2.66,1.34,1.72,2.1,0.22,0.34
2015-02-24,0.14,0.27,0.73,1.47,1.99,2.6,1.33,1.72,2.11,0.14,0.27
2015-02-25,0.11,0.24,0.7,1.47,1.96,2.56,1.36,1.72,2.08,0.11,0.24
2015-02-26,0.05,0.24,0.72,1.54,2.03,2.63,1.49,1.79,2.09,0.05,0.24
2015-02-27,0.01,0.17,0.68,1.5,2.0,2.6,1.49,1.83,2.17,0.01,0.17
2015-03-02,0.03,0.25,0.75,1.57,2.08,2.68,1.54,1.83,2.12,0.03,0.25
2015-03-03,0.04,0.26,0.75,1.61,2.12,2.71,1.57,1.86,2.15,0.04,0.26
2015-03-04,-0.01,0.25,0.74,1.6,2.12,2.72,1.61,1.87,2.13,-0.01,0.25
2015-03-05,0.04,0.27,0.74,1.57,2.11,2.71,1.53,1.84,2.15,0.04,0.27
2015-03-06,0.15,0.41,0.86,1.7,2.24,2.83,1.55,1.83,2.11,0.15,0.41
2015-03-09,0.19,0.44,0.88,1.66,2.2,2.8,1.47,1.76,2.05,0.19,0.44
2015-03-10,0.26,0.41,0.85,1.62,2.14,2.73,1.36,1.73,2.1,0.26,0.41
2015-03-11,0.15,0.39,0.83,1.6,2.11,2.69,1.45,1.72,1.99,0.15,0.39
2015-03-12,0.18,0.39,0.84,1.59,2.1,2.69,1.41,1.71,2.01,0.18,0.39
2015-03-13,0.2,0.44,0.88,1.6,2.13,2.7,1.4,1.69,1.98,0.2,0.44
2015-03-16,0.3,0.45,0.87,1.57,2.1,2.67,1.27,1.65,2.03,0.3,0.45
2015-03-17,0.22,0.42,0.81,1.56,2.06,2.61,1.34,1.64,1.94,0.22,0.42
2015-03-18,0.08,0.23,0.66,1.41,1.93,2.51,1.33,1.7,2.07,0.08,0.23
2015-03-19,-0.01,0.19,0.65,1.48,1.98,2.54,1.49,1.79,2.09,-0.01,0.19
2015-03-20,-0.08,0.17,0.61,1.42,1.93,2.5,1.5,1.76,2.02,-0.08,0.17
2015-03-23,-0.07,0.17,0.62,1.41,1.92,2.51,1.48,1.75,2.02,-0.07,0.17
2015-03-24,-0.16,0.11,0.55,1.37,1.88,2.46,1.53,1.77,2.01,-0.16,0.11
2015-03-25,-0.15,0.12,0.57,1.41,1.93,2.5,1.56,1.81,2.06,-0.15,0.12
2015-03-26,-0.1,0.21,0.67,1.47,2.01,2.6,1.57,1.8,2.03,-0.1,0.21
2015-03-27,-0.12,0.19,0.64,1.42,1.95,2.53,1.54,1.76,1.98,-0.12,0.19
2015-03-30,-0.08,0.23,0.69,1.41,1.96,2.55,1.49,1.73,1.97,-0.08,0.23
2015-03-31,-0.14,0.18,0.69,1.37,1.94,2.54,1.51,1.76,2.01,-0.14,0.18
2015-04-01,-0.26,0.07,0.6,1.32,1.87,2.47,1.58,1.8,2.02,-0.26,0.07
2015-04-02,-0.21,0.11,0.64,1.35,1.92,2.53,1.56,1.81,2.06,-0.21,0.11
2015-04-03,-0.32,0.02,0.58,1.26,1.85,2.49,1.58,1.83,2.08,-0.32,0.02
2015-04-06,-0.29,0.07,0.66,1.31,1.92,2.57,1.6,1.85,2.1,-0.29,0.07
2015-04-07,-0.28,0.04,0.6,1.32,1.89,2.52,1.6,1.85,2.1,-0.28,0.04
2015-04-08,-0.23,0.08,0.63,1.35,1.92,2.53,1.58,1.84,2.1,-0.23,0.08
2015-04-09,-0.19,0.13,0.68,1.4,1.97,2.61,1.59,1.84,2.09,-0.19,0.13
2015-04-10,-0.15,0.14,0.67,1.41,1.96,2.58,1.56,1.82,2.08,-0.15,0.14
2015-04-13,-0.17,0.14,0.68,1.38,1.94,2.58,1.55,1.8,2.05,-0.17,0.14
2015-04-14,-0.21,0.1,0.65,1.34,1.9,2.54,1.55,1.8,2.05,-0.21,0.1
2015-04-15,-0.26,0.07,0.64,1.33,1.91,2.55,1.59,1.84,2.09,-0.26,0.07
2015-04-16,-0.27,0.05,0.63,1.31,1.9,2.56,1.58,1.85,2.12,-0.27,0.05
2015-04-17,-0.34,-0.02,0.54,1.31,1.87,2.51,1.65,1.89,2.13,-0.34,-0.02
2015-04-20,-0.27,0.01,0.59,1.33,1.9,2.56,1.6,1.89,2.18,-0.27,0.01
2015-04-21,-0.24,0.06,0.63,1.35,1.92,2.58,1.59,1.86,2.13,-0.24,0.06
2015-04-22,-0.19,0.12,0.7,1.41,1.99,2.66,1.6,1.87,2.14,-0.19,0.12
2015-04-23,-0.33,0.07,0.66,1.37,1.96,2.63,1.7,1.89,2.08,-0.33,0.07
2015-04-24,-0.37,0.04,0.64,1.34,1.93,2.62,1.71,1.89,2.07,-0.37,0.04
2015-04-27,-0.35,0.03,0.63,1.36,1.94,2.61,1.71,1.91,2.11,-0.35,0.03
2015-04-28,-0.3,0.11,0.71,1.39,2.0,2.68,1.69,1.89,2.09,-0.3,0.11
2015-04-29,-0.27,0.14,0.76,1.43,2.06,2.76,1.7,1.92,2.14,-0.27,0.14
2015-04-30,-0.29,0.11,0.72,1.43,2.05,2.75,1.72,1.94,2.16,-0.29,0.11
2015-05-01,-0.22,0.18,0.78,1.5,2.12,2.82,1.72,1.94,2.16,-0.22,0.18
2015-05-04,-0.18,0.24,0.86,1.51,2.16,2.88,1.69,1.92,2.15,-0.18,0.24
2015-05-05,-0.18,0.25,0.86,1.54,2.19,2.9,1.72,1.94,2.16,-0.18,0.25
2015-05-06,-0.11,0.34,0.95,1.58,2.25,2.98,1.69,1.91,2.13,-0.11,0.34
2015-05-07,-0.11,0.3,0.88,1.55,2.18,2.9,1.66,1.88,2.1,-0.11,0.3
2015-05-08,-0.16,0.28,0.89,1.5,2.16,2.9,1.66,1.88,2.1,-0.16,0.28
2015-05-11,-0.05,0.4,1.0,1.59,2.28,3.03,1.64,1.88,2.12,-0.05,0.4
2015-05-12,-0.07,0.4,0.99,1.58,2.28,3.02,1.65,1.88,2.11,-0.07,0.4
2015-05-13,-0.1,0.41,1.04,1.57,2.27,3.07,1.67,1.86,2.05,-0.1,0.41
2015-05-14,-0.14,0.36,1.03,1.51,2.23,3.03,1.65,1.87,2.09,-0.14,0.36
2015-05-15,-0.16,0.31,0.94,1.46,2.14,2.93,1.62,1.83,2.04,-0.16,0.31
2015-05-18,-0.1,0.37,1.02,1.54,2.23,3.02,1.64,1.86,2.08,-0.1,0.37
2015-05-19,-0.02,0.42,1.06,1.6,2.27,3.05,1.62,1.85,2.08,-0.02,0.42
2015-05-20,-0.08,0.38,1.06,1.57,2.26,3.06,1.65,1.88,2.11,-0.08,0.38
2015-05-21,-0.1,0.35,1.01,1.53,2.19,2.98,1.63,1.84,2.05,-0.1,0.35
2015-05-22,-0.08,0.34,1.0,1.57,2.21,2.99,1.65,1.87,2.09,-0.08,0.34
2015-05-26,-0.05,0.32,0.94,1.54,2.14,2.89,1.59,1.82,2.05,-0.05,0.32
2015-05-27,-0.01,0.34,0.95,1.53,2.14,2.88,1.54,1.8,2.06,-0.01,0.34
2015-05-28,-0.02,0.33,0.98,1.51,2.13,2.89,1.53,1.8,2.07,-0.02,0.33
2015-05-29,-0.08,0.32,0.95,1.49,2.12,2.88,1.57,1.8,2.03,-0.08,0.32
2015-06-01,0.0,0.39,1.02,1.55,2.19,2.94,1.55,1.8,2.05,0.0,0.39
2015-06-02,0.02,0.44,1.08,1.61,2.27,3.02,1.59,1.83,2.07,0.02,0.44
2015-06-03,0.1,0.55,1.16,1.69,2.38,3.11,1.59,1.83,2.07,0.1,0.55
2015-06-04,0.06,0.5,1.09,1.65,2.31,3.03,1.59,1.81,2.03,0.06,0.5
2015-06-05,0.11,0.55,1.14,1.75,2.41,3.11,1.64,1.86,2.08,0.11,0.55
2015-06-08,0.09,0.54,1.14,1.72,2.39,3.11,1.63,1.85,2.07,0.09,0.54
2015-06-09,0.09,0.56,1.18,1.74,2.42,3.15,1.65,1.86,2.07,0.09,0.56
2015-06-10,0.14,0.63,1.25,1.8,2.5,3.22,1.66,1.87,2.08,0.14,0.63
2015-06-11,0.11,0.56,1.17,1.74,2.39,3.11,1.63,1.83,2.03,0.11,0.56
2015-06-12,0.11,0.55,1.16,1.75,2.39,3.1,1.64,1.84,2.04,0.11,0.55
2015-06-15,0.07,0.51,1.12,1.71,2.36,3.09,1.64,1.85,2.06,0.07,0.51
2015-06-16,0.01,0.44,1.05,1.68,2.32,3.06,1.67,1.88,2.09,0.01,0.44
2015-06-17,-0.06,0.42,1.09,1.63,2.32,3.09,1.69,1.9,2.11,-0.06,0.42
2015-06-18,-0.02,0.46,1.14,1.65,2.35,3.14,1.67,1.89,2.11,-0.02,0.46
2015-06-19,-0.04,0.4,1.07,1.59,2.26,3.05,1.63,1.86,2.09,-0.04,0.4
2015-06-22,0.03,0.47,1.14,1.68,2.37,3.16,1.65,1.9,2.15,0.03,0.47
2015-06-23,0.04,0.5,1.17,1.71,2.42,3.2,1.67,1.92,2.17,0.04,0.5
2015-06-24,0.05,0.48,1.13,1.69,2.38,3.16,1.64,1.9,2.16,0.05,0.48
2015-06-25,0.07,0.49,1.13,1.7,2.4,3.16,1.63,1.91,2.19,0.07,0.49
2015-06-26,0.09,0.57,1.21,1.75,2.49,3.25,1.66,1.92,2.18,0.09,0.57
2015-06-29,0.03,0.46,1.1,1.62,2.33,3.09,1.59,1.87,2.15,0.03,0.46
2015-06-30,0.02,0.48,1.11,1.63,2.35,3.11,1.61,1.87,2.13,0.02,0.48
2015-07-01,0.1,0.54,1.18,1.7,2.43,3.2,1.6,1.89,2.18,0.1,0.54
2015-07-02,0.02,0.49,1.16,1.64,2.4,3.19,1.62,1.91,2.2,0.02,0.49
2015-07-06,-0.01,0.43,1.07,1.56,2.3,3.08,1.57,1.87,2.17,-0.01,0.43
2015-07-07,-0.02,0.4,1.04,1.55,2.27,3.04,1.57,1.87,2.17,-0.02,0.4
2015-07-08,-0.04,0.39,1.02,1.5,2.22,2.99,1.54,1.83,2.12,-0.04,0.39
2015-07-09,0.02,0.47,1.13,1.58,2.32,3.11,1.56,1.85,2.14,0.02,0.47
2015-07-10,0.1,0.55,1.19,1.68,2.42,3.2,1.58,1.87,2.16,0.1,0.55
2015-07-13,0.15,0.58,1.21,1.71,2.44,3.21,1.56,1.86,2.16,0.15,0.58
2015-07-14,0.12,0.56,1.2,1.67,2.41,3.2,1.55,1.85,2.15,0.12,0.56
2015-07-15,0.1,0.52,1.15,1.63,2.36,3.13,1.53,1.84,2.15,0.1,0.52
2015-07-16,0.14,0.52,1.13,1.66,2.36,3.11,1.52,1.84,2.16,0.14,0.52
2015-07-17,0.17,0.51,1.12,1.67,2.34,3.08,1.5,1.83,2.16,0.17,0.51
2015-07-20,0.23,0.56,1.14,1.72,2.38,3.1,1.49,1.82,2.15,0.23,0.56
2015-07-21,0.2,0.53,1.12,1.69,2.35,3.08,1.49,1.82,2.15,0.2,0.53
2015-07-22,0.21,0.53,1.1,1.69,2.33,3.04,1.48,1.8,2.12,0.21,0.53
2015-07-23,0.2,0.49,1.06,1.65,2.28,2.98,1.45,1.79,2.13,0.2,0.49
2015-07-24,0.24,0.51,1.07,1.64,2.27,2.96,1.4,1.76,2.12,0.24,0.51
2015-07-27,0.23,0.5,1.05,1.58,2.23,2.93,1.35,1.73,2.11,0.23,0.5
2015-07-28,0.23,0.51,1.07,1.61,2.26,2.96,1.38,1.75,2.12,0.23,0.51
2015-07-29,0.22,0.52,1.08,1.62,2.29,2.99,1.4,1.77,2.14,0.22,0.52
2015-07-30,0.22,0.51,1.06,1.62,2.28,2.96,1.4,1.77,2.14,0.22,0.51
2015-07-31,0.18,0.46,1.04,1.54,2.2,2.92,1.36,1.74,2.12,0.18,0.46
2015-08-03,0.21,0.46,1.02,1.52,2.16,2.86,1.31,1.7,2.09,0.21,0.46
2015-08-04,0.29,0.52,1.06,1.6,2.23,2.9,1.31,1.71,2.11,0.29,0.52
2015-08-05,0.34,0.58,1.11,1.65,2.28,2.94,1.31,1.7,2.09,0.34,0.58
2015-08-06,0.31,0.56,1.08,1.62,2.23,2.9,1.31,1.67,2.03,0.31,0.56
2015-08-07,0.31,0.52,1.02,1.59,2.18,2.83,1.28,1.66,2.04,0.31,0.52
2015-08-10,0.32,0.55,1.07,1.62,2.24,2.89,1.3,1.69,2.08,0.32,0.55
2015-08-11,0.26,0.49,1.01,1.53,2.15,2.81,1.27,1.66,2.05,0.26,0.49
2015-08-12,0.25,0.52,1.06,1.52,2.14,2.84,1.27,1.62,1.97,0.25,0.52
2015-08-13,0.34,0.57,1.07,1.58,2.19,2.86,1.24,1.62,2.0,0.34,0.57
2015-08-14,0.36,0.58,1.05,1.61,2.2,2.84,1.25,1.62,1.99,0.36,0.58
2015-08-17,0.36,0.58,1.05,1.58,2.16,2.81,1.22,1.58,1.94,0.36,0.58
2015-08-18,0.39,0.62,1.1,1.6,2.2,2.87,1.21,1.58,1.95,0.39,0.62
2015-08-19,0.33,0.55,1.06,1.5,2.12,2.81,1.17,1.57,1.97,0.33,0.55
2015-08-20,0.33,0.53,1.02,1.5,2.09,2.76,1.17,1.56,1.95,0.33,0.53
2015-08-21,0.31,0.52,1.04,1.44,2.05,2.74,1.13,1.53,1.93,0.31,0.52
2015-08-24,0.28,0.52,1.07,1.39,2.01,2.73,1.11,1.49,1.87,0.28,0.52
2015-08-25,0.33,0.59,1.14,1.48,2.12,2.84,1.15,1.53,1.91,0.33,0.59
2015-08-26,0.36,0.65,1.22,1.49,2.18,2.94,1.13,1.53,1.93,0.36,0.65
2015-08-27,0.29,0.6,1.15,1.49,2.18,2.93,1.2,1.58,1.96,0.29,0.6
2015-08-28,0.3,0.58,1.12,1.52,2.19,2.92,1.22,1.61,2.0,0.3,0.58
2015-08-31,0.28,0.58,1.15,1.54,2.21,2.95,1.26,1.63,2.0,0.28,0.58
2015-09-01,0.31,0.6,1.17,1.49,2.17,2.93,1.18,1.57,1.96,0.31,0.6
2015-09-02,0.33,0.64,1.22,1.52,2.2,2.97,1.19,1.56,1.93,0.33,0.64
2015-09-03,0.33,0.64,1.22,1.49,2.18,2.95,1.16,1.54,1.92,0.33,0.64
2015-09-04,0.33,0.62,1.18,1.47,2.13,2.89,1.14,1.51,1.88,0.33,0.62
2015-09-08,0.38,0.67,1.25,1.53,2.2,2.97,1.15,1.53,1.91,0.38,0.67
2015-09-09,0.38,0.65,1.21,1.53,2.21,2.96,1.15,1.56,1.97,0.38,0.65
2015-09-10,0.34,0.64,1.21,1.55,2.23,2.98,1.21,1.59,1.97,0.34,0.64
2015-09-11,0.31,0.61,1.18,1.52,2.2,2.95,1.21,1.59,1.97,0.31,0.61
2015-09-14,0.32,0.62,1.19,1.51,2.18,2.95,1.19,1.56,1.93,0.32,0.62
2015-09-15,0.41,0.72,1.29,1.61,2.28,3.06,1.2,1.56,1.92,0.41,0.72
2015-09-16,0.41,0.73,1.32,1.62,2.3,3.08,1.21,1.57,1.93,0.41,0.73
2015-09-17,0.26,0.63,1.26,1.5,2.21,3.02,1.24,1.58,1.92,0.26,0.63
2015-09-18,0.26,0.58,1.19,1.45,2.13,2.93,1.19,1.55,1.91,0.26,0.58
2015-09-21,0.32,0.66,1.3,1.51,2.2,3.02,1.19,1.54,1.89,0.32,0.66
2015-09-22,0.29,0.63,1.26,1.44,2.14,2.94,1.15,1.51,1.87,0.29,0.63
2015-09-23,0.31,0.64,1.26,1.47,2.16,2.95,1.16,1.52,1.88,0.31,0.64
2015-09-24,0.33,0.64,1.24,1.44,2.13,2.91,1.11,1.49,1.87,0.33,0.64
2015-09-25,0.37,0.71,1.32,1.48,2.17,2.96,1.11,1.46,1.81,0.37,0.71
2015-09-28,0.4,0.71,1.28,1.42,2.1,2.87,1.02,1.39,1.76,0.4,0.71
2015-09-29,0.34,0.66,1.27,1.37,2.05,2.85,1.03,1.39,1.75,0.34,0.66
2015-09-30,0.3,0.65,1.29,1.37,2.06,2.87,1.07,1.41,1.75,0.3,0.65
2015-10-01,0.24,0.59,1.23,1.37,2.05,2.85,1.13,1.46,1.79,0.24,0.59
2015-10-02,0.14,0.51,1.18,1.29,1.99,2.82,1.15,1.48,1.81,0.14,0.51
2015-10-05,0.17,0.56,1.23,1.35,2.07,2.9,1.18,1.51,1.84,0.17,0.56
2015-10-06,0.12,0.53,1.2,1.34,2.05,2.88,1.22,1.52,1.82,0.12,0.53
2015-10-07,0.15,0.53,1.19,1.37,2.08,2.89,1.22,1.55,1.88,0.15,0.53
2015-10-08,0.14,0.54,1.23,1.4,2.12,2.96,1.26,1.58,1.9,0.14,0.54
2015-10-09,0.19,0.58,1.24,1.41,2.12,2.94,1.22,1.54,1.86,0.19,0.58
2015-10-13,0.18,0.54,1.22,1.36,2.06,2.89,1.18,1.52,1.86,0.18,0.54
2015-10-14,0.14,0.5,1.19,1.29,1.99,2.84,1.15,1.49,1.83,0.14,0.5
2015-10-15,0.16,0.54,1.22,1.34,2.04,2.87,1.18,1.5,1.82,0.16,0.54
2015-10-16,0.18,0.56,1.24,1.36,2.04,2.87,1.18,1.48,1.78,0.18,0.56
2015-10-19,0.22,0.59,1.27,1.35,2.04,2.89,1.13,1.45,1.77,0.22,0.59
2015-10-20,0.24,0.6,1.26,1.4,2.08,2.92,1.16,1.48,1.8,0.24,0.6
2015-10-21,0.24,0.59,1.24,1.37,2.04,2.87,1.13,1.45,1.77,0.24,0.59
2015-10-22,0.22,0.57,1.21,1.36,2.04,2.87,1.14,1.47,1.8,0.22,0.57
2015-10-23,0.24,0.58,1.19,1.43,2.09,2.9,1.19,1.51,1.83,0.24,0.58
2015-10-26,0.25,0.59,1.19,1.41,2.07,2.87,1.16,1.48,1.8,0.25,0.59
2015-10-27,0.23,0.57,1.18,1.38,2.05,2.86,1.15,1.48,1.81,0.23,0.57
2015-10-28,0.33,0.63,1.2,1.47,2.1,2.87,1.14,1.47,1.8,0.33,0.63
2015-10-29,0.34,0.67,1.24,1.53,2.19,2.96,1.19,1.52,1.85,0.34,0.67
2015-10-30,0.32,0.63,1.19,1.52,2.16,2.93,1.2,1.53,1.86,0.32,0.63
2015-11-02,0.34,0.65,1.2,1.57,2.2,2.95,1.23,1.55,1.87,0.34,0.65
2015-11-03,0.32,0.65,1.24,1.59,2.23,3.0,1.27,1.58,1.89,0.32,0.65
2015-11-04,0.38,0.68,1.24,1.64,2.25,3.0,1.26,1.57,1.88,0.38,0.68
2015-11-05,0.42,0.71,1.27,1.65,2.26,3.01,1.23,1.55,1.87,0.42,0.71
2015-11-06,0.48,0.75,1.31,1.73,2.34,3.09,1.25,1.59,1.93,0.48,0.75
2015-11-09,0.47,0.76,1.32,1.75,2.36,3.12,1.28,1.6,1.92,0.47,0.76
2015-11-10,0.47,0.77,1.32,1.72,2.32,3.1,1.25,1.55,1.85,0.47,0.77
2015-11-12,0.49,0.78,1.32,1.73,2.32,3.09,1.24,1.54,1.84,0.49,0.78
2015-11-13,0.46,0.76,1.31,1.67,2.28,3.06,1.21,1.52,1.83,0.46,0.76
2015-11-16,0.46,0.76,1.33,1.66,2.27,3.07,1.2,1.51,1.82,0.46,0.76
2015-11-17,0.43,0.72,1.28,1.66,2.25,3.04,1.23,1.53,1.83,0.43,0.72
2015-11-18,0.44,0.71,1.27,1.69,2.27,3.04,1.25,1.56,1.87,0.44,0.71
2015-11-19,0.41,0.68,1.23,1.68,2.24,3.0,1.27,1.56,1.85,0.41,0.68
2015-11-20,0.39,0.66,1.21,1.7,2.26,3.02,1.31,1.6,1.89,0.39,0.66
2015-11-23,0.37,0.64,1.2,1.7,2.25,3.0,1.33,1.61,1.89,0.37,0.64
2015-11-24,0.33,0.62,1.2,1.66,2.24,3.0,1.33,1.62,1.91,0.33,0.62
2015-11-25,0.35,0.62,1.2,1.66,2.23,3.0,1.31,1.61,1.91,0.35,0.62
2015-11-27,0.33,0.62,1.2,1.64,2.22,3.0,1.31,1.6,1.89,0.33,0.62
2015-11-30,0.35,0.62,1.19,1.65,2.21,2.98,1.3,1.59,1.88,0.35,0.62
2015-12-01,0.3,0.58,1.14,1.59,2.15,2.91,1.29,1.57,1.85,0.3,0.58
2015-12-02,0.36,0.62,1.16,1.63,2.18,2.91,1.27,1.56,1.85,0.36,0.62
2015-12-03,0.41,0.72,1.27,1.74,2.33,3.07,1.33,1.61,1.89,0.41,0.72
2015-12-04,0.41,0.68,1.21,1.71,2.28,3.01,1.3,1.6,1.9,0.41,0.68
2015-12-07,0.42,0.67,1.19,1.67,2.23,2.95,1.25,1.56,1.87,0.42,0.67
2015-12-08,0.43,0.68,1.2,1.68,2.24,2.97,1.25,1.56,1.87,0.43,0.68
2015-12-09,0.43,0.69,1.23,1.64,2.22,2.97,1.21,1.53,1.85,0.43,0.69
2015-12-10,0.48,0.73,1.26,1.68,2.24,2.98,1.2,1.51,1.82,0.48,0.73
2015-12-11,0.39,0.67,1.21,1.56,2.13,2.87,1.17,1.46,1.75,0.39,0.67
2015-12-14,0.49,0.78,1.32,1.66,2.23,2.96,1.17,1.45,1.73,0.49,0.78
2015-12-15,0.49,0.8,1.32,1.71,2.28,3.0,1.22,1.48,1.74,0.49,0.8
2015-12-16,0.55,0.84,1.34,1.75,2.3,3.02,1.2,1.46,1.72,0.55,0.84
2015-12-17,0.52,0.77,1.28,1.73,2.24,2.94,1.21,1.47,1.73,0.52,0.77
2015-12-18,0.46,0.73,1.26,1.67,2.19,2.9,1.21,1.46,1.71,0.46,0.73
2015-12-21,0.48,0.75,1.28,1.67,2.2,2.92,1.19,1.45,1.71,0.48,0.75
2015-12-22,0.52,0.78,1.3,1.71,2.24,2.96,1.19,1.46,1.73,0.52,0.78
2015-12-23,0.49,0.76,1.29,1.74,2.27,3.0,1.25,1.51,1.77,0.49,0.76
2015-12-24,0.5,0.73,1.26,1.73,2.25,2.96,1.23,1.52,1.81,0.5,0.73
2015-12-28,0.49,0.74,1.24,1.73,2.24,2.95,1.24,1.5,1.76,0.49,0.74
2015-12-29,0.53,0.79,1.31,1.81,2.32,3.04,1.28,1.53,1.78,0.53,0.79
2015-12-30,0.52,0.77,1.31,1.8,2.31,3.04,1.28,1.54,1.8,0.52,0.77
2015-12-31,0.45,0.73,1.28,1.76,2.27,3.01,1.31,1.54,1.77,0.45,0.73
2016-01-04,0.42,0.69,1.25,1.73,2.24,2.98,1.31,1.55,1.79,0.42,0.69
2016-01-05,0.42,0.69,1.27,1.73,2.25,3.01,1.31,1.56,1.81,0.42,0.69
2016-01-06,0.39,0.65,1.23,1.65,2.18,2.94,1.26,1.53,1.8,0.39,0.65
2016-01-07,0.36,0.66,1.27,1.61,2.16,2.92,1.25,1.5,1.75,0.36,0.66
2016-01-08,0.34,0.65,1.27,1.57,2.13,2.91,1.23,1.48,1.73,0.34,0.65
2016-01-11,0.39,0.72,1.33,1.58,2.17,2.96,1.19,1.45,1.71,0.39,0.72
2016-01-12,0.36,0.69,1.29,1.55,2.12,2.89,1.19,1.43,1.67,0.36,0.69
2016-01-13,0.33,0.65,1.26,1.51,2.08,2.85,1.18,1.43,1.68,0.33,0.65
2016-01-14,0.32,0.67,1.29,1.52,2.1,2.9,1.2,1.43,1.66,0.32,0.67
2016-01-15,0.34,0.67,1.27,1.46,2.03,2.81,1.12,1.36,1.6,0.34,0.67
2016-01-19,0.33,0.68,1.28,1.49,2.06,2.82,1.16,1.38,1.6,0.33,0.68
2016-01-20,0.34,0.69,1.29,1.44,2.01,2.77,1.1,1.32,1.54,0.34,0.69
2016-01-21,0.36,0.74,1.31,1.44,2.02,2.79,1.08,1.28,1.48,0.36,0.74
2016-01-22,0.34,0.72,1.29,1.49,2.07,2.83,1.15,1.35,1.55,0.34,0.72
2016-01-25,0.32,0.69,1.27,1.47,2.03,2.8,1.15,1.34,1.53,0.32,0.69
2016-01-26,0.28,0.65,1.25,1.45,2.01,2.79,1.17,1.36,1.55,0.28,0.65
2016-01-27,0.25,0.62,1.23,1.43,2.02,2.8,1.18,1.4,1.62,0.25,0.62
2016-01-28,0.2,0.58,1.21,1.4,2.0,2.79,1.2,1.42,1.64,0.2,0.58
2016-01-29,0.14,0.53,1.17,1.33,1.94,2.75,1.19,1.41,1.63,0.14,0.53
2016-02-01,0.18,0.57,1.19,1.38,1.97,2.77,1.2,1.4,1.6,0.18,0.57
2016-02-02,0.14,0.51,1.12,1.28,1.87,2.67,1.14,1.36,1.58,0.14,0.51
2016-02-03,0.11,0.5,1.1,1.27,1.88,2.7,1.16,1.38,1.6,0.11,0.5
2016-02-04,0.12,0.51,1.11,1.25,1.87,2.7,1.13,1.36,1.59,0.12,0.51
2016-02-05,0.18,0.53,1.13,1.25,1.86,2.68,1.07,1.33,1.59,0.18,0.53
2016-02-08,0.19,0.52,1.09,1.16,1.75,2.56,0.97,1.23,1.49,0.19,0.52
2016-02-09,0.22,0.53,1.1,1.15,1.74,2.55,0.93,1.21,1.49,0.22,0.53
2016-02-10,0.2,0.5,1.06,1.15,1.71,2.53,0.95,1.21,1.47,0.2,0.5
2016-02-11,0.17,0.45,1.03,1.11,1.63,2.5,0.94,1.18,1.42,0.17,0.45
2016-02-12,0.17,0.49,1.1,1.2,1.74,2.6,1.03,1.25,1.47,0.17,0.49
2016-02-16,0.2,0.53,1.16,1.23,1.78,2.64,1.03,1.25,1.47,0.2,0.53
2016-02-17,0.22,0.53,1.18,1.26,1.81,2.68,1.04,1.28,1.52,0.22,0.53
2016-02-18,0.19,0.51,1.13,1.21,1.75,2.62,1.02,1.24,1.46,0.19,0.51
2016-02-19,0.18,0.5,1.11,1.24,1.76,2.61,1.06,1.26,1.46,0.18,0.5
2016-02-22,0.14,0.46,1.08,1.25,1.77,2.62,1.11,1.31,1.51,0.14,0.46
2016-02-23,0.1,0.42,1.05,1.23,1.74,2.6,1.13,1.32,1.51,0.1,0.42
2016-02-24,0.06,0.39,1.04,1.21,1.75,2.61,1.15,1.36,1.57,0.06,0.39
2016-02-25,-0.02,0.32,1.0,1.16,1.71,2.58,1.18,1.39,1.6,-0.02,0.32
2016-02-26,0.03,0.35,1.04,1.23,1.76,2.63,1.2,1.41,1.62,0.03,0.35
2016-02-29,-0.01,0.32,1.0,1.22,1.74,2.61,1.23,1.42,1.61,-0.01,0.32
2016-03-01,0.02,0.35,1.04,1.31,1.83,2.7,1.29,1.48,1.67,0.02,0.35
2016-03-02,0.0,0.33,1.0,1.34,1.84,2.69,1.34,1.51,1.68,0.0,0.33
2016-03-03,-0.03,0.3,0.97,1.33,1.83,2.65,1.36,1.53,1.7,-0.03,0.3
2016-03-04,0.02,0.37,1.02,1.38,1.88,2.7,1.36,1.51,1.66,0.02,0.37
2016-03-07,0.06,0.43,1.06,1.42,1.91,2.71,1.36,1.48,1.6,0.06,0.43
2016-03-08,0.01,0.37,1.01,1.34,1.83,2.63,1.33,1.46,1.59,0.01,0.37
2016-03-09,0.02,0.39,1.05,1.39,1.9,2.68,1.37,1.51,1.65,0.02,0.39
2016-03-10,0.1,0.45,1.06,1.45,1.93,2.7,1.35,1.48,1.61,0.1,0.45
2016-03-11,0.08,0.44,1.09,1.49,1.98,2.75,1.41,1.54,1.67,0.08,0.44
2016-03-14,0.11,0.45,1.09,1.49,1.97,2.74,1.38,1.52,1.66,0.11,0.45
2016-03-15,0.15,0.47,1.11,1.5,1.97,2.73,1.35,1.5,1.65,0.15,0.47
2016-03-16,-0.04,0.36,1.05,1.41,1.94,2.73,1.45,1.58,1.71,-0.04,0.36
2016-03-17,-0.07,0.34,1.0,1.39,1.91,2.69,1.46,1.57,1.68,-0.07,0.34
2016-03-18,-0.13,0.27,0.94,1.34,1.88,2.68,1.47,1.61,1.75,-0.13,0.27
2016-03-21,-0.12,0.28,0.95,1.38,1.92,2.72,1.5,1.64,1.78,-0.12,0.28
2016-03-22,-0.06,0.31,0.95,1.42,1.94,2.72,1.48,1.63,1.78,-0.06,0.31
2016-03-23,-0.07,0.3,0.91,1.37,1.88,2.65,1.44,1.58,1.72,-0.07,0.3
2016-03-24,-0.03,0.34,0.95,1.39,1.91,2.67,1.42,1.57,1.72,-0.03,0.34
2016-03-28,-0.03,0.33,0.94,1.37,1.89,2.66,1.4,1.56,1.72,-0.03,0.33
2016-03-29,-0.18,0.2,0.84,1.29,1.81,2.6,1.47,1.61,1.75,-0.18,0.2
2016-03-30,-0.26,0.18,0.86,1.26,1.83,2.65,1.52,1.65,1.78,-0.26,0.18
2016-03-31,-0.28,0.16,0.83,1.21,1.78,2.61,1.49,1.62,1.75,-0.28,0.16
2016-04-01,-0.25,0.17,0.83,1.24,1.79,2.62,1.49,1.62,1.75,-0.25,0.17
2016-04-04,-0.26,0.14,0.81,1.22,1.78,2.6,1.48,1.64,1.8,-0.26,0.14
2016-04-05,-0.26,0.14,0.79,1.17,1.73,2.54,1.43,1.59,1.75,-0.26,0.14
2016-04-06,-0.23,0.17,0.83,1.2,1.76,2.58,1.43,1.59,1.75,-0.23,0.17
2016-04-07,-0.27,0.12,0.78,1.14,1.7,2.52,1.41,1.58,1.75,-0.27,0.12
2016-04-08,-0.27,0.14,0.81,1.16,1.72,2.55,1.43,1.58,1.73,-0.27,0.14
2016-04-11,-0.25,0.17,0.85,1.16,1.73,2.56,1.41,1.56,1.71,-0.25,0.17
2016-04-12,-0.17,0.22,0.89,1.22,1.79,2.61,1.39,1.57,1.75,-0.17,0.22
2016-04-13,-0.21,0.21,0.87,1.22,1.77,2.58,1.43,1.56,1.69,-0.21,0.21
2016-04-14,-0.16,0.24,0.89,1.26,1.8,2.61,1.42,1.56,1.7,-0.16,0.24
2016-04-15,-0.2,0.2,0.84,1.22,1.76,2.56,1.42,1.56,1.7,-0.2,0.2
2016-04-18,-0.17,0.21,0.84,1.24,1.78,2.58,1.41,1.57,1.73,-0.17,0.21
2016-04-19,-0.2,0.19,0.83,1.26,1.79,2.6,1.46,1.6,1.74,-0.2,0.19
2016-04-20,-0.17,0.23,0.88,1.32,1.85,2.66,1.49,1.62,1.75,-0.17,0.23
2016-04-21,-0.21,0.24,0.91,1.35,1.88,2.69,1.56,1.64,1.72,-0.21,0.24
2016-04-22,-0.19,0.25,0.92,1.37,1.89,2.7,1.56,1.64,1.72,-0.19,0.25
2016-04-25,-0.18,0.26,0.94,1.38,1.91,2.72,1.56,1.65,1.74,-0.18,0.26
2016-04-26,-0.16,0.27,0.95,1.4,1.94,2.76,1.56,1.67,1.78,-0.16,0.27
2016-04-27,-0.24,0.19,0.9,1.33,1.87,2.71,1.57,1.68,1.79,-0.24,0.19
2016-04-28,-0.33,0.12,0.86,1.28,1.84,2.68,1.61,1.72,1.83,-0.33,0.12
2016-04-29,-0.32,0.12,0.82,1.28,1.83,2.66,1.6,1.71,1.82,-0.32,0.12
2016-05-02,-0.26,0.2,0.89,1.32,1.88,2.71,1.58,1.68,1.78,-0.26,0.2
2016-05-03,-0.29,0.17,0.87,1.25,1.81,2.66,1.54,1.64,1.74,-0.29,0.17
2016-05-04,-0.29,0.16,0.86,1.23,1.79,2.64,1.52,1.63,1.74,-0.29,0.16
2016-05-05,-0.32,0.13,0.83,1.2,1.76,2.6,1.52,1.63,1.74,-0.32,0.13
2016-05-06,-0.28,0.18,0.86,1.23,1.79,2.62,1.51,1.61,1.71,-0.28,0.18
2016-05-09,-0.3,0.18,0.87,1.2,1.77,2.61,1.5,1.59,1.68,-0.3,0.18
2016-05-10,-0.33,0.15,0.84,1.2,1.77,2.61,1.53,1.62,1.71,-0.33,0.15
2016-05-11,-0.33,0.14,0.82,1.2,1.73,2.58,1.53,1.59,1.65,-0.33,0.14
2016-05-12,-0.29,0.15,0.83,1.24,1.75,2.6,1.53,1.6,1.67,-0.29,0.15
2016-05-13,-0.3,0.13,0.79,1.22,1.71,2.55,1.52,1.58,1.64,-0.3,0.13
2016-05-16,-0.27,0.15,0.82,1.26,1.75,2.59,1.53,1.6,1.67,-0.27,0.15
2016-05-17,-0.27,0.15,0.8,1.29,1.76,2.59,1.56,1.61,1.66,-0.27,0.15
2016-05-18,-0.13,0.26,0.88,1.41,1.87,2.67,1.54,1.61,1.68,-0.13,0.26
2016-05-19,-0.13,0.29,0.88,1.38,1.85,2.64,1.51,1.56,1.61,-0.13,0.29
2016-05-20,-0.13,0.29,0.89,1.38,1.85,2.63,1.51,1.56,1.61,-0.13,0.29
2016-05-23,-0.11,0.3,0.89,1.38,1.84,2.63,1.49,1.54,1.59,-0.11,0.3
2016-05-24,-0.1,0.31,0.9,1.41,1.86,2.65,1.51,1.55,1.59,-0.1,0.31
2016-05-25,-0.11,0.29,0.9,1.4,1.87,2.67,1.51,1.58,1.65,-0.11,0.29
2016-05-26,-0.16,0.25,0.87,1.35,1.83,2.64,1.51,1.58,1.65,-0.16,0.25
2016-05-27,-0.12,0.27,0.89,1.39,1.85,2.65,1.51,1.58,1.65,-0.12,0.27
2016-05-31,-0.1,0.3,0.91,1.37,1.84,2.64,1.47,1.54,1.61,-0.1,0.3
2016-06-01,-0.08,0.31,0.91,1.39,1.85,2.63,1.47,1.54,1.61,-0.08,0.31
2016-06-02,-0.12,0.27,0.88,1.36,1.81,2.58,1.48,1.54,1.6,-0.12,0.27
2016-06-03,-0.22,0.19,0.84,1.23,1.71,2.52,1.45,1.52,1.59,-0.22,0.19
2016-06-06,-0.24,0.19,0.85,1.25,1.73,2.55,1.49,1.54,1.59,-0.24,0.19
2016-06-07,-0.28,0.15,0.82,1.23,1.72,2.54,1.51,1.57,1.63,-0.28,0.15
2016-06-08,-0.31,0.12,0.78,1.23,1.71,2.51,1.54,1.59,1.64,-0.31,0.12
2016-06-09,-0.31,0.12,0.78,1.22,1.68,2.48,1.53,1.56,1.59,-0.31,0.12
2016-06-10,-0.32,0.12,0.78,1.17,1.64,2.44,1.49,1.52,1.55,-0.32,0.12
2016-06-13,-0.31,0.15,0.81,1.14,1.62,2.43,1.45,1.47,1.49,-0.31,0.15
2016-06-14,-0.3,0.17,0.84,1.15,1.62,2.43,1.45,1.45,1.45,-0.3,0.17
2016-06-15,-0.37,0.13,0.82,1.1,1.6,2.43,1.47,1.47,1.47,-0.37,0.13
2016-06-16,-0.32,0.15,0.82,1.1,1.57,2.39,1.42,1.42,1.42,-0.32,0.15
2016-06-17,-0.3,0.2,0.85,1.13,1.62,2.43,1.43,1.42,1.41,-0.3,0.2
2016-06-20,-0.26,0.24,0.88,1.17,1.67,2.47,1.43,1.43,1.43,-0.26,0.24
2016-06-21,-0.19,0.28,0.91,1.22,1.71,2.5,1.41,1.43,1.45,-0.19,0.28
2016-06-22,-0.21,0.25,0.9,1.2,1.69,2.5,1.41,1.44,1.47,-0.21,0.25
2016-06-23,-0.22,0.24,0.88,1.25,1.74,2.55,1.47,1.5,1.53,-0.22,0.24
2016-06-24,-0.28,0.15,0.81,1.08,1.57,2.42,1.36,1.42,1.48,-0.28,0.15
2016-06-27,-0.27,0.12,0.73,1.0,1.46,2.28,1.27,1.34,1.41,-0.27,0.12
2016-06-28,-0.32,0.09,0.7,1.0,1.46,2.27,1.32,1.37,1.42,-0.32,0.09
2016-06-29,-0.33,0.1,0.71,1.03,1.5,2.3,1.36,1.4,1.44,-0.33,0.1
2016-06-30,-0.37,0.09,0.7,1.01,1.49,2.3,1.38,1.4,1.42,-0.37,0.09
2016-07-01,-0.43,0.03,0.62,1.0,1.46,2.24,1.43,1.43,1.43,-0.43,0.03
2016-07-05,-0.45,-0.03,0.56,0.94,1.37,2.14,1.39,1.4,1.41,-0.45,-0.03
2016-07-06,-0.46,-0.05,0.54,0.95,1.38,2.14,1.41,1.43,1.45,-0.46,-0.05
2016-07-07,-0.44,-0.03,0.56,0.97,1.4,2.14,1.41,1.43,1.45,-0.44,-0.03
2016-07-08,-0.44,-0.06,0.53,0.95,1.37,2.11,1.39,1.43,1.47,-0.44,-0.06
2016-07-11,-0.38,0.01,0.56,1.03,1.43,2.14,1.41,1.42,1.43,-0.38,0.01
2016-07-12,-0.36,0.07,0.64,1.1,1.53,2.24,1.46,1.46,1.46,-0.36,0.07
2016-07-13,-0.36,0.03,0.58,1.07,1.48,2.18,1.43,1.45,1.47,-0.36,0.03
2016-07-14,-0.34,0.08,0.62,1.1,1.53,2.25,1.44,1.45,1.46,-0.34,0.08
2016-07-15,-0.29,0.11,0.64,1.15,1.6,2.3,1.44,1.49,1.54,-0.29,0.11
2016-07-18,-0.27,0.1,0.65,1.14,1.59,2.3,1.41,1.49,1.57,-0.27,0.1
2016-07-19,-0.27,0.12,0.65,1.12,1.56,2.27,1.39,1.44,1.49,-0.27,0.12
2016-07-20,-0.25,0.13,0.67,1.15,1.59,2.3,1.4,1.46,1.52,-0.25,0.13
2016-07-21,-0.27,0.05,0.67,1.11,1.57,2.29,1.38,1.52,1.66,-0.27,0.05
2016-07-22,-0.23,0.06,0.67,1.13,1.57,2.29,1.36,1.51,1.66,-0.23,0.06
2016-07-25,-0.19,0.08,0.68,1.15,1.58,2.29,1.34,1.5,1.66,-0.19,0.08
2016-07-26,-0.18,0.07,0.66,1.15,1.57,2.28,1.33,1.5,1.67,-0.18,0.07
2016-07-27,-0.21,0.03,0.61,1.1,1.52,2.23,1.31,1.49,1.67,-0.21,0.03
2016-07-28,-0.24,0.0,0.59,1.09,1.52,2.23,1.33,1.52,1.71,-0.24,0.0
2016-07-29,-0.28,-0.03,0.56,1.03,1.46,2.18,1.31,1.49,1.67,-0.28,-0.03
2016-08-01,-0.21,0.05,0.63,1.06,1.51,2.24,1.27,1.46,1.65,-0.21,0.05
2016-08-02,-0.18,0.11,0.7,1.07,1.55,2.29,1.25,1.44,1.63,-0.18,0.11
2016-08-03,-0.21,0.09,0.68,1.07,1.55,2.29,1.28,1.46,1.64,-0.21,0.09
2016-08-04,-0.27,0.04,0.62,1.03,1.51,2.25,1.3,1.47,1.64,-0.27,0.04
2016-08-05,-0.2,0.09,0.64,1.13,1.59,2.32,1.33,1.5,1.67,-0.2,0.09
2016-08-08,-0.19,0.08,0.63,1.15,1.59,2.3,1.34,1.51,1.68,-0.19,0.08
2016-08-09,-0.19,0.06,0.6,1.11,1.55,2.25,1.3,1.49,1.68,-0.19,0.06
2016-08-10,-0.2,0.06,0.59,1.07,1.5,2.23,1.27,1.44,1.61,-0.2,0.06
2016-08-11,-0.16,0.1,0.61,1.16,1.57,2.28,1.32,1.47,1.62,-0.16,0.1
2016-08-12,-0.19,0.07,0.58,1.1,1.51,2.23,1.29,1.44,1.59,-0.19,0.07
2016-08-15,-0.16,0.1,0.62,1.14,1.55,2.27,1.3,1.45,1.6,-0.16,0.1
2016-08-16,-0.12,0.13,0.65,1.16,1.57,2.29,1.28,1.44,1.6,-0.12,0.13
2016-08-17,-0.16,0.09,0.63,1.15,1.56,2.27,1.31,1.47,1.63,-0.16,0.09
2016-08-18,-0.2,0.06,0.61,1.12,1.53,2.26,1.32,1.47,1.62,-0.2,0.06
2016-08-19,-0.17,0.1,0.63,1.17,1.58,2.29,1.34,1.48,1.62,-0.17,0.1
2016-08-22,-0.19,0.08,0.59,1.15,1.55,2.24,1.34,1.47,1.6,-0.19,0.08
2016-08-23,-0.19,0.07,0.58,1.15,1.55,2.24,1.34,1.48,1.62,-0.19,0.07
2016-08-24,-0.19,0.08,0.59,1.13,1.56,2.24,1.32,1.48,1.64,-0.19,0.08
2016-08-25,-0.17,0.09,0.61,1.16,1.58,2.27,1.33,1.49,1.65,-0.17,0.09
2016-08-26,-0.08,0.15,0.64,1.23,1.62,2.29,1.31,1.47,1.63,-0.08,0.15
2016-08-29,-0.11,0.11,0.58,1.18,1.57,2.22,1.29,1.46,1.63,-0.11,0.11
2016-08-30,-0.1,0.11,0.59,1.18,1.57,2.23,1.28,1.46,1.64,-0.1,0.11
2016-08-31,-0.08,0.11,0.58,1.19,1.58,2.23,1.27,1.47,1.67,-0.08,0.11
2016-09-01,-0.06,0.12,0.57,1.18,1.57,2.23,1.24,1.45,1.66,-0.06,0.12
2016-09-02,-0.08,0.13,0.6,1.2,1.6,2.28,1.28,1.47,1.66,-0.08,0.13
2016-09-06,-0.16,0.06,0.54,1.13,1.55,2.24,1.29,1.49,1.69,-0.16,0.06
2016-09-07,-0.18,0.03,0.52,1.12,1.54,2.23,1.3,1.51,1.72,-0.18,0.03
2016-09-08,-0.15,0.09,0.59,1.19,1.61,2.32,1.34,1.52,1.7,-0.15,0.09
2016-09-09,-0.09,0.17,0.67,1.23,1.67,2.39,1.32,1.5,1.68,-0.09,0.17
2016-09-12,-0.12,0.17,0.67,1.21,1.68,2.4,1.33,1.51,1.69,-0.12,0.17
2016-09-13,-0.05,0.24,0.74,1.26,1.73,2.47,1.31,1.49,1.67,-0.05,0.24
2016-09-14,-0.09,0.21,0.72,1.21,1.7,2.44,1.3,1.49,1.68,-0.09,0.21
2016-09-15,-0.11,0.22,0.76,1.2,1.71,2.48,1.31,1.49,1.67,-0.11,0.22
2016-09-16,-0.13,0.19,0.73,1.21,1.7,2.44,1.34,1.51,1.68,-0.13,0.19
2016-09-19,-0.13,0.2,0.75,1.22,1.7,2.45,1.35,1.5,1.65,-0.13,0.2
2016-09-20,-0.13,0.2,0.75,1.2,1.69,2.43,1.33,1.49,1.65,-0.13,0.2
2016-09-21,-0.17,0.15,0.69,1.2,1.66,2.39,1.37,1.51,1.65,-0.17,0.15
2016-09-22,-0.22,0.08,0.62,1.18,1.63,2.34,1.4,1.55,1.7,-0.22,0.08
2016-09-23,-0.26,0.05,0.58,1.16,1.62,2.34,1.42,1.57,1.72,-0.26,0.05
2016-09-26,-0.27,0.05,0.6,1.13,1.59,2.32,1.4,1.54,1.68,-0.27,0.05
2016-09-27,-0.26,0.04,0.58,1.12,1.56,2.28,1.38,1.52,1.66,-0.26,0.04
2016-09-28,-0.31,0.01,0.57,1.13,1.57,2.29,1.44,1.56,1.68,-0.31,0.01
2016-09-29,-0.32,0.02,0.58,1.12,1.56,2.28,1.44,1.54,1.64,-0.32,0.02
2016-09-30,-0.31,0.0,0.59,1.14,1.6,2.32,1.45,1.6,1.75,-0.31,0.0
2016-10-03,-0.29,0.0,0.58,1.18,1.63,2.34,1.47,1.63,1.79,-0.29,0.0
2016-10-04,-0.23,0.07,0.66,1.22,1.69,2.4,1.45,1.62,1.79,-0.23,0.07
2016-10-05,-0.22,0.1,0.69,1.26,1.72,2.44,1.48,1.62,1.76,-0.22,0.1
2016-10-06,-0.21,0.11,0.68,1.28,1.75,2.46,1.49,1.64,1.79,-0.21,0.11
2016-10-07,-0.24,0.1,0.68,1.26,1.73,2.46,1.5,1.63,1.76,-0.24,0.1
2016-10-11,-0.21,0.13,0.71,1.3,1.77,2.5,1.51,1.64,1.77,-0.21,0.13
2016-10-12,-0.2,0.15,0.73,1.31,1.79,2.51,1.51,1.64,1.77,-0.2,0.15
2016-10-13,-0.23,0.12,0.71,1.27,1.75,2.48,1.5,1.63,1.76,-0.23,0.12
2016-10-14,-0.25,0.13,0.74,1.28,1.8,2.55,1.53,1.67,1.81,-0.25,0.13
2016-10-17,-0.29,0.09,0.68,1.26,1.77,2.52,1.55,1.68,1.81,-0.29,0.09
2016-10-18,-0.3,0.09,0.68,1.24,1.75,2.51,1.54,1.66,1.78,-0.3,0.09
2016-10-19,-0.32,0.08,0.68,1.24,1.76,2.51,1.56,1.68,1.8,-0.32,0.08
2016-10-20,-0.3,0.08,0.68,1.26,1.76,2.5,1.56,1.68,1.8,-0.3,0.08
2016-10-21,-0.31,0.07,0.66,1.25,1.74,2.48,1.56,1.67,1.78,-0.31,0.07
2016-10-24,-0.26,0.11,0.69,1.27,1.77,2.52,1.53,1.66,1.79,-0.26,0.11
2016-10-25,-0.28,0.07,0.65,1.29,1.77,2.5,1.57,1.7,1.83,-0.28,0.07
2016-10-26,-0.28,0.08,0.65,1.3,1.79,2.53,1.58,1.71,1.84,-0.28,0.08
2016-10-27,-0.24,0.13,0.72,1.33,1.85,2.6,1.57,1.72,1.87,-0.24,0.13
2016-10-28,-0.27,0.13,0.74,1.33,1.86,2.62,1.6,1.73,1.86,-0.27,0.13
2016-10-31,-0.28,0.11,0.7,1.31,1.84,2.58,1.59,1.73,1.87,-0.28,0.11
2016-11-01,-0.29,0.11,0.69,1.3,1.83,2.58,1.59,1.72,1.85,-0.29,0.11
2016-11-02,-0.29,0.11,0.7,1.26,1.81,2.56,1.55,1.7,1.85,-0.29,0.11
2016-11-03,-0.26,0.14,0.75,1.26,1.82,2.6,1.52,1.68,1.84,-0.26,0.14
2016-11-04,-0.28,0.11,0.72,1.24,1.79,2.56,1.52,1.68,1.84,-0.28,0.11
2016-11-07,-0.27,0.12,0.71,1.29,1.83,2.6,1.56,1.71,1.86,-0.27,0.12
2016-11-08,-0.23,0.15,0.73,1.34,1.88,2.63,1.57,1.73,1.89,-0.23,0.15
2016-11-09,-0.18,0.25,0.83,1.49,2.07,2.88,1.67,1.82,1.97,-0.18,0.25
2016-11-10,-0.14,0.27,0.87,1.56,2.15,2.94,1.7,1.88,2.06,-0.14,0.27
2016-11-14,0.01,0.4,0.96,1.66,2.23,2.99,1.65,1.83,2.01,0.01,0.4
2016-11-15,0.01,0.41,0.95,1.68,2.23,2.97,1.67,1.82,1.97,0.01,0.41
2016-11-16,0.02,0.39,0.92,1.68,2.22,2.92,1.66,1.83,2.0,0.02,0.39
2016-11-17,0.02,0.42,0.96,1.73,2.29,3.01,1.71,1.87,2.03,0.02,0.42
2016-11-18,0.06,0.44,0.94,1.8,2.34,3.01,1.74,1.9,2.06,0.06,0.44
2016-11-21,0.05,0.42,0.92,1.79,2.33,3.0,1.74,1.91,2.08,0.05,0.42
2016-11-22,0.02,0.41,0.93,1.77,2.31,3.0,1.75,1.9,2.05,0.02,0.41
2016-11-23,0.09,0.44,0.93,1.83,2.36,3.02,1.74,1.92,2.1,0.09,0.44
2016-11-25,0.09,0.47,0.93,1.83,2.36,3.01,1.74,1.89,2.04,0.09,0.47
2016-11-28,0.11,0.47,0.95,1.8,2.32,2.99,1.69,1.85,2.01,0.11,0.47
2016-11-29,0.09,0.44,0.92,1.78,2.3,2.95,1.69,1.86,2.03,0.09,0.44
2016-11-30,0.06,0.43,0.91,1.83,2.37,3.02,1.77,1.94,2.11,0.06,0.43
2016-12-01,0.09,0.48,0.95,1.9,2.45,3.1,1.81,1.97,2.13,0.09,0.48
2016-12-02,0.08,0.49,0.98,1.84,2.4,3.08,1.76,1.91,2.06,0.08,0.49
2016-12-05,0.05,0.45,0.94,1.84,2.39,3.05,1.79,1.94,2.09,0.05,0.45
2016-12-06,0.04,0.44,0.94,1.84,2.39,3.08,1.8,1.95,2.1,0.04,0.44
2016-12-07,0.02,0.42,0.91,1.8,2.34,3.02,1.78,1.92,2.06,0.02,0.42
2016-12-08,0.0,0.45,0.98,1.83,2.4,3.1,1.83,1.95,2.07,0.0,0.45
2016-12-09,0.06,0.51,1.04,1.89,2.47,3.16,1.83,1.96,2.09,0.06,0.51
2016-12-12,0.04,0.51,1.04,1.9,2.49,3.16,1.86,1.98,2.1,0.04,0.51
2016-12-13,0.06,0.53,1.04,1.92,2.48,3.14,1.86,1.95,2.04,0.06,0.53
2016-12-14,0.2,0.6,1.07,2.02,2.54,3.14,1.82,1.94,2.06,0.2,0.6
2016-12-15,0.32,0.7,1.15,2.1,2.6,3.16,1.78,1.9,2.02,0.32,0.7
2016-12-16,0.32,0.74,1.2,2.07,2.6,3.19,1.75,1.86,1.97,0.32,0.74
2016-12-19,0.29,0.68,1.13,2.03,2.54,3.12,1.74,1.86,1.98,0.29,0.68
2016-12-20,0.26,0.67,1.14,2.06,2.57,3.15,1.8,1.9,2.0,0.26,0.67
2016-12-21,0.3,0.64,1.1,2.04,2.55,3.12,1.74,1.91,2.08,0.3,0.64
2016-12-22,0.18,0.6,1.06,2.04,2.55,3.12,1.86,1.95,2.04,0.18,0.6
2016-12-23,0.2,0.58,1.03,2.04,2.55,3.12,1.84,1.97,2.1,0.2,0.58
2016-12-27,0.19,0.58,1.04,2.07,2.57,3.14,1.88,1.99,2.1,0.19,0.58
2016-12-28,0.17,0.56,1.02,2.02,2.51,3.09,1.85,1.95,2.05,0.17,0.56
2016-12-29,0.15,0.55,1.02,1.96,2.49,3.08,1.81,1.94,2.07,0.15,0.55
2016-12-30,0.09,0.5,0.99,1.93,2.45,3.06,1.84,1.95,2.06,0.09,0.5
2017-01-03,0.08,0.47,0.94,1.94,2.45,3.04,1.86,1.98,2.1,0.08,0.47
2017-01-04,0.08,0.47,0.95,1.94,2.46,3.05,1.86,1.99,2.12,0.08,0.47
2017-01-05,0.03,0.42,0.89,1.86,2.37,2.96,1.83,1.95,2.07,0.03,0.42
2017-01-06,0.08,0.46,0.93,1.92,2.42,3.0,1.84,1.96,2.08,0.08,0.46
2017-01-09,0.04,0.43,0.91,1.89,2.38,2.97,1.85,1.95,2.05,0.04,0.43
2017-01-10,0.05,0.43,0.91,1.89,2.38,2.97,1.84,1.95,2.06,0.05,0.43
2017-01-11,0.04,0.39,0.88,1.89,2.38,2.96,1.85,1.99,2.13,0.04,0.39
2017-01-12,0.0,0.38,0.87,1.87,2.36,3.01,1.87,1.98,2.09,0.0,0.38
2017-01-13,0.05,0.41,0.89,1.9,2.4,2.99,1.85,1.99,2.13,0.05,0.41
2017-01-17,0.0,0.36,0.87,1.84,2.33,2.93,1.84,1.97,2.1,0.0,0.36
2017-01-18,0.07,0.42,0.92,1.93,2.42,3.0,1.86,2.0,2.14,0.07,0.42
2017-01-19,0.07,0.43,0.93,1.97,2.47,3.04,1.9,2.04,2.18,0.07,0.43
2017-01-20,0.03,0.44,0.94,1.95,2.48,3.05,1.92,2.04,2.16,0.03,0.44
2017-01-23,0.02,0.39,0.89,1.88,2.41,2.99,1.86,2.02,2.18,0.02,0.39
2017-01-24,0.01,0.41,0.93,1.94,2.47,3.05,1.93,2.06,2.19,0.01,0.41
2017-01-25,0.03,0.45,0.96,1.99,2.53,3.1,1.96,2.08,2.2,0.03,0.45
2017-01-26,0.01,0.43,0.94,1.95,2.51,3.08,1.94,2.08,2.22,0.01,0.43
2017-01-27,-0.02,0.41,0.91,1.94,2.49,3.06,1.96,2.08,2.2,-0.02,0.41
2017-01-30,-0.01,0.42,0.94,1.94,2.49,3.08,1.95,2.07,2.19,-0.01,0.42
2017-01-31,-0.04,0.4,0.93,1.9,2.45,3.05,1.94,2.05,2.16,-0.04,0.4
2017-02-01,0.01,0.43,0.96,1.93,2.48,3.08,1.92,2.05,2.18,0.01,0.43
2017-02-02,-0.01,0.43,0.98,1.92,2.48,3.09,1.93,2.05,2.17,-0.01,0.43
2017-02-03,0.02,0.44,1.01,1.93,2.49,3.11,1.91,2.05,2.19,0.02,0.44
2017-02-06,-0.05,0.4,0.98,1.86,2.42,3.05,1.91,2.02,2.13,-0.05,0.4
2017-02-07,-0.02,0.4,0.96,1.85,2.4,3.02,1.87,2.0,2.13,-0.02,0.4
2017-02-08,-0.01,0.38,0.91,1.81,2.34,2.96,1.82,1.96,2.1,-0.01,0.38
2017-02-09,0.02,0.41,0.93,1.88,2.4,3.02,1.86,1.99,2.12,0.02,0.41
2017-02-10,0.02,0.4,0.9,1.89,2.41,3.01,1.87,2.01,2.15,0.02,0.4
2017-02-13,0.05,0.43,0.91,1.92,2.43,3.03,1.87,2.0,2.13,0.05,0.43
2017-02-14,0.11,0.46,0.94,1.98,2.47,3.07,1.87,2.01,2.15,0.11,0.46
2017-02-15,0.08,0.45,0.93,2.01,2.51,3.09,1.93,2.06,2.19,0.08,0.45
2017-02-16,0.05,0.43,0.95,1.95,2.45,3.05,1.9,2.02,2.14,0.05,0.43
2017-02-17,0.07,0.41,0.91,1.92,2.42,3.03,1.85,2.01,2.17,0.07,0.41
2017-02-21,0.06,0.4,0.92,1.93,2.43,3.04,1.87,2.03,2.19,0.06,0.4
2017-02-22,0.0,0.38,0.91,1.92,2.42,3.04,1.92,2.04,2.16,0.0,0.38
2017-02-23,-0.03,0.35,0.89,1.87,2.38,3.02,1.9,2.03,2.16,-0.03,0.35
2017-02-24,-0.1,0.31,0.85,1.8,2.31,2.95,1.9,2.0,2.1,-0.1,0.31
2017-02-27,0.01,0.35,0.88,1.87,2.36,2.98,1.86,2.01,2.16,0.01,0.35
2017-02-28,0.0,0.34,0.87,1.89,2.36,2.97,1.89,2.02,2.15,0.0,0.34
2017-03-01,0.15,0.43,0.94,1.99,2.46,3.06,1.84,2.03,2.22,0.15,0.43
2017-03-02,0.19,0.48,0.98,2.03,2.49,3.09,1.84,2.01,2.18,0.19,0.48
2017-03-03,0.1,0.45,0.96,2.02,2.49,3.08,1.92,2.04,2.16,0.1,0.45
2017-03-06,0.12,0.48,0.99,2.02,2.49,3.1,1.9,2.01,2.12,0.12,0.48
2017-03-07,0.13,0.49,1.01,2.05,2.52,3.11,1.92,2.03,2.14,0.13,0.49
2017-03-08,0.18,0.56,1.06,2.08,2.57,3.15,1.9,2.01,2.12,0.18,0.56
2017-03-09,0.24,0.6,1.09,2.13,2.6,3.19,1.89,2.0,2.11,0.24,0.6
2017-03-10,0.21,0.57,1.06,2.11,2.58,3.16,1.9,2.01,2.12,0.21,0.57
2017-03-13,0.28,0.61,1.09,2.14,2.62,3.2,1.86,2.01,2.16,0.28,0.61
2017-03-14,0.25,0.61,1.08,2.13,2.6,3.17,1.88,1.99,2.1,0.25,0.61
2017-03-15,0.18,0.5,1.0,2.02,2.51,3.11,1.84,2.01,2.18,0.18,0.5
2017-03-16,0.18,0.51,1.02,2.05,2.53,3.14,1.87,2.02,2.17,0.18,0.51
2017-03-17,0.14,0.49,1.01,2.03,2.5,3.11,1.89,2.01,2.13,0.14,0.49
2017-03-20,0.14,0.47,1.0,2.0,2.47,3.08,1.86,2.0,2.14,0.14,0.47
2017-03-21,0.16,0.45,0.99,1.96,2.43,3.04,1.8,1.98,2.16,0.16,0.45
2017-03-22,0.16,0.43,0.96,1.95,2.4,3.02,1.79,1.97,2.15,0.16,0.43
2017-03-23,0.2,0.46,0.96,1.95,2.41,3.02,1.75,1.95,2.15,0.2,0.46
2017-03-24,0.2,0.42,0.91,1.93,2.4,3.0,1.73,1.98,2.23,0.2,0.42
2017-03-27,0.18,0.41,0.9,1.93,2.38,2.98,1.75,1.97,2.19,0.18,0.41
2017-03-28,0.24,0.45,0.94,1.97,2.42,3.02,1.73,1.97,2.21,0.24,0.45
2017-03-29,0.13,0.41,0.91,1.93,2.39,2.99,1.8,1.98,2.16,0.13,0.41
2017-03-30,0.15,0.46,0.96,1.96,2.42,3.03,1.81,1.96,2.11,0.15,0.46
2017-03-31,0.16,0.43,0.94,1.93,2.4,3.02,1.77,1.97,2.17,0.16,0.43
2017-04-03,0.15,0.39,0.91,1.88,2.35,2.98,1.73,1.96,2.19,0.15,0.39
2017-04-04,0.11,0.4,0.92,1.88,2.36,2.99,1.77,1.96,2.15,0.11,0.4
2017-04-05,0.08,0.37,0.89,1.85,2.34,2.98,1.77,1.97,2.17,0.08,0.37
2017-04-06,0.16,0.39,0.9,1.87,2.34,2.99,1.71,1.95,2.19,0.16,0.39
2017-04-07,0.22,0.44,0.94,1.92,2.38,3.0,1.7,1.94,2.18,0.22,0.44
2017-04-10,0.22,0.44,0.94,1.91,2.37,2.99,1.69,1.93,2.17,0.22,0.44
2017-04-11,0.14,0.41,0.91,1.84,2.32,2.93,1.7,1.91,2.12,0.14,0.41
2017-04-12,0.12,0.38,0.89,1.81,2.28,2.92,1.69,1.9,2.11,0.12,0.38
2017-04-13,0.03,0.32,0.86,1.77,2.24,2.89,1.74,1.92,2.1,0.03,0.32
2017-04-17,0.1,0.38,0.9,1.79,2.26,2.92,1.69,1.88,2.07,0.1,0.38
2017-04-18,0.06,0.33,0.85,1.71,2.18,2.84,1.65,1.85,2.05,0.06,0.33
2017-04-19,0.08,0.36,0.9,1.74,2.21,2.87,1.66,1.85,2.04,0.08,0.36
2017-04-20,-0.04,0.39,0.92,1.78,2.24,2.89,1.82,1.85,1.88,-0.04,0.39
2017-04-21,-0.02,0.4,0.93,1.77,2.24,2.89,1.79,1.84,1.89,-0.02,0.4
2017-04-24,0.0,0.41,0.94,1.81,2.28,2.93,1.81,1.87,1.93,0.0,0.41
2017-04-25,0.02,0.44,0.96,1.87,2.35,2.99,1.85,1.91,1.97,0.02,0.44
2017-04-26,0.01,0.42,0.94,1.84,2.32,2.97,1.83,1.9,1.97,0.01,0.42
2017-04-27,0.0,0.39,0.92,1.81,2.3,2.96,1.81,1.91,2.01,0.0,0.39
2017-04-28,0.0,0.37,0.9,1.81,2.29,2.96,1.81,1.92,2.03,0.0,0.37
2017-05-01,0.04,0.41,0.96,1.84,2.33,3.0,1.8,1.92,2.04,0.04,0.41
2017-05-02,0.04,0.41,0.95,1.81,2.29,2.97,1.77,1.88,1.99,0.04,0.41
2017-05-03,0.1,0.46,0.98,1.86,2.33,2.97,1.76,1.87,1.98,0.1,0.46
2017-05-04,0.16,0.5,1.02,1.88,2.36,3.0,1.72,1.86,2.0,0.16,0.5
2017-05-05,0.14,0.5,1.01,1.89,2.36,2.99,1.75,1.86,1.97,0.14,0.5
2017-05-08,0.16,0.53,1.05,1.91,2.39,3.02,1.75,1.86,1.97,0.16,0.53
2017-05-09,0.2,0.56,1.06,1.94,2.42,3.04,1.74,1.86,1.98,0.2,0.56
2017-05-10,0.16,0.56,1.05,1.94,2.41,3.03,1.78,1.85,1.92,0.16,0.56
2017-05-11,0.11,0.51,1.02,1.93,2.39,3.03,1.82,1.88,1.94,0.11,0.51
2017-05-12,0.1,0.49,1.01,1.85,2.33,2.98,1.75,1.84,1.93,0.1,0.49
2017-05-15,0.12,0.52,1.05,1.86,2.34,3.0,1.74,1.82,1.9,0.12,0.52
2017-05-16,0.12,0.51,1.04,1.86,2.33,2.99,1.74,1.82,1.9,0.12,0.51
2017-05-17,0.06,0.44,0.97,1.76,2.22,2.91,1.7,1.78,1.86,0.06,0.44
2017-05-18,0.06,0.43,0.96,1.78,2.23,2.9,1.72,1.8,1.88,0.06,0.43
2017-05-19,0.04,0.41,0.92,1.79,2.23,2.9,1.75,1.82,1.89,0.04,0.41
2017-05-22,0.05,0.43,0.95,1.8,2.25,2.91,1.75,1.82,1.89,0.05,0.43
2017-05-23,0.07,0.46,0.96,1.84,2.29,2.95,1.77,1.83,1.89,0.07,0.46
2017-05-24,0.06,0.45,0.97,1.79,2.26,2.92,1.73,1.81,1.89,0.06,0.45
2017-05-25,0.08,0.45,0.97,1.78,2.25,2.92,1.7,1.8,1.9,0.08,0.45
2017-05-26,0.06,0.44,0.96,1.79,2.25,2.92,1.73,1.81,1.89,0.06,0.44
2017-05-30,0.03,0.4,0.93,1.76,2.21,2.88,1.73,1.81,1.89,0.03,0.4
2017-05-31,0.03,0.4,0.92,1.75,2.21,2.87,1.72,1.81,1.9,0.03,0.4
2017-06-01,0.03,0.4,0.92,1.76,2.21,2.87,1.73,1.81,1.89,0.03,0.4
2017-06-02,-0.01,0.36,0.87,1.71,2.15,2.8,1.72,1.79,1.86,-0.01,0.36
2017-06-05,0.02,0.39,0.92,1.74,2.18,2.84,1.72,1.79,1.86,0.02,0.39
2017-06-06,0.0,0.37,0.91,1.71,2.14,2.81,1.71,1.77,1.83,0.0,0.37
2017-06-07,0.05,0.4,0.93,1.74,2.18,2.84,1.69,1.78,1.87,0.05,0.4
2017-06-08,0.06,0.41,0.95,1.75,2.19,2.85,1.69,1.78,1.87,0.06,0.41
2017-06-09,0.09,0.43,0.96,1.77,2.21,2.86,1.68,1.78,1.88,0.09,0.43
2017-06-12,0.11,0.46,0.98,1.78,2.21,2.86,1.67,1.75,1.83,0.11,0.46
2017-06-13,0.12,0.46,0.96,1.79,2.21,2.87,1.67,1.75,1.83,0.12,0.46
2017-06-14,0.15,0.44,0.93,1.74,2.15,2.79,1.59,1.71,1.83,0.15,0.44
2017-06-15,0.2,0.49,0.97,1.76,2.16,2.78,1.56,1.67,1.78,0.2,0.49
2017-06-16,0.19,0.49,0.97,1.75,2.16,2.78,1.56,1.67,1.78,0.19,0.49
2017-06-19,0.24,0.52,0.97,1.8,2.19,2.79,1.56,1.67,1.78,0.24,0.52
2017-06-20,0.23,0.5,0.93,1.77,2.16,2.74,1.54,1.66,1.78,0.23,0.5
2017-06-21,0.24,0.5,0.91,1.78,2.16,2.73,1.54,1.66,1.78,0.24,0.5
2017-06-22,0.19,0.46,0.88,1.76,2.15,2.72,1.57,1.69,1.81,0.19,0.46
2017-06-23,0.18,0.45,0.87,1.77,2.15,2.71,1.59,1.7,1.81,0.18,0.45
2017-06-26,0.16,0.43,0.86,1.77,2.14,2.7,1.61,1.71,1.81,0.16,0.43
2017-06-27,0.21,0.5,0.92,1.83,2.21,2.75,1.62,1.71,1.8,0.21,0.5
2017-06-28,0.16,0.49,0.92,1.81,2.22,2.77,1.65,1.73,1.81,0.16,0.49
2017-06-29,0.23,0.55,0.96,1.85,2.27,2.82,1.62,1.72,1.82,0.23,0.55
2017-06-30,0.26,0.58,0.99,1.89,2.31,2.84,1.63,1.73,1.83,0.26,0.58
2017-07-03,0.27,0.6,1.0,1.93,2.35,2.86,1.66,1.75,1.84,0.27,0.6
2017-07-05,0.27,0.58,0.98,1.92,2.33,2.85,1.65,1.75,1.85,0.27,0.58
2017-07-06,0.28,0.61,1.02,1.94,2.37,2.9,1.66,1.76,1.86,0.28,0.61
2017-07-07,0.32,0.66,1.06,1.95,2.39,2.93,1.63,1.73,1.83,0.32,0.66
2017-07-10,0.33,0.66,1.07,1.93,2.38,2.93,1.6,1.72,1.84,0.33,0.66
2017-07-11,0.31,0.62,1.05,1.92,2.37,2.92,1.61,1.75,1.89,0.31,0.62
2017-07-12,0.25,0.57,1.01,1.88,2.33,2.89,1.63,1.76,1.89,0.25,0.57
2017-07-13,0.25,0.58,1.03,1.89,2.35,2.92,1.64,1.77,1.9,0.25,0.58
2017-07-14,0.25,0.57,1.03,1.87,2.33,2.91,1.62,1.76,1.9,0.25,0.57
2017-07-17,0.22,0.54,1.0,1.86,2.31,2.89,1.64,1.77,1.9,0.22,0.54
2017-07-18,0.2,0.51,0.97,1.82,2.27,2.85,1.62,1.76,1.9,0.2,0.51
2017-07-19,0.18,0.51,0.96,1.83,2.27,2.85,1.65,1.76,1.87,0.18,0.51
2017-07-20,0.2,0.5,0.98,1.82,2.27,2.83,1.62,1.77,1.92,0.2,0.5
2017-07-21,0.19,0.48,0.96,1.81,2.24,2.81,1.62,1.76,1.9,0.19,0.48
2017-07-24,0.21,0.48,0.97,1.83,2.26,2.83,1.62,1.78,1.94,0.21,0.48
2017-07-25,0.23,0.52,1.03,1.9,2.33,2.91,1.67,1.81,1.95,0.23,0.52
2017-07-26,0.17,0.49,1.0,1.83,2.29,2.89,1.66,1.8,1.94,0.17,0.49
2017-07-27,0.16,0.49,1.02,1.84,2.32,2.93,1.68,1.83,1.98,0.16,0.49
2017-07-28,0.15,0.47,0.99,1.83,2.3,2.89,1.68,1.83,1.98,0.15,0.47
2017-07-31,0.17,0.48,1.0,1.84,2.3,2.89,1.67,1.82,1.97,0.17,0.48
2017-08-01,0.18,0.47,0.98,1.8,2.26,2.86,1.62,1.79,1.96,0.18,0.47
2017-08-02,0.19,0.48,0.98,1.82,2.27,2.85,1.63,1.79,1.95,0.19,0.48
2017-08-03,0.17,0.46,0.96,1.79,2.24,2.81,1.62,1.78,1.94,0.17,0.46
2017-08-04,0.17,0.47,0.97,1.82,2.27,2.84,1.65,1.8,1.95,0.17,0.47
2017-08-07,0.16,0.46,0.96,1.81,2.26,2.84,1.65,1.8,1.95,0.16,0.46
2017-08-08,0.15,0.46,0.96,1.84,2.29,2.86,1.69,1.83,1.97,0.15,0.46
2017-08-09,0.11,0.42,0.92,1.81,2.24,2.82,1.7,1.82,1.94,0.11,0.42
2017-08-10,0.1,0.4,0.89,1.78,2.2,2.79,1.68,1.8,1.92,0.1,0.4
2017-08-11,0.1,0.4,0.91,1.74,2.19,2.79,1.64,1.79,1.94,0.1,0.4
2017-08-14,0.18,0.45,0.94,1.77,2.22,2.81,1.59,1.77,1.95,0.18,0.45
2017-08-15,0.2,0.49,0.97,1.83,2.27,2.84,1.63,1.78,1.93,0.2,0.49
2017-08-16,0.17,0.45,0.94,1.79,2.23,2.81,1.62,1.78,1.94,0.17,0.45
2017-08-17,0.15,0.42,0.92,1.76,2.19,2.78,1.61,1.77,1.93,0.15,0.42
2017-08-18,0.16,0.43,0.93,1.77,2.19,2.78,1.61,1.76,1.91,0.16,0.43
2017-08-21,0.17,0.43,0.92,1.76,2.18,2.77,1.59,1.75,1.91,0.17,0.43
2017-08-22,0.19,0.45,0.93,1.8,2.22,2.79,1.61,1.77,1.93,0.19,0.45
2017-08-23,0.18,0.42,0.91,1.76,2.17,2.75,1.58,1.75,1.92,0.18,0.42
2017-08-24,0.18,0.44,0.92,1.78,2.19,2.77,1.6,1.75,1.9,0.18,0.44
2017-08-25,0.2,0.42,0.91,1.77,2.17,2.75,1.57,1.75,1.93,0.2,0.42
2017-08-28,0.18,0.41,0.92,1.74,2.16,2.76,1.56,1.75,1.94,0.18,0.41
2017-08-29,0.16,0.39,0.9,1.7,2.13,2.74,1.54,1.74,1.94,0.16,0.39
2017-08-30,0.15,0.39,0.91,1.72,2.15,2.75,1.57,1.76,1.95,0.15,0.39
2017-08-31,0.12,0.36,0.87,1.7,2.12,2.73,1.58,1.76,1.94,0.12,0.36
2017-09-01,0.1,0.37,0.9,1.73,2.16,2.77,1.63,1.79,1.95,0.1,0.37
2017-09-05,0.07,0.3,0.83,1.65,2.07,2.69,1.58,1.77,1.96,0.07,0.3
2017-09-06,0.09,0.32,0.85,1.69,2.1,2.72,1.6,1.78,1.96,0.09,0.32
2017-09-07,0.02,0.26,0.8,1.63,2.05,2.66,1.61,1.79,1.97,0.02,0.26
2017-09-08,0.01,0.25,0.79,1.64,2.06,2.67,1.63,1.81,1.99,0.01,0.25
2017-09-11,0.08,0.31,0.84,1.71,2.14,2.75,1.63,1.83,2.03,0.08,0.31
2017-09-12,0.08,0.33,0.85,1.75,2.17,2.78,1.67,1.84,2.01,0.08,0.33
2017-09-13,0.1,0.35,0.87,1.78,2.2,2.79,1.68,1.85,2.02,0.1,0.35
2017-09-14,0.09,0.35,0.85,1.79,2.2,2.77,1.7,1.85,2.0,0.09,0.35
2017-09-15,0.09,0.35,0.84,1.81,2.2,2.77,1.72,1.85,1.98,0.09,0.35
2017-09-18,0.09,0.36,0.86,1.83,2.23,2.8,1.74,1.87,2.0,0.09,0.36
2017-09-19,0.1,0.37,0.87,1.84,2.24,2.81,1.74,1.87,2.0,0.1,0.37
2017-09-20,0.18,0.43,0.9,1.89,2.28,2.82,1.71,1.85,1.99,0.18,0.43
2017-09-21,0.19,0.44,0.9,1.89,2.27,2.8,1.7,1.83,1.96,0.19,0.44
2017-09-22,0.17,0.42,0.88,1.88,2.26,2.8,1.71,1.84,1.97,0.17,0.42
2017-09-25,0.13,0.38,0.85,1.85,2.22,2.76,1.72,1.84,1.96,0.13,0.38
2017-09-26,0.15,0.4,0.87,1.87,2.24,2.78,1.72,1.84,1.96,0.15,0.4
2017-09-27,0.17,0.44,0.92,1.91,2.31,2.86,1.74,1.87,2.0,0.17,0.44
2017-09-28,0.16,0.44,0.92,1.89,2.31,2.87,1.73,1.87,2.01,0.16,0.44
2017-09-29,0.24,0.49,0.94,1.92,2.33,2.86,1.68,1.84,2.0,0.24,0.49
2017-10-02,0.21,0.51,0.95,1.94,2.34,2.87,1.73,1.83,1.93,0.21,0.51
2017-10-03,0.24,0.49,0.94,1.92,2.33,2.87,1.68,1.84,2.0,0.24,0.49
2017-10-04,0.19,0.48,0.94,1.92,2.33,2.87,1.73,1.85,1.97,0.19,0.48
2017-10-05,0.2,0.49,0.95,1.94,2.35,2.89,1.74,1.86,1.98,0.2,0.49
2017-10-06,0.19,0.5,0.97,1.97,2.37,2.91,1.78,1.87,1.96,0.19,0.5
2017-10-10,0.2,0.47,0.94,1.95,2.35,2.88,1.75,1.88,2.01,0.2,0.47
2017-10-11,0.2,0.46,0.93,1.95,2.35,2.88,1.75,1.89,2.03,0.2,0.46
2017-10-12,0.16,0.44,0.9,1.95,2.33,2.86,1.79,1.89,1.99,0.16,0.44
2017-10-13,0.2,0.43,0.89,1.91,2.28,2.81,1.71,1.85,1.99,0.2,0.43
2017-10-16,0.29,0.46,0.89,1.95,2.3,2.82,1.66,1.84,2.02,0.29,0.46
2017-10-17,0.28,0.48,0.89,1.97,2.3,2.8,1.69,1.82,1.95,0.28,0.48
2017-10-18,0.3,0.5,0.93,1.99,2.34,2.85,1.69,1.84,1.99,0.3,0.5
2017-10-19,0.32,0.49,0.91,1.98,2.33,2.83,1.66,1.84,2.02,0.32,0.49
2017-10-20,0.27,0.52,0.95,2.03,2.39,2.89,1.76,1.87,1.98,0.27,0.52
2017-10-23,0.32,0.52,0.95,2.01,2.38,2.89,1.69,1.86,2.03,0.32,0.52
2017-10-24,0.32,0.55,0.97,2.05,2.42,2.92,1.73,1.87,2.01,0.32,0.55
2017-10-25,0.32,0.56,0.99,2.06,2.44,2.95,1.74,1.88,2.02,0.32,0.56
2017-10-26,0.31,0.57,1.0,2.07,2.46,2.96,1.76,1.89,2.02,0.31,0.57
2017-10-27,0.27,0.54,0.97,2.03,2.42,2.93,1.76,1.88,2.0,0.27,0.54
2017-10-30,0.23,0.5,0.93,2.0,2.37,2.88,1.77,1.87,1.97,0.23,0.5
2017-10-31,0.22,0.5,0.92,2.01,2.38,2.88,1.79,1.88,1.97,0.22,0.5
2017-11-01,0.3,0.49,0.91,2.01,2.37,2.85,1.71,1.88,2.05,0.3,0.49
2017-11-02,0.21,0.48,0.89,2.0,2.35,2.83,1.79,1.87,1.95,0.21,0.48
2017-11-03,0.25,0.48,0.88,1.99,2.34,2.82,1.74,1.86,1.98,0.25,0.48
2017-11-06,0.22,0.46,0.87,1.99,2.32,2.8,1.77,1.86,1.95,0.22,0.46
2017-11-07,0.19,0.44,0.84,1.99,2.32,2.77,1.8,1.88,1.96,0.19,0.44
2017-11-08,0.24,0.45,0.84,2.01,2.32,2.79,1.77,1.87,1.97,0.24,0.45
2017-11-09,0.21,0.46,0.86,2.01,2.33,2.81,1.8,1.87,1.94,0.21,0.46
2017-11-10,0.28,0.52,0.92,2.06,2.4,2.88,1.78,1.88,1.98,0.28,0.52
2017-11-13,0.29,0.52,0.91,2.08,2.4,2.87,1.79,1.88,1.97,0.29,0.52
2017-11-14,0.27,0.51,0.89,2.06,2.38,2.84,1.79,1.87,1.95,0.27,0.51
2017-11-15,0.26,0.48,0.85,2.04,2.33,2.77,1.78,1.85,1.92,0.26,0.48
2017-11-16,0.28,0.53,0.87,2.07,2.37,2.81,1.79,1.84,1.89,0.28,0.53
2017-11-17,0.31,0.49,0.85,2.06,2.35,2.78,1.75,1.86,1.97,0.31,0.49
2017-11-20,0.35,0.52,0.85,2.09,2.37,2.78,1.74,1.85,1.96,0.35,0.52
2017-11-21,0.36,0.52,0.84,2.11,2.36,2.76,1.75,1.84,1.93,0.36,0.52
2017-11-22,0.3,0.48,0.82,2.05,2.32,2.75,1.75,1.84,1.93,0.3,0.48
2017-11-24,0.36,0.5,0.85,2.07,2.34,2.76,1.71,1.84,1.97,0.36,0.5
2017-11-27,0.37,0.49,0.84,2.06,2.32,2.76,1.69,1.83,1.97,0.37,0.49
2017-11-28,0.38,0.5,0.85,2.07,2.34,2.77,1.69,1.84,1.99,0.38,0.5
2017-11-29,0.4,0.53,0.88,2.09,2.37,2.81,1.69,1.84,1.99,0.4,0.53
2017-11-30,0.41,0.56,0.88,2.14,2.42,2.83,1.73,1.86,1.99,0.41,0.56
2017-12-01,0.41,0.51,0.81,2.13,2.37,2.76,1.72,1.86,2.0,0.41,0.51
2017-12-04,0.39,0.5,0.8,2.15,2.37,2.77,1.76,1.87,1.98,0.39,0.5
2017-12-05,0.46,0.5,0.78,2.15,2.36,2.73,1.69,1.86,2.03,0.46,0.5
2017-12-06,0.37,0.47,0.77,2.11,2.33,2.71,1.74,1.86,1.98,0.37,0.47
2017-12-07,0.4,0.5,0.81,2.14,2.37,2.76,1.74,1.87,2.0,0.4,0.5
2017-12-08,0.43,0.5,0.81,2.14,2.38,2.77,1.71,1.88,2.05,0.43,0.5
2017-12-11,0.4,0.51,0.82,2.16,2.39,2.77,1.76,1.88,2.0,0.4,0.51
2017-12-12,0.4,0.51,0.81,2.18,2.4,2.79,1.78,1.89,2.0,0.4,0.51
2017-12-13,0.38,0.48,0.79,2.12,2.36,2.74,1.74,1.88,2.02,0.38,0.48
2017-12-14,0.38,0.48,0.77,2.14,2.35,2.71,1.76,1.87,1.98,0.38,0.48
2017-12-15,0.39,0.47,0.75,2.16,2.35,2.68,1.77,1.88,1.99,0.39,0.47
2017-12-18,0.46,0.5,0.79,2.17,2.39,2.74,1.71,1.89,2.07,0.46,0.5
2017-12-19,0.49,0.55,0.84,2.23,2.46,2.82,1.74,1.91,2.08,0.49,0.55
2017-12-20,0.5,0.57,0.89,2.24,2.49,2.88,1.74,1.92,2.1,0.5,0.57
2017-12-21,0.42,0.55,0.85,2.26,2.48,2.84,1.84,1.93,2.02,0.42,0.55
2017-12-22,0.44,0.54,0.84,2.26,2.48,2.83,1.82,1.94,2.06,0.44,0.54
2017-12-26,0.49,0.53,0.83,2.25,2.47,2.82,1.76,1.94,2.12,0.49,0.53
2017-12-27,0.4,0.48,0.76,2.22,2.42,2.75,1.82,1.94,2.06,0.4,0.48
2017-12-28,0.37,0.47,0.75,2.23,2.43,2.75,1.86,1.96,2.06,0.37,0.47
2017-12-29,0.34,0.44,0.73,2.2,2.4,2.74,1.86,1.96,2.06,0.34,0.44
2018-01-02,0.35,0.46,0.77,2.25,2.46,2.81,1.9,2.0,2.1,0.35,0.46
2018-01-03,0.38,0.46,0.76,2.25,2.44,2.78,1.87,1.98,2.09,0.38,0.46
2018-01-04,0.35,0.45,0.75,2.27,2.46,2.79,1.92,2.01,2.1,0.35,0.45
2018-01-05,0.34,0.46,0.76,2.29,2.47,2.81,1.95,2.01,2.07,0.34,0.46
2018-01-08,0.38,0.47,0.77,2.29,2.49,2.81,1.91,2.02,2.13,0.38,0.47
2018-01-09,0.38,0.52,0.82,2.33,2.55,2.88,1.95,2.03,2.11,0.38,0.52
2018-01-10,0.38,0.52,0.82,2.32,2.55,2.88,1.94,2.03,2.12,0.38,0.52
2018-01-11,0.43,0.54,0.83,2.32,2.54,2.91,1.89,2.0,2.11,0.43,0.54
2018-01-12,0.43,0.54,0.81,2.35,2.55,2.85,1.92,2.01,2.1,0.43,0.54
2018-01-16,0.42,0.51,0.78,2.36,2.54,2.83,1.94,2.03,2.12,0.42,0.51
2018-01-17,0.49,0.53,0.79,2.39,2.57,2.84,1.9,2.04,2.18,0.49,0.53
2018-01-18,0.44,0.57,0.81,2.43,2.62,2.9,1.99,2.05,2.11,0.44,0.57
2018-01-19,0.45,0.58,0.81,2.45,2.64,2.91,2.0,2.06,2.12,0.45,0.58
2018-01-22,0.46,0.6,0.83,2.46,2.66,2.93,2.0,2.06,2.12,0.46,0.6
2018-01-23,0.51,0.57,0.81,2.43,2.63,2.9,1.92,2.06,2.2,0.51,0.57
2018-01-24,0.47,0.58,0.82,2.43,2.65,2.93,1.96,2.07,2.18,0.47,0.58
2018-01-25,0.5,0.56,0.79,2.41,2.63,2.89,1.91,2.07,2.23,0.5,0.56
2018-01-26,0.54,0.57,0.8,2.47,2.66,2.91,1.93,2.09,2.25,0.54,0.57
2018-01-29,0.57,0.61,0.81,2.49,2.7,2.94,1.92,2.09,2.26,0.57,0.61
2018-01-30,0.54,0.63,0.84,2.51,2.73,2.98,1.97,2.1,2.23,0.54,0.63
2018-01-31,0.54,0.61,0.8,2.52,2.72,2.95,1.98,2.11,2.24,0.54,0.61
2018-02-01,0.63,0.67,0.86,2.56,2.78,3.01,1.93,2.11,2.29,0.63,0.67
2018-02-02,0.65,0.7,0.9,2.58,2.84,3.08,1.93,2.14,2.35,0.65,0.7
2018-02-05,0.55,0.67,0.89,2.5,2.77,3.04,1.95,2.1,2.25,0.55,0.67
2018-02-06,0.64,0.69,0.91,2.52,2.79,3.06,1.88,2.1,2.32,0.64,0.69
2018-02-07,0.67,0.74,0.96,2.57,2.84,3.12,1.9,2.1,2.3,0.67,0.74
2018-02-08,0.68,0.76,0.99,2.57,2.85,3.14,1.89,2.09,2.29,0.68,0.76
2018-02-09,0.69,0.78,1.01,2.52,2.83,3.14,1.83,2.05,2.27,0.69,0.78
2018-02-12,0.72,0.79,1.01,2.56,2.86,3.14,1.84,2.07,2.3,0.72,0.79
2018-02-13,0.66,0.78,0.99,2.54,2.83,3.11,1.88,2.05,2.22,0.66,0.78
2018-02-14,0.74,0.82,1.02,2.65,2.91,3.18,1.91,2.09,2.27,0.74,0.82
2018-02-15,0.65,0.79,1.02,2.65,2.9,3.15,2.0,2.11,2.22,0.65,0.79
2018-02-16,0.63,0.78,1.01,2.63,2.87,3.13,2.0,2.09,2.18,0.63,0.78
2018-02-20,0.61,0.78,1.01,2.65,2.88,3.15,2.04,2.1,2.16,0.61,0.78
2018-02-21,0.63,0.82,1.06,2.69,2.94,3.22,2.06,2.12,2.18,0.63,0.82
2018-02-22,0.6,0.81,1.06,2.66,2.92,3.21,2.06,2.11,2.16,0.6,0.81
2018-02-23,0.58,0.76,1.03,2.62,2.88,3.16,2.04,2.12,2.2,0.58,0.76
2018-02-26,0.53,0.73,1.01,2.6,2.86,3.15,2.07,2.13,2.19,0.53,0.73
2018-02-27,0.58,0.77,1.02,2.67,2.9,3.17,2.09,2.13,2.17,0.58,0.77
2018-02-28,0.61,0.75,0.99,2.65,2.87,3.13,2.04,2.12,2.2,0.61,0.75
2018-03-01,0.55,0.71,0.96,2.58,2.81,3.09,2.03,2.1,2.17,0.55,0.71
2018-03-02,0.6,0.74,0.98,2.63,2.86,3.14,2.03,2.12,2.21,0.6,0.74
2018-03-05,0.6,0.75,1.01,2.65,2.88,3.16,2.05,2.13,2.21,0.6,0.75
2018-03-06,0.55,0.76,1.01,2.65,2.88,3.14,2.1,2.12,2.14,0.55,0.76
2018-03-07,0.55,0.76,1.03,2.65,2.89,3.15,2.1,2.13,2.16,0.55,0.76
2018-03-08,0.55,0.75,1.0,2.63,2.86,3.13,2.08,2.11,2.14,0.55,0.75
2018-03-09,0.69,0.78,1.03,2.65,2.9,3.16,1.96,2.12,2.28,0.69,0.78
2018-03-12,0.62,0.77,1.01,2.64,2.87,3.13,2.02,2.1,2.18,0.62,0.77
2018-03-13,0.57,0.75,1.0,2.62,2.84,3.1,2.05,2.09,2.13,0.57,0.75
2018-03-14,0.57,0.74,0.97,2.61,2.81,3.05,2.04,2.07,2.1,0.57,0.74
2018-03-15,0.55,0.74,0.97,2.62,2.82,3.05,2.07,2.08,2.09,0.55,0.74
2018-03-16,0.6,0.77,1.0,2.65,2.85,3.08,2.05,2.08,2.11,0.6,0.77
2018-03-19,0.61,0.77,1.0,2.65,2.85,3.09,2.04,2.08,2.12,0.61,0.77
2018-03-20,0.64,0.81,1.03,2.69,2.89,3.12,2.05,2.08,2.11,0.64,0.81
2018-03-21,0.73,0.8,1.03,2.69,2.89,3.12,1.96,2.09,2.22,0.73,0.8
2018-03-22,0.6,0.75,0.97,2.63,2.83,3.06,2.03,2.08,2.13,0.6,0.75
2018-03-23,0.6,0.75,0.98,2.61,2.82,3.06,2.01,2.07,2.13,0.6,0.75
2018-03-26,0.63,0.77,0.99,2.64,2.85,3.08,2.01,2.08,2.15,0.63,0.77
2018-03-27,0.64,0.71,0.95,2.58,2.78,3.03,1.94,2.07,2.2,0.64,0.71
2018-03-28,0.68,0.72,0.94,2.59,2.77,3.01,1.91,2.05,2.19,0.68,0.72
2018-03-29,0.64,0.69,0.9,2.56,2.74,2.97,1.92,2.05,2.18,0.64,0.69
2018-04-02,0.56,0.68,0.9,2.55,2.73,2.97,1.99,2.05,2.11,0.56,0.68
2018-04-03,0.61,0.71,0.92,2.6,2.79,3.02,1.99,2.08,2.17,0.61,0.71
2018-04-04,0.57,0.71,0.93,2.61,2.79,3.03,2.04,2.08,2.12,0.57,0.71
2018-04-05,0.71,0.75,0.97,2.64,2.83,3.07,1.93,2.08,2.23,0.71,0.75
2018-04-06,0.57,0.7,0.92,2.58,2.77,3.01,2.01,2.07,2.13,0.57,0.7
2018-04-09,0.58,0.71,0.92,2.6,2.78,3.02,2.02,2.07,2.12,0.58,0.71
2018-04-10,0.62,0.72,0.92,2.62,2.8,3.02,2.0,2.08,2.16,0.62,0.72
2018-04-11,0.56,0.68,0.88,2.62,2.79,2.99,2.06,2.11,2.16,0.56,0.68
2018-04-12,0.62,0.7,0.9,2.67,2.83,3.05,2.05,2.13,2.21,0.62,0.7
2018-04-13,0.66,0.69,0.88,2.67,2.82,3.03,2.01,2.13,2.25,0.66,0.69
2018-04-16,0.61,0.71,0.89,2.69,2.83,3.03,2.08,2.12,2.16,0.61,0.71
2018-04-17,0.67,0.68,0.85,2.68,2.82,3.0,2.01,2.14,2.27,0.67,0.68
2018-04-18,0.69,0.71,0.89,2.73,2.87,3.06,2.04,2.16,2.28,0.69,0.71
2018-04-19,0.65,0.75,0.92,2.77,2.92,3.11,2.12,2.17,2.22,0.65,0.75
2018-04-20,0.7,0.79,0.96,2.8,2.96,3.14,2.1,2.17,2.24,0.7,0.79
2018-04-23,0.72,0.8,0.97,2.83,2.98,3.15,2.11,2.18,2.25,0.72,0.8
2018-04-24,0.73,0.83,1.01,2.83,3.0,3.18,2.1,2.17,2.24,0.73,0.83
2018-04-25,0.75,0.86,1.03,2.84,3.03,3.21,2.09,2.17,2.25,0.75,0.86
2018-04-26,0.72,0.82,0.99,2.82,3.0,3.18,2.1,2.18,2.26,0.72,0.82
2018-04-27,0.71,0.79,0.93,2.8,2.96,3.13,2.09,2.17,2.25,0.71,0.79
2018-04-30,0.69,0.78,0.91,2.79,2.95,3.11,2.1,2.17,2.24,0.69,0.78
2018-05-01,0.73,0.81,0.94,2.82,2.97,3.13,2.09,2.16,2.23,0.73,0.81
2018-05-02,0.71,0.8,0.95,2.8,2.97,3.14,2.09,2.17,2.25,0.71,0.8
2018-05-03,0.69,0.78,0.94,2.78,2.94,3.12,2.09,2.16,2.23,0.69,0.78
2018-05-04,0.69,0.79,0.94,2.78,2.95,3.12,2.09,2.16,2.23,0.69,0.79
2018-05-07,0.67,0.78,0.94,2.78,2.95,3.12,2.11,2.17,2.23,0.67,0.78
2018-05-08,0.71,0.81,0.96,2.81,2.97,3.13,2.1,2.16,2.22,0.71,0.81
2018-05-09,0.71,0.82,0.97,2.84,3.0,3.16,2.13,2.18,2.23,0.71,0.82
2018-05-10,0.71,0.8,0.94,2.83,2.97,3.12,2.12,2.17,2.22,0.71,0.8
2018-05-11,0.71,0.82,0.94,2.84,2.97,3.1,2.13,2.15,2.17,0.71,0.82
2018-05-14,0.73,0.85,0.97,2.85,3.0,3.13,2.12,2.15,2.18,0.73,0.85
2018-05-15,0.77,0.9,1.02,2.92,3.08,3.2,2.15,2.18,2.21,0.77,0.9
2018-05-16,0.78,0.92,1.02,2.94,3.09,3.21,2.16,2.17,2.18,0.78,0.92
2018-05-17,0.78,0.95,1.07,2.94,3.11,3.25,2.16,2.16,2.16,0.78,0.95
2018-05-18,0.76,0.91,1.04,2.9,3.06,3.2,2.14,2.15,2.16,0.76,0.91
2018-05-21,0.75,0.9,1.03,2.9,3.06,3.2,2.15,2.16,2.17,0.75,0.9
2018-05-22,0.77,0.91,1.04,2.9,3.06,3.21,2.13,2.15,2.17,0.77,0.91
2018-05-23,0.71,0.87,1.02,2.83,3.01,3.17,2.12,2.14,2.16,0.71,0.87
2018-05-24,0.71,0.86,1.0,2.82,2.98,3.13,2.11,2.12,2.13,0.71,0.86
2018-05-25,0.72,0.84,0.99,2.76,2.93,3.09,2.04,2.09,2.14,0.72,0.84
2018-05-29,0.6,0.73,0.89,2.58,2.77,2.96,1.98,2.04,2.1,0.6,0.73
2018-05-30,0.67,0.78,0.93,2.67,2.84,3.01,2.0,2.06,2.12,0.67,0.78
2018-05-31,0.65,0.76,0.91,2.68,2.83,3.0,2.03,2.07,2.11,0.65,0.76
2018-06-01,0.68,0.8,0.94,2.74,2.89,3.04,2.06,2.09,2.12,0.68,0.8
2018-06-04,0.72,0.82,0.96,2.78,2.94,3.08,2.06,2.12,2.18,0.72,0.82
2018-06-05,0.71,0.79,0.94,2.76,2.92,3.07,2.05,2.13,2.21,0.71,0.79
2018-06-06,0.75,0.83,0.97,2.81,2.97,3.13,2.06,2.14,2.22,0.75,0.83
2018-06-07,0.69,0.8,0.94,2.77,2.93,3.08,2.08,2.13,2.18,0.69,0.8
2018-06-08,0.71,0.82,0.96,2.77,2.93,3.08,2.06,2.11,2.16,0.71,0.82
2018-06-11,0.72,0.83,0.97,2.8,2.96,3.1,2.08,2.13,2.18,0.72,0.83
2018-06-12,0.74,0.83,0.96,2.81,2.96,3.09,2.07,2.13,2.19,0.74,0.83
2018-06-13,0.76,0.86,0.98,2.85,2.98,3.1,2.09,2.12,2.15,0.76,0.86
2018-06-14,0.74,0.82,0.94,2.81,2.94,3.05,2.07,2.12,2.17,0.74,0.82
2018-06-15,0.73,0.81,0.93,2.81,2.93,3.05,2.08,2.12,2.16,0.73,0.81
2018-06-18,0.72,0.8,0.93,2.8,2.92,3.05,2.08,2.12,2.16,0.72,0.8
2018-06-19,0.7,0.77,0.91,2.77,2.89,3.02,2.07,2.12,2.17,0.7,0.77
2018-06-20,0.74,0.81,0.95,2.8,2.93,3.06,2.06,2.12,2.18,0.74,0.81
2018-06-21,0.72,0.79,0.94,2.77,2.9,3.04,2.05,2.11,2.17,0.72,0.79
2018-06-22,0.7,0.78,0.92,2.77,2.9,3.04,2.07,2.12,2.17,0.7,0.78
2018-06-25,0.69,0.77,0.91,2.75,2.87,3.02,2.06,2.1,2.14,0.69,0.77
2018-06-26,0.68,0.76,0.9,2.75,2.88,3.03,2.07,2.12,2.17,0.68,0.76
2018-06-27,0.64,0.72,0.86,2.71,2.83,2.97,2.07,2.11,2.15,0.64,0.72
2018-06-28,0.66,0.74,0.87,2.73,2.84,2.97,2.07,2.1,2.13,0.66,0.74
2018-06-29,0.67,0.74,0.87,2.73,2.85,2.98,2.06,2.11,2.16,0.67,0.74
2018-07-02,0.68,0.73,0.85,2.75,2.87,2.99,2.07,2.14,2.21,0.68,0.73
2018-07-03,0.64,0.71,0.83,2.72,2.83,2.96,2.08,2.12,2.16,0.64,0.71
2018-07-05,0.64,0.71,0.82,2.74,2.84,2.95,2.1,2.13,2.16,0.64,0.71
2018-07-06,0.63,0.7,0.81,2.71,2.82,2.94,2.08,2.12,2.16,0.63,0.7
2018-07-09,0.65,0.73,0.84,2.75,2.86,2.96,2.1,2.13,2.16,0.65,0.73
2018-07-10,0.68,0.74,0.85,2.77,2.87,2.97,2.09,2.13,2.17,0.68,0.74
2018-07-11,0.67,0.74,0.83,2.74,2.85,2.95,2.07,2.11,2.15,0.67,0.74
2018-07-12,0.69,0.75,0.84,2.75,2.85,2.95,2.06,2.1,2.14,0.69,0.75
2018-07-13,0.66,0.72,0.82,2.73,2.83,2.94,2.07,2.11,2.15,0.66,0.72
2018-07-16,0.7,0.75,0.84,2.75,2.85,2.96,2.05,2.1,2.15,0.7,0.75
2018-07-17,0.73,0.77,0.86,2.76,2.86,2.97,2.03,2.09,2.15,0.73,0.77
2018-07-18,0.74,0.79,0.89,2.77,2.88,2.99,2.03,2.09,2.15,0.74,0.79
2018-07-19,0.73,0.75,0.87,2.74,2.84,2.96,2.01,2.09,2.17,0.73,0.75
2018-07-20,0.75,0.78,0.92,2.77,2.89,3.03,2.02,2.11,2.2,0.75,0.78
2018-07-23,0.82,0.85,0.98,2.83,2.96,3.1,2.01,2.11,2.21,0.82,0.85
2018-07-24,0.83,0.84,0.96,2.83,2.95,3.08,2.0,2.11,2.22,0.83,0.84
2018-07-25,0.81,0.81,0.94,2.82,2.94,3.06,2.01,2.13,2.25,0.81,0.81
2018-07-26,0.86,0.87,0.97,2.86,2.98,3.1,2.0,2.11,2.22,0.86,0.87
2018-07-27,0.84,0.84,0.95,2.84,2.96,3.09,2.0,2.12,2.24,0.84,0.84
2018-07-30,0.84,0.85,0.96,2.85,2.98,3.11,2.01,2.13,2.25,0.84,0.85
2018-07-31,0.85,0.84,0.94,2.85,2.96,3.08,2.0,2.12,2.24,0.85,0.84
2018-08-01,0.87,0.87,0.97,2.87,3.0,3.13,2.0,2.13,2.26,0.87,0.87
2018-08-02,0.86,0.86,0.97,2.85,2.98,3.12,1.99,2.12,2.25,0.86,0.86
2018-08-03,0.82,0.83,0.95,2.82,2.95,3.09,2.0,2.12,2.24,0.82,0.83
2018-08-06,0.82,0.83,0.96,2.8,2.94,3.08,1.98,2.11,2.24,0.82,0.83
2018-08-07,0.84,0.85,0.99,2.84,2.98,3.12,2.0,2.13,2.26,0.84,0.85
2018-08-08,0.85,0.85,0.98,2.83,2.96,3.12,1.98,2.11,2.24,0.85,0.85
2018-08-09,0.83,0.82,0.95,2.8,2.93,3.08,1.97,2.11,2.25,0.83,0.82
2018-08-10,0.77,0.78,0.92,2.75,2.87,3.03,1.98,2.09,2.2,0.77,0.78
2018-08-13,0.76,0.78,0.93,2.75,2.88,3.05,1.99,2.1,2.21,0.76,0.78
2018-08-14,0.78,0.8,0.95,2.77,2.89,3.06,1.99,2.09,2.19,0.78,0.8
2018-08-15,0.76,0.78,0.93,2.73,2.86,3.03,1.97,2.08,2.19,0.76,0.78
2018-08-16,0.78,0.79,0.92,2.75,2.87,3.03,1.97,2.08,2.19,0.78,0.79
2018-08-17,0.79,0.79,0.92,2.75,2.87,3.03,1.96,2.08,2.2,0.79,0.79
2018-08-20,0.75,0.75,0.89,2.7,2.82,2.99,1.95,2.07,2.19,0.75,0.75
2018-08-21,0.76,0.77,0.9,2.73,2.85,3.0,1.97,2.08,2.19,0.76,0.77
2018-08-22,0.74,0.74,0.89,2.7,2.82,2.99,1.96,2.08,2.2,0.74,0.74
2018-08-23,0.73,0.73,0.87,2.72,2.82,2.97,1.99,2.09,2.19,0.73,0.73
2018-08-24,0.73,0.73,0.86,2.72,2.82,2.97,1.99,2.09,2.19,0.73,0.73
2018-08-27,0.74,0.74,0.88,2.74,2.85,3.0,2.0,2.11,2.22,0.74,0.74
2018-08-28,0.78,0.77,0.91,2.77,2.88,3.03,1.99,2.11,2.23,0.78,0.77
2018-08-29,0.78,0.77,0.9,2.78,2.89,3.02,2.0,2.12,2.24,0.78,0.77
2018-08-30,0.76,0.76,0.88,2.75,2.86,3.0,1.99,2.1,2.21,0.76,0.76
2018-08-31,0.76,0.78,0.91,2.74,2.86,3.02,1.98,2.08,2.18,0.76,0.78
2018-09-04,0.79,0.8,0.94,2.78,2.9,3.07,1.99,2.1,2.21,0.79,0.8
2018-09-05,0.79,0.81,0.95,2.77,2.9,3.08,1.98,2.09,2.2,0.79,0.81
2018-09-06,0.79,0.8,0.94,2.76,2.88,3.06,1.97,2.08,2.19,0.79,0.8
2018-09-07,0.84,0.84,0.97,2.82,2.94,3.11,1.98,2.1,2.22,0.84,0.84
2018-09-10,0.85,0.84,0.96,2.83,2.94,3.09,1.98,2.1,2.22,0.85,0.84
2018-09-11,0.86,0.86,0.99,2.87,2.98,3.13,2.01,2.12,2.23,0.86,0.86
2018-09-12,0.85,0.85,0.97,2.87,2.97,3.11,2.02,2.12,2.22,0.85,0.85
2018-09-13,0.89,0.87,0.98,2.87,2.97,3.11,1.98,2.1,2.22,0.89,0.87
2018-09-14,0.9,0.89,1.0,2.9,2.99,3.13,2.0,2.1,2.2,0.9,0.89
2018-09-17,0.9,0.89,1.01,2.89,2.99,3.13,1.99,2.1,2.21,0.9,0.89
2018-09-18,0.93,0.92,1.05,2.94,3.05,3.2,2.01,2.13,2.25,0.93,0.92
2018-09-19,0.94,0.93,1.06,2.96,3.08,3.23,2.02,2.15,2.28,0.94,0.93
2018-09-20,0.94,0.92,1.04,2.96,3.07,3.21,2.02,2.15,2.28,0.94,0.92
2018-09-21,0.93,0.92,1.03,2.95,3.07,3.2,2.02,2.15,2.28,0.93,0.92
2018-09-24,0.93,0.92,1.04,2.96,3.08,3.21,2.03,2.16,2.29,0.93,0.92
2018-09-25,0.94,0.94,1.05,2.99,3.1,3.23,2.05,2.16,2.27,0.94,0.94
2018-09-26,0.92,0.92,1.03,2.96,3.06,3.19,2.04,2.14,2.24,0.92,0.92
2018-09-27,0.92,0.91,1.03,2.96,3.06,3.19,2.04,2.15,2.26,0.92,0.91
2018-09-28,0.91,0.91,1.04,2.94,3.05,3.19,2.03,2.14,2.25,0.91,0.91
2018-10-01,0.92,0.95,1.09,2.96,3.09,3.24,2.04,2.14,2.24,0.92,0.95
2018-10-02,0.91,0.93,1.07,2.94,3.05,3.2,2.03,2.12,2.21,0.91,0.93
2018-10-03,0.95,0.99,1.13,3.02,3.15,3.3,2.07,2.16,2.25,0.95,0.99
2018-10-04,0.99,1.03,1.18,3.05,3.19,3.35,2.06,2.16,2.26,0.99,1.03
2018-10-05,1.02,1.07,1.23,3.07,3.23,3.4,2.05,2.16,2.27,1.02,1.07
2018-10-09,1.0,1.04,1.19,3.05,3.21,3.37,2.05,2.17,2.29,1.0,1.04
2018-10-10,1.01,1.06,1.23,3.05,3.22,3.39,2.04,2.16,2.28,1.01,1.06
2018-10-11,1.01,1.02,1.18,3.0,3.14,3.32,1.99,2.12,2.25,1.01,1.02
2018-10-12,1.01,1.03,1.18,3.0,3.15,3.32,1.99,2.12,2.25,1.01,1.03
2018-10-15,1.01,1.03,1.19,3.01,3.16,3.34,2.0,2.13,2.26,1.01,1.03
2018-10-16,1.01,1.03,1.19,3.02,3.16,3.32,2.01,2.13,2.25,1.01,1.03
2018-10-17,1.04,1.06,1.21,3.04,3.19,3.35,2.0,2.13,2.26,1.04,1.06
2018-10-18,1.04,1.07,1.24,3.03,3.17,3.36,1.99,2.1,2.21,1.04,1.07
2018-10-19,1.07,1.09,1.26,3.05,3.2,3.38,1.98,2.11,2.24,1.07,1.09
2018-10-22,1.07,1.09,1.26,3.05,3.2,3.38,1.98,2.11,2.24,1.07,1.09
2018-10-23,1.07,1.08,1.26,3.01,3.17,3.37,1.94,2.09,2.24,1.07,1.08
2018-10-24,1.01,1.03,1.24,2.94,3.1,3.33,1.93,2.07,2.21,1.01,1.03
2018-10-25,1.07,1.09,1.28,2.98,3.14,3.35,1.91,2.05,2.19,1.07,1.09
2018-10-26,0.98,1.02,1.23,2.91,3.08,3.32,1.93,2.06,2.19,0.98,1.02
2018-10-29,0.99,1.02,1.25,2.91,3.08,3.33,1.92,2.06,2.2,0.99,1.02
2018-10-30,1.03,1.07,1.28,2.94,3.12,3.36,1.91,2.05,2.19,1.03,1.07
2018-10-31,1.08,1.1,1.31,2.98,3.15,3.39,1.9,2.05,2.2,1.08,1.1
2018-11-01,1.08,1.12,1.32,2.96,3.14,3.38,1.88,2.02,2.16,1.08,1.12
2018-11-02,1.13,1.16,1.37,3.04,3.22,3.46,1.91,2.06,2.21,1.13,1.16
2018-11-05,1.12,1.14,1.33,3.03,3.2,3.43,1.91,2.06,2.21,1.12,1.14
2018-11-06,1.13,1.15,1.32,3.05,3.22,3.43,1.92,2.07,2.22,1.13,1.15
2018-11-07,1.14,1.15,1.32,3.07,3.22,3.43,1.93,2.07,2.21,1.14,1.15
2018-11-08,1.17,1.17,1.32,3.09,3.24,3.43,1.92,2.07,2.22,1.17,1.17
2018-11-09,1.15,1.15,1.31,3.05,3.19,3.4,1.9,2.04,2.18,1.15,1.15
2018-11-13,1.11,1.12,1.29,2.99,3.14,3.36,1.88,2.02,2.16,1.11,1.12
2018-11-14,1.1,1.12,1.3,2.95,3.12,3.35,1.85,2.0,2.15,1.1,1.12
2018-11-15,1.09,1.11,1.3,2.94,3.11,3.36,1.85,2.0,2.15,1.09,1.11
2018-11-16,1.02,1.06,1.25,2.9,3.08,3.33,1.88,2.02,2.16,1.02,1.06
2018-11-19,1.02,1.07,1.26,2.87,3.06,3.32,1.85,1.99,2.13,1.02,1.07
2018-11-20,1.06,1.09,1.28,2.88,3.06,3.31,1.82,1.97,2.12,1.06,1.09
2018-11-21,1.08,1.09,1.28,2.89,3.06,3.31,1.81,1.97,2.13,1.08,1.09
2018-11-23,1.11,1.09,1.29,2.88,3.05,3.31,1.77,1.96,2.15,1.11,1.09
2018-11-26,1.12,1.11,1.3,2.9,3.07,3.32,1.78,1.96,2.14,1.12,1.11
2018-11-27,1.16,1.15,1.34,2.89,3.06,3.32,1.73,1.91,2.09,1.16,1.15
2018-11-28,1.13,1.12,1.34,2.87,3.06,3.34,1.74,1.94,2.14,1.13,1.12
2018-11-29,1.06,1.05,1.28,2.85,3.03,3.33,1.79,1.98,2.17,1.06,1.05
2018-11-30,1.07,1.04,1.26,2.84,3.01,3.3,1.77,1.97,2.17,1.07,1.04
2018-12-03,1.07,1.02,1.23,2.83,2.98,3.27,1.76,1.96,2.16,1.07,1.02
2018-12-04,1.05,0.97,1.16,2.79,2.91,3.16,1.74,1.94,2.14,1.05,0.97
2018-12-06,1.06,0.97,1.15,2.75,2.87,3.14,1.69,1.9,2.11,1.06,0.97
2018-12-07,1.02,0.96,1.17,2.7,2.85,3.14,1.68,1.89,2.1,1.02,0.96
2018-12-10,1.06,0.99,1.19,2.71,2.85,3.13,1.65,1.86,2.07,1.06,0.99
2018-12-11,1.13,1.06,1.22,2.75,2.89,3.13,1.62,1.83,2.04,1.13,1.06
2018-12-12,1.15,1.08,1.24,2.77,2.91,3.15,1.62,1.83,2.04,1.15,1.08
2018-12-13,1.13,1.08,1.25,2.75,2.91,3.16,1.62,1.83,2.04,1.13,1.08
2018-12-14,1.13,1.07,1.23,2.73,2.89,3.14,1.6,1.82,2.04,1.13,1.07
2018-12-17,1.11,1.05,1.22,2.69,2.86,3.11,1.58,1.81,2.04,1.11,1.05
2018-12-18,1.07,1.01,1.17,2.65,2.82,3.07,1.58,1.81,2.04,1.07,1.01
2018-12-19,1.06,0.97,1.11,2.62,2.77,3.0,1.56,1.8,2.04,1.06,0.97
2018-12-20,1.12,1.03,1.16,2.65,2.79,3.02,1.53,1.76,1.99,1.12,1.03
2018-12-21,1.09,1.02,1.17,2.64,2.79,3.03,1.55,1.77,1.99,1.09,1.02
2018-12-24,1.06,0.99,1.15,2.58,2.74,3.0,1.52,1.75,1.98,1.06,0.99
2018-12-26,1.1,1.04,1.21,2.67,2.81,3.06,1.57,1.77,1.97,1.1,1.04
2018-12-27,1.07,1.03,1.22,2.6,2.77,3.05,1.53,1.74,1.95,1.07,1.03
2018-12-28,1.04,0.99,1.21,2.56,2.72,3.04,1.52,1.73,1.94,1.04,0.99
2018-12-31,1.0,0.98,1.21,2.51,2.69,3.02,1.51,1.71,1.91,1.0,0.98
2019-01-02,1.0,0.96,1.19,2.49,2.66,2.97,1.49,1.7,1.91,1.0,0.96
2019-01-03,0.88,0.88,1.14,2.37,2.56,2.92,1.49,1.68,1.87,0.88,0.88
2019-01-04,0.91,0.91,1.17,2.49,2.67,2.98,1.58,1.76,1.94,0.91,0.91
2019-01-07,0.92,0.92,1.18,2.53,2.7,2.99,1.61,1.78,1.95,0.92,0.92
2019-01-08,0.92,0.91,1.15,2.58,2.73,3.0,1.66,1.82,1.98,0.92,0.91
2019-01-09,0.89,0.91,1.16,2.57,2.74,3.03,1.68,1.83,1.98,0.89,0.91
2019-01-10,0.91,0.93,1.2,2.56,2.74,3.06,1.65,1.81,1.97,0.91,0.93
2019-01-11,0.86,0.88,1.18,2.52,2.71,3.04,1.66,1.83,2.0,0.86,0.88
2019-01-14,0.89,0.9,1.2,2.53,2.71,3.06,1.64,1.81,1.98,0.89,0.9
2019-01-15,0.9,0.91,1.21,2.53,2.72,3.08,1.63,1.81,1.99,0.9,0.91
2019-01-16,0.9,0.91,1.2,2.54,2.73,3.07,1.64,1.82,2.0,0.9,0.91
2019-01-17,0.94,0.96,1.21,2.58,2.75,3.07,1.64,1.79,1.94,0.94,0.96
2019-01-18,0.95,0.96,1.21,2.62,2.79,3.09,1.67,1.83,1.99,0.95,0.96
2019-01-22,0.94,0.95,1.2,2.57,2.74,3.06,1.63,1.79,1.95,0.94,0.95
2019-01-23,0.95,0.96,1.21,2.59,2.76,3.07,1.64,1.8,1.96,0.95,0.96
2019-01-24,0.93,0.95,1.2,2.55,2.72,3.04,1.62,1.77,1.92,0.93,0.95
2019-01-25,0.95,0.97,1.22,2.59,2.76,3.06,1.64,1.79,1.94,0.95,0.97
2019-01-28,0.96,0.97,1.23,2.58,2.75,3.06,1.62,1.78,1.94,0.96,0.97
2019-01-29,0.93,0.94,1.2,2.55,2.72,3.04,1.62,1.78,1.94,0.93,0.94
2019-01-30,0.81,0.86,1.17,2.49,2.7,3.06,1.68,1.84,2.0,0.81,0.86
2019-01-31,0.73,0.78,1.08,2.43,2.63,2.99,1.7,1.85,2.0,0.73,0.78
2019-02-01,0.79,0.82,1.11,2.51,2.7,3.03,1.72,1.88,2.04,0.79,0.82
2019-02-04,0.81,0.86,1.14,2.53,2.73,3.06,1.72,1.87,2.02,0.81,0.86
2019-02-05,0.79,0.84,1.11,2.51,2.71,3.03,1.72,1.87,2.02,0.79,0.84
2019-02-06,0.79,0.84,1.13,2.5,2.7,3.03,1.71,1.86,2.01,0.79,0.84
2019-02-07,0.77,0.81,1.11,2.46,2.65,3.0,1.69,1.84,1.99,0.77,0.81
2019-02-08,0.75,0.81,1.1,2.44,2.63,2.97,1.69,1.82,1.95,0.75,0.81
2019-02-11,0.78,0.83,1.13,2.47,2.65,3.0,1.69,1.82,1.95,0.78,0.83
2019-02-12,0.78,0.85,1.14,2.49,2.68,3.02,1.71,1.83,1.95,0.78,0.85
2019-02-13,0.77,0.85,1.14,2.53,2.71,3.04,1.76,1.86,1.96,0.77,0.85
2019-02-14,0.74,0.81,1.12,2.48,2.66,3.01,1.74,1.85,1.96,0.74,0.81
2019-02-15,0.74,0.8,1.1,2.49,2.66,3.0,1.75,1.86,1.97,0.74,0.8
2019-02-19,0.71,0.78,1.08,2.47,2.65,2.99,1.76,1.87,1.98,0.71,0.78
2019-02-20,0.68,0.76,1.07,2.47,2.65,3.0,1.79,1.89,1.99,0.68,0.76
2019-02-21,0.71,0.78,1.1,2.51,2.69,3.05,1.8,1.91,2.02,0.71,0.78
2019-02-22,0.65,0.74,1.06,2.47,2.65,3.02,1.82,1.91,2.0,0.65,0.74
2019-02-25,0.66,0.75,1.06,2.48,2.67,3.03,1.82,1.92,2.02,0.66,0.75
2019-02-26,0.63,0.72,1.05,2.45,2.64,3.01,1.82,1.92,2.02,0.63,0.72
2019-02-27,0.65,0.76,1.1,2.49,2.69,3.07,1.84,1.93,2.02,0.65,0.76
2019-02-28,0.68,0.78,1.11,2.52,2.73,3.09,1.84,1.95,2.06,0.68,0.78
2019-03-01,0.71,0.8,1.13,2.56,2.76,3.13,1.85,1.96,2.07,0.71,0.8
2019-03-04,0.69,0.78,1.11,2.53,2.72,3.09,1.84,1.94,2.04,0.69,0.78
2019-03-05,0.7,0.79,1.11,2.53,2.72,3.08,1.83,1.93,2.03,0.7,0.79
2019-03-06,0.68,0.78,1.11,2.49,2.69,3.06,1.81,1.91,2.01,0.68,0.78
2019-03-07,0.64,0.74,1.08,2.44,2.64,3.03,1.8,1.9,2.0,0.64,0.74
2019-03-08,0.62,0.72,1.06,2.42,2.62,3.0,1.8,1.9,2.0,0.62,0.72
2019-03-11,0.62,0.73,1.09,2.44,2.64,3.03,1.82,1.91,2.0,0.62,0.73
2019-03-12,0.6,0.71,1.06,2.41,2.61,3.0,1.81,1.9,1.99,0.6,0.71
2019-03-13,0.58,0.69,1.05,2.42,2.61,3.02,1.84,1.92,2.0,0.58,0.69
2019-03-14,0.58,0.69,1.06,2.43,2.63,3.04,1.85,1.94,2.03,0.58,0.69
2019-03-15,0.54,0.65,1.03,2.4,2.59,3.02,1.86,1.94,2.02,0.54,0.65
2019-03-18,0.54,0.64,1.02,2.42,2.6,3.01,1.88,1.96,2.04,0.54,0.64
2019-03-19,0.57,0.66,1.03,2.42,2.61,3.02,1.85,1.95,2.05,0.57,0.66
2019-03-20,0.46,0.58,0.97,2.34,2.54,2.98,1.88,1.96,2.04,0.46,0.58
2019-03-21,0.48,0.58,0.96,2.34,2.54,2.96,1.86,1.96,2.06,0.48,0.58
2019-03-22,0.44,0.54,0.91,2.24,2.44,2.88,1.8,1.9,2.0,0.44,0.54
2019-03-25,0.44,0.55,0.93,2.21,2.43,2.87,1.77,1.88,1.99,0.44,0.55
2019-03-26,0.43,0.55,0.94,2.18,2.41,2.86,1.75,1.86,1.97,0.43,0.55
2019-03-27,0.44,0.55,0.94,2.18,2.39,2.83,1.74,1.84,1.94,0.44,0.55
2019-03-28,0.48,0.56,0.93,2.2,2.39,2.81,1.72,1.83,1.94,0.48,0.56
2019-03-29,0.45,0.53,0.89,2.23,2.41,2.81,1.78,1.88,1.98,0.45,0.53
2019-04-01,0.49,0.59,0.95,2.31,2.49,2.89,1.82,1.9,1.98,0.49,0.59
2019-04-02,0.47,0.58,0.94,2.28,2.48,2.88,1.81,1.9,1.99,0.47,0.58
2019-04-03,0.51,0.61,0.99,2.32,2.52,2.93,1.81,1.91,2.01,0.51,0.61
2019-04-04,0.51,0.61,0.99,2.32,2.51,2.92,1.81,1.9,1.99,0.51,0.61
2019-04-05,0.52,0.6,0.97,2.31,2.5,2.91,1.79,1.9,2.01,0.52,0.6
2019-04-08,0.52,0.61,0.98,2.33,2.52,2.93,1.81,1.91,2.01,0.52,0.61
2019-04-09,0.51,0.6,0.98,2.31,2.51,2.92,1.8,1.91,2.02,0.51,0.6
2019-04-10,0.45,0.54,0.94,2.28,2.48,2.9,1.83,1.94,2.05,0.45,0.54
2019-04-11,0.49,0.57,0.98,2.31,2.51,2.94,1.82,1.94,2.06,0.49,0.57
2019-04-12,0.52,0.61,0.99,2.38,2.56,2.97,1.86,1.95,2.04,0.52,0.61
2019-04-15,0.52,0.61,0.99,2.37,2.55,2.96,1.85,1.94,2.03,0.52,0.61
2019-04-16,0.55,0.64,1.01,2.41,2.6,2.99,1.86,1.96,2.06,0.55,0.64
2019-04-17,0.56,0.65,1.02,2.4,2.59,2.99,1.84,1.94,2.04,0.56,0.65
2019-04-18,0.52,0.62,0.98,2.38,2.57,2.96,1.86,1.95,2.04,0.52,0.62
2019-04-22,0.52,0.64,1.01,2.39,2.59,2.99,1.87,1.95,2.03,0.52,0.64
2019-04-23,0.49,0.62,0.99,2.36,2.57,2.98,1.87,1.95,2.03,0.49,0.62
2019-04-24,0.45,0.57,0.95,2.32,2.53,2.94,1.87,1.96,2.05,0.45,0.57
2019-04-25,0.47,0.56,0.93,2.33,2.54,2.94,1.86,1.98,2.1,0.47,0.56
2019-04-26,0.43,0.54,0.92,2.29,2.51,2.92,1.86,1.97,2.08,0.43,0.54
2019-04-29,0.46,0.58,0.96,2.32,2.54,2.96,1.86,1.96,2.06,0.46,0.58
2019-04-30,0.43,0.56,0.94,2.28,2.51,2.93,1.85,1.95,2.05,0.43,0.56
2019-05-01,0.48,0.59,0.95,2.31,2.52,2.92,1.83,1.93,2.03,0.48,0.59
2019-05-02,0.56,0.66,1.0,2.34,2.55,2.94,1.78,1.89,2.0,0.56,0.66
2019-05-03,0.53,0.63,0.97,2.33,2.54,2.93,1.8,1.91,2.02,0.53,0.63
2019-05-06,0.49,0.6,0.96,2.3,2.51,2.91,1.81,1.91,2.01,0.49,0.6
2019-05-07,0.49,0.58,0.94,2.25,2.45,2.86,1.76,1.87,1.98,0.49,0.58
2019-05-08,0.53,0.62,0.99,2.28,2.49,2.89,1.75,1.87,1.99,0.53,0.62
2019-05-09,0.52,0.6,0.96,2.25,2.45,2.87,1.73,1.85,1.97,0.52,0.6
2019-05-10,0.51,0.59,0.95,2.26,2.47,2.89,1.75,1.88,2.01,0.51,0.59
2019-05-13,0.45,0.55,0.92,2.18,2.4,2.83,1.73,1.85,1.97,0.45,0.55
2019-05-14,0.45,0.56,0.93,2.2,2.42,2.86,1.75,1.86,1.97,0.45,0.56
2019-05-15,0.41,0.54,0.92,2.15,2.37,2.82,1.74,1.83,1.92,0.41,0.54
2019-05-16,0.43,0.56,0.94,2.18,2.4,2.84,1.75,1.84,1.93,0.43,0.56
2019-05-17,0.46,0.58,0.94,2.17,2.39,2.82,1.71,1.81,1.91,0.46,0.58
2019-05-20,0.5,0.6,0.95,2.21,2.41,2.83,1.71,1.81,1.91,0.5,0.6
2019-05-21,0.51,0.6,0.94,2.23,2.43,2.84,1.72,1.83,1.94,0.51,0.6
2019-05-22,0.51,0.6,0.94,2.19,2.39,2.82,1.68,1.79,1.9,0.51,0.6
2019-05-23,0.49,0.58,0.91,2.11,2.31,2.75,1.62,1.73,1.84,0.49,0.58
2019-05-24,0.5,0.56,0.89,2.12,2.32,2.75,1.62,1.76,1.9,0.5,0.56
2019-05-28,0.48,0.53,0.87,2.06,2.26,2.7,1.58,1.73,1.88,0.48,0.53
2019-05-29,0.46,0.5,0.84,2.05,2.25,2.69,1.59,1.75,1.91,0.46,0.5
2019-05-30,0.44,0.48,0.81,2.03,2.22,2.65,1.59,1.74,1.89,0.44,0.48
2019-05-31,0.35,0.4,0.74,1.93,2.14,2.58,1.58,1.74,1.9,0.35,0.4
2019-06-03,0.27,0.34,0.72,1.83,2.07,2.53,1.56,1.73,1.9,0.27,0.34
2019-06-04,0.3,0.38,0.77,1.89,2.12,2.6,1.59,1.74,1.89,0.3,0.38
2019-06-05,0.27,0.37,0.78,1.86,2.12,2.63,1.59,1.75,1.91,0.27,0.37
2019-06-06,0.3,0.39,0.8,1.88,2.12,2.62,1.58,1.73,1.88,0.3,0.39
2019-06-07,0.24,0.35,0.76,1.85,2.09,2.57,1.61,1.74,1.87,0.24,0.35
2019-06-10,0.31,0.42,0.82,1.91,2.15,2.62,1.6,1.73,1.86,0.31,0.42
2019-06-11,0.35,0.43,0.82,1.92,2.15,2.62,1.57,1.72,1.87,0.35,0.43
2019-06-12,0.35,0.42,0.83,1.88,2.13,2.62,1.53,1.71,1.89,0.35,0.42
2019-06-13,0.33,0.42,0.84,1.84,2.1,2.61,1.51,1.68,1.85,0.33,0.42
2019-06-14,0.37,0.46,0.87,1.85,2.09,2.59,1.48,1.63,1.78,0.37,0.46
2019-06-17,0.4,0.48,0.87,1.85,2.09,2.58,1.45,1.61,1.77,0.4,0.48
2019-06-18,0.34,0.42,0.82,1.83,2.06,2.55,1.49,1.64,1.79,0.34,0.42
2019-06-19,0.24,0.36,0.77,1.77,2.03,2.54,1.53,1.67,1.81,0.24,0.36
2019-06-20,0.16,0.27,0.72,1.74,2.01,2.53,1.58,1.74,1.9,0.16,0.27
2019-06-21,0.2,0.34,0.79,1.8,2.07,2.59,1.6,1.73,1.86,0.2,0.34
2019-06-24,0.18,0.31,0.76,1.75,2.02,2.55,1.57,1.71,1.85,0.18,0.31
2019-06-25,0.21,0.33,0.78,1.73,2.0,2.53,1.52,1.67,1.82,0.21,0.33
2019-06-26,0.24,0.35,0.79,1.8,2.05,2.57,1.56,1.7,1.84,0.24,0.35
2019-06-27,0.23,0.33,0.77,1.76,2.01,2.52,1.53,1.68,1.83,0.23,0.33
2019-06-28,0.23,0.31,0.78,1.76,2.0,2.52,1.53,1.69,1.85,0.23,0.31
2019-07-01,0.26,0.34,0.81,1.79,2.03,2.55,1.53,1.69,1.85,0.26,0.34
2019-07-02,0.25,0.33,0.79,1.75,1.98,2.51,1.5,1.65,1.8,0.25,0.33
2019-07-03,0.23,0.31,0.76,1.74,1.96,2.47,1.51,1.65,1.79,0.23,0.31
2019-07-05,0.29,0.35,0.78,1.84,2.04,2.54,1.55,1.69,1.83,0.29,0.35
2019-07-08,0.31,0.35,0.76,1.86,2.05,2.53,1.55,1.7,1.85,0.31,0.35
2019-07-09,0.32,0.36,0.75,1.88,2.07,2.54,1.56,1.71,1.86,0.32,0.36
2019-07-10,0.23,0.33,0.76,1.82,2.07,2.57,1.59,1.74,1.89,0.23,0.33
2019-07-11,0.25,0.36,0.81,1.88,2.13,2.65,1.63,1.77,1.91,0.25,0.36
2019-07-12,0.24,0.35,0.8,1.86,2.12,2.64,1.62,1.77,1.92,0.24,0.35
2019-07-15,0.23,0.32,0.77,1.84,2.09,2.61,1.61,1.77,1.93,0.23,0.32
2019-07-16,0.25,0.33,0.78,1.88,2.13,2.63,1.63,1.8,1.97,0.25,0.33
2019-07-17,0.23,0.31,0.75,1.83,2.06,2.57,1.6,1.75,1.9,0.23,0.31
2019-07-18,0.18,0.25,0.74,1.78,2.04,2.56,1.6,1.79,1.98,0.18,0.25
2019-07-19,0.2,0.25,0.75,1.8,2.05,2.57,1.6,1.8,2.0,0.2,0.25
2019-07-22,0.21,0.26,0.75,1.8,2.05,2.58,1.59,1.79,1.99,0.21,0.26
2019-07-23,0.22,0.27,0.76,1.83,2.08,2.61,1.61,1.81,2.01,0.22,0.27
2019-07-24,0.23,0.26,0.75,1.82,2.05,2.58,1.59,1.79,1.99,0.23,0.26
2019-07-25,0.25,0.28,0.76,1.85,2.08,2.6,1.6,1.8,2.0,0.25,0.28
2019-07-26,0.28,0.3,0.78,1.85,2.08,2.59,1.57,1.78,1.99,0.28,0.3
2019-07-29,0.27,0.29,0.78,1.84,2.06,2.59,1.57,1.77,1.97,0.27,0.29
2019-07-30,0.26,0.28,0.77,1.84,2.06,2.58,1.58,1.78,1.98,0.26,0.28
2019-07-31,0.28,0.26,0.72,1.84,2.02,2.53,1.56,1.76,1.96,0.28,0.26
2019-08-01,0.21,0.2,0.71,1.68,1.9,2.44,1.47,1.7,1.93,0.21,0.2
2019-08-02,0.21,0.2,0.69,1.66,1.86,2.39,1.45,1.66,1.87,0.21,0.2
2019-08-05,0.16,0.15,0.65,1.55,1.75,2.3,1.39,1.6,1.81,0.16,0.15
2019-08-06,0.13,0.11,0.6,1.53,1.73,2.25,1.4,1.62,1.84,0.13,0.11
2019-08-07,0.14,0.09,0.56,1.52,1.71,2.22,1.38,1.62,1.86,0.14,0.09
2019-08-08,0.11,0.07,0.54,1.54,1.72,2.25,1.43,1.65,1.87,0.11,0.07
2019-08-09,0.13,0.08,0.55,1.57,1.74,2.26,1.44,1.66,1.88,0.13,0.08
2019-08-12,0.1,0.04,0.47,1.49,1.65,2.14,1.39,1.61,1.83,0.1,0.04
2019-08-13,0.13,0.05,0.49,1.57,1.68,2.15,1.44,1.63,1.82,0.13,0.05
2019-08-14,0.15,0.02,0.44,1.51,1.59,2.03,1.36,1.57,1.78,0.15,0.02
2019-08-15,0.08,-0.02,0.41,1.42,1.52,1.98,1.34,1.54,1.74,0.08,-0.02
2019-08-16,0.08,0.01,0.44,1.42,1.55,2.01,1.34,1.54,1.74,0.08,0.01
2019-08-19,0.11,0.04,0.49,1.47,1.6,2.08,1.36,1.56,1.76,0.11,0.04
2019-08-20,0.08,0.02,0.48,1.42,1.55,2.04,1.34,1.53,1.72,0.08,0.02
2019-08-21,0.13,0.05,0.5,1.47,1.59,2.07,1.34,1.54,1.74,0.13,0.05
2019-08-22,0.15,0.07,0.51,1.5,1.62,2.11,1.35,1.55,1.75,0.15,0.07
2019-08-23,0.05,-0.02,0.42,1.4,1.52,2.02,1.35,1.54,1.73,0.05,-0.02
2019-08-26,0.09,0.0,0.44,1.43,1.54,2.04,1.34,1.54,1.74,0.09,0.0
2019-08-27,0.04,-0.06,0.36,1.4,1.49,1.97,1.36,1.55,1.74,0.04,-0.06
2019-08-28,0.01,-0.08,0.32,1.37,1.47,1.94,1.36,1.55,1.74,0.01,-0.08
2019-08-29,0.01,-0.09,0.31,1.4,1.5,1.97,1.39,1.59,1.79,0.01,-0.09
2019-08-30,0.04,-0.05,0.35,1.39,1.5,1.96,1.35,1.55,1.75,0.04,-0.05
2019-09-03,0.06,-0.03,0.37,1.35,1.47,1.95,1.29,1.5,1.71,0.06,-0.03
2019-09-04,0.01,-0.04,0.39,1.32,1.47,1.97,1.31,1.51,1.71,0.01,-0.04
2019-09-05,0.08,0.01,0.43,1.43,1.57,2.06,1.35,1.56,1.77,0.08,0.01
2019-09-06,0.07,0.01,0.41,1.42,1.55,2.02,1.35,1.54,1.73,0.07,0.01
2019-09-09,0.11,0.06,0.47,1.49,1.63,2.11,1.38,1.57,1.76,0.11,0.06
2019-09-10,0.18,0.12,0.54,1.58,1.72,2.19,1.4,1.6,1.8,0.18,0.12
2019-09-11,0.2,0.15,0.56,1.6,1.75,2.22,1.4,1.6,1.8,0.2,0.15
2019-09-12,0.22,0.16,0.58,1.65,1.79,2.22,1.43,1.63,1.83,0.22,0.16
2019-09-13,0.29,0.23,0.65,1.75,1.9,2.37,1.46,1.67,1.88,0.29,0.23
2019-09-16,0.21,0.17,0.59,1.69,1.84,2.31,1.48,1.67,1.86,0.21,0.17
2019-09-17,0.2,0.15,0.56,1.66,1.81,2.27,1.46,1.66,1.86,0.2,0.15
2019-09-18,0.28,0.21,0.59,1.68,1.8,2.25,1.4,1.59,1.78,0.28,0.21
2019-09-19,0.25,0.18,0.57,1.66,1.79,2.22,1.41,1.61,1.81,0.25,0.18
2019-09-20,0.19,0.13,0.5,1.61,1.74,2.17,1.42,1.61,1.8,0.19,0.13
2019-09-23,0.17,0.11,0.49,1.59,1.72,2.16,1.42,1.61,1.8,0.17,0.11
2019-09-24,0.13,0.06,0.45,1.52,1.64,2.09,1.39,1.58,1.77,0.13,0.06
2019-09-25,0.19,0.13,0.52,1.6,1.73,2.18,1.41,1.6,1.79,0.19,0.13
2019-09-26,0.19,0.13,0.51,1.59,1.7,2.15,1.4,1.57,1.74,0.19,0.13
2019-09-27,0.2,0.16,0.53,1.56,1.69,2.13,1.36,1.53,1.7,0.2,0.16
2019-09-30,0.2,0.15,0.53,1.55,1.68,2.12,1.35,1.53,1.71,0.2,0.15
2019-10-01,0.18,0.13,0.52,1.51,1.65,2.11,1.33,1.52,1.71,0.18,0.13
2019-10-02,0.14,0.1,0.51,1.43,1.6,2.09,1.29,1.5,1.71,0.14,0.1
2019-10-03,0.09,0.06,0.48,1.34,1.54,2.04,1.25,1.48,1.71,0.09,0.06
2019-10-04,0.07,0.02,0.43,1.34,1.52,2.01,1.27,1.5,1.73,0.07,0.02
2019-10-07,0.11,0.05,0.46,1.38,1.56,2.05,1.27,1.51,1.75,0.11,0.05
2019-10-08,0.11,0.06,0.48,1.36,1.54,2.04,1.25,1.48,1.71,0.11,0.06
2019-10-09,0.16,0.1,0.52,1.4,1.59,2.08,1.24,1.49,1.74,0.16,0.1
2019-10-10,0.19,0.15,0.57,1.48,1.67,2.16,1.29,1.52,1.75,0.19,0.15
2019-10-11,0.25,0.2,0.59,1.59,1.76,2.22,1.34,1.56,1.78,0.25,0.2
2019-10-15,0.26,0.21,0.59,1.59,1.77,2.23,1.33,1.56,1.79,0.26,0.21
2019-10-16,0.22,0.18,0.6,1.57,1.75,2.23,1.35,1.57,1.79,0.22,0.18
2019-10-17,0.05,0.17,0.59,1.57,1.76,2.24,1.52,1.59,1.66,0.05,0.17
2019-10-18,0.04,0.16,0.58,1.56,1.76,2.25,1.52,1.6,1.68,0.04,0.16
2019-10-21,0.08,0.19,0.6,1.61,1.8,2.28,1.53,1.61,1.69,0.08,0.19
2019-10-22,0.07,0.17,0.58,1.6,1.78,2.26,1.53,1.61,1.69,0.07,0.17
2019-10-23,0.06,0.16,0.56,1.58,1.77,2.25,1.52,1.61,1.7,0.06,0.16
2019-10-24,0.06,0.15,0.56,1.58,1.77,2.26,1.52,1.62,1.72,0.06,0.15
2019-10-25,0.07,0.15,0.56,1.62,1.8,2.29,1.55,1.65,1.75,0.07,0.15
2019-10-28,0.13,0.21,0.61,1.66,1.85,2.34,1.53,1.64,1.75,0.13,0.21
2019-10-29,0.15,0.23,0.64,1.66,1.84,2.33,1.51,1.61,1.71,0.15,0.23
2019-10-30,0.14,0.21,0.6,1.61,1.78,2.26,1.47,1.57,1.67,0.14,0.21
2019-10-31,0.07,0.15,0.55,1.51,1.69,2.17,1.44,1.54,1.64,0.07,0.15
2019-11-01,0.05,0.14,0.54,1.55,1.73,2.21,1.5,1.59,1.68,0.05,0.14
2019-11-04,0.04,0.15,0.56,1.6,1.79,2.27,1.56,1.64,1.72,0.04,0.15
2019-11-05,0.08,0.18,0.58,1.66,1.86,2.34,1.58,1.68,1.78,0.08,0.18
2019-11-06,0.06,0.15,0.54,1.63,1.81,2.3,1.57,1.66,1.75,0.06,0.15
2019-11-07,0.13,0.23,0.61,1.74,1.92,2.4,1.61,1.69,1.77,0.13,0.23
2019-11-08,0.11,0.23,0.63,1.74,1.94,2.43,1.63,1.71,1.79,0.11,0.23
2019-11-12,0.13,0.22,0.61,1.73,1.92,2.39,1.6,1.7,1.8,0.13,0.22
2019-11-13,0.11,0.22,0.6,1.69,1.88,2.36,1.58,1.66,1.74,0.11,0.22
2019-11-14,0.09,0.2,0.58,1.63,1.82,2.31,1.54,1.62,1.7,0.09,0.2
2019-11-15,0.13,0.21,0.59,1.65,1.84,2.31,1.52,1.63,1.74,0.13,0.21
2019-11-18,0.09,0.18,0.57,1.63,1.81,2.3,1.54,1.63,1.72,0.09,0.18
2019-11-19,0.1,0.16,0.53,1.63,1.79,2.26,1.53,1.63,1.73,0.1,0.16
2019-11-20,0.07,0.13,0.49,1.58,1.73,2.2,1.51,1.6,1.69,0.07,0.13
2019-11-21,0.09,0.14,0.51,1.62,1.77,2.24,1.53,1.63,1.73,0.09,0.14
2019-11-22,0.09,0.15,0.49,1.62,1.77,2.22,1.53,1.62,1.71,0.09,0.15
2019-11-25,0.09,0.14,0.47,1.62,1.76,2.21,1.53,1.62,1.71,0.09,0.14
2019-11-26,0.06,0.12,0.44,1.58,1.74,2.18,1.52,1.62,1.72,0.06,0.12
2019-11-27,0.09,0.14,0.47,1.63,1.77,2.19,1.54,1.63,1.72,0.09,0.14
2019-11-29,0.12,0.17,0.5,1.62,1.78,2.21,1.5,1.61,1.72,0.12,0.17
2019-12-02,0.11,0.18,0.54,1.65,1.83,2.28,1.54,1.65,1.76,0.11,0.18
2019-12-03,0.03,0.09,0.44,1.54,1.72,2.17,1.51,1.63,1.75,0.03,0.09
2019-12-04,0.06,0.11,0.47,1.6,1.77,2.22,1.54,1.66,1.78,0.06,0.11
2019-12-05,0.07,0.13,0.49,1.62,1.8,2.24,1.55,1.67,1.79,0.07,0.13
2019-12-06,0.08,0.15,0.51,1.67,1.84,2.29,1.59,1.69,1.79,0.08,0.15
2019-12-09,0.08,0.14,0.51,1.67,1.83,2.27,1.59,1.69,1.79,0.08,0.14
2019-12-10,0.09,0.14,0.5,1.68,1.85,2.26,1.59,1.71,1.83,0.09,0.14
2019-12-11,0.04,0.1,0.47,1.64,1.79,2.23,1.6,1.69,1.78,0.04,0.1
2019-12-12,0.11,0.18,0.53,1.73,1.9,2.32,1.62,1.72,1.82,0.11,0.18
2019-12-13,0.04,0.12,0.5,1.66,1.82,2.26,1.62,1.7,1.78,0.04,0.12
2019-12-16,0.08,0.16,0.52,1.72,1.89,2.3,1.64,1.73,1.82,0.08,0.16
2019-12-17,0.06,0.14,0.52,1.71,1.89,2.31,1.65,1.75,1.85,0.06,0.14
2019-12-18,0.06,0.16,0.54,1.74,1.92,2.35,1.68,1.76,1.84,0.06,0.16
2019-12-19,0.05,0.15,0.52,1.73,1.92,2.35,1.68,1.77,1.86,0.05,0.15
2019-12-20,0.06,0.15,0.52,1.73,1.92,2.34,1.67,1.77,1.87,0.06,0.15
2019-12-23,0.08,0.18,0.55,1.75,1.93,2.35,1.67,1.75,1.83,0.08,0.18
2019-12-24,0.05,0.15,0.53,1.72,1.9,2.33,1.67,1.75,1.83,0.05,0.15
2019-12-26,0.06,0.16,0.54,1.72,1.9,2.33,1.66,1.74,1.82,0.06,0.16
2019-12-27,0.04,0.15,0.54,1.68,1.88,2.32,1.64,1.73,1.82,0.04,0.15
2019-12-30,0.02,0.15,0.55,1.68,1.9,2.34,1.66,1.75,1.84,0.02,0.15
2019-12-31,0.01,0.15,0.58,1.69,1.92,2.39,1.68,1.77,1.86,0.01,0.15
2020-01-02,-0.05,0.08,0.5,1.67,1.88,2.33,1.72,1.8,1.88,-0.05,0.08
2020-01-03,-0.1,0.03,0.45,1.59,1.8,2.26,1.69,1.77,1.85,-0.1,0.03
2020-01-06,-0.08,0.06,0.48,1.61,1.81,2.28,1.69,1.75,1.81,-0.08,0.06
2020-01-07,-0.05,0.09,0.52,1.62,1.83,2.31,1.67,1.74,1.81,-0.05,0.09
2020-01-08,-0.01,0.12,0.54,1.67,1.87,2.35,1.68,1.75,1.82,-0.01,0.12
2020-01-09,-0.02,0.11,0.52,1.65,1.85,2.38,1.67,1.74,1.81,-0.02,0.11
2020-01-10,-0.04,0.07,0.47,1.63,1.83,2.28,1.67,1.76,1.85,-0.04,0.07
2020-01-13,-0.05,0.08,0.48,1.65,1.85,2.3,1.7,1.77,1.84,-0.05,0.08
2020-01-14,-0.07,0.05,0.46,1.63,1.82,2.27,1.7,1.77,1.84,-0.07,0.05
2020-01-15,-0.07,0.04,0.44,1.6,1.79,2.23,1.67,1.75,1.83,-0.07,0.04
2020-01-16,-0.05,0.07,0.46,1.63,1.81,2.26,1.68,1.74,1.8,-0.05,0.07
2020-01-17,-0.05,0.09,0.49,1.63,1.84,2.29,1.68,1.75,1.82,-0.05,0.09
2020-01-21,-0.09,0.04,0.44,1.57,1.78,2.23,1.66,1.74,1.82,-0.09,0.04
2020-01-22,-0.07,0.05,0.44,1.57,1.77,2.22,1.64,1.72,1.8,-0.07,0.05
2020-01-23,-0.09,0.04,0.41,1.55,1.74,2.18,1.64,1.7,1.76,-0.09,0.04
2020-01-24,-0.11,0.02,0.38,1.51,1.7,2.14,1.62,1.68,1.74,-0.11,0.02
2020-01-27,-0.12,-0.02,0.33,1.44,1.61,2.05,1.56,1.63,1.7,-0.12,-0.02
2020-01-28,-0.12,0.0,0.36,1.47,1.65,2.1,1.59,1.65,1.71,-0.12,0.0
2020-01-29,-0.17,-0.04,0.32,1.41,1.6,2.05,1.58,1.64,1.7,-0.17,-0.04
2020-01-30,-0.2,-0.07,0.3,1.39,1.57,2.04,1.59,1.64,1.69,-0.2,-0.07
2020-01-31,-0.28,-0.14,0.26,1.32,1.51,1.99,1.6,1.65,1.7,-0.28,-0.14
2020-02-03,-0.21,-0.09,0.3,1.35,1.54,2.01,1.56,1.63,1.7,-0.21,-0.09
2020-02-04,-0.16,-0.03,0.36,1.42,1.61,2.08,1.58,1.64,1.7,-0.16,-0.03
2020-02-05,-0.15,0.0,0.4,1.46,1.66,2.14,1.61,1.66,1.71,-0.15,0.0
2020-02-06,-0.16,-0.02,0.36,1.45,1.65,2.11,1.61,1.67,1.73,-0.16,-0.02
2020-02-07,-0.2,-0.07,0.31,1.41,1.59,2.05,1.61,1.66,1.71,-0.2,-0.07
2020-02-10,-0.24,-0.1,0.3,1.38,1.56,2.03,1.62,1.66,1.7,-0.24,-0.1
2020-02-11,-0.2,-0.06,0.34,1.4,1.59,2.05,1.6,1.65,1.7,-0.2,-0.06
2020-02-12,-0.19,-0.04,0.36,1.45,1.62,2.09,1.64,1.66,1.68,-0.19,-0.04
2020-02-13,-0.22,-0.06,0.33,1.43,1.61,2.07,1.65,1.67,1.69,-0.22,-0.06
2020-02-14,-0.22,-0.07,0.32,1.42,1.59,2.04,1.64,1.66,1.68,-0.22,-0.07
2020-02-18,-0.25,-0.1,0.28,1.39,1.55,2.0,1.64,1.65,1.66,-0.25,-0.1
2020-02-19,-0.24,-0.09,0.29,1.41,1.56,2.01,1.65,1.65,1.65,-0.24,-0.09
2020-02-20,-0.26,-0.11,0.26,1.37,1.52,1.97,1.63,1.63,1.63,-0.26,-0.11
2020-02-21,-0.3,-0.15,0.22,1.3,1.46,1.9,1.6,1.61,1.62,-0.3,-0.15
2020-02-24,-0.36,-0.21,0.19,1.21,1.38,1.84,1.57,1.59,1.61,-0.36,-0.21
2020-02-25,-0.36,-0.2,0.19,1.16,1.33,1.8,1.52,1.53,1.54,-0.36,-0.2
2020-02-26,-0.36,-0.21,0.2,1.14,1.33,1.81,1.5,1.54,1.58,-0.36,-0.21
2020-02-27,-0.37,-0.23,0.19,1.11,1.3,1.79,1.48,1.53,1.58,-0.37,-0.23
2020-02-28,-0.44,-0.28,0.24,0.89,1.13,1.65,1.33,1.41,1.49,-0.44,-0.28
2020-03-02,-0.44,-0.31,0.11,0.88,1.1,1.66,1.32,1.41,1.5,-0.44,-0.31
2020-03-03,-0.57,-0.43,0.05,0.77,1.02,1.64,1.34,1.45,1.56,-0.57,-0.43
2020-03-04,-0.59,-0.44,0.04,0.75,1.02,1.67,1.34,1.46,1.58,-0.59,-0.44
2020-03-05,-0.61,-0.48,-0.01,0.67,0.92,1.56,1.28,1.4,1.52,-0.61,-0.48
2020-03-06,-0.56,-0.57,-0.22,0.58,0.74,1.25,1.14,1.31,1.48,-0.56,-0.57
2020-03-09,-0.34,-0.45,-0.2,0.46,0.54,0.99,0.8,0.99,1.18,-0.34,-0.45
2020-03-10,-0.14,-0.24,0.06,0.63,0.76,1.28,0.77,1.0,1.23,-0.14,-0.24
2020-03-11,-0.03,-0.14,0.13,0.66,0.82,1.3,0.69,0.96,1.23,-0.03,-0.14
2020-03-12,0.03,-0.04,0.3,0.66,0.88,1.49,0.63,0.92,1.21,0.03,-0.04
2020-03-13,0.17,0.04,0.39,0.7,0.94,1.56,0.53,0.9,1.27,0.17,0.04
2020-03-16,0.19,0.0,0.31,0.49,0.73,1.34,0.3,0.73,1.16,0.19,0.0
2020-03-17,0.5,0.39,0.67,0.66,1.02,1.63,0.16,0.63,1.1,0.5,0.39
2020-03-18,0.63,0.55,0.75,0.79,1.18,1.77,0.16,0.63,1.1,0.63,0.55
2020-03-19,0.52,0.62,0.78,0.66,1.12,1.78,0.14,0.5,0.86,0.52,0.62
2020-03-20,0.21,0.17,0.34,0.52,0.92,1.55,0.31,0.75,1.19,0.21,0.17
2020-03-23,0.01,-0.04,-0.01,0.38,0.76,1.33,0.37,0.8,1.23,0.01,-0.04
2020-03-24,-0.03,-0.13,-0.07,0.52,0.84,1.39,0.55,0.97,1.39,-0.03,-0.13
2020-03-25,-0.13,-0.19,0.0,0.56,0.88,1.45,0.69,1.07,1.45,-0.13,-0.19
2020-03-26,-0.21,-0.24,-0.05,0.51,0.83,1.42,0.72,1.07,1.42,-0.21,-0.24
2020-03-27,-0.13,-0.22,-0.03,0.41,0.72,1.29,0.54,0.94,1.34,-0.13,-0.22
2020-03-30,-0.18,-0.25,0.04,0.39,0.7,1.31,0.57,0.95,1.33,-0.18,-0.25
2020-03-31,-0.12,-0.17,0.16,0.37,0.7,1.35,0.49,0.87,1.25,-0.12,-0.17
2020-04-01,-0.19,-0.29,0.07,0.37,0.62,1.27,0.56,0.91,1.26,-0.19,-0.29
2020-04-02,-0.34,-0.4,-0.03,0.39,0.63,1.26,0.73,1.03,1.33,-0.34,-0.4
2020-04-03,-0.39,-0.46,-0.08,0.39,0.62,1.24,0.78,1.08,1.38,-0.39,-0.46
2020-04-06,-0.41,-0.47,-0.09,0.44,0.67,1.27,0.85,1.14,1.43,-0.41,-0.47
2020-04-07,-0.38,-0.42,-0.06,0.48,0.75,1.32,0.86,1.17,1.48,-0.38,-0.42
2020-04-08,-0.4,-0.42,-0.04,0.47,0.77,1.37,0.87,1.19,1.51,-0.4,-0.42
2020-04-09,-0.49,-0.5,-0.12,0.41,0.73,1.35,0.9,1.23,1.56,-0.49,-0.5
2020-04-13,-0.5,-0.5,-0.13,0.44,0.76,1.39,0.94,1.26,1.58,-0.5,-0.5
2020-04-14,-0.52,-0.53,-0.14,0.42,0.76,1.41,0.94,1.29,1.64,-0.52,-0.53
2020-04-15,-0.53,-0.56,-0.19,0.34,0.63,1.27,0.87,1.19,1.51,-0.53,-0.56
2020-04-16,-0.35,-0.42,-0.09,0.35,0.61,1.21,0.7,1.03,1.36,-0.35,-0.42
2020-04-17,-0.31,-0.36,-0.02,0.36,0.65,1.27,0.67,1.01,1.35,-0.31,-0.36
2020-04-20,-0.21,-0.31,-0.04,0.35,0.63,1.23,0.56,0.94,1.32,-0.21,-0.31
2020-04-21,-0.24,-0.38,-0.14,0.34,0.58,1.17,0.58,0.96,1.34,-0.24,-0.38
2020-04-22,-0.32,-0.43,-0.17,0.37,0.63,1.22,0.69,1.06,1.43,-0.32,-0.43
2020-04-23,-0.3,-0.44,-0.2,0.37,0.61,1.18,0.67,1.05,1.43,-0.3,-0.44
2020-04-24,-0.36,-0.51,-0.26,0.36,0.6,1.17,0.72,1.11,1.5,-0.36,-0.51
2020-04-27,-0.37,-0.5,-0.24,0.41,0.67,1.25,0.78,1.17,1.56,-0.37,-0.5
2020-04-28,-0.39,-0.52,-0.26,0.37,0.62,1.2,0.76,1.14,1.52,-0.39,-0.52
2020-04-29,-0.42,-0.51,-0.22,0.36,0.63,1.24,0.78,1.14,1.5,-0.42,-0.51
2020-04-30,-0.36,-0.43,-0.12,0.36,0.64,1.28,0.72,1.07,1.42,-0.36,-0.43
2020-05-01,-0.32,-0.42,-0.12,0.36,0.64,1.27,0.68,1.06,1.44,-0.32,-0.42
2020-05-04,-0.33,-0.43,-0.12,0.36,0.64,1.29,0.69,1.07,1.45,-0.33,-0.43
2020-05-05,-0.35,-0.44,-0.12,0.36,0.66,1.32,0.71,1.1,1.49,-0.35,-0.44
2020-05-06,-0.34,-0.38,-0.04,0.37,0.72,1.41,0.71,1.1,1.49,-0.34,-0.38
2020-05-07,-0.41,-0.45,-0.11,0.29,0.63,1.31,0.7,1.08,1.46,-0.41,-0.45
2020-05-08,-0.41,-0.43,-0.07,0.33,0.69,1.39,0.74,1.12,1.5,-0.41,-0.43
2020-05-11,-0.39,-0.4,-0.05,0.36,0.73,1.43,0.75,1.13,1.51,-0.39,-0.4
2020-05-12,-0.38,-0.4,-0.05,0.34,0.69,1.38,0.72,1.09,1.46,-0.38,-0.4
2020-05-13,-0.4,-0.43,-0.08,0.31,0.64,1.35,0.71,1.07,1.43,-0.4,-0.43
2020-05-14,-0.4,-0.43,-0.09,0.31,0.63,1.3,0.71,1.06,1.41,-0.4,-0.43
2020-05-15,-0.44,-0.45,-0.11,0.31,0.64,1.32,0.75,1.09,1.43,-0.44,-0.45
2020-05-18,-0.46,-0.44,-0.07,0.38,0.73,1.44,0.84,1.17,1.5,-0.46,-0.44
2020-05-19,-0.47,-0.45,-0.06,0.35,0.7,1.43,0.82,1.15,1.48,-0.47,-0.45
2020-05-20,-0.49,-0.48,-0.1,0.34,0.68,1.4,0.83,1.16,1.49,-0.49,-0.48
2020-05-21,-0.46,-0.46,-0.08,0.35,0.68,1.4,0.81,1.14,1.47,-0.46,-0.46
2020-05-22,-0.46,-0.46,-0.08,0.34,0.66,1.37,0.8,1.12,1.44,-0.46,-0.46
2020-05-26,-0.47,-0.44,-0.03,0.35,0.69,1.43,0.82,1.13,1.44,-0.47,-0.44
2020-05-27,-0.48,-0.46,-0.03,0.34,0.68,1.44,0.82,1.14,1.46,-0.48,-0.46
2020-05-28,-0.52,-0.48,-0.05,0.34,0.7,1.47,0.86,1.18,1.5,-0.52,-0.48
2020-05-29,-0.53,-0.5,-0.07,0.3,0.65,1.41,0.83,1.15,1.47,-0.53,-0.5
2020-06-01,-0.53,-0.52,-0.06,0.31,0.66,1.46,0.84,1.18,1.52,-0.53,-0.52
2020-06-02,-0.52,-0.5,-0.03,0.32,0.68,1.48,0.84,1.18,1.52,-0.52,-0.5
2020-06-03,-0.5,-0.44,0.02,0.38,0.77,1.56,0.88,1.21,1.54,-0.5,-0.44
2020-06-04,-0.48,-0.4,0.06,0.4,0.82,1.61,0.88,1.22,1.56,-0.48,-0.4
2020-06-05,-0.48,-0.36,0.1,0.47,0.91,1.68,0.95,1.27,1.59,-0.48,-0.36
2020-06-08,-0.53,-0.4,0.08,0.45,0.88,1.65,0.98,1.28,1.58,-0.53,-0.4
2020-06-09,-0.58,-0.42,0.05,0.4,0.84,1.59,0.98,1.26,1.54,-0.58,-0.42
2020-06-10,-0.67,-0.52,-0.03,0.33,0.75,1.53,1.0,1.27,1.54,-0.67,-0.52
2020-06-11,-0.63,-0.55,-0.1,0.32,0.66,1.41,0.95,1.21,1.47,-0.63,-0.55
2020-06-12,-0.62,-0.5,-0.04,0.33,0.71,1.45,0.95,1.21,1.47,-0.62,-0.5
2020-06-15,-0.65,-0.52,-0.05,0.33,0.71,1.45,0.98,1.23,1.48,-0.65,-0.52
2020-06-16,-0.68,-0.52,-0.01,0.34,0.75,1.54,1.02,1.27,1.52,-0.68,-0.52
2020-06-17,-0.67,-0.52,-0.01,0.34,0.74,1.52,1.01,1.26,1.51,-0.67,-0.52
2020-06-18,-0.78,-0.57,-0.07,0.34,0.71,1.47,1.12,1.28,1.44,-0.78,-0.57
2020-06-19,-0.73,-0.6,-0.09,0.33,0.7,1.47,1.06,1.3,1.54,-0.73,-0.6
2020-06-22,-0.77,-0.63,-0.12,0.34,0.71,1.46,1.11,1.34,1.57,-0.77,-0.63
2020-06-23,-0.81,-0.66,-0.14,0.33,0.72,1.49,1.14,1.38,1.62,-0.81,-0.66
2020-06-24,-0.77,-0.64,-0.14,0.33,0.69,1.44,1.1,1.33,1.56,-0.77,-0.64
2020-06-25,-0.79,-0.65,-0.16,0.32,0.68,1.43,1.11,1.33,1.55,-0.79,-0.65
2020-06-26,-0.81,-0.68,-0.2,0.3,0.64,1.37,1.11,1.32,1.53,-0.81,-0.68
2020-06-29,-0.86,-0.7,-0.18,0.28,0.64,1.39,1.14,1.34,1.54,-0.86,-0.7
2020-06-30,-0.87,-0.68,-0.15,0.29,0.66,1.41,1.16,1.34,1.52,-0.87,-0.68
2020-07-01,-0.86,-0.68,-0.15,0.31,0.69,1.43,1.17,1.37,1.57,-0.86,-0.68
2020-07-02,-0.92,-0.73,-0.18,0.29,0.68,1.43,1.21,1.41,1.61,-0.92,-0.73
2020-07-06,-0.97,-0.76,-0.2,0.31,0.69,1.45,1.28,1.45,1.62,-0.97,-0.76
2020-07-07,-0.97,-0.78,-0.23,0.29,0.65,1.38,1.26,1.43,1.6,-0.97,-0.78
2020-07-08,-0.95,-0.75,-0.19,0.3,0.67,1.39,1.25,1.42,1.59,-0.95,-0.75
2020-07-09,-0.94,-0.77,-0.24,0.28,0.62,1.32,1.22,1.39,1.56,-0.94,-0.77
2020-07-10,-0.95,-0.76,-0.22,0.3,0.65,1.33,1.25,1.41,1.57,-0.95,-0.76
2020-07-13,-0.97,-0.78,-0.24,0.3,0.64,1.33,1.27,1.42,1.57,-0.97,-0.78
2020-07-14,-0.99,-0.78,-0.25,0.28,0.63,1.3,1.27,1.41,1.55,-0.99,-0.78
2020-07-15,-1.0,-0.77,-0.24,0.28,0.64,1.33,1.28,1.41,1.54,-1.0,-0.77
2020-07-16,-1.02,-0.79,-0.27,0.28,0.62,1.31,1.3,1.41,1.52,-1.02,-0.79
2020-07-17,-1.06,-0.82,-0.28,0.29,0.64,1.33,1.35,1.46,1.57,-1.06,-0.82
2020-07-20,-1.08,-0.84,-0.3,0.29,0.62,1.32,1.37,1.46,1.55,-1.08,-0.84
2020-07-21,-1.13,-0.87,-0.32,0.27,0.61,1.31,1.4,1.48,1.56,-1.13,-0.87
2020-07-22,-1.13,-0.88,-0.32,0.27,0.6,1.29,1.4,1.48,1.56,-1.13,-0.88
2020-07-23,-1.1,-0.9,-0.34,0.27,0.59,1.24,1.37,1.49,1.61,-1.1,-0.9
2020-07-24,-1.08,-0.92,-0.37,0.27,0.59,1.23,1.35,1.51,1.67,-1.08,-0.92
2020-07-27,-1.08,-0.9,-0.36,0.3,0.62,1.25,1.38,1.52,1.66,-1.08,-0.9
2020-07-28,-1.1,-0.92,-0.39,0.26,0.59,1.22,1.36,1.51,1.66,-1.1,-0.92
2020-07-29,-1.13,-0.95,-0.4,0.25,0.58,1.24,1.38,1.53,1.68,-1.13,-0.95
2020-07-30,-1.14,-0.97,-0.42,0.23,0.55,1.2,1.37,1.52,1.67,-1.14,-0.97
2020-07-31,-1.19,-1.0,-0.45,0.21,0.55,1.2,1.4,1.55,1.7,-1.19,-1.0
2020-08-03,-1.24,-1.02,-0.44,0.22,0.56,1.23,1.46,1.58,1.7,-1.24,-1.02
2020-08-04,-1.26,-1.05,-0.46,0.19,0.52,1.19,1.45,1.57,1.69,-1.26,-1.05
2020-08-05,-1.3,-1.06,-0.45,0.22,0.55,1.22,1.52,1.61,1.7,-1.3,-1.06
2020-08-06,-1.32,-1.08,-0.45,0.21,0.55,1.2,1.53,1.63,1.73,-1.32,-1.08
2020-08-07,-1.27,-1.04,-0.41,0.23,0.57,1.23,1.5,1.61,1.72,-1.27,-1.04
2020-08-10,-1.25,-1.02,-0.41,0.24,0.59,1.25,1.49,1.61,1.73,-1.25,-1.02
2020-08-11,-1.23,-0.99,-0.37,0.27,0.64,1.32,1.5,1.63,1.76,-1.23,-0.99
2020-08-12,-1.26,-0.98,-0.35,0.3,0.69,1.37,1.56,1.67,1.78,-1.26,-0.98
2020-08-13,-1.24,-0.96,-0.3,0.32,0.71,1.42,1.56,1.67,1.78,-1.24,-0.96
2020-08-14,-1.24,-0.94,-0.26,0.29,0.71,1.45,1.53,1.65,1.77,-1.24,-0.94
2020-08-17,-1.25,-0.97,-0.28,0.29,0.69,1.43,1.54,1.66,1.78,-1.25,-0.97
2020-08-18,-1.28,-1.01,-0.35,0.27,0.67,1.4,1.55,1.68,1.81,-1.28,-1.01
2020-08-19,-1.26,-0.99,-0.33,0.29,0.68,1.42,1.55,1.67,1.79,-1.26,-0.99
2020-08-20,-1.22,-0.97,-0.26,0.26,0.65,1.38,1.48,1.62,1.76,-1.22,-0.97
2020-08-21,-1.25,-1.0,-0.34,0.27,0.64,1.35,1.52,1.64,1.76,-1.25,-1.0
2020-08-24,-1.29,-1.02,-0.36,0.28,0.65,1.35,1.57,1.67,1.77,-1.29,-1.02
2020-08-25,-1.3,-1.01,-0.34,0.3,0.69,1.39,1.6,1.7,1.8,-1.3,-1.01
2020-08-26,-1.35,-1.03,-0.35,0.28,0.69,1.41,1.63,1.72,1.81,-1.35,-1.03
2020-08-27,-1.34,-0.99,-0.26,0.31,0.74,1.5,1.65,1.73,1.81,-1.34,-0.99
2020-08-28,-1.4,-1.03,-0.28,0.28,0.74,1.52,1.68,1.77,1.86,-1.4,-1.03
2020-08-31,-1.41,-1.08,-0.35,0.28,0.72,1.49,1.69,1.8,1.91,-1.41,-1.08
2020-09-01,-1.39,-1.08,-0.39,0.26,0.68,1.43,1.65,1.76,1.87,-1.39,-1.08
2020-09-02,-1.35,-1.07,-0.4,0.26,0.66,1.38,1.61,1.73,1.85,-1.35,-1.07
2020-09-03,-1.29,-1.02,-0.39,0.24,0.63,1.34,1.53,1.65,1.77,-1.29,-1.02
2020-09-04,-1.27,-0.98,-0.33,0.3,0.72,1.46,1.57,1.7,1.83,-1.27,-0.98
2020-09-08,-1.27,-0.99,-0.35,0.28,0.69,1.43,1.55,1.68,1.81,-1.27,-0.99
2020-09-09,-1.29,-1.0,-0.34,0.28,0.71,1.45,1.57,1.71,1.85,-1.29,-1.0
2020-09-10,-1.28,-1.01,-0.36,0.26,0.68,1.43,1.54,1.69,1.84,-1.28,-1.01
2020-09-11,-1.27,-0.98,-0.33,0.26,0.67,1.42,1.53,1.65,1.77,-1.27,-0.98
2020-09-14,-1.27,-0.97,-0.32,0.27,0.68,1.42,1.54,1.65,1.76,-1.27,-0.97
2020-09-15,-1.27,-0.99,-0.34,0.27,0.68,1.43,1.54,1.67,1.8,-1.27,-0.99
2020-09-16,-1.29,-0.99,-0.32,0.28,0.69,1.45,1.57,1.68,1.79,-1.29,-0.99
2020-09-17,-1.29,-0.97,-0.32,0.28,0.69,1.43,1.57,1.66,1.75,-1.29,-0.97
2020-09-18,-1.29,-0.97,-0.31,0.29,0.7,1.45,1.58,1.67,1.76,-1.29,-0.97
2020-09-21,-1.23,-0.94,-0.3,0.27,0.68,1.43,1.5,1.62,1.74,-1.23,-0.94
2020-09-22,-1.23,-0.94,-0.3,0.27,0.68,1.42,1.5,1.62,1.74,-1.23,-0.94
2020-09-23,-1.2,-0.92,-0.31,0.28,0.68,1.42,1.48,1.6,1.72,-1.2,-0.92
2020-09-24,-1.18,-0.91,-0.33,0.27,0.67,1.4,1.45,1.58,1.71,-1.18,-0.91
2020-09-25,-1.17,-0.92,-0.34,0.26,0.66,1.4,1.43,1.58,1.73,-1.17,-0.92
2020-09-28,-1.22,-0.94,-0.34,0.26,0.67,1.42,1.48,1.61,1.74,-1.22,-0.94
2020-09-29,-1.25,-0.98,-0.36,0.24,0.66,1.41,1.49,1.64,1.79,-1.25,-0.98
2020-09-30,-1.22,-0.94,-0.32,0.28,0.69,1.46,1.5,1.63,1.76,-1.22,-0.94
2020-10-01,-1.21,-0.95,-0.34,0.27,0.68,1.45,1.48,1.63,1.78,-1.21,-0.95
2020-10-02,-1.2,-0.94,-0.33,0.28,0.7,1.48,1.48,1.64,1.8,-1.2,-0.94
2020-10-05,-1.19,-0.9,-0.27,0.33,0.78,1.57,1.52,1.68,1.84,-1.19,-0.9
2020-10-06,-1.19,-0.9,-0.26,0.32,0.76,1.56,1.51,1.66,1.81,-1.19,-0.9
2020-10-07,-1.19,-0.9,-0.24,0.35,0.81,1.6,1.54,1.71,1.88,-1.19,-0.9
2020-10-08,-1.23,-0.94,-0.29,0.33,0.78,1.57,1.56,1.72,1.88,-1.23,-0.94
2020-10-09,-1.22,-0.94,-0.29,0.34,0.79,1.58,1.56,1.73,1.9,-1.22,-0.94
2020-10-13,-1.21,-0.96,-0.33,0.31,0.74,1.52,1.52,1.7,1.88,-1.21,-0.96
2020-10-14,-1.22,-0.96,-0.33,0.3,0.73,1.5,1.52,1.69,1.86,-1.22,-0.96
2020-10-15,-1.2,-0.95,-0.33,0.32,0.74,1.52,1.52,1.69,1.86,-1.2,-0.95
2020-10-16,-1.21,-0.95,-0.33,0.32,0.76,1.52,1.53,1.71,1.89,-1.21,-0.95
2020-10-19,-1.19,-0.93,-0.3,0.34,0.78,1.55,1.53,1.71,1.89,-1.19,-0.93
2020-10-20,-1.19,-0.91,-0.26,0.34,0.81,1.6,1.53,1.72,1.91,-1.19,-0.91
2020-10-21,-1.2,-0.91,-0.26,0.36,0.83,1.62,1.56,1.74,1.92,-1.2,-0.91
2020-10-22,-1.3,-0.89,-0.23,0.38,0.87,1.67,1.68,1.76,1.84,-1.3,-0.89
2020-10-23,-1.29,-0.9,-0.25,0.37,0.85,1.64,1.66,1.75,1.84,-1.29,-0.9
2020-10-26,-1.28,-0.91,-0.28,0.35,0.81,1.59,1.63,1.72,1.81,-1.28,-0.91
2020-10-27,-1.3,-0.92,-0.3,0.34,0.79,1.57,1.64,1.71,1.78,-1.3,-0.92
2020-10-28,-1.27,-0.91,-0.29,0.34,0.79,1.56,1.61,1.7,1.79,-1.27,-0.91
2020-10-29,-1.23,-0.86,-0.26,0.38,0.85,1.62,1.61,1.71,1.81,-1.23,-0.86
2020-10-30,-1.21,-0.82,-0.23,0.38,0.88,1.65,1.59,1.7,1.81,-1.21,-0.82
2020-11-02,-1.22,-0.84,-0.26,0.38,0.87,1.63,1.6,1.71,1.82,-1.22,-0.84
2020-11-03,-1.23,-0.82,-0.24,0.39,0.9,1.66,1.62,1.72,1.82,-1.23,-0.82
2020-11-04,-1.23,-0.86,-0.27,0.33,0.78,1.55,1.56,1.64,1.72,-1.23,-0.86
2020-11-05,-1.22,-0.87,-0.29,0.33,0.79,1.54,1.55,1.66,1.77,-1.22,-0.87
2020-11-06,-1.18,-0.82,-0.24,0.36,0.83,1.6,1.54,1.65,1.76,-1.18,-0.82
2020-11-09,-1.19,-0.77,-0.15,0.44,0.96,1.73,1.63,1.73,1.83,-1.19,-0.77
2020-11-10,-1.23,-0.78,-0.17,0.46,0.98,1.75,1.69,1.76,1.83,-1.23,-0.78
2020-11-12,-1.23,-0.83,-0.24,0.4,0.88,1.64,1.63,1.71,1.79,-1.23,-0.83
2020-11-13,-1.23,-0.83,-0.24,0.41,0.89,1.65,1.64,1.72,1.8,-1.23,-0.83
2020-11-16,-1.23,-0.81,-0.22,0.41,0.91,1.66,1.64,1.72,1.8,-1.23,-0.81
2020-11-17,-1.24,-0.83,-0.25,0.39,0.87,1.62,1.63,1.7,1.77,-1.24,-0.83
2020-11-18,-1.23,-0.82,-0.24,0.4,0.88,1.62,1.63,1.7,1.77,-1.23,-0.82
2020-11-19,-1.23,-0.84,-0.27,0.39,0.86,1.58,1.62,1.7,1.78,-1.23,-0.84
2020-11-20,-1.23,-0.86,-0.31,0.38,0.83,1.53,1.61,1.69,1.77,-1.23,-0.86
2020-11-23,-1.23,-0.85,-0.3,0.39,0.86,1.56,1.62,1.71,1.8,-1.23,-0.85
2020-11-24,-1.26,-0.86,-0.29,0.39,0.88,1.6,1.65,1.74,1.83,-1.26,-0.86
2020-11-25,-1.28,-0.87,-0.29,0.39,0.88,1.62,1.67,1.75,1.83,-1.28,-0.87
2020-11-27,-1.3,-0.91,-0.33,0.37,0.84,1.57,1.67,1.75,1.83,-1.3,-0.91
2020-11-30,-1.32,-0.93,-0.35,0.36,0.84,1.58,1.68,1.77,1.86,-1.32,-0.93
2020-12-01,-1.3,-0.89,-0.3,0.42,0.92,1.66,1.72,1.81,1.9,-1.3,-0.89
2020-12-02,-1.34,-0.9,-0.29,0.42,0.95,1.7,1.76,1.85,1.94,-1.34,-0.9
2020-12-03,-1.38,-0.94,-0.32,0.4,0.92,1.67,1.78,1.86,1.94,-1.38,-0.94
2020-12-04,-1.41,-0.92,-0.28,0.42,0.97,1.73,1.83,1.89,1.95,-1.41,-0.92
2020-12-07,-1.44,-0.94,-0.3,0.4,0.94,1.69,1.84,1.88,1.92,-1.44,-0.94
2020-12-08,-1.45,-0.97,-0.32,0.39,0.92,1.67,1.84,1.89,1.94,-1.45,-0.97
2020-12-09,-1.43,-0.96,-0.32,0.41,0.95,1.69,1.84,1.91,1.98,-1.43,-0.96
2020-12-10,-1.44,-0.96,-0.35,0.39,0.92,1.65,1.83,1.88,1.93,-1.44,-0.96
2020-12-11,-1.45,-0.97,-0.34,0.37,0.9,1.63,1.82,1.87,1.92,-1.45,-0.97
2020-12-14,-1.47,-0.98,-0.34,0.37,0.9,1.63,1.84,1.88,1.92,-1.47,-0.98
2020-12-15,-1.49,-0.99,-0.35,0.37,0.92,1.65,1.86,1.91,1.96,-1.49,-0.99
2020-12-16,-1.53,-1.0,-0.33,0.37,0.92,1.66,1.9,1.92,1.94,-1.53,-1.0
2020-12-17,-1.52,-1.0,-0.33,0.38,0.94,1.68,1.9,1.94,1.98,-1.52,-1.0
2020-12-18,-1.53,-1.0,-0.32,0.39,0.95,1.7,1.92,1.95,1.98,-1.53,-1.0
2020-12-21,-1.51,-1.0,-0.32,0.39,0.95,1.68,1.9,1.95,2.0,-1.51,-1.0
2020-12-22,-1.55,-1.01,-0.33,0.37,0.93,1.65,1.92,1.94,1.96,-1.55,-1.01
2020-12-23,-1.55,-1.01,-0.32,0.38,0.96,1.7,1.93,1.97,2.01,-1.55,-1.01
2020-12-24,-1.55,-1.03,-0.35,0.37,0.94,1.66,1.92,1.97,2.02,-1.55,-1.03
2020-12-28,-1.54,-1.03,-0.35,0.38,0.94,1.67,1.92,1.97,2.02,-1.54,-1.03
2020-12-29,-1.53,-1.02,-0.34,0.37,0.94,1.67,1.9,1.96,2.02,-1.53,-1.02
2020-12-30,-1.55,-1.03,-0.35,0.37,0.93,1.66,1.92,1.96,2.0,-1.55,-1.03
2020-12-31,-1.59,-1.06,-0.37,0.36,0.93,1.65,1.95,1.99,2.03,-1.59,-1.06
2021-01-04,-1.62,-1.08,-0.39,0.36,0.93,1.66,1.98,2.01,2.04,-1.62,-1.08
2021-01-05,-1.63,-1.07,-0.36,0.38,0.96,1.7,2.01,2.03,2.05,-1.63,-1.07
2021-01-06,-1.61,-1.02,-0.3,0.43,1.04,1.81,2.04,2.06,2.08,-1.61,-1.02
2021-01-07,-1.63,-1.01,-0.28,0.46,1.08,1.85,2.09,2.09,2.09,-1.63,-1.01
2021-01-08,-1.58,-0.93,-0.21,0.49,1.13,1.87,2.07,2.06,2.05,-1.58,-0.93
2021-01-11,-1.54,-0.91,-0.2,0.5,1.15,1.88,2.04,2.06,2.08,-1.54,-0.91
2021-01-12,-1.56,-0.93,-0.22,0.5,1.15,1.88,2.06,2.08,2.1,-1.56,-0.93
2021-01-13,-1.56,-0.96,-0.28,0.48,1.1,1.82,2.04,2.06,2.08,-1.56,-0.96
2021-01-14,-1.6,-0.94,-0.24,0.49,1.15,1.88,2.09,2.09,2.09,-1.6,-0.94
2021-01-15,-1.63,-0.99,-0.26,0.46,1.11,1.85,2.09,2.1,2.11,-1.63,-0.99
2021-01-19,-1.67,-1.0,-0.29,0.45,1.1,1.84,2.12,2.1,2.08,-1.67,-1.0
2021-01-20,-1.7,-1.02,-0.3,0.45,1.1,1.84,2.15,2.12,2.09,-1.7,-1.02
2021-01-21,-1.73,-0.98,-0.3,0.45,1.12,1.87,2.18,2.1,2.02,-1.73,-0.98
2021-01-22,-1.72,-0.99,-0.3,0.44,1.1,1.85,2.16,2.09,2.02,-1.72,-0.99
2021-01-25,-1.73,-1.03,-0.32,0.42,1.05,1.8,2.15,2.08,2.01,-1.73,-1.03
2021-01-26,-1.73,-1.03,-0.29,0.42,1.05,1.8,2.15,2.08,2.01,-1.73,-1.03
2021-01-27,-1.74,-1.04,-0.28,0.41,1.04,1.79,2.15,2.08,2.01,-1.74,-1.04
2021-01-28,-1.76,-1.06,-0.31,0.42,1.07,1.81,2.18,2.13,2.08,-1.76,-1.06
2021-01-29,-1.76,-1.02,-0.27,0.45,1.11,1.87,2.21,2.13,2.05,-1.76,-1.02
2021-02-01,-1.76,-1.02,-0.27,0.42,1.09,1.84,2.18,2.11,2.04,-1.76,-1.02
2021-02-02,-1.78,-1.03,-0.27,0.45,1.12,1.87,2.23,2.15,2.07,-1.78,-1.03
2021-02-03,-1.81,-1.04,-0.25,0.46,1.15,1.92,2.27,2.19,2.11,-1.81,-1.04
2021-02-04,-1.79,-1.02,-0.24,0.46,1.15,1.93,2.25,2.17,2.09,-1.79,-1.02
2021-02-05,-1.81,-1.02,-0.2,0.47,1.19,1.97,2.28,2.21,2.14,-1.81,-1.02
2021-02-08,-1.83,-1.03,-0.22,0.48,1.19,1.96,2.31,2.22,2.13,-1.83,-1.03
2021-02-09,-1.83,-1.04,-0.22,0.48,1.18,1.95,2.31,2.22,2.13,-1.83,-1.04
2021-02-10,-1.85,-1.06,-0.24,0.46,1.15,1.92,2.31,2.21,2.11,-1.85,-1.06
2021-02-11,-1.86,-1.04,-0.2,0.46,1.16,1.94,2.32,2.2,2.08,-1.86,-1.04
2021-02-12,-1.85,-1.01,-0.16,0.5,1.2,2.01,2.35,2.21,2.07,-1.85,-1.01
2021-02-16,-1.8,-0.94,-0.11,0.57,1.3,2.08,2.37,2.24,2.11,-1.8,-0.94
2021-02-17,-1.78,-0.92,-0.11,0.57,1.29,2.06,2.35,2.21,2.07,-1.78,-0.92
2021-02-18,-1.73,-0.87,-0.04,0.56,1.29,2.08,2.29,2.16,2.03,-1.73,-0.87
2021-02-19,-1.7,-0.8,0.03,0.59,1.34,2.14,2.29,2.14,1.99,-1.7,-0.8
2021-02-22,-1.74,-0.79,0.06,0.61,1.37,2.19,2.35,2.16,1.97,-1.74,-0.79
2021-02-23,-1.76,-0.79,0.08,0.59,1.37,2.21,2.35,2.16,1.97,-1.76,-0.79
2021-02-24,-1.76,-0.79,0.11,0.62,1.38,2.24,2.38,2.17,1.96,-1.76,-0.79
2021-02-25,-1.53,-0.6,0.22,0.81,1.54,2.33,2.34,2.14,1.94,-1.53,-0.6
2021-02-26,-1.64,-0.71,0.06,0.75,1.44,2.17,2.39,2.15,1.91,-1.64,-0.71
2021-03-01,-1.69,-0.71,0.12,0.71,1.45,2.23,2.4,2.16,1.92,-1.69,-0.71
2021-03-02,-1.76,-0.78,0.08,0.67,1.42,2.21,2.43,2.2,1.97,-1.76,-0.78
2021-03-03,-1.72,-0.74,0.1,0.73,1.47,2.25,2.45,2.21,1.97,-1.72,-0.74
2021-03-04,-1.66,-0.66,0.15,0.77,1.54,2.3,2.43,2.2,1.97,-1.66,-0.66
2021-03-05,-1.64,-0.66,0.12,0.79,1.56,2.28,2.43,2.22,2.01,-1.64,-0.66
2021-03-08,-1.56,-0.62,0.15,0.86,1.59,2.31,2.42,2.21,2.0,-1.56,-0.62
2021-03-09,-1.58,-0.66,0.1,0.83,1.55,2.26,2.41,2.21,2.01,-1.58,-0.66
2021-03-10,-1.67,-0.73,0.05,0.8,1.53,2.24,2.47,2.26,2.05,-1.67,-0.73
2021-03-11,-1.73,-0.74,0.08,0.78,1.54,2.29,2.51,2.28,2.05,-1.73,-0.74
2021-03-12,-1.66,-0.62,0.21,0.85,1.64,2.4,2.51,2.26,2.01,-1.66,-0.62
2021-03-15,-1.7,-0.65,0.16,0.84,1.62,2.37,2.54,2.27,2.0,-1.7,-0.65
2021-03-16,-1.76,-0.68,0.14,0.83,1.62,2.38,2.59,2.3,2.01,-1.76,-0.68
2021-03-17,-1.78,-0.67,0.17,0.8,1.63,2.42,2.58,2.3,2.02,-1.78,-0.67
2021-03-18,-1.64,-0.56,0.21,0.86,1.71,2.45,2.5,2.27,2.04,-1.64,-0.56
2021-03-19,-1.61,-0.57,0.18,0.9,1.74,2.45,2.51,2.31,2.11,-1.61,-0.57
2021-03-22,-1.64,-0.64,0.08,0.87,1.69,2.38,2.51,2.33,2.15,-1.64,-0.64
2021-03-23,-1.65,-0.66,0.05,0.83,1.63,2.34,2.48,2.29,2.1,-1.65,-0.66
2021-03-24,-1.7,-0.69,0.03,0.83,1.62,2.31,2.53,2.31,2.09,-1.7,-0.69
2021-03-25,-1.72,-0.69,0.05,0.82,1.63,2.34,2.54,2.32,2.1,-1.72,-0.69
2021-03-26,-1.72,-0.67,0.06,0.85,1.67,2.37,2.57,2.34,2.11,-1.72,-0.67
2021-03-29,-1.67,-0.63,0.1,0.89,1.73,2.43,2.56,2.36,2.16,-1.67,-0.63
2021-03-30,-1.62,-0.62,0.09,0.9,1.73,2.38,2.52,2.35,2.18,-1.62,-0.62
2021-03-31,-1.62,-0.63,0.11,0.92,1.74,2.41,2.54,2.37,2.2,-1.62,-0.63
2021-04-01,-1.65,-0.66,0.07,0.9,1.69,2.34,2.55,2.35,2.15,-1.65,-0.66
2021-04-02,-1.61,-0.64,0.07,0.97,1.72,2.35,2.58,2.36,2.14,-1.61,-0.64
2021-04-05,-1.61,-0.62,0.1,0.94,1.73,2.36,2.55,2.35,2.15,-1.61,-0.62
2021-04-06,-1.64,-0.65,0.1,0.88,1.67,2.32,2.52,2.32,2.12,-1.64,-0.65
2021-04-07,-1.66,-0.66,0.12,0.87,1.68,2.35,2.53,2.34,2.15,-1.66,-0.66
2021-04-08,-1.7,-0.69,0.1,0.85,1.64,2.32,2.55,2.33,2.11,-1.7,-0.69
2021-04-09,-1.64,-0.64,0.14,0.87,1.67,2.34,2.51,2.31,2.11,-1.64,-0.64
2021-04-12,-1.63,-0.64,0.13,0.89,1.69,2.34,2.52,2.33,2.14,-1.63,-0.64
2021-04-13,-1.69,-0.69,0.09,0.85,1.64,2.32,2.54,2.33,2.12,-1.69,-0.69
2021-04-14,-1.69,-0.69,0.1,0.87,1.64,2.32,2.56,2.33,2.1,-1.69,-0.69
2021-04-15,-1.74,-0.77,0.01,0.81,1.56,2.23,2.55,2.33,2.11,-1.74,-0.77
2021-04-16,-1.73,-0.77,0.01,0.84,1.59,2.26,2.57,2.36,2.15,-1.73,-0.77
2021-04-19,-1.71,-0.73,0.05,0.85,1.61,2.29,2.56,2.34,2.12,-1.71,-0.73
2021-04-20,-1.71,-0.74,0.04,0.81,1.58,2.27,2.52,2.32,2.12,-1.71,-0.74
2021-04-21,-1.72,-0.76,0.02,0.81,1.57,2.26,2.53,2.33,2.13,-1.72,-0.76
2021-04-22,-1.61,-0.76,0.0,0.81,1.57,2.24,2.42,2.33,2.24,-1.61,-0.76
2021-04-23,-1.61,-0.76,0.0,0.83,1.58,2.25,2.44,2.34,2.24,-1.61,-0.76
2021-04-26,-1.62,-0.78,-0.02,0.85,1.58,2.24,2.47,2.36,2.25,-1.62,-0.78
2021-04-27,-1.63,-0.76,-0.01,0.88,1.63,2.29,2.51,2.39,2.27,-1.63,-0.76
2021-04-28,-1.68,-0.78,-0.02,0.86,1.63,2.29,2.54,2.41,2.28,-1.68,-0.78
2021-04-29,-1.7,-0.77,0.01,0.86,1.65,2.31,2.56,2.42,2.28,-1.7,-0.77
2021-04-30,-1.71,-0.76,0.02,0.86,1.65,2.3,2.57,2.41,2.25,-1.71,-0.76
2021-05-03,-1.76,-0.79,0.02,0.84,1.63,2.3,2.6,2.42,2.24,-1.76,-0.79
2021-05-04,-1.8,-0.81,0.0,0.82,1.61,2.27,2.62,2.42,2.22,-1.8,-0.81
2021-05-05,-1.88,-0.88,-0.05,0.8,1.59,2.25,2.68,2.47,2.26,-1.88,-0.88
2021-05-06,-1.85,-0.87,-0.03,0.81,1.58,2.24,2.66,2.45,2.24,-1.85,-0.87
2021-05-07,-1.88,-0.89,-0.03,0.77,1.6,2.28,2.65,2.49,2.33,-1.88,-0.89
2021-05-10,-1.91,-0.91,-0.03,0.8,1.63,2.32,2.71,2.54,2.37,-1.91,-0.91
2021-05-11,-1.88,-0.89,0.0,0.8,1.64,2.35,2.68,2.53,2.38,-1.88,-0.89
2021-05-12,-1.85,-0.85,0.04,0.87,1.69,2.4,2.72,2.54,2.36,-1.85,-0.85
2021-05-13,-1.81,-0.85,0.03,0.84,1.66,2.39,2.65,2.51,2.37,-1.81,-0.85
2021-05-14,-1.86,-0.88,-0.02,0.82,1.63,2.35,2.68,2.51,2.34,-1.86,-0.88
2021-05-17,-1.88,-0.9,-0.02,0.84,1.64,2.36,2.72,2.54,2.36,-1.88,-0.9
2021-05-18,-1.89,-0.88,0.0,0.83,1.64,2.37,2.72,2.52,2.32,-1.89,-0.88
2021-05-19,-1.79,-0.8,0.04,0.87,1.68,2.38,2.66,2.48,2.3,-1.79,-0.8
2021-05-20,-1.76,-0.78,0.04,0.83,1.63,2.34,2.59,2.41,2.23,-1.76,-0.78
2021-05-21,-1.78,-0.8,0.03,0.84,1.63,2.33,2.62,2.43,2.24,-1.78,-0.8
2021-05-24,-1.82,-0.83,0.0,0.82,1.61,2.31,2.64,2.44,2.24,-1.82,-0.83
2021-05-25,-1.84,-0.86,-0.05,0.79,1.56,2.26,2.63,2.42,2.21,-1.84,-0.86
2021-05-26,-1.8,-0.82,-0.03,0.8,1.58,2.27,2.6,2.4,2.2,-1.8,-0.82
2021-05-27,-1.78,-0.81,-0.02,0.81,1.61,2.29,2.59,2.42,2.25,-1.78,-0.81
2021-05-28,-1.78,-0.84,-0.06,0.79,1.58,2.26,2.57,2.42,2.27,-1.78,-0.84
2021-06-01,-1.79,-0.84,-0.05,0.81,1.62,2.3,2.6,2.46,2.32,-1.79,-0.84
2021-06-02,-1.79,-0.85,-0.05,0.8,1.59,2.28,2.59,2.44,2.29,-1.79,-0.85
2021-06-03,-1.72,-0.79,-0.03,0.84,1.63,2.3,2.56,2.42,2.28,-1.72,-0.79
2021-06-04,-1.76,-0.84,-0.08,0.78,1.56,2.24,2.54,2.4,2.26,-1.76,-0.84
2021-06-07,-1.72,-0.82,-0.06,0.79,1.57,2.25,2.51,2.39,2.27,-1.72,-0.82
2021-06-08,-1.7,-0.83,-0.09,0.77,1.53,2.21,2.47,2.36,2.25,-1.7,-0.83
2021-06-09,-1.66,-0.82,-0.11,0.75,1.5,2.17,2.41,2.32,2.23,-1.66,-0.82
2021-06-10,-1.74,-0.9,-0.16,0.73,1.45,2.15,2.47,2.35,2.23,-1.74,-0.9
2021-06-11,-1.67,-0.85,-0.14,0.76,1.47,2.15,2.43,2.32,2.21,-1.67,-0.85
2021-06-14,-1.64,-0.85,-0.15,0.8,1.51,2.19,2.44,2.36,2.28,-1.64,-0.85
2021-06-15,-1.67,-0.87,-0.15,0.79,1.51,2.2,2.46,2.38,2.3,-1.67,-0.87
2021-06-16,-1.52,-0.75,-0.11,0.89,1.57,2.2,2.41,2.32,2.23,-1.52,-0.75
2021-06-17,-1.41,-0.75,-0.15,0.9,1.52,2.11,2.31,2.27,2.23,-1.41,-0.75
2021-06-18,-1.48,-0.79,-0.21,0.89,1.45,2.01,2.37,2.24,2.11,-1.48,-0.79
2021-06-21,-1.51,-0.75,-0.12,0.9,1.5,2.11,2.41,2.25,2.09,-1.51,-0.75
2021-06-22,-1.59,-0.83,-0.17,0.87,1.48,2.1,2.46,2.31,2.16,-1.59,-0.83
2021-06-23,-1.59,-0.84,-0.16,0.9,1.5,2.11,2.49,2.34,2.19,-1.59,-0.84
2021-06-24,-1.55,-0.81,-0.16,0.9,1.49,2.1,2.45,2.3,2.15,-1.55,-0.81
2021-06-25,-1.54,-0.8,-0.13,0.92,1.54,2.16,2.46,2.34,2.22,-1.54,-0.8
2021-06-28,-1.55,-0.84,-0.19,0.9,1.49,2.1,2.45,2.33,2.21,-1.55,-0.84
2021-06-29,-1.57,-0.83,-0.17,0.89,1.49,2.1,2.46,2.32,2.18,-1.57,-0.83
2021-06-30,-1.6,-0.87,-0.2,0.87,1.45,2.06,2.47,2.32,2.17,-1.6,-0.87
2021-07-01,-1.6,-0.87,-0.21,0.89,1.48,2.07,2.49,2.35,2.21,-1.6,-0.87
2021-07-02,-1.63,-0.89,-0.22,0.86,1.44,2.05,2.49,2.33,2.17,-1.63,-0.89
2021-07-06,-1.67,-0.94,-0.26,0.81,1.37,2.0,2.48,2.31,2.14,-1.67,-0.94
2021-07-07,-1.64,-0.95,-0.28,0.79,1.33,1.94,2.43,2.28,2.13,-1.64,-0.95
2021-07-08,-1.64,-0.92,-0.25,0.74,1.3,1.91,2.38,2.22,2.06,-1.64,-0.92
2021-07-09,-1.65,-0.91,-0.23,0.79,1.37,1.99,2.44,2.28,2.12,-1.65,-0.91
2021-07-12,-1.67,-0.95,-0.25,0.81,1.38,2.0,2.48,2.33,2.18,-1.67,-0.95
2021-07-13,-1.71,-0.94,-0.23,0.85,1.42,2.04,2.56,2.36,2.16,-1.71,-0.94
2021-07-14,-1.73,-0.97,-0.25,0.8,1.37,1.98,2.53,2.34,2.15,-1.73,-0.97
2021-07-15,-1.75,-1.01,-0.29,0.78,1.31,1.92,2.53,2.32,2.11,-1.75,-1.01
2021-07-16,-1.73,-1.02,-0.29,0.79,1.31,1.93,2.52,2.33,2.14,-1.73,-1.02
2021-07-19,-1.71,-1.05,-0.34,0.7,1.19,1.81,2.41,2.24,2.07,-1.71,-1.05
2021-07-20,-1.71,-1.03,-0.29,0.69,1.23,1.88,2.4,2.26,2.12,-1.71,-1.03
2021-07-21,-1.71,-0.98,-0.26,0.74,1.3,1.94,2.45,2.28,2.11,-1.71,-0.98
2021-07-22,-1.75,-1.01,-0.29,0.71,1.27,1.9,2.46,2.28,2.1,-1.75,-1.01
2021-07-23,-1.81,-1.05,-0.31,0.72,1.3,1.92,2.53,2.35,2.17,-1.81,-1.05
2021-07-26,-1.86,-1.11,-0.36,0.73,1.29,1.93,2.59,2.4,2.21,-1.86,-1.11
2021-07-27,-1.84,-1.13,-0.36,0.71,1.25,1.89,2.55,2.38,2.21,-1.84,-1.13
2021-07-28,-1.85,-1.15,-0.36,0.72,1.26,1.9,2.57,2.41,2.25,-1.85,-1.15
2021-07-29,-1.85,-1.15,-0.36,0.73,1.28,1.91,2.58,2.43,2.28,-1.85,-1.15
2021-07-30,-1.87,-1.16,-0.35,0.69,1.24,1.89,2.56,2.4,2.24,-1.87,-1.16
2021-08-02,-1.85,-1.17,-0.36,0.66,1.2,1.86,2.51,2.37,2.23,-1.85,-1.17
2021-08-03,-1.86,-1.19,-0.37,0.65,1.19,1.85,2.51,2.38,2.25,-1.86,-1.19
2021-08-04,-1.83,-1.16,-0.37,0.67,1.19,1.83,2.5,2.35,2.2,-1.83,-1.16
2021-08-05,-1.74,-1.1,-0.34,0.72,1.23,1.86,2.46,2.33,2.2,-1.74,-1.1
2021-08-06,-1.73,-1.06,-0.3,0.77,1.31,1.94,2.5,2.37,2.24,-1.73,-1.06
2021-08-09,-1.71,-1.04,-0.28,0.79,1.33,1.96,2.5,2.37,2.24,-1.71,-1.04
2021-08-10,-1.71,-1.04,-0.28,0.82,1.36,1.99,2.53,2.4,2.27,-1.71,-1.04
2021-08-11,-1.74,-1.07,-0.28,0.81,1.35,1.99,2.55,2.42,2.29,-1.74,-1.07
2021-08-12,-1.72,-1.05,-0.26,0.83,1.36,2.03,2.55,2.41,2.27,-1.72,-1.05
2021-08-13,-1.73,-1.08,-0.3,0.79,1.29,1.94,2.52,2.37,2.22,-1.73,-1.08
2021-08-16,-1.75,-1.1,-0.31,0.75,1.26,1.92,2.5,2.36,2.22,-1.75,-1.1
2021-08-17,-1.72,-1.07,-0.27,0.77,1.26,1.92,2.49,2.33,2.17,-1.72,-1.07
2021-08-18,-1.69,-1.05,-0.29,0.79,1.27,1.91,2.48,2.32,2.16,-1.69,-1.05
2021-08-19,-1.67,-1.04,-0.3,0.78,1.24,1.88,2.45,2.28,2.11,-1.67,-1.04
2021-08-20,-1.6,-1.01,-0.3,0.8,1.26,1.87,2.4,2.27,2.14,-1.6,-1.01
2021-08-23,-1.65,-1.02,-0.31,0.78,1.25,1.87,2.43,2.27,2.11,-1.65,-1.02
2021-08-24,-1.65,-1.01,-0.29,0.8,1.29,1.91,2.45,2.3,2.15,-1.65,-1.01
2021-08-25,-1.67,-1.0,-0.26,0.84,1.35,1.96,2.51,2.35,2.19,-1.67,-1.0
2021-08-26,-1.66,-0.99,-0.28,0.84,1.34,1.94,2.5,2.33,2.16,-1.66,-0.99
2021-08-27,-1.74,-1.08,-0.35,0.79,1.31,1.91,2.53,2.39,2.25,-1.74,-1.08
2021-08-30,-1.74,-1.08,-0.34,0.77,1.29,1.9,2.51,2.37,2.23,-1.74,-1.08
2021-08-31,-1.71,-1.03,-0.3,0.77,1.3,1.92,2.48,2.33,2.18,-1.71,-1.03
2021-09-01,-1.7,-1.03,-0.31,0.78,1.31,1.92,2.48,2.34,2.2,-1.7,-1.03
2021-09-02,-1.69,-1.03,-0.31,0.78,1.29,1.9,2.47,2.32,2.17,-1.69,-1.03
2021-09-03,-1.7,-1.01,-0.28,0.78,1.33,1.94,2.48,2.34,2.2,-1.7,-1.01
2021-09-07,-1.69,-0.98,-0.25,0.82,1.38,1.99,2.51,2.36,2.21,-1.69,-0.98
2021-09-08,-1.72,-1.03,-0.29,0.81,1.35,1.95,2.53,2.38,2.23,-1.72,-1.03
2021-09-09,-1.76,-1.08,-0.36,0.79,1.3,1.9,2.55,2.38,2.21,-1.76,-1.08
2021-09-10,-1.73,-1.05,-0.34,0.82,1.35,1.94,2.55,2.4,2.25,-1.73,-1.05
2021-09-13,-1.72,-1.04,-0.34,0.81,1.33,1.91,2.53,2.37,2.21,-1.72,-1.04
2021-09-14,-1.7,-1.05,-0.37,0.79,1.28,1.85,2.49,2.33,2.17,-1.7,-1.05
2021-09-15,-1.7,-1.04,-0.36,0.81,1.31,1.87,2.51,2.35,2.19,-1.7,-1.04
2021-09-16,-1.69,-1.01,-0.34,0.84,1.34,1.88,2.53,2.35,2.17,-1.69,-1.01
2021-09-17,-1.63,-0.96,-0.32,0.88,1.37,1.91,2.51,2.33,2.15,-1.63,-0.96
2021-09-20,-1.6,-0.98,-0.34,0.83,1.31,1.85,2.43,2.29,2.15,-1.6,-0.98
2021-09-21,-1.6,-0.96,-0.33,0.84,1.33,1.86,2.44,2.29,2.14,-1.6,-0.96
2021-09-22,-1.55,-0.96,-0.34,0.86,1.32,1.84,2.41,2.28,2.15,-1.55,-0.96
2021-09-23,-1.54,-0.9,-0.3,0.94,1.41,1.92,2.48,2.31,2.14,-1.54,-0.9
2021-09-24,-1.5,-0.87,-0.24,0.97,1.47,1.99,2.47,2.34,2.21,-1.5,-0.87
2021-09-27,-1.52,-0.87,-0.25,0.98,1.48,1.99,2.5,2.35,2.2,-1.52,-0.87
2021-09-28,-1.51,-0.84,-0.2,1.02,1.54,2.07,2.53,2.38,2.23,-1.51,-0.84
2021-09-29,-1.51,-0.82,-0.18,1.01,1.55,2.09,2.52,2.37,2.22,-1.51,-0.82
2021-09-30,-1.53,-0.85,-0.19,0.98,1.52,2.08,2.51,2.37,2.23,-1.53,-0.85
2021-10-01,-1.58,-0.9,-0.23,0.93,1.48,2.04,2.51,2.38,2.25,-1.58,-0.9
2021-10-04,-1.58,-0.89,-0.23,0.95,1.49,2.05,2.53,2.38,2.23,-1.58,-0.89
2021-10-05,-1.61,-0.91,-0.23,0.98,1.54,2.1,2.59,2.45,2.31,-1.61,-0.91
2021-10-06,-1.58,-0.9,-0.24,0.99,1.53,2.08,2.57,2.43,2.29,-1.58,-0.9
2021-10-07,-1.59,-0.88,-0.2,1.02,1.58,2.13,2.61,2.46,2.31,-1.59,-0.88
2021-10-08,-1.59,-0.89,-0.21,1.05,1.61,2.16,2.64,2.5,2.36,-1.59,-0.89
2021-10-12,-1.56,-0.9,-0.24,1.08,1.59,2.1,2.64,2.49,2.34,-1.56,-0.9
2021-10-13,-1.59,-0.96,-0.32,1.09,1.56,2.05,2.68,2.52,2.36,-1.59,-0.96
2021-10-14,-1.64,-1.0,-0.34,1.05,1.52,2.02,2.69,2.52,2.35,-1.64,-1.0
2021-10-15,-1.58,-0.97,-0.33,1.13,1.59,2.05,2.71,2.56,2.41,-1.58,-0.97
2021-10-18,-1.55,-0.95,-0.34,1.16,1.59,2.01,2.71,2.54,2.37,-1.55,-0.95
2021-10-19,-1.54,-0.89,-0.27,1.17,1.65,2.09,2.71,2.54,2.37,-1.54,-0.89
2021-10-20,-1.61,-0.92,-0.26,1.16,1.65,2.12,2.77,2.57,2.37,-1.61,-0.92
2021-10-21,-1.71,-0.96,-0.31,1.23,1.68,2.13,2.94,2.64,2.34,-1.71,-0.96
2021-10-22,-1.69,-0.98,-0.32,1.22,1.66,2.08,2.91,2.64,2.37,-1.69,-0.98
2021-10-25,-1.76,-1.02,-0.32,1.19,1.64,2.09,2.95,2.66,2.37,-1.76,-1.02
2021-10-26,-1.79,-1.06,-0.37,1.2,1.63,2.05,2.99,2.69,2.39,-1.79,-1.06
2021-10-27,-1.8,-1.11,-0.46,1.16,1.54,1.95,2.96,2.65,2.34,-1.8,-1.11
2021-10-28,-1.72,-1.0,-0.36,1.18,1.57,1.96,2.9,2.57,2.24,-1.72,-1.0
2021-10-29,-1.71,-0.96,-0.3,1.18,1.55,1.93,2.89,2.51,2.13,-1.71,-0.96
2021-11-01,-1.66,-0.92,-0.27,1.2,1.58,1.98,2.86,2.5,2.14,-1.66,-0.92
2021-11-02,-1.69,-0.95,-0.32,1.15,1.56,1.96,2.84,2.51,2.18,-1.69,-0.95
2021-11-03,-1.67,-0.93,-0.3,1.19,1.6,2.0,2.86,2.53,2.2,-1.67,-0.93
2021-11-04,-1.78,-1.03,-0.38,1.1,1.53,1.96,2.88,2.56,2.24,-1.78,-1.03
2021-11-05,-1.83,-1.09,-0.45,1.04,1.45,1.87,2.87,2.54,2.21,-1.83,-1.09
2021-11-08,-1.81,-1.11,-0.5,1.13,1.51,1.89,2.94,2.62,2.3,-1.81,-1.11
2021-11-09,-1.88,-1.17,-0.57,1.08,1.46,1.83,2.96,2.63,2.3,-1.88,-1.17
2021-11-10,-1.85,-1.14,-0.52,1.23,1.56,1.92,3.08,2.7,2.32,-1.85,-1.14
2021-11-12,-1.87,-1.15,-0.51,1.24,1.58,1.95,3.11,2.73,2.35,-1.87,-1.15
2021-11-15,-1.91,-1.13,-0.48,1.26,1.63,2.01,3.17,2.76,2.35,-1.91,-1.13
2021-11-16,-1.9,-1.1,-0.42,1.27,1.63,2.02,3.17,2.73,2.29,-1.9,-1.1
2021-11-17,-1.9,-1.1,-0.43,1.24,1.6,2.0,3.14,2.7,2.26,-1.9,-1.1
2021-11-18,-1.89,-1.14,-0.47,1.22,1.59,1.97,3.11,2.73,2.35,-1.89,-1.14
2021-11-19,-1.8,-1.11,-0.52,1.22,1.54,1.91,3.02,2.65,2.28,-1.8,-1.11
2021-11-22,-1.65,-0.98,-0.41,1.33,1.63,1.98,2.98,2.61,2.24,-1.65,-0.98
2021-11-23,-1.67,-0.95,-0.36,1.33,1.67,2.02,3.0,2.62,2.24,-1.67,-0.95
2021-11-24,-1.69,-0.97,-0.39,1.34,1.64,1.96,3.03,2.61,2.19,-1.69,-0.97
2021-11-26,-1.76,-1.07,-0.48,1.16,1.48,1.83,2.92,2.55,2.18,-1.76,-1.07
2021-11-29,-1.73,-1.02,-0.44,1.18,1.52,1.87,2.91,2.54,2.17,-1.73,-1.02
2021-11-30,-1.66,-1.07,-0.51,1.14,1.43,1.78,2.8,2.5,2.2,-1.66,-1.07
2021-12-01,-1.55,-1.01,-0.5,1.15,1.43,1.77,2.7,2.44,2.18,-1.55,-1.01
2021-12-02,-1.52,-1.03,-0.56,1.21,1.44,1.76,2.73,2.47,2.21,-1.52,-1.03
2021-12-03,-1.59,-1.08,-0.59,1.13,1.35,1.69,2.72,2.43,2.14,-1.59,-1.08
2021-12-06,-1.58,-1.01,-0.5,1.21,1.43,1.75,2.79,2.44,2.09,-1.58,-1.01
2021-12-07,-1.58,-0.99,-0.47,1.26,1.48,1.8,2.84,2.47,2.1,-1.58,-0.99
2021-12-08,-1.61,-1.0,-0.43,1.27,1.52,1.87,2.88,2.52,2.16,-1.61,-1.0
2021-12-09,-1.54,-0.98,-0.41,1.26,1.49,1.87,2.8,2.47,2.14,-1.54,-0.98
2021-12-10,-1.51,-0.96,-0.36,1.25,1.48,1.88,2.76,2.44,2.12,-1.51,-0.96
2021-12-13,-1.52,-0.98,-0.4,1.21,1.42,1.81,2.73,2.4,2.07,-1.52,-0.98
2021-12-14,-1.43,-0.93,-0.37,1.23,1.44,1.82,2.66,2.37,2.08,-1.43,-0.93
2021-12-15,-1.41,-0.92,-0.35,1.26,1.47,1.86,2.67,2.39,2.11,-1.41,-0.92
2021-12-16,-1.51,-0.98,-0.34,1.19,1.44,1.87,2.7,2.42,2.14,-1.51,-0.98
2021-12-17,-1.47,-0.97,-0.37,1.18,1.41,1.82,2.65,2.38,2.11,-1.47,-0.97
2021-12-20,-1.48,-0.96,-0.36,1.17,1.43,1.85,2.65,2.39,2.13,-1.48,-0.96
2021-12-21,-1.45,-0.96,-0.38,1.24,1.48,1.89,2.69,2.44,2.19,-1.45,-0.96
2021-12-22,-1.47,-1.01,-0.43,1.23,1.46,1.86,2.7,2.47,2.24,-1.47,-1.01
2021-12-23,-1.47,-0.97,-0.38,1.25,1.5,1.91,2.72,2.47,2.22,-1.47,-0.97
2021-12-27,-1.49,-1.02,-0.42,1.26,1.48,1.88,2.75,2.5,2.25,-1.49,-1.02
2021-12-28,-1.51,-1.01,-0.4,1.27,1.49,1.9,2.78,2.5,2.22,-1.51,-1.01
2021-12-29,-1.54,-0.98,-0.38,1.29,1.55,1.96,2.83,2.53,2.23,-1.54,-0.98
2021-12-30,-1.59,-1.06,-0.43,1.27,1.52,1.93,2.86,2.58,2.3,-1.59,-1.06
2021-12-31,-1.61,-1.04,-0.44,1.26,1.52,1.9,2.87,2.56,2.25,-1.61,-1.04
2022-01-03,-1.58,-0.97,-0.36,1.37,1.63,2.01,2.95,2.6,2.25,-1.58,-0.97
2022-01-04,-1.56,-0.91,-0.27,1.37,1.66,2.07,2.93,2.57,2.21,-1.56,-0.91
2022-01-05,-1.44,-0.82,-0.2,1.43,1.71,2.09,2.87,2.53,2.19,-1.44,-0.82
2022-01-06,-1.3,-0.73,-0.15,1.47,1.73,2.09,2.77,2.46,2.15,-1.3,-0.73
2022-01-07,-1.28,-0.72,-0.16,1.5,1.76,2.11,2.78,2.48,2.18,-1.28,-0.72
2022-01-10,-1.24,-0.7,-0.15,1.53,1.78,2.11,2.77,2.48,2.19,-1.24,-0.7
2022-01-11,-1.36,-0.79,-0.22,1.51,1.75,2.08,2.87,2.54,2.21,-1.36,-0.79
2022-01-12,-1.32,-0.74,-0.17,1.5,1.74,2.08,2.82,2.48,2.14,-1.32,-0.74
2022-01-13,-1.3,-0.73,-0.17,1.47,1.7,2.05,2.77,2.43,2.09,-1.3,-0.73
2022-01-14,-1.24,-0.66,-0.1,1.55,1.78,2.12,2.79,2.44,2.09,-1.24,-0.66
2022-01-18,-1.15,-0.59,-0.06,1.65,1.87,2.18,2.8,2.46,2.12,-1.15,-0.59
2022-01-19,-1.11,-0.57,-0.05,1.62,1.83,2.14,2.73,2.4,2.07,-1.11,-0.57
2022-01-20,-1.12,-0.5,-0.05,1.62,1.83,2.14,2.74,2.33,1.92,-1.12,-0.5
2022-01-21,-1.16,-0.59,-0.12,1.54,1.75,2.07,2.7,2.34,1.98,-1.16,-0.59
2022-01-24,-1.21,-0.63,-0.12,1.53,1.75,2.1,2.74,2.38,2.02,-1.21,-0.63
2022-01-25,-1.22,-0.63,-0.09,1.56,1.78,2.12,2.78,2.41,2.04,-1.22,-0.63
2022-01-26,-1.09,-0.53,-0.03,1.66,1.85,2.16,2.75,2.38,2.01,-1.09,-0.53
2022-01-27,-1.1,-0.59,-0.11,1.66,1.81,2.09,2.76,2.4,2.04,-1.1,-0.59
2022-01-28,-1.19,-0.66,-0.14,1.61,1.78,2.07,2.8,2.44,2.08,-1.19,-0.66
2022-01-31,-1.2,-0.65,-0.12,1.62,1.79,2.11,2.82,2.44,2.06,-1.2,-0.65
2022-02-01,-1.17,-0.62,-0.08,1.63,1.81,2.12,2.8,2.43,2.06,-1.17,-0.62
2022-02-02,-1.19,-0.63,-0.07,1.6,1.78,2.11,2.79,2.41,2.03,-1.19,-0.63
2022-02-03,-1.1,-0.56,-0.01,1.66,1.82,2.14,2.76,2.38,2.0,-1.1,-0.56
2022-02-04,-1.0,-0.48,0.06,1.78,1.93,2.23,2.78,2.41,2.04,-1.0,-0.48
2022-02-07,-0.99,-0.48,0.05,1.76,1.92,2.22,2.75,2.4,2.05,-0.99,-0.48
2022-02-08,-0.96,-0.46,0.05,1.81,1.96,2.25,2.77,2.42,2.07,-0.96,-0.46
2022-02-09,-0.96,-0.48,0.05,1.82,1.94,2.25,2.78,2.42,2.06,-0.96,-0.48
2022-02-10,-0.85,-0.42,0.11,1.96,2.03,2.3,2.81,2.45,2.09,-0.85,-0.42
2022-02-11,-0.98,-0.51,0.09,1.84,1.92,2.24,2.82,2.43,2.04,-0.98,-0.51
2022-02-14,-1.01,-0.5,0.13,1.9,1.98,2.29,2.91,2.48,2.05,-1.01,-0.5
2022-02-15,-0.95,-0.43,0.18,1.94,2.05,2.37,2.89,2.48,2.07,-0.95,-0.43
2022-02-16,-0.97,-0.43,0.17,1.9,2.03,2.34,2.87,2.46,2.05,-0.97,-0.43
2022-02-17,-1.02,-0.46,0.19,1.85,1.97,2.31,2.87,2.43,1.99,-1.02,-0.46
2022-02-18,-1.04,-0.49,0.12,1.82,1.92,2.24,2.86,2.41,1.96,-1.04,-0.49
2022-02-22,-1.04,-0.51,0.11,1.85,1.94,2.24,2.89,2.45,2.01,-1.04,-0.51
2022-02-23,-1.12,-0.54,0.12,1.89,1.99,2.29,3.01,2.53,2.05,-1.12,-0.54
2022-02-24,-1.21,-0.59,0.1,1.84,1.96,2.28,3.05,2.55,2.05,-1.21,-0.59
2022-02-25,-1.16,-0.57,0.09,1.86,1.97,2.29,3.02,2.54,2.06,-1.16,-0.57
2022-02-28,-1.4,-0.79,-0.11,1.71,1.83,2.17,3.11,2.62,2.13,-1.4,-0.79
2022-03-01,-1.58,-0.9,-0.16,1.56,1.72,2.11,3.14,2.62,2.1,-1.58,-0.9
2022-03-02,-1.49,-0.85,-0.14,1.74,1.86,2.24,3.23,2.71,2.19,-1.49,-0.85
2022-03-03,-1.43,-0.83,-0.11,1.74,1.86,2.24,3.17,2.69,2.21,-1.43,-0.83
2022-03-04,-1.54,-0.93,-0.17,1.65,1.74,2.16,3.19,2.67,2.15,-1.54,-0.93
2022-03-07,-1.58,-0.99,-0.23,1.71,1.78,2.19,3.29,2.77,2.25,-1.58,-0.99
2022-03-08,-1.63,-1.04,-0.3,1.8,1.86,2.24,3.43,2.9,2.37,-1.63,-1.04
2022-03-09,-1.46,-0.9,-0.2,1.87,1.94,2.29,3.33,2.84,2.35,-1.46,-0.9
2022-03-10,-1.5,-0.88,-0.14,1.92,1.98,2.38,3.42,2.86,2.3,-1.5,-0.88
2022-03-11,-1.56,-0.94,-0.22,1.96,2.0,2.36,3.52,2.94,2.36,-1.56,-0.94
2022-03-14,-1.4,-0.79,-0.13,2.1,2.14,2.47,3.5,2.93,2.36,-1.4,-0.79
2022-03-15,-1.32,-0.69,-0.03,2.1,2.15,2.49,3.42,2.84,2.26,-1.32,-0.69
2022-03-16,-1.16,-0.61,-0.02,2.18,2.19,2.46,3.34,2.8,2.26,-1.16,-0.61
2022-03-17,-1.34,-0.71,-0.08,2.17,2.2,2.5,3.51,2.91,2.31,-1.34,-0.71
2022-03-18,-1.34,-0.72,-0.09,2.14,2.14,2.42,3.48,2.86,2.24,-1.34,-0.72
2022-03-21,-1.19,-0.58,0.01,2.33,2.32,2.55,3.52,2.9,2.28,-1.19,-0.58
2022-03-22,-1.13,-0.53,0.04,2.39,2.38,2.6,3.52,2.91,2.3,-1.13,-0.53
2022-03-23,-1.23,-0.62,-0.06,2.34,2.32,2.52,3.57,2.94,2.31,-1.23,-0.62
2022-03-24,-1.2,-0.58,-0.02,2.37,2.34,2.51,3.57,2.92,2.27,-1.2,-0.58
2022-03-25,-1.04,-0.47,0.06,2.55,2.48,2.6,3.59,2.95,2.31,-1.04,-0.47
2022-03-28,-1.02,-0.49,0.02,2.54,2.46,2.57,3.56,2.95,2.34,-1.02,-0.49
2022-03-29,-0.91,-0.45,0.05,2.49,2.41,2.53,3.4,2.86,2.32,-0.91,-0.45
2022-03-30,-0.97,-0.51,0.0,2.44,2.35,2.48,3.41,2.86,2.31,-0.97,-0.51
2022-03-31,-0.92,-0.52,-0.03,2.42,2.32,2.44,3.34,2.84,2.34,-0.92,-0.52
2022-04-01,-0.73,-0.41,0.0,2.55,2.39,2.44,3.28,2.8,2.32,-0.73,-0.41
2022-04-04,-0.72,-0.38,0.02,2.56,2.42,2.48,3.28,2.8,2.32,-0.72,-0.38
2022-04-05,-0.62,-0.3,0.09,2.69,2.54,2.57,3.31,2.84,2.37,-0.62,-0.3
2022-04-06,-0.58,-0.22,0.15,2.7,2.61,2.63,3.28,2.83,2.38,-0.58,-0.22
2022-04-07,-0.56,-0.16,0.21,2.7,2.66,2.69,3.26,2.82,2.38,-0.56,-0.16
2022-04-08,-0.57,-0.15,0.23,2.76,2.72,2.76,3.33,2.87,2.41,-0.57,-0.15
2022-04-11,-0.58,-0.12,0.27,2.79,2.79,2.84,3.37,2.91,2.45,-0.58,-0.12
2022-04-12,-0.65,-0.14,0.28,2.66,2.72,2.82,3.31,2.86,2.41,-0.65,-0.14
2022-04-13,-0.59,-0.1,0.3,2.66,2.7,2.81,3.25,2.8,2.35,-0.59,-0.1
2022-04-14,-0.54,-0.06,0.34,2.79,2.83,2.92,3.33,2.89,2.45,-0.54,-0.06
2022-04-18,-0.57,-0.07,0.33,2.79,2.85,2.95,3.36,2.92,2.48,-0.57,-0.07
2022-04-19,-0.45,0.0,0.38,2.91,2.93,3.01,3.36,2.93,2.5,-0.45,0.0
2022-04-20,-0.49,-0.07,0.28,2.87,2.85,2.9,3.36,2.92,2.48,-0.49,-0.07
2022-04-21,-0.41,-0.12,0.25,2.96,2.9,2.94,3.37,3.02,2.67,-0.41,-0.12
2022-04-22,-0.43,-0.08,0.3,2.94,2.9,2.95,3.37,2.98,2.59,-0.43,-0.08
2022-04-25,-0.43,-0.1,0.3,2.84,2.81,2.88,3.27,2.91,2.55,-0.43,-0.1
2022-04-26,-0.46,-0.08,0.33,2.79,2.77,2.86,3.25,2.85,2.45,-0.46,-0.08
2022-04-27,-0.47,-0.06,0.36,2.81,2.82,2.91,3.28,2.88,2.48,-0.47,-0.06
2022-04-28,-0.53,-0.12,0.29,2.86,2.85,2.92,3.39,2.97,2.55,-0.53,-0.12
2022-04-29,-0.38,0.01,0.4,2.92,2.89,2.96,3.3,2.88,2.46,-0.38,0.01
2022-05-02,-0.2,0.18,0.56,3.01,2.99,3.07,3.21,2.81,2.41,-0.2,0.18
2022-05-03,-0.2,0.14,0.48,3.01,2.97,3.03,3.21,2.83,2.45,-0.2,0.14
2022-05-04,-0.31,0.07,0.44,2.93,2.93,3.01,3.24,2.86,2.48,-0.31,0.07
2022-05-05,-0.22,0.18,0.55,3.01,3.05,3.15,3.23,2.87,2.51,-0.22,0.18
2022-05-06,-0.16,0.26,0.63,3.06,3.12,3.23,3.22,2.86,2.5,-0.16,0.26
2022-05-09,-0.11,0.3,0.66,2.95,3.05,3.19,3.06,2.75,2.44,-0.11,0.3
2022-05-10,-0.01,0.34,0.67,2.91,2.99,3.12,2.92,2.65,2.38,-0.01,0.34
2022-05-11,-0.11,0.21,0.51,2.89,2.91,3.05,3.0,2.7,2.4,-0.11,0.21
2022-05-12,-0.08,0.25,0.57,2.81,2.84,3.0,2.89,2.59,2.29,-0.08,0.25
2022-05-13,-0.14,0.24,0.57,2.89,2.93,3.1,3.03,2.69,2.35,-0.14,0.24
2022-05-16,-0.21,0.2,0.59,2.83,2.88,3.09,3.04,2.68,2.32,-0.21,0.2
2022-05-17,-0.12,0.27,0.65,2.96,2.98,3.17,3.08,2.71,2.34,-0.12,0.27
2022-05-18,-0.16,0.17,0.54,2.89,2.89,3.07,3.05,2.72,2.39,-0.16,0.17
2022-05-19,-0.13,0.25,0.63,2.84,2.84,3.05,2.97,2.59,2.21,-0.13,0.25
2022-05-20,-0.08,0.23,0.64,2.8,2.78,2.99,2.88,2.55,2.22,-0.08,0.23
2022-05-23,-0.04,0.26,0.68,2.88,2.86,3.08,2.92,2.6,2.28,-0.04,0.26
2022-05-24,-0.11,0.21,0.62,2.76,2.76,2.98,2.87,2.55,2.23,-0.11,0.21
2022-05-25,-0.17,0.19,0.64,2.71,2.75,2.97,2.88,2.56,2.24,-0.17,0.19
2022-05-26,-0.26,0.13,0.61,2.7,2.75,2.99,2.96,2.62,2.28,-0.26,0.13
2022-05-27,-0.24,0.11,0.59,2.71,2.74,2.97,2.95,2.63,2.31,-0.24,0.11
2022-05-31,-0.15,0.21,0.67,2.81,2.85,3.07,2.96,2.64,2.32,-0.15,0.21
2022-06-01,-0.02,0.29,0.67,2.94,2.94,3.09,2.96,2.65,2.34,-0.02,0.29
2022-06-02,-0.05,0.26,0.62,2.92,2.92,3.09,2.97,2.66,2.35,-0.05,0.26
2022-06-03,-0.09,0.22,0.55,2.95,2.96,3.11,3.04,2.74,2.44,-0.09,0.22
2022-06-06,-0.02,0.28,0.62,3.03,3.04,3.19,3.05,2.76,2.47,-0.02,0.28
2022-06-07,-0.04,0.25,0.58,2.99,2.98,3.13,3.03,2.73,2.43,-0.04,0.25
2022-06-08,-0.03,0.28,0.63,3.03,3.03,3.18,3.06,2.75,2.44,-0.03,0.28
2022-06-09,-0.01,0.29,0.62,3.07,3.04,3.18,3.08,2.75,2.42,-0.01,0.29
2022-06-10,0.12,0.39,0.67,3.25,3.15,3.2,3.13,2.76,2.39,0.12,0.39
2022-06-13,0.45,0.69,0.9,3.56,3.43,3.42,3.11,2.74,2.37,0.45,0.69
2022-06-14,0.73,0.89,1.01,3.61,3.49,3.45,2.88,2.6,2.32,0.73,0.89
2022-06-15,0.38,0.63,0.86,3.38,3.33,3.39,3.0,2.7,2.4,0.38,0.63
2022-06-16,0.48,0.66,0.86,3.35,3.28,3.35,2.87,2.62,2.37,0.48,0.66
2022-06-17,0.54,0.67,0.85,3.34,3.25,3.3,2.8,2.58,2.36,0.54,0.67
2022-06-21,0.54,0.7,0.9,3.38,3.31,3.39,2.84,2.61,2.38,0.54,0.7
2022-06-22,0.48,0.62,0.8,3.22,3.16,3.25,2.74,2.54,2.34,0.48,0.62
2022-06-23,0.45,0.59,0.81,3.14,3.09,3.21,2.69,2.5,2.31,0.45,0.59
2022-06-24,0.36,0.57,0.81,3.18,3.13,3.26,2.82,2.56,2.3,0.36,0.57
2022-06-27,0.45,0.65,0.87,3.24,3.2,3.31,2.79,2.55,2.31,0.45,0.65
2022-06-28,0.52,0.72,0.91,3.25,3.2,3.3,2.73,2.48,2.23,0.52,0.72
2022-06-29,0.56,0.74,0.96,3.15,3.1,3.22,2.59,2.36,2.13,0.56,0.74
2022-06-30,0.43,0.65,0.91,3.01,2.98,3.14,2.58,2.33,2.08,0.43,0.65
2022-07-01,0.28,0.54,0.88,2.88,2.88,3.11,2.6,2.34,2.08,0.28,0.54
2022-07-05,0.31,0.52,0.84,2.82,2.82,3.05,2.51,2.3,2.09,0.31,0.52
2022-07-06,0.48,0.64,0.94,2.96,2.93,3.14,2.48,2.29,2.1,0.48,0.64
2022-07-07,0.52,0.68,0.98,3.05,3.01,3.2,2.53,2.33,2.13,0.52,0.68
2022-07-08,0.51,0.72,1.02,3.13,3.09,3.27,2.62,2.37,2.12,0.51,0.72
2022-07-11,0.49,0.67,0.99,3.05,2.99,3.18,2.56,2.32,2.08,0.49,0.67
2022-07-12,0.51,0.64,0.94,3.01,2.96,3.13,2.5,2.32,2.14,0.51,0.64
2022-07-13,0.51,0.6,0.88,3.02,2.91,3.08,2.51,2.31,2.11,0.51,0.6
2022-07-14,0.52,0.62,0.89,3.06,2.96,3.11,2.54,2.34,2.14,0.52,0.62
2022-07-15,0.46,0.57,0.86,3.05,2.93,3.1,2.59,2.36,2.13,0.46,0.57
2022-07-18,0.43,0.59,0.9,3.06,2.96,3.14,2.63,2.37,2.11,0.43,0.59
2022-07-19,0.47,0.62,0.92,3.14,3.01,3.17,2.67,2.39,2.11,0.47,0.62
2022-07-20,0.51,0.66,0.95,3.18,3.04,3.17,2.67,2.38,2.09,0.51,0.66
2022-07-21,0.45,0.58,0.93,3.0,2.91,3.08,2.55,2.33,2.11,0.45,0.58
2022-07-22,0.31,0.43,0.82,2.87,2.77,3.0,2.56,2.34,2.12,0.31,0.43
2022-07-25,0.31,0.45,0.85,2.89,2.81,3.04,2.58,2.36,2.14,0.31,0.45
2022-07-26,0.33,0.45,0.85,2.89,2.81,3.03,2.56,2.36,2.16,0.33,0.45
2022-07-27,0.21,0.36,0.8,2.82,2.78,3.03,2.61,2.42,2.23,0.21,0.36
2022-07-28,0.02,0.2,0.75,2.69,2.68,3.02,2.67,2.48,2.29,0.02,0.2
2022-07-29,-0.03,0.14,0.71,2.7,2.67,3.0,2.73,2.53,2.33,-0.03,0.14
2022-08-01,-0.06,0.09,0.67,2.66,2.6,2.92,2.72,2.51,2.3,-0.06,0.09
2022-08-02,0.16,0.27,0.79,2.85,2.75,3.0,2.69,2.48,2.27,0.16,0.27
2022-08-03,0.14,0.23,0.72,2.86,2.73,2.96,2.72,2.5,2.28,0.14,0.23
2022-08-04,0.12,0.22,0.74,2.76,2.68,2.97,2.64,2.46,2.28,0.12,0.22
2022-08-05,0.33,0.37,0.81,2.97,2.83,3.06,2.64,2.46,2.28,0.33,0.37
2022-08-08,0.26,0.29,0.74,2.91,2.77,3.0,2.65,2.48,2.31,0.26,0.29
2022-08-09,0.31,0.33,0.78,2.97,2.8,3.01,2.66,2.47,2.28,0.31,0.33
2022-08-10,0.32,0.35,0.82,2.93,2.78,3.04,2.61,2.43,2.25,0.32,0.35
2022-08-11,0.31,0.4,0.9,2.98,2.87,3.15,2.67,2.47,2.27,0.31,0.4
2022-08-12,0.3,0.37,0.89,2.97,2.84,3.12,2.67,2.47,2.27,0.3,0.37
2022-08-15,0.29,0.35,0.89,2.91,2.79,3.1,2.62,2.44,2.26,0.29,0.35
2022-08-16,0.34,0.38,0.89,2.95,2.82,3.11,2.61,2.44,2.27,0.34,0.38
2022-08-17,0.39,0.43,0.92,3.04,2.89,3.15,2.65,2.46,2.27,0.39,0.43
2022-08-18,0.32,0.36,0.86,3.02,2.88,3.14,2.7,2.52,2.34,0.32,0.36
2022-08-19,0.39,0.43,0.87,3.11,2.98,3.22,2.72,2.55,2.38,0.39,0.43
2022-08-22,0.43,0.46,0.88,3.17,3.03,3.24,2.74,2.57,2.4,0.43,0.46
2022-08-23,0.41,0.47,0.89,3.18,3.05,3.26,2.77,2.58,2.39,0.41,0.47
2022-08-24,0.41,0.49,0.92,3.2,3.11,3.32,2.79,2.62,2.45,0.41,0.49
2022-08-25,0.38,0.43,0.87,3.15,3.03,3.25,2.77,2.6,2.43,0.38,0.43
2022-08-26,0.47,0.47,0.85,3.2,3.04,3.21,2.73,2.57,2.41,0.47,0.47
2022-08-29,0.56,0.54,0.9,3.27,3.12,3.25,2.71,2.58,2.45,0.56,0.54
2022-08-30,0.6,0.56,0.87,3.27,3.11,3.23,2.67,2.55,2.43,0.6,0.56
2022-08-31,0.72,0.67,0.96,3.3,3.15,3.27,2.58,2.48,2.38,0.72,0.67
2022-09-01,0.87,0.81,1.07,3.39,3.26,3.37,2.52,2.45,2.38,0.87,0.81
2022-09-02,0.75,0.73,1.01,3.3,3.2,3.35,2.55,2.47,2.39,0.75,0.73
2022-09-06,0.87,0.85,1.11,3.43,3.33,3.49,2.56,2.48,2.4,0.87,0.85
2022-09-07,0.86,0.82,1.07,3.37,3.27,3.42,2.51,2.45,2.39,0.86,0.82
2022-09-08,0.93,0.88,1.11,3.39,3.29,3.45,2.46,2.41,2.36,0.93,0.88
2022-09-09,0.94,0.91,1.14,3.45,3.33,3.47,2.51,2.42,2.33,0.94,0.91
2022-09-12,0.95,0.95,1.21,3.47,3.37,3.53,2.52,2.42,2.32,0.95,0.95
2022-09-13,1.02,0.98,1.19,3.58,3.42,3.51,2.56,2.44,2.32,1.02,0.98
2022-09-14,0.98,0.95,1.15,3.6,3.41,3.47,2.62,2.46,2.3,0.98,0.95
2022-09-15,1.09,1.02,1.18,3.66,3.45,3.48,2.57,2.43,2.29,1.09,1.02
2022-09-16,1.13,1.07,1.25,3.62,3.45,3.52,2.49,2.38,2.27,1.13,1.07
2022-09-19,1.25,1.15,1.28,3.69,3.49,3.52,2.44,2.34,2.24,1.25,1.15
2022-09-20,1.27,1.17,1.3,3.75,3.57,3.59,2.48,2.4,2.32,1.27,1.17
2022-09-21,1.27,1.13,1.24,3.74,3.51,3.5,2.47,2.38,2.29,1.27,1.13
2022-09-22,1.46,1.29,1.38,3.91,3.7,3.65,2.45,2.41,2.37,1.46,1.29
2022-09-23,1.58,1.32,1.38,3.96,3.69,3.61,2.38,2.37,2.36,1.58,1.32
2022-09-26,1.82,1.56,1.52,4.15,3.88,3.72,2.33,2.32,2.31,1.82,1.56
2022-09-27,1.86,1.64,1.66,4.21,3.97,3.87,2.35,2.33,2.31,1.86,1.64
2022-09-28,1.55,1.39,1.5,3.92,3.72,3.7,2.37,2.33,2.29,1.55,1.39
2022-09-29,1.8,1.57,1.64,3.98,3.76,3.71,2.18,2.19,2.2,1.8,1.57
2022-09-30,1.92,1.68,1.74,4.06,3.83,3.79,2.14,2.15,2.16,1.92,1.68
2022-10-03,1.64,1.43,1.58,3.9,3.67,3.73,2.26,2.24,2.22,1.64,1.43
2022-10-04,1.56,1.38,1.58,3.84,3.62,3.7,2.28,2.24,2.2,1.56,1.38
2022-10-05,1.7,1.54,1.68,3.96,3.76,3.78,2.26,2.22,2.18,1.7,1.54
2022-10-06,1.76,1.61,1.73,4.05,3.83,3.81,2.29,2.22,2.15,1.76,1.61
2022-10-07,1.78,1.62,1.73,4.14,3.89,3.86,2.36,2.27,2.18,1.78,1.62
2022-10-11,1.78,1.62,1.73,4.14,3.93,3.92,2.36,2.31,2.26,1.78,1.62
2022-10-12,1.8,1.62,1.71,4.12,3.91,3.9,2.32,2.29,2.26,1.8,1.62
2022-10-13,1.83,1.63,1.72,4.21,3.97,3.97,2.38,2.34,2.3,1.83,1.63
2022-10-14,1.81,1.59,1.66,4.25,4.0,3.99,2.44,2.41,2.38,1.81,1.59
2022-10-17,1.76,1.57,1.65,4.24,4.02,4.04,2.48,2.45,2.42,1.76,1.57
2022-10-18,1.79,1.6,1.71,4.21,4.01,4.04,2.42,2.41,2.4,1.79,1.6
2022-10-19,1.89,1.72,1.79,4.35,4.14,4.15,2.46,2.42,2.38,1.89,1.72
2022-10-20,1.8,1.73,1.77,4.45,4.24,4.24,2.65,2.51,2.37,1.8,1.73
2022-10-21,1.65,1.69,1.82,4.34,4.21,4.33,2.69,2.52,2.35,1.65,1.69
2022-10-24,1.64,1.66,1.78,4.36,4.25,4.4,2.72,2.59,2.46,1.64,1.66
2022-10-25,1.63,1.59,1.74,4.25,4.1,4.26,2.62,2.51,2.4,1.63,1.59
2022-10-26,1.64,1.6,1.75,4.2,4.04,4.19,2.56,2.44,2.32,1.64,1.6
2022-10-27,1.52,1.51,1.67,4.09,3.96,4.12,2.57,2.45,2.33,1.52,1.51
2022-10-28,1.57,1.51,1.65,4.19,4.02,4.15,2.62,2.51,2.4,1.57,1.51
2022-10-31,1.6,1.58,1.69,4.27,4.1,4.22,2.67,2.52,2.37,1.6,1.58
2022-11-01,1.62,1.56,1.64,4.27,4.07,4.14,2.65,2.51,2.37,1.62,1.56
2022-11-02,1.62,1.57,1.63,4.3,4.1,4.15,2.68,2.53,2.38,1.62,1.57
2022-11-03,1.82,1.74,1.76,4.36,4.14,4.18,2.54,2.4,2.26,1.82,1.74
2022-11-04,1.72,1.69,1.77,4.33,4.17,4.27,2.61,2.48,2.35,1.72,1.69
2022-11-07,1.72,1.69,1.77,4.39,4.22,4.34,2.67,2.53,2.39,1.72,1.69
2022-11-08,1.7,1.64,1.74,4.31,4.14,4.28,2.61,2.5,2.39,1.7,1.64
2022-11-09,1.74,1.7,1.8,4.27,4.12,4.31,2.53,2.42,2.31,1.74,1.7
2022-11-10,1.48,1.43,1.58,3.95,3.82,4.03,2.47,2.39,2.31,1.48,1.43
2022-11-14,1.58,1.51,1.65,4.0,3.88,4.07,2.42,2.37,2.32,1.58,1.51
2022-11-15,1.53,1.45,1.57,3.93,3.8,3.98,2.4,2.35,2.3,1.53,1.45
2022-11-16,1.48,1.38,1.51,3.83,3.67,3.85,2.35,2.29,2.23,1.48,1.38
2022-11-17,1.61,1.49,1.57,3.93,3.77,3.89,2.32,2.28,2.24,1.61,1.49
2022-11-18,1.71,1.57,1.63,3.99,3.82,3.92,2.28,2.25,2.22,1.71,1.57
2022-11-21,1.63,1.52,1.57,3.97,3.83,3.91,2.34,2.31,2.28,1.63,1.52
2022-11-22,1.58,1.44,1.51,3.93,3.76,3.83,2.35,2.32,2.29,1.58,1.44
2022-11-23,1.55,1.39,1.43,3.88,3.71,3.74,2.33,2.32,2.31,1.55,1.39
2022-11-25,1.51,1.36,1.42,3.85,3.68,3.74,2.34,2.32,2.3,1.51,1.36
2022-11-28,1.59,1.43,1.47,3.88,3.69,3.74,2.29,2.26,2.23,1.59,1.43
2022-11-29,1.62,1.5,1.54,3.92,3.75,3.81,2.3,2.25,2.2,1.62,1.5
2022-11-30,1.41,1.34,1.46,3.82,3.68,3.8,2.41,2.34,2.27,1.41,1.34
2022-12-01,1.23,1.17,1.29,3.68,3.53,3.64,2.45,2.36,2.27,1.23,1.17
2022-12-02,1.16,1.08,1.15,3.67,3.51,3.56,2.51,2.43,2.35,1.16,1.08
2022-12-05,1.34,1.21,1.23,3.8,3.6,3.62,2.46,2.39,2.32,1.34,1.21
2022-12-06,1.35,1.2,1.21,3.73,3.51,3.52,2.38,2.31,2.24,1.35,1.2
2022-12-07,1.29,1.16,1.16,3.62,3.42,3.42,2.33,2.26,2.19,1.29,1.16
2022-12-08,1.35,1.2,1.15,3.71,3.48,3.44,2.36,2.28,2.2,1.35,1.2
2022-12-09,1.45,1.31,1.28,3.75,3.57,3.56,2.3,2.26,2.22,1.45,1.31
2022-12-12,1.45,1.33,1.29,3.8,3.61,3.57,2.35,2.28,2.21,1.45,1.33
2022-12-13,1.35,1.27,1.3,3.66,3.51,3.53,2.31,2.24,2.17,1.35,1.27
2022-12-14,1.39,1.3,1.35,3.64,3.49,3.52,2.25,2.19,2.13,1.39,1.3
2022-12-15,1.41,1.28,1.33,3.62,3.44,3.48,2.21,2.16,2.11,1.41,1.28
2022-12-16,1.47,1.35,1.4,3.61,3.48,3.53,2.14,2.13,2.12,1.47,1.35
2022-12-19,1.51,1.42,1.47,3.7,3.57,3.62,2.19,2.15,2.11,1.51,1.42
2022-12-20,1.53,1.45,1.5,3.79,3.69,3.74,2.26,2.24,2.22,1.53,1.45
2022-12-21,1.47,1.41,1.48,3.78,3.68,3.74,2.31,2.27,2.23,1.47,1.41
2022-12-22,1.55,1.48,1.53,3.79,3.67,3.73,2.24,2.19,2.14,1.55,1.48
2022-12-23,1.57,1.55,1.6,3.86,3.75,3.82,2.29,2.2,2.11,1.57,1.55
2022-12-27,1.61,1.58,1.65,3.94,3.84,3.93,2.33,2.26,2.19,1.61,1.58
2022-12-28,1.64,1.6,1.67,3.97,3.88,3.98,2.33,2.28,2.23,1.64,1.6
2022-12-29,1.62,1.56,1.63,3.94,3.83,3.92,2.32,2.27,2.22,1.62,1.56
2022-12-30,1.66,1.58,1.67,3.99,3.88,3.97,2.33,2.3,2.27,1.66,1.58
2023-01-03,1.65,1.53,1.61,3.94,3.79,3.88,2.29,2.26,2.23,1.65,1.53
2023-01-04,1.64,1.47,1.57,3.85,3.69,3.81,2.21,2.22,2.23,1.64,1.47
2023-01-05,1.68,1.49,1.55,3.9,3.71,3.78,2.22,2.22,2.22,1.68,1.49
2023-01-06,1.51,1.34,1.43,3.69,3.55,3.67,2.18,2.21,2.24,1.51,1.34
2023-01-09,1.48,1.31,1.41,3.66,3.53,3.66,2.18,2.22,2.26,1.48,1.31
2023-01-10,1.52,1.37,1.47,3.72,3.61,3.74,2.2,2.24,2.28,1.52,1.37
2023-01-11,1.45,1.31,1.41,3.66,3.54,3.67,2.21,2.23,2.25,1.45,1.31
2023-01-12,1.32,1.22,1.33,3.53,3.43,3.56,2.21,2.21,2.21,1.32,1.22
2023-01-13,1.4,1.31,1.44,3.6,3.49,3.61,2.2,2.18,2.16,1.4,1.31
2023-01-17,1.42,1.36,1.47,3.6,3.53,3.64,2.18,2.17,2.16,1.42,1.36
2023-01-18,1.34,1.25,1.4,3.43,3.37,3.54,2.09,2.12,2.15,1.34,1.25
2023-01-19,1.27,1.19,1.34,3.48,3.39,3.57,2.21,2.2,2.19,1.27,1.19
2023-01-20,1.33,1.25,1.42,3.56,3.48,3.66,2.23,2.23,2.23,1.33,1.25
2023-01-23,1.33,1.24,1.41,3.61,3.52,3.69,2.28,2.28,2.28,1.33,1.24
2023-01-24,1.29,1.19,1.34,3.58,3.46,3.62,2.29,2.27,2.25,1.29,1.19
2023-01-25,1.26,1.17,1.33,3.54,3.46,3.62,2.28,2.29,2.3,1.26,1.17
2023-01-26,1.26,1.16,1.3,3.58,3.49,3.62,2.32,2.33,2.34,1.26,1.16
2023-01-27,1.29,1.19,1.33,3.62,3.52,3.64,2.33,2.33,2.33,1.29,1.19
2023-01-30,1.38,1.26,1.39,3.68,3.55,3.66,2.3,2.29,2.28,1.38,1.26
2023-01-31,1.36,1.28,1.43,3.63,3.52,3.65,2.27,2.24,2.21,1.36,1.28
2023-02-01,1.19,1.14,1.33,3.48,3.39,3.55,2.29,2.25,2.21,1.19,1.14
2023-02-02,1.23,1.18,1.38,3.49,3.4,3.55,2.26,2.22,2.18,1.23,1.18
2023-02-03,1.4,1.31,1.46,3.67,3.53,3.63,2.27,2.22,2.17,1.4,1.31
2023-02-06,1.48,1.38,1.47,3.81,3.63,3.67,2.33,2.25,2.17,1.48,1.38
2023-02-07,1.45,1.36,1.47,3.85,3.67,3.72,2.4,2.31,2.22,1.45,1.36
2023-02-08,1.36,1.29,1.41,3.82,3.63,3.7,2.46,2.34,2.22,1.36,1.29
2023-02-09,1.42,1.34,1.47,3.87,3.67,3.75,2.45,2.33,2.21,1.42,1.34
2023-02-10,1.46,1.41,1.53,3.93,3.74,3.83,2.47,2.33,2.19,1.46,1.41
2023-02-13,1.49,1.41,1.51,3.93,3.72,3.79,2.44,2.31,2.18,1.49,1.41
2023-02-14,1.55,1.46,1.53,4.0,3.77,3.81,2.45,2.31,2.17,1.55,1.46
2023-02-15,1.53,1.46,1.54,4.04,3.81,3.85,2.51,2.35,2.19,1.53,1.46
2023-02-16,1.54,1.49,1.57,4.06,3.86,3.92,2.52,2.37,2.22,1.54,1.49
2023-02-17,1.53,1.46,1.54,4.03,3.82,3.88,2.5,2.36,2.22,1.53,1.46
2023-02-21,1.58,1.53,1.6,4.16,3.95,3.98,2.58,2.42,2.26,1.58,1.53
2023-02-22,1.61,1.52,1.58,4.13,3.93,3.94,2.52,2.41,2.3,1.61,1.52
2023-02-23,1.59,1.49,1.55,4.09,3.88,3.88,2.5,2.39,2.28,1.59,1.49
2023-02-24,1.72,1.57,1.61,4.19,3.95,3.93,2.47,2.38,2.29,1.72,1.57
2023-02-27,1.68,1.56,1.61,4.17,3.92,3.93,2.49,2.36,2.23,1.68,1.56
2023-02-28,1.6,1.49,1.57,4.18,3.92,3.93,2.58,2.43,2.28,1.6,1.49
2023-03-01,1.68,1.57,1.6,4.27,4.01,3.97,2.59,2.44,2.29,1.68,1.57
2023-03-02,1.67,1.6,1.63,4.32,4.08,4.03,2.65,2.48,2.31,1.67,1.6
2023-03-03,1.55,1.45,1.49,4.26,3.97,3.9,2.71,2.52,2.33,1.55,1.45
2023-03-06,1.57,1.49,1.54,4.27,3.98,3.92,2.7,2.49,2.28,1.57,1.49
2023-03-07,1.77,1.59,1.56,4.31,3.97,3.88,2.54,2.38,2.22,1.77,1.59
2023-03-08,1.87,1.66,1.62,4.34,3.98,3.88,2.47,2.32,2.17,1.87,1.66
2023-03-09,1.79,1.63,1.63,4.22,3.93,3.88,2.43,2.3,2.17,1.79,1.63
2023-03-10,1.62,1.44,1.45,3.96,3.7,3.7,2.34,2.26,2.18,1.62,1.44
2023-03-13,1.42,1.31,1.46,3.68,3.55,3.7,2.26,2.24,2.22,1.42,1.31
2023-03-14,1.43,1.33,1.49,3.78,3.64,3.77,2.35,2.31,2.27,1.43,1.33
2023-03-15,1.26,1.22,1.44,3.59,3.51,3.7,2.33,2.29,2.25,1.26,1.22
2023-03-16,1.46,1.34,1.48,3.72,3.56,3.71,2.26,2.22,2.18,1.46,1.34
2023-03-17,1.34,1.29,1.5,3.44,3.39,3.6,2.1,2.1,2.1,1.34,1.29
2023-03-20,1.42,1.33,1.51,3.56,3.47,3.65,2.14,2.14,2.14,1.42,1.33
2023-03-21,1.48,1.36,1.52,3.73,3.59,3.73,2.25,2.23,2.21,1.48,1.36
2023-03-22,1.23,1.2,1.43,3.54,3.48,3.68,2.31,2.28,2.25,1.23,1.2
2023-03-23,1.13,1.19,1.43,3.39,3.38,3.66,2.26,2.19,2.12,1.13,1.19
2023-03-24,1.2,1.16,1.45,3.41,3.38,3.64,2.21,2.22,2.23,1.2,1.16
2023-03-27,1.32,1.29,1.55,3.59,3.53,3.77,2.27,2.24,2.21,1.32,1.29
2023-03-28,1.29,1.24,1.5,3.63,3.55,3.77,2.34,2.31,2.28,1.29,1.24
2023-03-29,1.29,1.24,1.5,3.67,3.57,3.78,2.38,2.33,2.28,1.29,1.24
2023-03-30,1.26,1.21,1.48,3.66,3.55,3.74,2.4,2.34,2.28,1.26,1.21
2023-03-31,1.2,1.16,1.44,3.6,3.48,3.67,2.4,2.32,2.24,1.2,1.16
2023-04-03,1.13,1.14,1.43,3.52,3.43,3.64,2.39,2.29,2.19,1.13,1.14
2023-04-04,1.07,1.1,1.41,3.39,3.35,3.6,2.32,2.25,2.18,1.07,1.1
2023-04-05,1.07,1.07,1.39,3.36,3.3,3.56,2.29,2.23,2.17,1.07,1.07
2023-04-06,1.06,1.06,1.35,3.37,3.3,3.54,2.31,2.24,2.17,1.06,1.06
2023-04-07,1.16,1.14,1.4,3.49,3.39,3.61,2.33,2.25,2.17,1.16,1.14
2023-04-10,1.18,1.14,1.4,3.52,3.41,3.62,2.34,2.27,2.2,1.18,1.14
2023-04-11,1.18,1.14,1.38,3.54,3.43,3.62,2.36,2.29,2.22,1.18,1.14
2023-04-12,1.17,1.14,1.38,3.46,3.41,3.64,2.29,2.27,2.25,1.17,1.14
2023-04-13,1.22,1.16,1.4,3.51,3.45,3.69,2.29,2.29,2.29,1.22,1.16
2023-04-14,1.29,1.22,1.46,3.6,3.52,3.74,2.31,2.3,2.29,1.29,1.22
2023-04-17,1.34,1.28,1.52,3.69,3.6,3.81,2.35,2.32,2.29,1.34,1.28
2023-04-18,1.36,1.3,1.53,3.69,3.58,3.79,2.33,2.28,2.23,1.36,1.3
2023-04-19,1.38,1.32,1.53,3.71,3.6,3.79,2.33,2.28,2.23,1.38,1.32
2023-04-20,1.35,1.28,1.5,3.63,3.54,3.75,2.28,2.26,2.24,1.35,1.28
2023-04-21,1.36,1.29,1.53,3.66,3.57,3.78,2.3,2.28,2.26,1.36,1.29
2023-04-24,1.27,1.24,1.48,3.6,3.52,3.73,2.33,2.28,2.23,1.27,1.24
2023-04-25,1.17,1.15,1.43,3.43,3.4,3.65,2.26,2.25,2.24,1.17,1.15
2023-04-26,1.2,1.18,1.46,3.46,3.43,3.7,2.26,2.25,2.24,1.2,1.18
2023-04-27,1.31,1.26,1.5,3.6,3.53,3.76,2.29,2.27,2.25,1.31,1.26
2023-04-28,1.31,1.26,1.51,3.51,3.44,3.67,2.2,2.18,2.16,1.31,1.26
2023-05-01,1.4,1.36,1.61,3.64,3.59,3.84,2.24,2.23,2.22,1.4,1.36
2023-05-02,1.28,1.24,1.53,3.46,3.44,3.72,2.18,2.2,2.22,1.28,1.24
2023-05-03,1.18,1.18,1.5,3.37,3.38,3.7,2.19,2.2,2.21,1.18,1.18
2023-05-04,1.16,1.18,1.52,3.29,3.37,3.73,2.13,2.19,2.25,1.16,1.18
2023-05-05,1.22,1.23,1.53,3.41,3.44,3.76,2.19,2.21,2.23,1.22,1.23
2023-05-08,1.27,1.29,1.59,3.49,3.52,3.84,2.22,2.23,2.24,1.27,1.29
2023-05-09,1.29,1.3,1.61,3.51,3.53,3.85,2.22,2.23,2.24,1.29,1.3
2023-05-10,1.24,1.26,1.58,3.37,3.43,3.8,2.13,2.17,2.21,1.24,1.26
2023-05-11,1.26,1.23,1.53,3.36,3.39,3.73,2.1,2.16,2.22,1.26,1.23
2023-05-12,1.34,1.28,1.54,3.45,3.46,3.78,2.11,2.18,2.25,1.34,1.28
2023-05-15,1.34,1.31,1.59,3.46,3.5,3.84,2.12,2.19,2.26,1.34,1.31
2023-05-16,1.41,1.35,1.61,3.52,3.54,3.87,2.11,2.19,2.27,1.41,1.35
2023-05-17,1.42,1.35,1.6,3.58,3.57,3.88,2.16,2.22,2.28,1.42,1.35
2023-05-18,1.53,1.42,1.63,3.69,3.65,3.91,2.16,2.23,2.3,1.53,1.42
2023-05-19,1.57,1.46,1.66,3.76,3.7,3.95,2.19,2.24,2.29,1.57,1.46
2023-05-22,1.59,1.48,1.68,3.77,3.72,3.97,2.18,2.24,2.3,1.59,1.48
2023-05-23,1.55,1.44,1.65,3.76,3.7,3.96,2.21,2.26,2.31,1.55,1.44
2023-05-24,1.61,1.48,1.67,3.75,3.73,3.97,2.14,2.25,2.36,1.61,1.48
2023-05-25,1.78,1.58,1.68,3.9,3.83,4.01,2.12,2.25,2.38,1.78,1.58
2023-05-26,1.79,1.57,1.64,3.92,3.8,3.96,2.13,2.23,2.33,1.79,1.57
2023-05-30,1.69,1.47,1.62,3.81,3.69,3.9,2.12,2.22,2.32,1.69,1.47
2023-05-31,1.67,1.46,1.63,3.74,3.64,3.85,2.07,2.18,2.29,1.67,1.46
2023-06-01,1.63,1.45,1.62,3.7,3.61,3.84,2.07,2.16,2.25,1.63,1.45
2023-06-02,1.71,1.51,1.66,3.84,3.69,3.88,2.13,2.18,2.23,1.71,1.51
2023-06-05,1.67,1.5,1.66,3.82,3.69,3.89,2.15,2.19,2.23,1.67,1.5
2023-06-06,1.71,1.5,1.64,3.85,3.7,3.87,2.14,2.2,2.26,1.71,1.5
2023-06-07,1.78,1.58,1.7,3.93,3.79,3.95,2.15,2.21,2.27,1.78,1.58
2023-06-08,1.73,1.53,1.65,3.87,3.73,3.89,2.14,2.2,2.26,1.73,1.53
2023-06-09,1.79,1.55,1.65,3.92,3.75,3.89,2.13,2.2,2.27,1.79,1.55
2023-06-12,1.8,1.56,1.65,3.89,3.73,3.87,2.09,2.17,2.25,1.8,1.56
2023-06-13,1.89,1.64,1.7,4.01,3.84,3.94,2.12,2.2,2.28,1.89,1.64
2023-06-14,1.91,1.62,1.67,4.06,3.83,3.9,2.15,2.21,2.27,1.91,1.62
2023-06-15,1.75,1.51,1.63,3.91,3.72,3.85,2.16,2.21,2.26,1.75,1.51
2023-06-16,1.82,1.55,1.63,3.99,3.77,3.86,2.17,2.22,2.27,1.82,1.55
2023-06-20,1.82,1.52,1.59,3.96,3.74,3.83,2.14,2.22,2.3,1.82,1.52
2023-06-21,1.8,1.51,1.57,3.95,3.72,3.81,2.15,2.21,2.27,1.8,1.51
2023-06-22,1.85,1.56,1.63,4.03,3.8,3.88,2.18,2.24,2.3,1.85,1.56
2023-06-23,1.83,1.53,1.59,3.99,3.74,3.82,2.16,2.21,2.26,1.83,1.53
2023-06-26,1.83,1.54,1.62,3.96,3.72,3.83,2.13,2.18,2.23,1.83,1.54
2023-06-27,1.9,1.57,1.63,4.02,3.77,3.84,2.12,2.2,2.28,1.9,1.57
2023-06-28,1.85,1.53,1.61,3.97,3.71,3.81,2.12,2.18,2.24,1.85,1.53
2023-06-29,1.99,1.65,1.69,4.14,3.85,3.92,2.15,2.2,2.25,1.99,1.65
2023-06-30,1.95,1.59,1.62,4.13,3.81,3.85,2.18,2.22,2.26,1.95,1.59
2023-07-03,1.98,1.61,1.62,4.19,3.86,3.87,2.21,2.25,2.29,1.98,1.61
2023-07-05,2.05,1.69,1.7,4.25,3.95,3.95,2.2,2.26,2.32,2.05,1.69
2023-07-06,2.15,1.78,1.75,4.37,4.05,4.01,2.22,2.27,2.32,2.15,1.78
2023-07-07,2.13,1.79,1.78,4.35,4.06,4.05,2.22,2.27,2.32,2.13,1.79
2023-07-10,2.06,1.76,1.79,4.25,4.01,4.05,2.19,2.25,2.31,2.06,1.76
2023-07-11,2.08,1.75,1.8,4.24,3.99,4.03,2.16,2.24,2.32,2.08,1.75
2023-07-12,1.89,1.6,1.67,4.07,3.86,3.96,2.18,2.26,2.34,1.89,1.6
2023-07-13,1.77,1.52,1.64,3.93,3.76,3.9,2.16,2.24,2.32,1.77,1.52
2023-07-14,1.89,1.59,1.67,4.04,3.83,3.93,2.15,2.24,2.33,1.89,1.59
2023-07-17,1.86,1.56,1.67,4.02,3.81,3.94,2.16,2.25,2.34,1.86,1.56
2023-07-18,1.87,1.57,1.66,4.0,3.8,3.91,2.13,2.23,2.33,1.87,1.57
2023-07-19,1.85,1.53,1.61,3.98,3.75,3.84,2.13,2.22,2.31,1.85,1.53
2023-07-20,1.87,1.5,1.62,4.08,3.85,3.91,2.21,2.35,2.49,1.87,1.5
2023-07-21,1.86,1.49,1.62,4.09,3.84,3.91,2.23,2.35,2.47,1.86,1.49
2023-07-24,1.85,1.48,1.61,4.13,3.86,3.92,2.28,2.38,2.48,1.85,1.48
2023-07-25,1.89,1.52,1.65,4.15,3.91,3.95,2.26,2.39,2.52,1.89,1.52
2023-07-26,1.85,1.5,1.65,4.09,3.86,3.94,2.24,2.36,2.48,1.85,1.5
2023-07-27,1.97,1.64,1.76,4.24,4.01,4.06,2.27,2.37,2.47,1.97,1.64
2023-07-28,1.9,1.58,1.72,4.18,3.96,4.03,2.28,2.38,2.48,1.9,1.58
2023-07-31,1.91,1.6,1.76,4.18,3.97,4.02,2.27,2.37,2.47,1.91,1.6
2023-08-01,1.98,1.68,1.81,4.24,4.05,4.11,2.26,2.37,2.48,1.98,1.68
2023-08-02,1.99,1.72,1.85,4.24,4.08,4.17,2.25,2.36,2.47,1.99,1.72
2023-08-03,2.06,1.83,1.99,4.3,4.2,4.32,2.24,2.37,2.5,2.06,1.83
2023-08-04,1.89,1.67,1.87,4.15,4.05,4.21,2.26,2.38,2.5,1.89,1.67
2023-08-07,1.87,1.68,1.89,4.16,4.09,4.27,2.29,2.41,2.53,1.87,1.68
2023-08-08,1.86,1.66,1.88,4.1,4.02,4.2,2.24,2.36,2.48,1.86,1.66
2023-08-09,1.89,1.66,1.87,4.12,4.0,4.18,2.23,2.34,2.45,1.89,1.66
2023-08-10,1.96,1.76,1.96,4.21,4.09,4.24,2.25,2.33,2.41,1.96,1.76
2023-08-11,2.01,1.8,1.96,4.31,4.16,4.27,2.3,2.36,2.42,2.01,1.8
2023-08-14,2.07,1.83,1.98,4.36,4.19,4.29,2.29,2.36,2.43,2.07,1.83
2023-08-15,2.12,1.89,2.02,4.36,4.21,4.32,2.24,2.32,2.4,2.12,1.89
2023-08-16,2.19,1.96,2.06,4.42,4.28,4.38,2.23,2.32,2.41,2.19,1.96
2023-08-17,2.18,1.97,2.09,4.42,4.3,4.41,2.24,2.33,2.42,2.18,1.97
2023-08-18,2.16,1.94,2.08,4.38,4.26,4.38,2.22,2.32,2.42,2.16,1.94
2023-08-21,2.21,2.0,2.12,4.46,4.34,4.45,2.25,2.34,2.43,2.21,2.0
2023-08-22,2.22,1.99,2.07,4.49,4.34,4.42,2.27,2.35,2.43,2.22,1.99
2023-08-23,2.1,1.84,1.93,4.36,4.19,4.27,2.26,2.35,2.44,2.1,1.84
2023-08-24,2.15,1.91,1.98,4.39,4.23,4.3,2.24,2.32,2.4,2.15,1.91
2023-08-25,2.19,1.92,1.99,4.44,4.25,4.3,2.25,2.33,2.41,2.19,1.92
2023-08-28,2.17,1.9,1.99,4.38,4.2,4.29,2.21,2.3,2.39,2.17,1.9
2023-08-29,2.08,1.83,1.95,4.26,4.12,4.23,2.18,2.29,2.4,2.08,1.83
2023-08-30,2.11,1.86,1.97,4.27,4.12,4.23,2.16,2.26,2.36,2.11,1.86
2023-08-31,2.08,1.85,1.96,4.23,4.09,4.2,2.15,2.24,2.33,2.08,1.85
2023-09-01,2.12,1.92,2.04,4.29,4.18,4.29,2.17,2.26,2.35,2.12,1.92
2023-09-05,2.16,1.98,2.1,4.37,4.27,4.38,2.21,2.29,2.37,2.16,1.98
2023-09-06,2.21,2.0,2.08,4.44,4.3,4.37,2.23,2.3,2.37,2.21,2.0
2023-09-07,2.14,1.95,2.06,4.38,4.27,4.36,2.24,2.32,2.4,2.14,1.95
2023-09-08,2.13,1.93,2.01,4.39,4.26,4.33,2.26,2.33,2.4,2.13,1.93
2023-09-11,2.14,1.94,2.04,4.4,4.29,4.37,2.26,2.35,2.44,2.14,1.94
2023-09-12,2.14,1.93,2.02,4.41,4.27,4.35,2.27,2.34,2.41,2.14,1.93
2023-09-13,2.11,1.9,2.0,4.39,4.25,4.34,2.28,2.35,2.42,2.11,1.9
2023-09-14,2.15,1.95,2.06,4.42,4.29,4.39,2.27,2.34,2.41,2.15,1.95
2023-09-15,2.18,1.98,2.08,4.45,4.33,4.42,2.27,2.35,2.43,2.18,1.98
2023-09-18,2.17,1.96,2.05,4.46,4.32,4.4,2.29,2.36,2.43,2.17,1.96
2023-09-19,2.21,2.0,2.09,4.51,4.37,4.43,2.3,2.37,2.44,2.21,2.0
2023-09-20,2.25,2.0,2.07,4.52,4.35,4.4,2.27,2.35,2.43,2.25,2.0
2023-09-21,2.32,2.11,2.2,4.61,4.49,4.56,2.29,2.38,2.47,2.32,2.11
2023-09-22,2.28,2.07,2.16,4.57,4.44,4.53,2.29,2.37,2.45,2.28,2.07
2023-09-25,2.37,2.18,2.28,4.62,4.55,4.67,2.25,2.37,2.49,2.37,2.18
2023-09-26,2.42,2.23,2.33,4.62,4.56,4.7,2.2,2.33,2.46,2.42,2.23
2023-09-27,2.44,2.27,2.35,4.67,4.61,4.73,2.23,2.34,2.45,2.44,2.27
2023-09-28,2.35,2.2,2.29,4.62,4.59,4.71,2.27,2.39,2.51,2.35,2.2
2023-09-29,2.38,2.24,2.33,4.6,4.59,4.73,2.22,2.35,2.48,2.38,2.24
2023-10-02,2.49,2.34,2.41,4.72,4.69,4.81,2.23,2.35,2.47,2.49,2.34
2023-10-03,2.59,2.45,2.51,4.8,4.81,4.95,2.21,2.36,2.51,2.59,2.45
2023-10-04,2.54,2.4,2.44,4.72,4.73,4.87,2.18,2.33,2.48,2.54,2.4
2023-10-05,2.54,2.41,2.49,4.68,4.72,4.89,2.14,2.31,2.48,2.54,2.41
2023-10-06,2.58,2.47,2.54,4.75,4.78,4.95,2.17,2.31,2.45,2.58,2.47
2023-10-10,2.44,2.34,2.43,4.62,4.66,4.85,2.18,2.32,2.46,2.44,2.34
2023-10-11,2.39,2.26,2.34,4.59,4.58,4.73,2.2,2.32,2.44,2.39,2.26
2023-10-12,2.46,2.36,2.46,4.69,4.7,4.86,2.23,2.34,2.45,2.46,2.36
2023-10-13,2.39,2.29,2.38,4.65,4.63,4.78,2.26,2.34,2.42,2.39,2.29
2023-10-16,2.42,2.33,2.44,4.72,4.71,4.87,2.3,2.38,2.46,2.42,2.33
2023-10-17,2.54,2.42,2.47,4.86,4.83,4.94,2.32,2.41,2.5,2.54,2.42
2023-10-18,2.57,2.47,2.5,4.92,4.91,5.0,2.35,2.44,2.53,2.57,2.47
2023-10-19,2.43,2.49,2.55,4.95,4.98,5.11,2.52,2.49,2.46,2.43,2.49
2023-10-20,2.39,2.46,2.55,4.86,4.93,5.09,2.47,2.47,2.47,2.39,2.46
2023-10-23,2.4,2.45,2.52,4.81,4.86,5.01,2.41,2.41,2.41,2.4,2.45
2023-10-24,2.44,2.43,2.47,4.82,4.83,4.96,2.38,2.4,2.42,2.44,2.43
2023-10-25,2.49,2.52,2.56,4.89,4.95,5.09,2.4,2.43,2.46,2.49,2.52
2023-10-26,2.42,2.44,2.5,4.79,4.86,5.01,2.37,2.42,2.47,2.42,2.44
2023-10-27,2.37,2.42,2.51,4.76,4.84,5.03,2.39,2.42,2.45,2.37,2.42
2023-10-30,2.4,2.44,2.52,4.8,4.88,5.04,2.4,2.44,2.48,2.4,2.44
2023-10-31,2.42,2.46,2.51,4.82,4.88,5.04,2.4,2.42,2.44,2.42,2.46
2023-11-01,2.31,2.36,2.44,4.67,4.77,4.96,2.36,2.41,2.46,2.31,2.36
2023-11-02,2.3,2.27,2.32,4.65,4.67,4.82,2.35,2.4,2.45,2.3,2.27
2023-11-03,2.17,2.18,2.28,4.49,4.57,4.77,2.32,2.39,2.46,2.17,2.18
2023-11-06,2.25,2.25,2.32,4.6,4.67,4.84,2.35,2.42,2.49,2.25,2.25
2023-11-07,2.21,2.19,2.25,4.53,4.58,4.75,2.32,2.39,2.46,2.21,2.19
2023-11-08,2.22,2.15,2.18,4.51,4.49,4.64,2.29,2.34,2.39,2.22,2.15
2023-11-09,2.35,2.29,2.31,4.65,4.62,4.77,2.3,2.33,2.36,2.35,2.29
2023-11-10,2.37,2.29,2.3,4.65,4.61,4.73,2.28,2.32,2.36,2.37,2.29
2023-11-13,2.37,2.32,2.34,4.66,4.63,4.75,2.29,2.31,2.33,2.37,2.32
2023-11-14,2.19,2.16,2.24,4.42,4.44,4.61,2.23,2.28,2.33,2.19,2.16
2023-11-15,2.28,2.22,2.28,4.52,4.53,4.68,2.24,2.31,2.38,2.28,2.22
2023-11-16,2.23,2.18,2.26,4.43,4.45,4.63,2.2,2.27,2.34,2.23,2.18
2023-11-17,2.22,2.16,2.24,4.45,4.44,4.59,2.23,2.28,2.33,2.22,2.16
2023-11-20,2.18,2.12,2.2,4.44,4.42,4.57,2.26,2.3,2.34,2.18,2.12
2023-11-21,2.22,2.16,2.24,4.41,4.41,4.57,2.19,2.25,2.31,2.22,2.16
2023-11-22,2.23,2.16,2.2,4.44,4.42,4.55,2.21,2.26,2.31,2.23,2.16
2023-11-24,2.28,2.21,2.25,4.49,4.47,4.6,2.21,2.26,2.31,2.28,2.21
2023-11-27,2.26,2.18,2.22,4.38,4.39,4.53,2.12,2.21,2.3,2.26,2.18
2023-11-28,2.14,2.12,2.21,4.29,4.34,4.52,2.15,2.22,2.29,2.14,2.12
2023-11-29,2.08,2.06,2.15,4.22,4.27,4.44,2.14,2.21,2.28,2.08,2.06
2023-11-30,2.16,2.14,2.22,4.31,4.37,4.54,2.15,2.23,2.31,2.16,2.14
2023-12-01,2.02,2.0,2.12,4.14,4.22,4.4,2.12,2.22,2.32,2.02,2.0
2023-12-04,2.1,2.07,2.17,4.23,4.28,4.43,2.13,2.21,2.29,2.1,2.07
2023-12-05,2.05,2.01,2.08,4.14,4.18,4.3,2.09,2.17,2.25,2.05,2.01
2023-12-06,2.07,1.98,2.02,4.12,4.12,4.22,2.05,2.14,2.23,2.07,1.98
2023-12-07,2.05,1.97,2.02,4.11,4.14,4.25,2.06,2.17,2.28,2.05,1.97
2023-12-08,2.13,2.02,2.05,4.24,4.23,4.31,2.11,2.21,2.31,2.13,2.02
2023-12-11,2.14,2.04,2.09,4.25,4.23,4.32,2.11,2.19,2.27,2.14,2.04
2023-12-12,2.15,2.04,2.09,4.23,4.2,4.3,2.08,2.16,2.24,2.15,2.04
2023-12-13,1.92,1.88,2.0,4.0,4.04,4.19,2.08,2.16,2.24,1.92,1.88
2023-12-14,1.72,1.7,1.82,3.9,3.92,4.03,2.18,2.22,2.26,1.72,1.7
2023-12-15,1.74,1.69,1.82,3.91,3.91,4.0,2.17,2.22,2.27,1.74,1.69
2023-12-18,1.76,1.74,1.87,3.94,3.95,4.05,2.18,2.21,2.24,1.76,1.74
2023-12-19,1.77,1.74,1.87,3.94,3.93,4.03,2.17,2.19,2.21,1.77,1.74
2023-12-20,1.7,1.67,1.83,3.86,3.86,3.98,2.16,2.19,2.22,1.7,1.67
2023-12-21,1.69,1.7,1.86,3.87,3.89,4.03,2.18,2.19,2.2,1.69,1.7
2023-12-22,1.71,1.71,1.89,3.87,3.9,4.05,2.16,2.19,2.22,1.71,1.71
2023-12-26,1.72,1.71,1.89,3.89,3.89,4.04,2.17,2.18,2.19,1.72,1.71
2023-12-27,1.66,1.64,1.82,3.78,3.79,3.95,2.12,2.15,2.18,1.66,1.64
2023-12-28,1.72,1.68,1.84,3.83,3.84,3.98,2.11,2.16,2.21,1.72,1.68
2023-12-29,1.72,1.72,1.9,3.84,3.88,4.03,2.12,2.16,2.2,1.72,1.72
2024-01-02,1.76,1.74,1.91,3.93,3.95,4.08,2.17,2.21,2.25,1.76,1.74
2024-01-03,1.73,1.71,1.89,3.9,3.91,4.05,2.17,2.2,2.23,1.73,1.71
2024-01-04,1.79,1.77,1.96,3.97,3.99,4.13,2.18,2.22,2.26,1.79,1.77
2024-01-05,1.83,1.83,2.02,4.02,4.05,4.21,2.19,2.22,2.25,1.83,1.83
2024-01-08,1.78,1.79,1.98,3.97,4.01,4.17,2.19,2.22,2.25,1.78,1.79
2024-01-09,1.8,1.8,1.99,3.97,4.02,4.18,2.17,2.22,2.27,1.8,1.8
2024-01-10,1.81,1.82,2.01,3.99,4.04,4.2,2.18,2.22,2.26,1.81,1.82
2024-01-11,1.72,1.76,1.98,3.9,3.98,4.18,2.18,2.22,2.26,1.72,1.76
2024-01-12,1.62,1.69,1.95,3.84,3.96,4.2,2.22,2.27,2.32,1.62,1.69
2024-01-16,1.71,1.77,2.03,3.95,4.07,4.3,2.24,2.3,2.36,1.71,1.77
2024-01-17,1.78,1.8,2.03,4.02,4.1,4.31,2.24,2.3,2.36,1.78,1.8
2024-01-18,1.76,1.8,2.05,4.04,4.14,4.37,2.28,2.34,2.4,1.76,1.8
2024-01-19,1.78,1.81,2.03,4.08,4.15,4.36,2.3,2.34,2.38,1.78,1.81
2024-01-22,1.76,1.8,2.03,4.03,4.11,4.32,2.27,2.31,2.35,1.76,1.8
2024-01-23,1.8,1.85,2.09,4.06,4.14,4.38,2.26,2.29,2.32,1.8,1.85
2024-01-24,1.83,1.88,2.11,4.06,4.18,4.41,2.23,2.3,2.37,1.83,1.88
2024-01-25,1.77,1.85,2.1,4.01,4.14,4.38,2.24,2.29,2.34,1.77,1.85
2024-01-26,1.78,1.85,2.1,4.04,4.15,4.38,2.26,2.3,2.34,1.78,1.85
2024-01-29,1.71,1.78,2.03,3.97,4.08,4.31,2.26,2.3,2.34,1.71,1.78
2024-01-30,1.75,1.8,2.04,4.0,4.06,4.28,2.25,2.26,2.27,1.75,1.8
2024-01-31,1.67,1.73,1.99,3.91,3.99,4.22,2.24,2.26,2.28,1.67,1.73
2024-02-01,1.63,1.68,1.91,3.8,3.87,4.1,2.17,2.19,2.21,1.63,1.68
2024-02-02,1.8,1.82,2.02,3.99,4.03,4.22,2.19,2.21,2.23,1.8,1.82
2024-02-05,1.87,1.9,2.09,4.13,4.17,4.35,2.26,2.27,2.28,1.87,1.9
2024-02-06,1.79,1.85,2.06,4.03,4.09,4.29,2.24,2.24,2.24,1.79,1.85
2024-02-07,1.8,1.86,2.08,4.06,4.09,4.31,2.26,2.23,2.2,1.8,1.86
2024-02-08,1.84,1.91,2.12,4.12,4.15,4.36,2.28,2.24,2.2,1.84,1.91
2024-02-09,1.86,1.92,2.13,4.14,4.17,4.37,2.28,2.25,2.22,1.86,1.92
2024-02-12,1.86,1.93,2.15,4.13,4.17,4.37,2.27,2.24,2.21,1.86,1.93
2024-02-13,1.98,2.02,2.2,4.31,4.31,4.46,2.33,2.29,2.25,1.98,2.02
2024-02-14,1.91,1.97,2.18,4.25,4.27,4.45,2.34,2.3,2.26,1.91,1.97
2024-02-15,1.87,1.94,2.16,4.22,4.24,4.42,2.35,2.3,2.25,1.87,1.94
2024-02-16,1.91,1.97,2.17,4.29,4.3,4.45,2.38,2.33,2.28,1.91,1.97
2024-02-20,1.88,1.95,2.17,4.25,4.27,4.44,2.37,2.32,2.27,1.88,1.95
2024-02-21,1.91,1.98,2.18,4.3,4.32,4.49,2.39,2.34,2.29,1.91,1.98
2024-02-22,1.96,2.02,2.19,4.33,4.33,4.47,2.37,2.31,2.25,1.96,2.02
2024-02-23,1.94,1.96,2.11,4.28,4.26,4.37,2.34,2.3,2.26,1.94,1.96
2024-02-26,1.93,1.97,2.13,4.29,4.28,4.4,2.36,2.31,2.26,1.93,1.97
2024-02-27,1.94,1.99,2.16,4.32,4.31,4.44,2.38,2.32,2.26,1.94,1.99
2024-02-28,1.88,1.94,2.12,4.26,4.27,4.4,2.38,2.33,2.28,1.88,1.94
2024-02-29,1.86,1.92,2.09,4.26,4.25,4.38,2.4,2.33,2.26,1.86,1.92
2024-03-01,1.77,1.87,2.05,4.17,4.19,4.33,2.4,2.32,2.24,1.77,1.87
2024-03-04,1.79,1.88,2.05,4.21,4.22,4.36,2.42,2.34,2.26,1.79,1.88
2024-03-05,1.74,1.81,1.98,4.13,4.13,4.27,2.39,2.32,2.25,1.74,1.81
2024-03-06,1.74,1.81,1.98,4.12,4.11,4.24,2.38,2.3,2.22,1.74,1.81
2024-03-07,1.73,1.81,2.01,4.07,4.09,4.25,2.34,2.28,2.22,1.73,1.81
2024-03-08,1.72,1.81,2.01,4.06,4.09,4.26,2.34,2.28,2.22,1.72,1.81
2024-03-11,1.76,1.83,2.02,4.08,4.1,4.26,2.32,2.27,2.22,1.76,1.83
2024-03-12,1.8,1.86,2.05,4.15,4.16,4.31,2.35,2.3,2.25,1.8,1.86
2024-03-13,1.82,1.89,2.08,4.19,4.19,4.35,2.37,2.3,2.23,1.82,1.89
2024-03-14,1.92,1.99,2.17,4.29,4.29,4.44,2.37,2.3,2.23,1.92,1.99
2024-03-15,1.94,1.99,2.16,4.33,4.31,4.43,2.39,2.32,2.25,1.94,1.99
2024-03-18,1.97,2.03,2.19,4.36,4.34,4.46,2.39,2.31,2.23,1.97,2.03
2024-03-19,1.93,2.0,2.18,4.31,4.3,4.44,2.38,2.3,2.22,1.93,2.0
2024-03-20,1.85,1.96,2.17,4.25,4.27,4.45,2.4,2.31,2.22,1.85,1.96
2024-03-21,1.83,1.93,2.14,4.26,4.27,4.44,2.43,2.34,2.25,1.83,1.93
2024-03-22,1.79,1.87,2.1,4.2,4.22,4.39,2.41,2.35,2.29,1.79,1.87
2024-03-25,1.82,1.92,2.14,4.23,4.25,4.42,2.41,2.33,2.25,1.82,1.92
2024-03-26,1.84,1.92,2.13,4.22,4.24,4.4,2.38,2.32,2.26,1.84,1.92
2024-03-27,1.81,1.88,2.09,4.18,4.2,4.36,2.37,2.32,2.27,1.81,1.88
2024-03-28,1.83,1.88,2.07,4.21,4.2,4.34,2.38,2.32,2.26,1.83,1.88
2024-04-01,1.93,1.98,2.17,4.34,4.33,4.47,2.41,2.35,2.29,1.93,1.98
2024-04-02,1.91,2.0,2.19,4.35,4.36,4.51,2.44,2.36,2.28,1.91,2.0
2024-04-03,1.91,2.0,2.2,4.34,4.36,4.51,2.43,2.36,2.29,1.91,2.0
2024-04-04,1.88,1.97,2.17,4.3,4.31,4.47,2.42,2.34,2.26,1.88,1.97
2024-04-05,1.93,2.02,2.22,4.38,4.39,4.54,2.45,2.37,2.29,1.93,2.02
2024-04-08,1.96,2.04,2.22,4.43,4.42,4.55,2.47,2.38,2.29,1.96,2.04
2024-04-09,1.93,2.0,2.18,4.37,4.36,4.5,2.44,2.36,2.28,1.93,2.0
2024-04-10,2.12,2.15,2.29,4.61,4.55,4.64,2.49,2.4,2.31,2.12,2.15
2024-04-11,2.13,2.16,2.31,4.61,4.56,4.65,2.48,2.4,2.32,2.13,2.16
2024-04-12,2.07,2.11,2.27,4.54,4.5,4.61,2.47,2.39,2.31,2.07,2.11
2024-04-15,2.13,2.2,2.37,4.65,4.63,4.74,2.52,2.43,2.34,2.13,2.2
2024-04-16,2.17,2.24,2.4,4.69,4.67,4.77,2.52,2.43,2.34,2.17,2.24
2024-04-17,2.15,2.2,2.36,4.62,4.59,4.71,2.47,2.39,2.31,2.15,2.2
2024-04-18,2.24,2.24,2.38,4.68,4.64,4.74,2.44,2.4,2.36,2.24,2.24
2024-04-19,2.22,2.21,2.36,4.66,4.62,4.72,2.44,2.41,2.38,2.22,2.21
2024-04-22,2.21,2.21,2.36,4.66,4.62,4.72,2.45,2.41,2.37,2.21,2.21
2024-04-23,2.19,2.2,2.38,4.63,4.61,4.73,2.44,2.41,2.38,2.19,2.2
2024-04-24,2.22,2.24,2.41,4.64,4.65,4.78,2.42,2.41,2.4,2.22,2.24
2024-04-25,2.27,2.28,2.42,4.7,4.7,4.82,2.43,2.42,2.41,2.27,2.28
2024-04-26,2.24,2.24,2.38,4.68,4.67,4.78,2.44,2.43,2.42,2.24,2.24
2024-04-29,2.22,2.22,2.36,4.65,4.63,4.75,2.43,2.41,2.39,2.22,2.22
2024-04-30,2.29,2.28,2.41,4.72,4.69,4.79,2.43,2.41,2.39,2.29,2.28
2024-05-01,2.25,2.25,2.38,4.64,4.63,4.74,2.39,2.38,2.37,2.25,2.25
2024-05-02,2.2,2.21,2.37,4.57,4.58,4.72,2.37,2.37,2.37,2.2,2.21
2024-05-03,2.13,2.15,2.31,4.48,4.5,4.66,2.35,2.35,2.35,2.13,2.15
2024-05-06,2.14,2.14,2.29,4.48,4.49,4.64,2.34,2.35,2.36,2.14,2.14
2024-05-07,2.16,2.15,2.28,4.48,4.47,4.61,2.32,2.32,2.32,2.16,2.15
2024-05-08,2.19,2.17,2.31,4.5,4.48,4.64,2.31,2.31,2.31,2.19,2.17
2024-05-09,2.13,2.13,2.26,4.47,4.45,4.6,2.34,2.32,2.3,2.13,2.13
2024-05-10,2.18,2.16,2.29,4.52,4.5,4.64,2.34,2.34,2.34,2.18,2.16
2024-05-13,2.17,2.15,2.29,4.5,4.48,4.63,2.33,2.33,2.33,2.17,2.15
2024-05-14,2.14,2.12,2.26,4.46,4.45,4.59,2.32,2.33,2.34,2.14,2.12
2024-05-15,2.06,2.05,2.19,4.35,4.36,4.52,2.29,2.31,2.33,2.06,2.05
2024-05-16,2.1,2.07,2.2,4.4,4.38,4.52,2.3,2.31,2.32,2.1,2.07
2024-05-17,2.12,2.1,2.23,4.44,4.42,4.56,2.32,2.32,2.32,2.12,2.1
2024-05-20,2.13,2.11,2.24,4.46,4.44,4.58,2.33,2.33,2.33,2.13,2.11
2024-05-21,2.1,2.09,2.22,4.43,4.41,4.55,2.33,2.32,2.31,2.1,2.09
2024-05-22,2.14,2.1,2.21,4.47,4.43,4.55,2.33,2.33,2.33,2.14,2.1
2024-05-23,2.21,2.17,2.26,4.52,4.47,4.58,2.31,2.3,2.29,2.21,2.17
2024-05-24,2.2,2.14,2.25,4.53,4.46,4.57,2.33,2.32,2.31,2.2,2.14
2024-05-28,2.23,2.2,2.32,4.56,4.54,4.66,2.33,2.34,2.35,2.23,2.2
2024-05-29,2.27,2.25,2.36,4.63,4.61,4.74,2.36,2.36,2.36,2.27,2.25
2024-05-30,2.22,2.19,2.32,4.57,4.55,4.69,2.35,2.36,2.37,2.22,2.19
2024-05-31,2.18,2.16,2.3,4.52,4.51,4.65,2.34,2.35,2.36,2.18,2.16
2024-06-03,2.11,2.08,2.22,4.42,4.41,4.55,2.31,2.33,2.35,2.11,2.08
2024-06-04,2.07,2.02,2.16,4.35,4.33,4.48,2.28,2.31,2.34,2.07,2.02
2024-06-05,2.04,1.99,2.13,4.31,4.29,4.44,2.27,2.3,2.33,2.04,1.99
2024-06-06,2.04,2.0,2.14,4.29,4.28,4.43,2.25,2.28,2.31,2.04,2.0
2024-06-07,2.18,2.13,2.24,4.46,4.43,4.55,2.28,2.3,2.32,2.18,2.13
2024-06-10,2.21,2.16,2.28,4.48,4.47,4.59,2.27,2.31,2.35,2.21,2.16
2024-06-11,2.16,2.12,2.23,4.41,4.39,4.53,2.25,2.27,2.29,2.16,2.12
2024-06-12,2.15,2.09,2.21,4.32,4.31,4.47,2.17,2.22,2.27,2.15,2.09
2024-06-13,2.1,2.03,2.15,4.24,4.24,4.4,2.14,2.21,2.28,2.1,2.03
2024-06-14,2.11,2.03,2.12,4.22,4.2,4.34,2.11,2.17,2.23,2.11,2.03
2024-06-17,2.14,2.06,2.15,4.3,4.28,4.4,2.16,2.22,2.28,2.14,2.06
2024-06-18,2.07,2.01,2.1,4.24,4.22,4.36,2.17,2.21,2.25,2.07,2.01
2024-06-20,2.05,2.0,2.12,4.26,4.25,4.39,2.21,2.25,2.29,2.05,2.0
2024-06-21,2.07,2.02,2.15,4.26,4.25,4.39,2.19,2.23,2.27,2.07,2.02
2024-06-24,2.09,2.03,2.14,4.27,4.25,4.38,2.18,2.22,2.26,2.09,2.03
2024-06-25,2.08,2.01,2.12,4.25,4.23,4.36,2.17,2.22,2.27,2.08,2.01
2024-06-26,2.12,2.06,2.17,4.32,4.32,4.45,2.2,2.26,2.32,2.12,2.06
2024-06-27,2.07,2.03,2.15,4.29,4.29,4.43,2.22,2.26,2.3,2.07,2.03
2024-06-28,2.09,2.08,2.23,4.33,4.36,4.51,2.24,2.28,2.32,2.09,2.08
2024-07-01,2.15,2.16,2.32,4.44,4.48,4.64,2.29,2.32,2.35,2.15,2.16
2024-07-02,2.13,2.13,2.28,4.39,4.43,4.6,2.26,2.3,2.34,2.13,2.13
2024-07-03,2.1,2.09,2.23,4.33,4.36,4.53,2.23,2.27,2.31,2.1,2.09
2024-07-05,2.0,2.0,2.17,4.22,4.28,4.47,2.22,2.28,2.34,2.0,2.0
2024-07-08,2.01,2.01,2.17,4.23,4.28,4.46,2.22,2.27,2.32,2.01,2.01
2024-07-09,2.03,2.04,2.21,4.24,4.3,4.49,2.21,2.26,2.31,2.03,2.04
2024-07-10,2.02,2.01,2.18,4.24,4.28,4.47,2.22,2.27,2.32,2.02,2.01
2024-07-11,1.95,1.95,2.13,4.13,4.2,4.41,2.18,2.25,2.32,1.95,1.95
2024-07-12,1.95,1.94,2.12,4.1,4.18,4.39,2.15,2.24,2.33,1.95,1.94
2024-07-15,1.93,1.96,2.16,4.13,4.23,4.46,2.2,2.27,2.34,1.93,1.96
2024-07-16,1.89,1.91,2.09,4.09,4.17,4.38,2.2,2.26,2.32,1.89,1.91
2024-07-17,1.88,1.9,2.09,4.07,4.16,4.37,2.19,2.26,2.33,1.88,1.9
2024-07-18,1.92,1.89,2.13,4.11,4.2,4.41,2.19,2.31,2.43,1.92,1.89
2024-07-19,1.98,1.93,2.16,4.16,4.25,4.45,2.18,2.32,2.46,1.98,1.93
2024-07-22,1.99,1.96,2.18,4.17,4.26,4.48,2.18,2.3,2.42,1.99,1.96
2024-07-23,1.98,1.96,2.2,4.15,4.25,4.48,2.17,2.29,2.41,1.98,1.96
2024-07-24,1.99,2.0,2.26,4.12,4.28,4.54,2.13,2.28,2.43,1.99,2.0
2024-07-25,2.0,1.99,2.24,4.13,4.27,4.5,2.13,2.28,2.43,2.0,1.99
2024-07-26,1.93,1.93,2.2,4.06,4.2,4.45,2.13,2.27,2.41,1.93,1.93
2024-07-29,1.92,1.92,2.17,4.05,4.17,4.42,2.13,2.25,2.37,1.92,1.92
2024-07-30,1.91,1.9,2.16,4.03,4.15,4.4,2.12,2.25,2.38,1.91,1.9
2024-07-31,1.84,1.85,2.13,3.97,4.09,4.35,2.13,2.24,2.35,1.84,1.85
2024-08-01,1.78,1.79,2.09,3.84,3.99,4.27,2.06,2.2,2.34,1.78,1.79
2024-08-02,1.73,1.76,2.04,3.62,3.8,4.11,1.89,2.04,2.19,1.73,1.76
2024-08-05,1.71,1.71,1.97,3.62,3.78,4.06,1.91,2.07,2.23,1.71,1.71
2024-08-06,1.77,1.78,2.05,3.73,3.9,4.18,1.96,2.12,2.28,1.77,1.78
2024-08-07,1.82,1.85,2.12,3.79,3.96,4.26,1.97,2.11,2.25,1.82,1.85
2024-08-08,1.85,1.87,2.14,3.83,3.99,4.28,1.98,2.12,2.26,1.85,1.87
2024-08-09,1.84,1.84,2.1,3.8,3.94,4.23,1.96,2.1,2.24,1.84,1.84
2024-08-12,1.77,1.79,2.06,3.75,3.9,4.19,1.98,2.11,2.24,1.77,1.79
2024-08-13,1.72,1.76,2.05,3.68,3.85,4.16,1.96,2.09,2.22,1.72,1.76
2024-08-14,1.74,1.77,2.04,3.67,3.83,4.12,1.93,2.06,2.19,1.74,1.77
2024-08-15,1.8,1.8,2.06,3.79,3.92,4.18,1.99,2.12,2.25,1.8,1.8
2024-08-16,1.8,1.81,2.06,3.77,3.89,4.15,1.97,2.08,2.19,1.8,1.81
2024-08-19,1.81,1.79,2.04,3.75,3.86,4.11,1.94,2.07,2.2,1.81,1.79
2024-08-20,1.75,1.75,1.99,3.7,3.82,4.07,1.95,2.07,2.19,1.75,1.75
2024-08-21,1.7,1.72,1.97,3.64,3.79,4.06,1.94,2.07,2.2,1.7,1.72
2024-08-22,1.76,1.76,2.03,3.72,3.86,4.13,1.96,2.1,2.24,1.76,1.76
2024-08-23,1.64,1.68,1.97,3.65,3.81,4.1,2.01,2.13,2.25,1.64,1.68
2024-08-26,1.64,1.67,1.97,3.66,3.82,4.11,2.02,2.15,2.28,1.64,1.67
2024-08-27,1.64,1.68,1.98,3.66,3.83,4.13,2.02,2.15,2.28,1.64,1.68
2024-08-28,1.64,1.69,1.98,3.63,3.84,4.13,1.99,2.15,2.31,1.64,1.69
2024-08-29,1.65,1.71,2.0,3.66,3.87,4.15,2.01,2.16,2.31,1.65,1.71
2024-08-30,1.7,1.76,2.04,3.71,3.91,4.2,2.01,2.15,2.29,1.7,1.76
2024-09-03,1.7,1.73,2.0,3.65,3.84,4.13,1.95,2.11,2.27,1.7,1.73
2024-09-04,1.66,1.7,1.98,3.56,3.77,4.06,1.9,2.07,2.24,1.66,1.7
2024-09-05,1.67,1.7,1.97,3.54,3.73,4.02,1.87,2.03,2.19,1.67,1.7
2024-09-06,1.64,1.69,1.98,3.5,3.72,4.03,1.86,2.03,2.2,1.64,1.69
2024-09-09,1.61,1.66,1.94,3.49,3.7,4.0,1.88,2.04,2.2,1.61,1.66
2024-09-10,1.57,1.63,1.92,3.43,3.65,3.97,1.86,2.02,2.18,1.57,1.63
2024-09-11,1.55,1.61,1.91,3.45,3.65,3.96,1.9,2.04,2.18,1.55,1.61
2024-09-12,1.54,1.63,1.94,3.47,3.68,4.0,1.93,2.05,2.17,1.54,1.63
2024-09-13,1.48,1.58,1.9,3.43,3.66,3.98,1.95,2.08,2.21,1.48,1.58
2024-09-16,1.47,1.54,1.84,3.41,3.63,3.94,1.94,2.09,2.24,1.47,1.54
2024-09-17,1.47,1.53,1.85,3.44,3.65,3.96,1.97,2.12,2.27,1.47,1.53
2024-09-18,1.49,1.58,1.9,3.47,3.7,4.03,1.98,2.12,2.26,1.49,1.58
2024-09-19,1.45,1.56,1.91,3.49,3.73,4.06,2.04,2.17,2.3,1.45,1.56
2024-09-20,1.46,1.58,1.93,3.48,3.73,4.07,2.02,2.15,2.28,1.46,1.58
2024-09-23,1.47,1.58,1.93,3.51,3.75,4.09,2.04,2.17,2.3,1.47,1.58
2024-09-24,1.41,1.55,1.92,3.47,3.74,4.09,2.06,2.19,2.32,1.41,1.55
2024-09-25,1.46,1.61,1.97,3.52,3.79,4.14,2.06,2.18,2.3,1.46,1.61
2024-09-26,1.52,1.63,1.96,3.55,3.79,4.12,2.03,2.16,2.29,1.52,1.63
2024-09-27,1.47,1.6,1.95,3.5,3.75,4.1,2.03,2.15,2.27,1.47,1.6
2024-09-30,1.51,1.63,1.96,3.58,3.81,4.14,2.07,2.18,2.29,1.51,1.63
2024-10-01,1.44,1.55,1.9,3.51,3.74,4.08,2.07,2.19,2.31,1.44,1.55
2024-10-02,1.45,1.58,1.93,3.55,3.79,4.14,2.1,2.21,2.32,1.45,1.58
2024-10-03,1.51,1.64,1.98,3.62,3.85,4.18,2.11,2.21,2.31,1.51,1.64
2024-10-04,1.67,1.75,2.04,3.81,3.98,4.26,2.14,2.23,2.32,1.67,1.75
2024-10-07,1.69,1.76,2.06,3.86,4.03,4.3,2.17,2.27,2.37,1.69,1.76
2024-10-08,1.69,1.77,2.07,3.86,4.04,4.32,2.17,2.27,2.37,1.69,1.77
2024-10-09,1.7,1.77,2.06,3.91,4.06,4.34,2.21,2.29,2.37,1.7,1.77
2024-10-10,1.65,1.76,2.08,3.91,4.09,4.38,2.26,2.33,2.4,1.65,1.76
2024-10-11,1.63,1.75,2.09,3.88,4.08,4.39,2.25,2.33,2.41,1.63,1.75
2024-10-15,1.64,1.75,2.05,3.86,4.03,4.32,2.22,2.28,2.34,1.64,1.75
2024-10-16,1.65,1.75,2.05,3.84,4.02,4.3,2.19,2.27,2.35,1.65,1.75
2024-10-17,1.68,1.79,2.11,3.9,4.09,4.39,2.22,2.3,2.38,1.68,1.79
2024-10-18,1.65,1.77,2.09,3.88,4.08,4.38,2.23,2.31,2.39,1.65,1.77
2024-10-21,1.75,1.88,2.19,3.98,4.19,4.49,2.23,2.31,2.39,1.75,1.88
2024-10-22,1.75,1.87,2.17,4.0,4.2,4.49,2.25,2.33,2.41,1.75,1.87
2024-10-23,1.82,1.93,2.21,4.05,4.24,4.51,2.23,2.31,2.39,1.82,1.93
2024-10-24,1.7,1.91,2.17,4.03,4.21,4.47,2.33,2.3,2.27,1.7,1.91
2024-10-25,1.75,1.96,2.22,4.07,4.25,4.51,2.32,2.29,2.26,1.75,1.96
2024-10-28,1.8,1.99,2.23,4.11,4.28,4.53,2.31,2.29,2.27,1.8,1.99
2024-10-29,1.78,1.98,2.22,4.11,4.28,4.52,2.33,2.3,2.27,1.78,1.98
2024-10-30,1.77,1.95,2.17,4.14,4.29,4.49,2.37,2.34,2.31,1.77,1.95
2024-10-31,1.77,1.95,2.15,4.15,4.28,4.47,2.38,2.33,2.28,1.77,1.95
2024-11-01,1.85,2.04,2.25,4.22,4.37,4.57,2.37,2.33,2.29,1.85,2.04
2024-11-04,1.85,2.03,2.22,4.17,4.31,4.5,2.32,2.28,2.24,1.85,2.03
2024-11-05,1.84,1.99,2.16,4.16,4.26,4.44,2.32,2.27,2.22,1.84,1.99
2024-11-06,1.81,2.04,2.25,4.27,4.42,4.6,2.46,2.38,2.3,1.81,2.04
2024-11-07,1.77,1.98,2.22,4.17,4.31,4.52,2.4,2.33,2.26,1.77,1.98
2024-11-08,1.77,1.95,2.16,4.2,4.3,4.47,2.43,2.35,2.27,1.77,1.95
2024-11-12,1.89,2.08,2.27,4.32,4.43,4.58,2.43,2.35,2.27,1.89,2.08
2024-11-13,1.88,2.09,2.32,4.3,4.44,4.63,2.42,2.35,2.28,1.88,2.09
2024-11-14,1.92,2.1,2.28,4.32,4.43,4.58,2.4,2.33,2.26,1.92,2.1
2024-11-15,1.91,2.1,2.31,4.3,4.43,4.6,2.39,2.33,2.27,1.91,2.1
2024-11-18,1.87,2.08,2.3,4.28,4.42,4.61,2.41,2.34,2.27,1.87,2.08
2024-11-19,1.84,2.05,2.28,4.25,4.39,4.57,2.41,2.34,2.27,1.84,2.05
2024-11-20,1.85,2.06,2.29,4.28,4.41,4.59,2.43,2.35,2.27,1.85,2.06
2024-11-21,1.88,2.09,2.31,4.3,4.43,4.61,2.42,2.34,2.26,1.88,2.09
2024-11-22,1.87,2.07,2.29,4.3,4.41,4.6,2.43,2.34,2.25,1.87,2.07
2024-11-25,1.82,1.98,2.2,4.17,4.27,4.45,2.35,2.29,2.23,1.82,1.98
2024-11-26,1.84,2.02,2.24,4.17,4.3,4.48,2.33,2.28,2.23,1.84,2.02
2024-11-27,1.79,1.99,2.21,4.11,4.25,4.44,2.32,2.26,2.2,1.79,1.99
2024-11-29,1.72,1.92,2.15,4.05,4.18,4.36,2.33,2.26,2.19,1.72,1.92
2024-12-02,1.75,1.93,2.15,4.08,4.19,4.36,2.33,2.26,2.19,1.75,1.93
2024-12-03,1.75,1.95,2.17,4.11,4.23,4.4,2.36,2.28,2.2,1.75,1.95
2024-12-04,1.7,1.9,2.12,4.07,4.19,4.35,2.37,2.29,2.21,1.7,1.9
2024-12-05,1.72,1.92,2.13,4.07,4.17,4.33,2.35,2.25,2.15,1.72,1.92
2024-12-06,1.72,1.91,2.14,4.03,4.15,4.34,2.31,2.24,2.17,1.72,1.91
2024-12-09,1.74,1.93,2.18,4.07,4.2,4.39,2.33,2.27,2.21,1.74,1.93
2024-12-10,1.75,1.93,2.17,4.09,4.22,4.41,2.34,2.29,2.24,1.75,1.93
2024-12-11,1.75,1.96,2.22,4.13,4.26,4.48,2.38,2.3,2.22,1.75,1.96
2024-12-12,1.79,2.0,2.28,4.18,4.32,4.55,2.39,2.32,2.25,1.79,2.0
2024-12-13,1.85,2.07,2.33,4.25,4.4,4.61,2.4,2.33,2.26,1.85,2.07
2024-12-16,1.87,2.07,2.32,4.25,4.39,4.6,2.38,2.32,2.26,1.87,2.07
2024-12-17,1.9,2.09,2.33,4.26,4.4,4.59,2.36,2.31,2.26,1.9,2.09
2024-12-18,2.02,2.18,2.37,4.4,4.5,4.65,2.38,2.32,2.26,2.02,2.18
2024-12-19,2.08,2.28,2.47,4.43,4.57,4.74,2.35,2.29,2.23,2.08,2.28
2024-12-20,2.03,2.23,2.44,4.37,4.52,4.72,2.34,2.29,2.24,2.03,2.23
2024-12-23,2.06,2.27,2.47,4.44,4.59,4.78,2.38,2.32,2.26,2.06,2.27
2024-12-24,2.04,2.24,2.44,4.43,4.59,4.76,2.39,2.35,2.31,2.04,2.24
2024-12-26,2.03,2.23,2.43,4.42,4.58,4.76,2.39,2.35,2.31,2.03,2.23
2024-12-27,2.07,2.28,2.49,4.45,4.62,4.82,2.38,2.34,2.3,2.07,2.28
2024-12-30,2.02,2.24,2.47,4.37,4.55,4.77,2.35,2.31,2.27,2.02,2.24
2024-12-31,2.0,2.24,2.48,4.38,4.58,4.78,2.38,2.34,2.3,2.0,2.24
2025-01-02,1.97,2.23,2.48,4.38,4.57,4.79,2.41,2.34,2.27,1.97,2.23
2025-01-03,2.01,2.26,2.51,4.41,4.6,4.82,2.4,2.34,2.28,2.01,2.26
2025-01-06,2.02,2.28,2.53,4.42,4.62,4.85,2.4,2.34,2.28,2.02,2.28
2025-01-07,2.02,2.29,2.55,4.46,4.67,4.91,2.44,2.38,2.32,2.02,2.29
2025-01-08,1.98,2.27,2.55,4.45,4.67,4.91,2.47,2.4,2.33,1.98,2.27
2025-01-09,2.0,2.29,2.58,4.46,4.68,4.92,2.46,2.39,2.32,2.0,2.29
2025-01-10,2.08,2.34,2.6,4.59,4.77,4.96,2.51,2.43,2.35,2.08,2.34
2025-01-13,2.06,2.34,2.59,4.61,4.79,4.97,2.55,2.45,2.35,2.06,2.34
2025-01-14,2.04,2.34,2.61,4.59,4.78,4.98,2.55,2.44,2.33,2.04,2.34
2025-01-15,1.93,2.24,2.53,4.45,4.66,4.88,2.52,2.42,2.32,1.93,2.24
2025-01-16,1.88,2.19,2.51,4.39,4.61,4.84,2.51,2.42,2.33,1.88,2.19
2025-01-17,1.9,2.2,2.51,4.42,4.61,4.84,2.52,2.41,2.3,1.9,2.2
2025-01-21,1.93,2.19,2.48,4.4,4.57,4.8,2.47,2.38,2.29,1.93,2.19
2025-01-22,1.95,2.2,2.48,4.43,4.6,4.82,2.48,2.4,2.32,1.95,2.2
2025-01-23,1.93,2.23,2.5,4.45,4.65,4.87,2.52,2.42,2.32,1.93,2.23
2025-01-24,1.91,2.2,2.47,4.43,4.63,4.85,2.52,2.43,2.34,1.91,2.2
2025-01-27,1.83,2.13,2.4,4.32,4.53,4.76,2.49,2.4,2.31,1.83,2.13
2025-01-28,1.81,2.13,2.42,4.33,4.55,4.78,2.52,2.42,2.32,1.81,2.13
2025-01-29,1.83,2.15,2.42,4.35,4.55,4.79,2.52,2.4,2.28,1.83,2.15
2025-01-30,1.81,2.14,2.42,4.31,4.52,4.76,2.5,2.38,2.26,1.81,2.14
2025-01-31,1.82,2.16,2.46,4.36,4.58,4.83,2.54,2.42,2.3,1.82,2.16
2025-02-03,1.74,2.09,2.39,4.35,4.54,4.77,2.61,2.45,2.29,1.74,2.09
2025-02-04,1.72,2.08,2.37,4.31,4.52,4.75,2.59,2.44,2.29,1.72,2.08
2025-02-05,1.67,2.01,2.29,4.24,4.43,4.64,2.57,2.42,2.27,1.67,2.01
2025-02-06,1.71,2.03,2.3,4.28,4.45,4.65,2.57,2.42,2.27,1.71,2.03
2025-02-07,1.75,2.07,2.35,4.34,4.49,4.69,2.59,2.42,2.25,1.75,2.07
2025-02-10,1.74,2.07,2.36,4.34,4.51,4.71,2.6,2.44,2.28,1.74,2.07
2025-02-11,1.73,2.08,2.38,4.37,4.54,4.75,2.64,2.46,2.28,1.73,2.08
2025-02-12,1.82,2.16,2.46,4.48,4.62,4.83,2.66,2.46,2.26,1.82,2.16
2025-02-13,1.75,2.08,2.38,4.39,4.52,4.72,2.64,2.44,2.24,1.75,2.08
2025-02-14,1.71,2.04,2.36,4.33,4.47,4.69,2.62,2.43,2.24,1.71,2.04
2025-02-18,1.75,2.1,2.41,4.4,4.55,4.77,2.65,2.45,2.25,1.75,2.1
2025-02-19,1.71,2.08,2.4,4.37,4.53,4.76,2.66,2.45,2.24,1.71,2.08
2025-02-20,1.68,2.05,2.39,4.34,4.5,4.74,2.66,2.45,2.24,1.68,2.05
2025-02-21,1.65,2.0,2.35,4.26,4.42,4.67,2.61,2.42,2.23,1.65,2.0
2025-02-24,1.62,1.98,2.33,4.23,4.4,4.66,2.61,2.42,2.23,1.62,1.98
2025-02-25,1.55,1.92,2.27,4.12,4.3,4.55,2.57,2.38,2.19,1.55,1.92
2025-02-26,1.52,1.89,2.25,4.06,4.25,4.51,2.54,2.36,2.18,1.52,1.89
2025-02-27,1.52,1.92,2.3,4.09,4.29,4.56,2.57,2.37,2.17,1.52,1.92
2025-02-28,1.45,1.86,2.24,4.03,4.24,4.51,2.58,2.38,2.18,1.45,1.86
2025-03-03,1.38,1.8,2.2,3.97,4.16,4.45,2.59,2.36,2.13,1.38,1.8
2025-03-04,1.42,1.87,2.28,4.01,4.22,4.53,2.59,2.35,2.11,1.42,1.87
2025-03-05,1.52,1.94,2.33,4.08,4.28,4.57,2.56,2.34,2.12,1.52,1.94
2025-03-06,1.53,1.95,2.33,4.06,4.29,4.58,2.53,2.34,2.15,1.53,1.95
2025-03-07,1.57,1.99,2.36,4.09,4.32,4.62,2.52,2.33,2.14,1.57,1.99
2025-03-10,1.49,1.91,2.31,3.98,4.22,4.54,2.49,2.31,2.13,1.49,1.91
2025-03-11,1.53,1.97,2.35,4.03,4.28,4.59,2.5,2.31,2.12,1.53,1.97
2025-03-12,1.56,1.99,2.37,4.09,4.32,4.63,2.53,2.33,2.13,1.56,1.99
2025-03-13,1.54,1.98,2.36,4.02,4.27,4.59,2.48,2.29,2.1,1.54,1.98
2025-03-14,1.61,2.01,2.38,4.09,4.31,4.62,2.48,2.3,2.12,1.61,2.01
2025-03-17,1.63,2.02,2.37,4.11,4.31,4.6,2.48,2.29,2.1,1.63,2.02
2025-03-18,1.61,1.99,2.35,4.07,4.29,4.58,2.46,2.3,2.14,1.61,1.99
2025-03-19,1.53,1.94,2.32,4.03,4.25,4.56,2.5,2.31,2.12,1.53,1.94
2025-03-20,1.5,1.93,2.31,4.01,4.24,4.55,2.51,2.31,2.11,1.5,1.93
2025-03-21,1.49,1.92,2.35,4.0,4.25,4.59,2.51,2.33,2.15,1.49,1.92
2025-03-24,1.55,1.98,2.4,4.09,4.34,4.66,2.54,2.36,2.18,1.55,1.98
2025-03-25,1.51,1.96,2.39,4.07,4.31,4.65,2.56,2.35,2.14,1.51,1.96
2025-03-26,1.52,1.98,2.41,4.08,4.35,4.69,2.56,2.37,2.18,1.52,1.98
2025-03-27,1.49,1.99,2.44,4.09,4.38,4.73,2.6,2.39,2.18,1.49,1.99
2025-03-28,1.4,1.9,2.37,3.98,4.27,4.64,2.58,2.37,2.16,1.4,1.9
2025-03-31,1.35,1.85,2.32,3.96,4.23,4.59,2.61,2.38,2.15,1.35,1.85
2025-04-01,1.37,1.84,2.3,3.91,4.17,4.52,2.54,2.33,2.12,1.37,1.84
2025-04-02,1.44,1.88,2.32,3.95,4.2,4.54,2.51,2.32,2.13,1.44,1.88
2025-04-03,1.25,1.78,2.31,3.75,4.06,4.49,2.5,2.28,2.06,1.25,1.78
2025-04-04,1.38,1.83,2.28,3.72,4.01,4.41,2.34,2.18,2.02,1.38,1.83
2025-04-07,1.51,1.96,2.42,3.82,4.15,4.58,2.31,2.19,2.07,1.51,1.96
2025-04-08,1.53,2.04,2.52,3.88,4.26,4.71,2.35,2.22,2.09,1.53,2.04
2025-04-09,1.61,2.07,2.5,4.06,4.34,4.72,2.45,2.27,2.09,1.61,2.07
2025-04-10,1.72,2.21,2.68,4.04,4.4,4.86,2.32,2.19,2.06,1.72,2.21
2025-04-11,1.82,2.28,2.68,4.15,4.48,4.85,2.33,2.2,2.07,1.82,2.28
2025-04-14,1.67,2.15,2.6,4.02,4.38,4.8,2.35,2.23,2.11,1.67,2.15
2025-04-15,1.67,2.16,2.63,3.98,4.35,4.79,2.31,2.19,2.07,1.67,2.16
2025-04-16,1.62,2.12,2.6,3.91,4.29,4.74,2.29,2.17,2.05,1.62,2.12
2025-04-17,1.69,2.11,2.59,3.95,4.34,4.8,2.26,2.23,2.2,1.69,2.11
2025-04-21,1.72,2.2,2.68,3.97,4.42,4.91,2.25,2.22,2.19,1.72,2.2
2025-04-22,1.68,2.14,2.63,3.98,4.41,4.88,2.3,2.27,2.24,1.68,2.14
2025-04-23,1.67,2.11,2.58,4.0,4.4,4.83,2.33,2.29,2.25,1.67,2.11
2025-04-24,1.56,2.02,2.52,3.91,4.32,4.77,2.35,2.3,2.25,1.56,2.02
2025-04-25,1.56,2.02,2.53,3.88,4.29,4.74,2.32,2.27,2.22,1.56,2.02
2025-04-28,1.49,1.98,2.5,3.81,4.23,4.69,2.32,2.25,2.18,1.49,1.98
2025-04-29,1.48,1.96,2.46,3.77,4.19,4.64,2.29,2.23,2.17,1.48,1.96
2025-04-30,1.43,1.94,2.47,3.72,4.17,4.66,2.29,2.23,2.17,1.43,1.94
2025-05-01,1.51,2.0,2.53,3.81,4.25,4.74,2.3,2.25,2.2,1.51,2.0
2025-05-02,1.61,2.06,2.56,3.92,4.33,4.79,2.31,2.27,2.23,1.61,2.06
2025-05-05,1.62,2.08,2.58,3.95,4.36,4.83,2.33,2.28,2.23,1.62,2.08
2025-05-06,1.56,2.04,2.56,3.9,4.3,4.81,2.34,2.26,2.18,1.56,2.04
2025-05-07,1.54,2.01,2.54,3.87,4.26,4.77,2.33,2.25,2.17,1.54,2.01
2025-05-08,1.61,2.08,2.59,4.0,4.37,4.83,2.39,2.29,2.19,1.61,2.08
2025-05-09,1.61,2.08,2.6,4.0,4.37,4.83,2.39,2.29,2.19,1.61,2.08
2025-05-12,1.74,2.16,2.64,4.09,4.45,4.89,2.35,2.29,2.23,1.74,2.16
2025-05-13,1.74,2.17,2.65,4.12,4.49,4.94,2.38,2.32,2.26,1.74,2.17
2025-05-14,1.73,2.16,2.65,4.17,4.53,4.97,2.44,2.37,2.3,1.73,2.16
2025-05-15,1.66,2.11,2.61,4.07,4.45,4.91,2.41,2.34,2.27,1.66,2.11
2025-05-16,1.64,2.09,2.59,4.06,4.43,4.89,2.42,2.34,2.26,1.64,2.09
2025-05-19,1.64,2.1,2.6,4.07,4.46,4.92,2.43,2.36,2.29,1.64,2.1
2025-05-20,1.65,2.13,2.65,4.07,4.48,4.96,2.42,2.35,2.28,1.65,2.13
2025-05-21,1.72,2.23,2.75,4.15,4.58,5.08,2.43,2.35,2.27,1.72,2.23
2025-05-22,1.69,2.2,2.73,4.11,4.54,5.05,2.42,2.34,2.26,1.69,2.2
2025-05-23,1.68,2.18,2.73,4.08,4.51,5.04,2.4,2.33,2.26,1.68,2.18
2025-05-27,1.63,2.11,2.65,4.04,4.43,4.94,2.41,2.32,2.23,1.63,2.11
2025-05-28,1.66,2.15,2.67,4.05,4.47,4.97,2.39,2.32,2.25,1.66,2.15
2025-05-29,1.62,2.11,2.63,4.0,4.43,4.92,2.38,2.32,2.26,1.62,2.11
2025-05-30,1.57,2.07,2.61,3.96,4.41,4.92,2.39,2.34,2.29,1.57,2.07
2025-06-02,1.63,2.13,2.68,4.01,4.46,4.99,2.38,2.33,2.28,1.63,2.13
2025-06-03,1.66,2.14,2.68,4.04,4.46,4.98,2.38,2.32,2.26,1.66,2.14
2025-06-04,1.61,2.06,2.6,3.93,4.37,4.89,2.32,2.31,2.3,1.61,2.06
2025-06-05,1.68,2.11,2.61,3.99,4.4,4.88,2.31,2.29,2.27,1.68,2.11
2025-06-06,1.78,2.2,2.68,4.13,4.51,4.97,2.35,2.31,2.27,1.78,2.2
2025-06-09,1.75,2.18,2.67,4.09,4.49,4.95,2.34,2.31,2.28,1.75,2.18
2025-06-10,1.76,2.18,2.66,4.08,4.47,4.93,2.32,2.29,2.26,1.76,2.18
2025-06-11,1.72,2.14,2.65,4.02,4.41,4.91,2.3,2.27,2.24,1.72,2.14
2025-06-12,1.69,2.11,2.6,3.97,4.36,4.84,2.28,2.25,2.22,1.69,2.11
2025-06-13,1.71,2.13,2.64,4.02,4.41,4.9,2.31,2.28,2.25,1.71,2.13
2025-06-16,1.72,2.16,2.67,4.04,4.46,4.96,2.32,2.3,2.28,1.72,2.16
2025-06-17,1.64,2.08,2.59,3.99,4.39,4.88,2.35,2.31,2.27,1.64,2.08
2025-06-18,1.62,2.07,2.6,3.98,4.38,4.88,2.36,2.31,2.26,1.62,2.07
2025-06-20,1.59,2.05,2.59,3.96,4.38,4.89,2.37,2.33,2.29,1.59,2.05
2025-06-23,1.58,2.04,2.59,3.91,4.34,4.87,2.33,2.3,2.27,1.58,2.04
2025-06-24,1.56,2.01,2.57,3.86,4.3,4.83,2.3,2.29,2.28,1.56,2.01
2025-06-25,1.55,2.01,2.56,3.83,4.29,4.83,2.28,2.28,2.28,1.55,2.01
2025-06-26,1.5,1.98,2.55,3.79,4.26,4.81,2.29,2.28,2.27,1.5,1.98
2025-06-27,1.52,2.0,2.57,3.83,4.29,4.85,2.31,2.29,2.27,1.52,2.0
2025-06-30,1.48,1.95,2.51,3.79,4.24,4.78,2.31,2.29,2.27,1.48,1.95
2025-07-01,1.52,1.97,2.52,3.84,4.26,4.78,2.32,2.29,2.26,1.52,1.97
2025-07-02,1.53,2.0,2.54,3.87,4.3,4.82,2.34,2.3,2.26,1.53,2.0
2025-07-03,1.57,2.02,2.57,3.94,4.35,4.86,2.37,2.33,2.29,1.57,2.02
2025-07-07,1.56,2.05,2.62,3.96,4.4,4.92,2.4,2.35,2.3,1.56,2.05
2025-07-08,1.6,2.07,2.63,3.99,4.42,4.94,2.39,2.35,2.31,1.6,2.07
2025-07-09,1.54,2.01,2.58,3.92,4.34,4.87,2.38,2.33,2.28,1.54,2.01
2025-07-10,1.54,2.01,2.57,3.93,4.35,4.86,2.39,2.34,2.29,1.54,2.01
2025-07-11,1.55,2.06,2.64,3.99,4.43,4.96,2.44,2.37,2.3,1.55,2.06
2025-07-14,1.53,2.04,2.64,3.98,4.43,4.97,2.45,2.39,2.33,1.53,2.04
2025-07-15,1.57,2.09,2.67,4.05,4.5,5.01,2.48,2.41,2.34,1.57,2.09
2025-07-16,1.5,2.05,2.66,3.99,4.46,5.01,2.49,2.41,2.33,1.5,2.05
2025-07-17,1.48,2.04,2.64,4.01,4.47,5.01,2.53,2.43,2.33,1.48,2.04
2025-07-18,1.46,2.03,2.65,3.96,4.44,5.0,2.5,2.41,2.32,1.46,2.03
2025-07-21,1.42,1.98,2.6,3.91,4.38,4.94,2.49,2.4,2.31,1.42,1.98
2025-07-22,1.41,1.96,2.59,3.88,4.35,4.9,2.47,2.39,2.31,1.41,1.96
2025-07-23,1.5,2.03,2.64,3.94,4.4,4.95,2.44,2.37,2.3,1.5,2.03
2025-07-24,1.48,1.98,2.62,3.98,4.43,4.96,2.5,2.45,2.4,1.48,1.98
2025-07-25,1.48,1.96,2.6,3.95,4.4,4.92,2.47,2.44,2.41,1.48,1.96
2025-07-28,1.49,1.98,2.63,3.96,4.42,4.96,2.47,2.44,2.41,1.49,1.98
2025-07-29,1.42,1.91,2.56,3.9,4.34,4.86,2.48,2.43,2.38,1.42,1.91
2025-07-30,1.48,1.96,2.6,3.96,4.38,4.89,2.48,2.42,2.36,1.48,1.96
2025-07-31,1.5,1.98,2.62,3.96,4.37,4.89,2.46,2.39,2.32,1.5,1.98
2025-08-01,1.39,1.9,2.58,3.77,4.23,4.81,2.38,2.33,2.28,1.39,1.9
2025-08-04,1.34,1.85,2.55,3.75,4.22,4.8,2.41,2.37,2.33,1.34,1.85
2025-08-05,1.36,1.86,2.54,3.77,4.22,4.78,2.41,2.36,2.31,1.36,1.86
2025-08-06,1.37,1.88,2.57,3.77,4.22,4.81,2.4,2.34,2.28,1.37,1.88
2025-08-07,1.38,1.88,2.56,3.79,4.23,4.81,2.41,2.35,2.29,1.38,1.88
2025-08-08,1.38,1.88,2.57,3.84,4.27,4.85,2.46,2.39,2.32,1.38,1.88
2025-08-11,1.37,1.87,2.57,3.83,4.27,4.84,2.46,2.4,2.34,1.37,1.87
2025-08-12,1.4,1.91,2.61,3.83,4.29,4.88,2.43,2.38,2.33,1.4,1.91
2025-08-13,1.35,1.87,2.57,3.77,4.24,4.83,2.42,2.37,2.32,1.35,1.87
2025-08-14,1.39,1.9,2.6,3.82,4.29,4.88,2.43,2.39,2.35,1.39,1.9
2025-08-15,1.43,1.95,2.65,3.85,4.33,4.92,2.42,2.38,2.34,1.43,1.95
2025-08-18,1.44,1.96,2.67,3.86,4.34,4.94,2.42,2.38,2.34,1.44,1.96
2025-08-19,1.43,1.95,2.64,3.82,4.3,4.9,2.39,2.35,2.31,1.43,1.95
2025-08-20,1.41,1.94,2.64,3.81,4.29,4.89,2.4,2.35,2.3,1.41,1.94
2025-08-21,1.42,1.94,2.65,3.86,4.33,4.92,2.44,2.39,2.34,1.42,1.94
2025-08-22,1.28,1.85,2.59,3.76,4.26,4.88,2.48,2.41,2.34,1.28,1.85
2025-08-25,1.31,1.87,2.6,3.8,4.28,4.89,2.49,2.41,2.33,1.31,1.87
2025-08-26,1.25,1.84,2.6,3.75,4.26,4.9,2.5,2.42,2.34,1.25,1.84
2025-08-27,1.19,1.81,2.61,3.69,4.24,4.91,2.5,2.43,2.36,1.19,1.81
2025-08-28,1.2,1.81,2.6,3.69,4.22,4.88,2.49,2.41,2.33,1.2,1.81
2025-08-29,1.21,1.82,2.62,3.68,4.23,4.92,2.47,2.41,2.35,1.21,1.82
2025-09-02,1.26,1.87,2.67,3.74,4.28,4.97,2.48,2.41,2.34,1.26,1.87
2025-09-03,1.23,1.82,2.61,3.69,4.22,4.9,2.46,2.4,2.34,1.23,1.82
2025-09-04,1.21,1.79,2.59,3.65,4.17,4.86,2.44,2.38,2.32,1.21,1.79
2025-09-05,1.17,1.73,2.52,3.59,4.1,4.78,2.42,2.37,2.32,1.17,1.73
2025-09-08,1.16,1.7,2.46,3.57,4.05,4.69,2.41,2.35,2.29,1.16,1.7
2025-09-09,1.18,1.72,2.48,3.61,4.08,4.72,2.43,2.36,2.29,1.18,1.72
2025-09-10,1.18,1.69,2.46,3.59,4.04,4.69,2.41,2.35,2.29,1.18,1.69
2025-09-11,1.18,1.67,2.41,3.59,4.01,4.65,2.41,2.34,2.27,1.18,1.67
2025-09-12,1.21,1.7,2.43,3.63,4.06,4.68,2.42,2.36,2.3,1.21,1.7
2025-09-15,1.2,1.68,2.42,3.61,4.05,4.66,2.41,2.37,2.33,1.2,1.68
2025-09-16,1.17,1.67,2.4,3.59,4.04,4.65,2.42,2.37,2.32,1.17,1.67
2025-09-17,1.19,1.68,2.4,3.62,4.06,4.66,2.43,2.38,2.33,1.19,1.68
2025-09-18,1.23,1.73,2.46,3.67,4.11,4.72,2.44,2.38,2.32,1.23,1.73
2025-09-19,1.25,1.75,2.47,3.68,4.14,4.75,2.43,2.39,2.35,1.25,1.75
2025-09-22,1.29,1.78,2.5,3.71,4.15,4.77,2.42,2.37,2.32,1.29,1.78
2025-09-23,1.26,1.75,2.47,3.68,4.12,4.73,2.42,2.37,2.32,1.26,1.75
2025-09-24,1.28,1.78,2.49,3.7,4.16,4.76,2.42,2.38,2.34,1.28,1.78
2025-09-25,1.33,1.8,2.49,3.75,4.18,4.75,2.42,2.38,2.34,1.33,1.8
2025-09-26,1.34,1.82,2.51,3.76,4.2,4.77,2.42,2.38,2.34,1.34,1.82
2025-09-29,1.33,1.8,2.47,3.74,4.15,4.71,2.41,2.35,2.29,1.33,1.8
2025-09-30,1.32,1.8,2.49,3.74,4.16,4.73,2.42,2.36,2.3,1.32,1.8
2025-10-01,1.29,1.77,2.48,3.68,4.12,4.72,2.39,2.35,2.31,1.29,1.77
2025-10-02,1.3,1.76,2.46,3.67,4.1,4.69,2.37,2.34,2.31,1.3,1.76
2025-10-03,1.34,1.8,2.48,3.72,4.13,4.71,2.38,2.33,2.28,1.34,1.8
2025-10-06,1.37,1.84,2.52,3.75,4.18,4.76,2.38,2.34,2.3,1.37,1.84
2025-10-07,1.32,1.79,2.47,3.71,4.14,4.73,2.39,2.35,2.31,1.32,1.79
2025-10-08,1.33,1.78,2.46,3.72,4.13,4.72,2.39,2.35,2.31,1.33,1.78
2025-10-09,1.35,1.8,2.47,3.74,4.14,4.72,2.39,2.34,2.29,1.35,1.8
2025-10-10,1.3,1.75,2.41,3.65,4.05,4.63,2.35,2.3,2.25,1.3,1.75
2025-10-14,1.27,1.73,2.4,3.6,4.03,4.62,2.33,2.3,2.27,1.27,1.73
2025-10-15,1.3,1.76,2.42,3.63,4.05,4.64,2.33,2.29,2.25,1.3,1.76
2025-10-16,1.26,1.71,2.37,3.55,3.99,4.58,2.29,2.28,2.27,1.26,1.71
2025-10-17,1.3,1.75,2.4,3.59,4.02,4.6,2.29,2.27,2.25,1.3,1.75
2025-10-20,1.3,1.74,2.39,3.58,4.0,4.58,2.28,2.26,2.24,1.3,1.74
2025-10-21,1.26,1.7,2.35,3.56,3.98,4.55,2.3,2.28,2.26,1.26,1.7
2025-10-22,1.24,1.68,2.34,3.56,3.97,4.54,2.32,2.29,2.26,1.24,1.68
2025-10-23,1.19,1.71,2.36,3.61,4.01,4.58,2.42,2.3,2.18,1.19,1.71
2025-10-24,1.21,1.73,2.37,3.61,4.02,4.59,2.4,2.29,2.18,1.21,1.73
2025-10-27,1.24,1.73,2.36,3.61,4.01,4.57,2.37,2.28,2.19,1.24,1.73
2025-10-28,1.24,1.71,2.33,3.6,3.99,4.55,2.36,2.28,2.2,1.24,1.71
2025-10-29,1.33,1.78,2.38,3.7,4.08,4.61,2.37,2.3,2.23,1.33,1.78
2025-10-30,1.34,1.82,2.43,3.72,4.11,4.65,2.38,2.29,2.2,1.34,1.82
2025-10-31,1.31,1.81,2.44,3.71,4.11,4.67,2.4,2.3,2.2,1.31,1.81
2025-11-03,1.31,1.82,2.47,3.72,4.13,4.69,2.41,2.31,2.21,1.31,1.82
2025-11-04,1.31,1.81,2.45,3.69,4.1,4.67,2.38,2.29,2.2,1.31,1.81
2025-11-05,1.37,1.87,2.5,3.76,4.17,4.74,2.39,2.3,2.21,1.37,1.87
2025-11-06,1.32,1.83,2.47,3.69,4.11,4.69,2.37,2.28,2.19,1.32,1.83
2025-11-07,1.31,1.83,2.48,3.67,4.11,4.7,2.36,2.28,2.2,1.31,1.83
2025-11-10,1.34,1.84,2.48,3.72,4.13,4.71,2.38,2.29,2.2,1.34,1.84
2025-11-12,1.31,1.81,2.44,3.68,4.08,4.67,2.37,2.27,2.17,1.31,1.81
2025-11-13,1.34,1.83,2.48,3.71,4.11,4.7,2.37,2.28,2.19,1.34,1.83
2025-11-14,1.36,1.86,2.51,3.74,4.14,4.74,2.38,2.28,2.18,1.36,1.86
2025-11-17,1.35,1.85,2.5,3.72,4.13,4.73,2.37,2.28,2.19,1.35,1.85
2025-11-18,1.34,1.85,2.51,3.7,4.12,4.74,2.36,2.27,2.18,1.34,1.85
2025-11-19,1.35,1.86,2.53,3.71,4.13,4.75,2.36,2.27,2.18,1.35,1.86
2025-11-20,1.34,1.86,2.53,3.68,4.1,4.73,2.34,2.24,2.14,1.34,1.86
2025-11-21,1.3,1.82,2.51,3.62,4.06,4.71,2.32,2.24,2.16,1.3,1.82
2025-11-24,1.31,1.81,2.5,3.61,4.04,4.68,2.3,2.23,2.16,1.31,1.81
2025-11-25,1.28,1.79,2.49,3.55,4.01,4.67,2.27,2.22,2.17,1.28,1.79
2025-11-26,1.27,1.77,2.45,3.56,4.0,4.64,2.29,2.23,2.17,1.27,1.77
2025-11-28,1.3,1.79,2.48,3.59,4.02,4.67,2.29,2.23,2.17,1.3,1.79
2025-12-01,1.36,1.85,2.53,3.67,4.09,4.74,2.31,2.24,2.17,1.36,1.85
2025-12-02,1.36,1.85,2.53,3.66,4.09,4.74,2.3,2.24,2.18,1.36,1.85
2025-12-03,1.33,1.82,2.52,3.62,4.06,4.73,2.29,2.24,2.19,1.33,1.82
2025-12-04,1.35,1.85,2.54,3.68,4.11,4.76,2.33,2.26,2.19,1.35,1.85
2025-12-05,1.38,1.88,2.57,3.72,4.14,4.79,2.34,2.26,2.18,1.38,1.88
2025-12-08,1.43,1.91,2.58,3.75,4.17,4.81,2.32,2.26,2.2,1.43,1.91
2025-12-09,1.46,1.92,2.58,3.78,4.18,4.8,2.32,2.26,2.2,1.46,1.92
2025-12-10,1.4,1.88,2.55,3.72,4.13,4.78,2.32,2.25,2.18,1.4,1.88
2025-12-11,1.4,1.89,2.57,3.72,4.14,4.79,2.32,2.25,2.18,1.4,1.89
2025-12-12,1.43,1.93,2.61,3.75,4.19,4.85,2.32,2.26,2.2,1.43,1.93
2025-12-15,1.44,1.93,2.61,3.73,4.18,4.84,2.29,2.25,2.21,1.44,1.93
2025-12-16,1.44,1.92,2.6,3.69,4.15,4.82,2.25,2.23,2.21,1.44,1.92
2025-12-17,1.44,1.92,2.61,3.7,4.16,4.83,2.26,2.24,2.22,1.44,1.92
2025-12-18,1.4,1.88,2.58,3.66,4.12,4.8,2.26,2.24,2.22,1.4,1.88
2025-12-19,1.43,1.92,2.61,3.7,4.16,4.82,2.27,2.24,2.21,1.43,1.92
2025-12-22,1.46,1.94,2.63,3.71,4.17,4.84,2.25,2.23,2.21,1.46,1.94
2025-12-23,1.48,1.94,2.61,3.72,4.18,4.83,2.24,2.24,2.24,1.48,1.94
2025-12-24,1.46,1.91,2.58,3.7,4.15,4.79,2.24,2.24,2.24,1.46,1.91
2025-12-26,1.46,1.91,2.6,3.68,4.14,4.81,2.22,2.23,2.24,1.46,1.91
2025-12-29,1.44,1.9,2.6,3.67,4.12,4.8,2.23,2.22,2.21,1.44,1.9
2025-12-30,1.43,1.9,2.6,3.68,4.14,4.81,2.25,2.24,2.23,1.43,1.9
2025-12-31,1.47,1.93,2.62,3.73,4.18,4.84,2.26,2.25,2.24,1.47,1.93
2026-01-02,1.46,1.94,2.63,3.74,4.19,4.86,2.28,2.25,2.22,1.46,1.94
2026-01-05,1.42,1.91,2.61,3.71,4.17,4.85,2.29,2.26,2.23,1.42,1.91
2026-01-06,1.42,1.91,2.62,3.72,4.18,4.86,2.3,2.27,2.24,1.42,1.91
2026-01-07,1.4,1.88,2.59,3.7,4.15,4.82,2.3,2.27,2.24,1.4,1.88
2026-01-08,1.43,1.92,2.62,3.74,4.19,4.85,2.31,2.27,2.23,1.43,1.92
2026-01-09,1.43,1.9,2.58,3.75,4.18,4.82,2.32,2.28,2.24,1.43,1.9
2026-01-12,1.41,1.9,2.59,3.77,4.19,4.83,2.36,2.29,2.22,1.41,1.9
2026-01-13,1.38,1.88,2.58,3.75,4.18,4.83,2.37,2.3,2.23,1.38,1.88
2026-01-14,1.36,1.86,2.56,3.72,4.15,4.79,2.36,2.29,2.22,1.36,1.86
2026-01-15,1.41,1.88,2.55,3.77,4.17,4.79,2.36,2.29,2.22,1.41,1.88
2026-01-16,1.43,1.91,2.58,3.82,4.24,4.83,2.39,2.33,2.27,1.43,1.91
2026-01-20,1.46,1.97,2.65,3.86,4.3,4.91,2.4,2.33,2.26,1.46,1.97
2026-01-21,1.41,1.92,2.6,3.83,4.26,4.87,2.42,2.34,2.26,1.41,1.92
2026-01-22,1.43,1.95,2.58,3.85,4.26,4.84,2.42,2.31,2.2,1.43,1.95
2026-01-23,1.38,1.92,2.56,3.84,4.24,4.82,2.46,2.32,2.18,1.38,1.92
2026-01-26,1.37,1.9,2.54,3.82,4.22,4.8,2.45,2.32,2.19,1.37,1.9
2026-01-27,1.34,1.9,2.56,3.81,4.24,4.83,2.47,2.34,2.21,1.34,1.9
2026-01-28,1.33,1.9,2.57,3.83,4.26,4.85,2.5,2.36,2.22,1.33,1.9
2026-01-29,1.28,1.89,2.58,3.8,4.24,4.85,2.52,2.35,2.18,1.28,1.89
2026-01-30,1.26,1.9,2.6,3.79,4.26,4.87,2.53,2.36,2.19,1.26,1.9
2026-02-02,1.31,1.94,2.63,3.83,4.29,4.9,2.52,2.35,2.18,1.31,1.94
2026-02-03,1.3,1.92,2.62,3.83,4.28,4.9,2.53,2.36,2.19,1.3,1.92
2026-02-04,1.32,1.94,2.63,3.83,4.29,4.91,2.51,2.35,2.19,1.32,1.94
2026-02-05,1.26,1.89,2.59,3.74,4.21,4.85,2.48,2.32,2.16,1.26,1.89
2026-02-06,1.26,1.88,2.58,3.76,4.22,4.85,2.5,2.34,2.18,1.26,1.88
2026-02-09,1.25,1.87,2.57,3.75,4.22,4.85,2.5,2.35,2.2,1.25,1.87
2026-02-10,1.23,1.84,2.53,3.7,4.16,4.78,2.47,2.32,2.17,1.23,1.84
2026-02-11,1.26,1.86,2.55,3.75,4.18,4.82,2.49,2.32,2.15,1.26,1.86
2026-02-12,1.22,1.8,2.48,3.67,4.09,4.72,2.45,2.29,2.13,1.22,1.8
2026-02-13,1.19,1.77,2.46,3.61,4.04,4.69,2.42,2.27,2.12,1.19,1.77
2026-02-17,1.24,1.79,2.47,3.63,4.05,4.68,2.39,2.26,2.13,1.24,1.79
2026-02-18,1.23,1.8,2.48,3.66,4.09,4.71,2.43,2.29,2.15,1.23,1.8
2026-02-19,1.22,1.79,2.47,3.65,4.08,4.7,2.43,2.29,2.15,1.22,1.79
2026-02-20,1.22,1.8,2.48,3.65,4.08,4.72,2.43,2.28,2.13,1.22,1.8
2026-02-23,1.19,1.77,2.49,3.59,4.03,4.7,2.4,2.26,2.12,1.19,1.77
2026-02-24,1.21,1.78,2.48,3.61,4.04,4.7,2.4,2.26,2.12,1.21,1.78
2026-02-25,1.19,1.77,2.47,3.61,4.05,4.7,2.42,2.28,2.14,1.19,1.77
2026-02-26,1.14,1.74,2.44,3.57,4.02,4.67,2.43,2.28,2.13,1.14,1.74
2026-02-27,1.11,1.72,2.43,3.51,3.97,4.64,2.4,2.25,2.1,1.11,1.72
2026-03-02,1.16,1.76,2.47,3.62,4.05,4.7,2.46,2.29,2.12,1.16,1.76
2026-03-03,1.17,1.77,2.48,3.63,4.06,4.7,2.46,2.29,2.12,1.17,1.77
2026-03-04,1.21,1.8,2.5,3.67,4.09,4.72,2.46,2.29,2.12,1.21,1.8
2026-03-05,1.21,1.82,2.52,3.72,4.13,4.74,2.51,2.31,2.11,1.21,1.82
2026-03-06,1.16,1.8,2.54,3.72,4.15,4.77,2.56,2.35,2.14,1.16,1.8
2026-03-09,1.15,1.78,2.51,3.71,4.12,4.72,2.56,2.34,2.12,1.15,1.78
2026-03-10,1.2,1.82,2.56,3.73,4.15,4.78,2.53,2.33,2.13,1.2,1.82
2026-03-11,1.21,1.85,2.61,3.79,4.21,4.86,2.58,2.36,2.14,1.21,1.85
2026-03-12,1.25,1.89,2.63,3.88,4.27,4.88,2.63,2.38,2.13,1.25,1.89
2026-03-13,1.26,1.92,2.66,3.87,4.28,4.9,2.61,2.36,2.11,1.26,1.92
2026-03-16,1.22,1.87,2.62,3.8,4.23,4.86,2.58,2.36,2.14,1.22,1.87
2026-03-17,1.17,1.83,2.6,3.79,4.2,4.85,2.62,2.37,2.12,1.17,1.83
2026-03-18,1.21,1.86,2.61,3.87,4.26,4.88,2.66,2.4,2.14,1.21,1.86
2026-03-19,1.27,1.88,2.6,3.88,4.25,4.83,2.61,2.37,2.13,1.27,1.88
2026-03-20,1.38,2.01,2.72,4.01,4.39,4.96,2.63,2.38,2.13,1.38,2.01
2026-03-23,1.42,2.01,2.69,3.95,4.34,4.91,2.53,2.33,2.13,1.42,2.01
2026-03-24,1.48,2.06,2.72,4.03,4.39,4.94,2.55,2.33,2.11,1.48,2.06
2026-03-25,1.45,2.02,2.69,3.96,4.33,4.89,2.51,2.31,2.11,1.45,2.02
2026-03-26,1.52,2.08,2.71,4.08,4.42,4.93,2.56,2.34,2.12,1.52,2.08
2026-03-27,1.5,2.13,2.78,4.06,4.44,4.98,2.56,2.31,2.06,1.5,2.13
2026-03-30,1.4,2.04,2.72,3.97,4.35,4.91,2.57,2.31,2.05,1.4,2.04
2026-03-31,1.38,2.0,2.69,3.92,4.3,4.88,2.54,2.3,2.06,1.38,2.0
2026-04-01,1.42,2.02,2.71,3.97,4.33,4.91,2.55,2.31,2.07,1.42,2.02
2026-04-02,1.37,1.97,2.66,3.94,4.31,4.88,2.57,2.34,2.11,1.37,1.97
2026-04-03,1.38,1.99,2.67,3.99,4.35,4.91,2.61,2.36,2.11,1.38,1.99
2026-04-06,1.38,1.98,2.65,3.98,4.34,4.89,2.6,2.36,2.12,1.38,1.98
2026-04-07,1.34,1.96,2.67,3.95,4.33,4.9,2.61,2.37,2.13,1.34,1.96
2026-04-08,1.36,1.96,2.66,3.92,4.29,4.89,2.56,2.33,2.1,1.36,1.96
2026-04-09,1.35,1.95,2.67,3.91,4.29,4.9,2.56,2.34,2.12,1.35,1.95
2026-04-10,1.36,1.95,2.67,3.94,4.31,4.91,2.58,2.36,2.14,1.36,1.95
2026-04-13,1.31,1.92,2.65,3.92,4.3,4.9,2.61,2.38,2.15,1.31,1.92
2026-04-14,1.28,1.89,2.62,3.87,4.26,4.87,2.59,2.37,2.15,1.28,1.89
2026-04-15,1.29,1.9,2.63,3.9,4.29,4.89,2.61,2.39,2.17,1.29,1.9
2026-04-16,1.31,1.93,2.68,3.91,4.32,4.93,2.6,2.39,2.18,1.31,1.93
2026-04-17,1.28,1.9,2.65,3.84,4.26,4.88,2.56,2.36,2.16,1.28,1.9
2026-04-20,1.29,1.91,2.65,3.86,4.26,4.88,2.57,2.35,2.13,1.29,1.91
2026-04-21,1.31,1.92,2.65,3.91,4.3,4.89,2.6,2.38,2.16,1.31,1.92
2026-04-22,1.3,1.92,2.65,3.91,4.3,4.9,2.61,2.38,2.15,1.3,1.92
2026-04-23,1.38,1.92,2.65,3.96,4.34,4.92,2.58,2.42,2.26,1.38,1.92
2026-04-24,1.31,1.89,2.65,3.92,4.31,4.91,2.61,2.42,2.23,1.31,1.89
2026-04-27,1.32,1.91,2.68,3.94,4.35,4.94,2.62,2.44,2.26,1.32,1.91
2026-04-28,1.34,1.92,2.68,3.97,4.36,4.94,2.63,2.44,2.25,1.34,1.92
2026-04-29,1.38,1.96,2.71,4.05,4.42,4.98,2.67,2.46,2.25,1.38,1.96
2026-04-30,1.35,1.94,2.71,4.02,4.4,4.98,2.67,2.46,2.25,1.35,1.94
2026-05-01,1.33,1.91,2.67,4.02,4.39,4.97,2.69,2.48,2.27,1.33,1.91
2026-05-04,1.36,1.95,2.71,4.08,4.45,5.02,2.72,2.5,2.28,1.36,1.95
2026-05-05,1.41,1.96,2.69,4.08,4.43,4.98,2.67,2.47,2.27,1.41,1.96
2026-05-06,1.41,1.94,2.67,3.99,4.36,4.94,2.58,2.42,2.26,1.41,1.94
2026-05-07,1.43,1.96,2.68,4.04,4.41,4.97,2.61,2.45,2.29,1.43,1.96
2026-05-08,1.4,1.93,2.66,4.02,4.38,4.95,2.62,2.45,2.28,1.4,1.93
2026-05-11,1.4,1.95,2.69,4.07,4.42,4.98,2.67,2.47,2.27,1.4,1.95
2026-05-12,1.43,1.99,2.74,4.12,4.46,5.03,2.69,2.47,2.25,1.43,1.99
2026-05-13,1.42,1.99,2.74,4.12,4.46,5.03,2.7,2.47,2.24,1.42,1.99
2026-05-14,1.46,2.0,2.73,4.13,4.47,5.02,2.67,2.47,2.27,1.46,2.0
2026-05-15,1.56,2.1,2.81,4.26,4.59,5.12,2.7,2.49,2.28,1.56,2.1
2026-05-18,1.58,2.13,2.82,4.27,4.61,5.14,2.69,2.48,2.27,1.58,2.13
2026-05-19,1.66,2.18,2.84,4.32,4.67,5.18,2.66,2.49,2.32,1.66,2.18
2026-05-20,1.63,2.13,2.81,4.22,4.57,5.11,2.59,2.44,2.29,1.63,2.13
2026-05-21,1.68,2.18,2.8,4.25,4.57,5.1,2.57,2.39,2.21,1.68,2.18
2026-05-22,1.73,2.16,2.77,4.27,4.56,5.07,2.54,2.4,2.26,1.73,2.16
2026-05-26,1.66,2.1,2.73,4.19,4.5,5.03,2.53,2.4,2.27,1.66,2.1
2026-05-27,1.64,2.09,2.72,4.17,4.48,5.01,2.53,2.39,2.25,1.64,2.09
2026-05-28,1.61,2.06,2.7,4.15,4.45,4.98,2.54,2.39,2.24,1.61,2.06
2026-05-29,1.61,2.07,2.71,4.13,4.45,4.99,2.52,2.38,2.24,1.61,2.07
2026-06-01,1.64,2.07,2.71,4.18,4.47,4.99,2.54,2.4,2.26,1.64,2.07
2026-06-02,1.65,2.07,2.69,4.17,4.46,4.97,2.52,2.39,2.26,1.65,2.07
2026-06-03,1.68,2.11,2.72,4.21,4.49,4.99,2.53,2.38,2.23,1.68,2.11
2026-06-04,1.7,2.11,2.71,4.18,4.47,4.97,2.48,2.36,2.24,1.7,2.11
2026-06-05,1.81,2.19,2.74,4.29,4.55,5.01,2.48,2.36,2.24,1.81,2.19
2026-06-08,1.82,2.21,2.77,4.29,4.56,5.03,2.47,2.35,2.23,1.82,2.21
2026-06-09,1.82,2.2,2.75,4.26,4.53,5.01,2.44,2.33,2.22,1.82,2.2
2026-06-10,1.83,2.21,2.78,4.27,4.55,5.03,2.44,2.34,2.24,1.83,2.21
2026-06-11,1.78,2.16,2.72,4.18,4.45,4.95,2.4,2.29,2.18,1.78,2.16
2026-06-12,1.82,2.17,2.73,4.21,4.48,4.97,2.39,2.31,2.23,1.82,2.17
2026-06-15,1.78,2.15,2.72,4.18,4.47,4.97,2.4,2.32,2.24,1.78,2.15
2026-06-16,1.8,2.14,2.7,4.16,4.43,4.93,2.36,2.29,2.22,1.8,2.14
2026-06-17,1.96,2.23,2.73,4.27,4.49,4.93,2.31,2.26,2.21,1.96,2.23
2026-06-18,1.96,2.21,2.7,4.23,4.46,4.9,2.27,2.25,2.23,1.96,2.21
2026-06-22,2.01,2.28,2.75,4.29,4.51,4.95,2.28,2.23,2.18,2.01,2.28
2026-06-23,2.03,2.29,2.76,4.27,4.5,4.94,2.24,2.21,2.18,2.03,2.29
2026-06-24,1.98,2.23,2.71,4.17,4.41,4.86,2.19,2.18,2.17,1.98,2.23
2026-06-25,1.92,2.19,2.69,4.15,4.4,4.86,2.23,2.21,2.19,1.92,2.19
2026-06-26,1.91,2.18,2.69,4.12,4.38,4.87,2.21,2.2,2.19,1.91,2.18
2026-06-29,1.9,2.16,2.68,4.14,4.38,4.86,2.24,2.22,2.2,1.9,2.16
2026-06-30,1.93,2.2,2.73,4.19,4.44,4.91,2.26,2.24,2.22,1.93,2.2
2026-07-01,1.98,2.25,2.78,4.24,4.48,4.97,2.26,2.23,2.2,1.98,2.25
2026-07-02,1.99,2.26,2.79,4.23,4.49,4.98,2.24,2.23,2.22,1.99,2.26
2026-07-06,1.94,2.24,2.79,4.21,4.48,4.99,2.27,2.24,2.21,1.94,2.24
2026-07-07,1.99,2.3,2.84,4.27,4.55,5.05,2.28,2.25,2.22,1.99,2.3
2026-07-08,2.0,2.31,2.86,4.31,4.56,5.06,2.31,2.25,2.19,2.0,2.31
2026-07-09,1.99,2.31,2.86,4.27,4.54,5.05,2.28,2.23,2.18,1.99,2.31
2026-07-10,2.02,2.32,2.86,4.3,4.56,5.06,2.28,2.24,2.2,2.02,2.32
2026-07-13,2.06,2.36,2.89,4.37,4.62,5.1,2.31,2.26,2.21,2.06,2.36
2026-07-14,2.03,2.33,2.87,4.31,4.58,5.08,2.28,2.25,2.22,2.03,2.33
2026-07-15,2.01,2.32,2.88,4.26,4.55,5.08,2.25,2.23,2.21,2.01,2.32
2026-07-16,2.04,2.35,2.91,4.28,4.57,5.09,2.24,2.22,2.2,2.04,2.35
2026-07-17,2.01,2.31,2.87,4.28,4.55,5.06,2.27,2.24,2.21,2.01,2.31
2026-07-20,2.05,2.35,2.91,4.33,4.6,5.11,2.28,2.25,2.22,2.05,2.35
2026-07-21,2.09,2.37,2.91,4.37,4.63,5.13,2.28,2.26,2.24,2.09,2.37
2026-07-22,2.11,2.39,2.93,4.41,4.67,5.15,2.3,2.28,2.26,2.11,2.39
2026-07-23,2.17,2.43,2.95,4.46,4.71,5.17,2.29,2.28,2.27,2.17,2.43
2026-07-24,2.19,2.43,2.95,4.43,4.69,5.16,2.24,2.26,2.28,2.19,2.43
2026-07-27,2.22,2.44,2.95,4.4,4.65,5.12,2.18,2.21,2.24,2.22,2.44
2026-07-28,2.19,2.41,2.92,4.35,4.61,5.09,2.16,2.2,2.24,2.19,2.41
2026-07-29,2.13,2.41,2.98,4.37,4.67,5.2,2.24,2.26,2.28,2.13,2.41
2026-07-30,2.14,2.41,2.98,4.38,4.68,5.21,2.24,2.27,2.3,2.14,2.41
2026-07-31,2.19,2.47,3.03,4.45,4.75,5.27,2.26,2.28,2.3,2.19,2.47
2026-08-03,2.17,2.43,2.99,4.4,4.7,5.23,2.23,2.27,2.31,2.17,2.43
2026-08-04,2.14,2.4,2.96,4.33,4.63,5.18,2.19,2.23,2.27,2.14,2.4
2026-08-05,2.15,2.41,2.96,4.33,4.63,5.17,2.18,2.22,2.26,2.15,2.41
2026-08-06,2.17,2.43,2.98,4.4,4.69,5.22,2.23,2.26,2.29,2.17,2.43
2026-08-07,2.13,2.4,2.96,4.35,4.65,5.19,2.22,2.25,2.28,2.13,2.4
2026-08-10,2.16,2.43,3.0,4.41,4.72,5.25,2.25,2.29,2.33,2.16,2.43
2026-08-11,2.16,2.43,3.0,4.39,4.7,5.24,2.23,2.27,2.31,2.16,2.43
2026-08-12,2.14,2.42,2.99,4.38,4.68,5.24,2.24,2.26,2.28,2.14,2.42
2026-08-13,2.11,2.39,2.97,4.32,4.63,5.21,2.21,2.24,2.27,2.11,2.39
2026-08-14,2.12,2.41,3.0,4.36,4.68,5.25,2.24,2.27,2.3,2.12,2.41
2026-08-17,2.13,2.44,3.06,4.38,4.72,5.31,2.25,2.28,2.31,2.13,2.44
2026-08-18,2.1,2.41,3.03,4.37,4.71,5.28,2.27,2.3,2.33,2.1,2.41
2026-08-19,2.07,2.35,2.94,4.35,4.65,5.19,2.28,2.3,2.32,2.07,2.35
2026-08-20,2.05,2.35,2.95,4.39,4.69,5.23,2.34,2.34,2.34,2.05,2.35
2026-08-21,2.09,2.4,3.0,4.43,4.74,5.27,2.34,2.34,2.34,2.09,2.4
2026-08-24,2.09,2.38,2.97,4.41,4.7,5.23,2.32,2.32,2.32,2.09,2.38
2026-08-25,2.04,2.32,2.92,4.35,4.64,5.17,2.31,2.32,2.33,2.04,2.32
2026-08-26,2.06,2.34,2.92,4.37,4.66,5.18,2.31,2.32,2.33,2.06,2.34
2026-08-27,2.07,2.34,2.92,4.38,4.67,5.19,2.31,2.33,2.35,2.07,2.34
2026-08-28,2.18,2.42,2.96,4.48,4.73,5.22,2.3,2.31,2.32,2.18,2.42
2026-08-31,2.18,2.44,2.99,4.49,4.75,5.25,2.31,2.31,2.31,2.18,2.44
2026-09-01,,,,,,,2.37,2.35,2.33,,
